requirementId,conformanceClass,resourceClass,property,obligation,minCount,maxCount,range,controlledVocabulary,severity,messages,remediation,sourceStandard,sourceClause,localRationale,shapeId,shapeFile,constraintKey,positiveFixtureId,negativeFixtureId
MOLIT-CV-CHECKSUM-001,"[""core"",""dataspace-offering"",""geo"",""network"",""observation"",""quality""]","[""http://spdx.org/rdf/terms#Checksum""]",,MUST,,,[],[],Violation,"[{""language"":""ko"",""text"":""체크섬 알고리즘은 SHA-256, SHA-384 또는 SHA-512 SPDX IRI여야 한다.""}]",Correct these constrained path(s) on the target: http://spdx.org/rdf/terms#algorithm; then rerun shape https://data.molit.go.kr/shape/molit-dcat-ap/1.0.0-rc.1#ChecksumAlgorithmVocabularyShape.,SPDX 2.3 RDF terms and MOLIT cryptographic baseline,spdx:Checksum algorithm policy,배포 파일 무결성 검증을 SHA-256·SHA-384·SHA-512로 제한한다. 약한 알고리즘이나 이름만 비슷한 IRI는 공개 검증 경로에서 받아들이지 않는다.,https://data.molit.go.kr/shape/molit-dcat-ap/1.0.0-rc.1#ChecksumAlgorithmVocabularyShape,shacl/molit-controlled-vocabularies.ttl,shacl/molit-controlled-vocabularies.ttl#node-shape:https%3A%2F%2Fdata.molit.go.kr%2Fshape%2Fmolit-dcat-ap%2F1.0.0-rc.1%23ChecksumAlgorithmVocabularyShape,POS-GEO-GEO-CATALOG,NEG-MUT-CV-CHECKSUM-001-P-ALGORITHM-001
MOLIT-CV-CHECKSUM-002,"[""core"",""dataspace-offering"",""geo"",""network"",""observation"",""quality""]","[""http://spdx.org/rdf/terms#Checksum""]",,MUST,,,[],[],Violation,"[{""language"":""ko"",""text"":""SPDX checksum 값은 선택한 SHA-256·SHA-384·SHA-512의 byte 길이와 일치하는 소문자 16진수여야 한다.""}]","Correct these constrained path(s) on the target: http://spdx.org/rdf/terms#algorithm, http://spdx.org/rdf/terms#checksumValue; then rerun shape https://data.molit.go.kr/shape/molit-dcat-ap/1.0.0-rc.1#ChecksumValueLengthShape.",SPDX 2.3 RDF terms and XML Schema hexBinary,spdx:checksumValue length by selected SHA algorithm,선택한 SHA 알고리즘의 byte 길이와 checksumValue의 소문자 16진수 길이를 맞춰 잘린 digest와 알고리즘-값 불일치를 차단한다.,https://data.molit.go.kr/shape/molit-dcat-ap/1.0.0-rc.1#ChecksumValueLengthShape,shacl/molit-controlled-vocabularies.ttl,shacl/molit-controlled-vocabularies.ttl#node-shape:https%3A%2F%2Fdata.molit.go.kr%2Fshape%2Fmolit-dcat-ap%2F1.0.0-rc.1%23ChecksumValueLengthShape,POS-GEO-GEO-CATALOG,NEG-MUT-CV-CHECKSUM-001-P-ALGORITHM-001
MOLIT-CV-MEDIATYPE-001,"[""core"",""dataspace-offering"",""geo"",""network"",""observation"",""quality""]",[],,MUST,,,[],[],Violation,"[{""language"":""ko"",""text"":""compression format은 IANA media type IRI여야 한다.""},{""language"":""ko"",""text"":""mediaType, compression format과 packaging format은 dcat:Distribution에만 사용한다.""},{""language"":""ko"",""text"":""mediaType은 IANA media type IRI여야 한다.""},{""language"":""ko"",""text"":""packaging format은 IANA media type IRI여야 한다.""}]","Correct these constrained path(s) on the target: http://www.w3.org/1999/02/22-rdf-syntax-ns#type, http://www.w3.org/ns/dcat#compressFormat, http://www.w3.org/ns/dcat#mediaType, http://www.w3.org/ns/dcat#packageFormat; then rerun shape https://data.molit.go.kr/shape/molit-dcat-ap/1.0.0-rc.1#IanaMediaTypeVocabularyShape.",DCAT 3 and IANA Media Types registry,"Distribution media type, compression format and package format",전송 형식 식별자는 IANA registry의 정규 media type IRI로 고정한다. 압축·패키지 형식은 실제 운영에서 지원하는 gzip과 ZIP 범위만 공개한다.,https://data.molit.go.kr/shape/molit-dcat-ap/1.0.0-rc.1#IanaMediaTypeVocabularyShape,shacl/molit-controlled-vocabularies.ttl,shacl/molit-controlled-vocabularies.ttl#node-shape:https%3A%2F%2Fdata.molit.go.kr%2Fshape%2Fmolit-dcat-ap%2F1.0.0-rc.1%23IanaMediaTypeVocabularyShape,POS-CORE-CORE-CATALOG,NEG-MUT-CV-MEDIATYPE-001-P-COMPRESSFORMAT-001
MOLIT-CV-CHECKSUM-001-P-ALGORITHM-001,"[""core"",""dataspace-offering"",""geo"",""network"",""observation"",""quality""]","[""http://spdx.org/rdf/terms#Checksum""]",http://spdx.org/rdf/terms#algorithm,MUST,,,"[""http://www.w3.org/ns/shacl#IRI""]","[""http://spdx.org/rdf/terms#checksumAlgorithm_sha256"",""http://spdx.org/rdf/terms#checksumAlgorithm_sha384"",""http://spdx.org/rdf/terms#checksumAlgorithm_sha512""]",Violation,"[{""language"":""ko"",""text"":""체크섬 알고리즘은 SHA-256, SHA-384 또는 SHA-512 SPDX IRI여야 한다.""}]","Use only these allowed value(s) for http://spdx.org/rdf/terms#algorithm: http://spdx.org/rdf/terms#checksumAlgorithm_sha256, http://spdx.org/rdf/terms#checksumAlgorithm_sha384, http://spdx.org/rdf/terms#checksumAlgorithm_sha512. Encode every http://spdx.org/rdf/terms#algorithm value with the required class, datatype, or node kind: http://www.w3.org/ns/shacl#IRI.",SPDX 2.3 RDF terms and MOLIT cryptographic baseline,spdx:algorithm allowlist,checksum 알고리즘 값은 SPDX가 정의한 SHA-256·SHA-384·SHA-512 IRI 중 하나여야 한다. 문자열 별칭과 미등록 알고리즘 IRI는 상호운용 검증에서 제외한다.,https://data.molit.go.kr/shape/molit-dcat-ap/1.0.0-rc.1#ChecksumAlgorithmVocabularyShape,shacl/molit-controlled-vocabularies.ttl,shacl/molit-controlled-vocabularies.ttl#property:https%3A%2F%2Fdata.molit.go.kr%2Fshape%2Fmolit-dcat-ap%2F1.0.0-rc.1%23ChecksumAlgorithmVocabularyShape:0001,POS-GEO-GEO-CATALOG,NEG-MUT-CV-CHECKSUM-001-P-ALGORITHM-001
MOLIT-CV-MEDIATYPE-001-P-TYPE-001,"[""core"",""dataspace-offering"",""geo"",""network"",""observation"",""quality""]",[],http://www.w3.org/1999/02/22-rdf-syntax-ns#type,MUST,,,[],"[""http://www.w3.org/ns/dcat#Distribution""]",Violation,"[{""language"":""ko"",""text"":""mediaType, compression format과 packaging format은 dcat:Distribution에만 사용한다.""}]",Ensure http://www.w3.org/1999/02/22-rdf-syntax-ns#type includes the required value(s): http://www.w3.org/ns/dcat#Distribution.,DCAT 3,Distribution media type properties,mediaType·compressFormat·packageFormat은 전송 가능한 dcat:Distribution에만 붙인다. Dataset이나 DataService에 직접 붙인 형식 주장은 배포 단위와 혼동되므로 거부한다.,https://data.molit.go.kr/shape/molit-dcat-ap/1.0.0-rc.1#IanaMediaTypeVocabularyShape,shacl/molit-controlled-vocabularies.ttl,shacl/molit-controlled-vocabularies.ttl#property:https%3A%2F%2Fdata.molit.go.kr%2Fshape%2Fmolit-dcat-ap%2F1.0.0-rc.1%23IanaMediaTypeVocabularyShape:0001,POS-CORE-CORE-CATALOG,NEG-MUT-CV-MEDIATYPE-001-P-TYPE-001
MOLIT-CV-MEDIATYPE-001-P-MEDIATYPE-001,"[""core"",""dataspace-offering"",""geo"",""network"",""observation"",""quality""]",[],http://www.w3.org/ns/dcat#mediaType,MUST,,,"[""http://www.w3.org/ns/shacl#IRI""]","[""https://www.iana.org/assignments/media-types/application/geo+json"",""https://www.iana.org/assignments/media-types/application/gml+xml"",""https://www.iana.org/assignments/media-types/application/gzip"",""https://www.iana.org/assignments/media-types/application/json"",""https://www.iana.org/assignments/media-types/application/ld+json"",""https://www.iana.org/assignments/media-types/application/octet-stream"",""https://www.iana.org/assignments/media-types/application/rdf+xml"",""https://www.iana.org/assignments/media-types/application/xml"",""https://www.iana.org/assignments/media-types/application/zip"",""https://www.iana.org/assignments/media-types/text/csv"",""https://www.iana.org/assignments/media-types/text/turtle""]",Violation,"[{""language"":""ko"",""text"":""mediaType은 IANA media type IRI여야 한다.""}]","Use only these allowed value(s) for http://www.w3.org/ns/dcat#mediaType: https://www.iana.org/assignments/media-types/application/geo+json, https://www.iana.org/assignments/media-types/application/gml+xml, https://www.iana.org/assignments/media-types/application/gzip, https://www.iana.org/assignments/media-types/application/json, https://www.iana.org/assignments/media-types/application/ld+json, https://www.iana.org/assignments/media-types/application/octet-stream, https://www.iana.org/assignments/media-types/application/rdf+xml, https://www.iana.org/assignments/media-types/application/xml, https://www.iana.org/assignments/media-types/application/zip, https://www.iana.org/assignments/media-types/text/csv, https://www.iana.org/assignments/media-types/text/turtle. Encode every http://www.w3.org/ns/dcat#mediaType value with the required class, datatype, or node kind: http://www.w3.org/ns/shacl#IRI.",DCAT 3 and IANA Media Types registry,dcat:mediaType,Distribution의 표현 형식을 IANA registry의 HTTPS IRI로 기록해 Content-Type 매핑과 connector 전송 협상을 같은 식별자로 수행한다.,https://data.molit.go.kr/shape/molit-dcat-ap/1.0.0-rc.1#IanaMediaTypeVocabularyShape,shacl/molit-controlled-vocabularies.ttl,shacl/molit-controlled-vocabularies.ttl#property:https%3A%2F%2Fdata.molit.go.kr%2Fshape%2Fmolit-dcat-ap%2F1.0.0-rc.1%23IanaMediaTypeVocabularyShape:0002,POS-CORE-CORE-CATALOG,NEG-MUT-CV-MEDIATYPE-001-P-MEDIATYPE-001
MOLIT-CV-MEDIATYPE-001-P-COMPRESSFORMAT-001,"[""core"",""dataspace-offering"",""geo"",""network"",""observation"",""quality""]",[],http://www.w3.org/ns/dcat#compressFormat,MUST,,,"[""http://www.w3.org/ns/shacl#IRI""]","[""https://www.iana.org/assignments/media-types/application/gzip"",""https://www.iana.org/assignments/media-types/application/zip""]",Violation,"[{""language"":""ko"",""text"":""compression format은 IANA media type IRI여야 한다.""}]","Use only these allowed value(s) for http://www.w3.org/ns/dcat#compressFormat: https://www.iana.org/assignments/media-types/application/gzip, https://www.iana.org/assignments/media-types/application/zip. Encode every http://www.w3.org/ns/dcat#compressFormat value with the required class, datatype, or node kind: http://www.w3.org/ns/shacl#IRI.",IANA Media Types registry,dcat:compressFormat,압축 형식은 gateway와 connector가 해제 시험을 수행하는 gzip 또는 ZIP IRI로 제한한다. 파일 확장자 문자열은 media type 식별자로 사용하지 않는다.,https://data.molit.go.kr/shape/molit-dcat-ap/1.0.0-rc.1#IanaMediaTypeVocabularyShape,shacl/molit-controlled-vocabularies.ttl,shacl/molit-controlled-vocabularies.ttl#property:https%3A%2F%2Fdata.molit.go.kr%2Fshape%2Fmolit-dcat-ap%2F1.0.0-rc.1%23IanaMediaTypeVocabularyShape:0003,POS-CORE-CORE-CATALOG,NEG-MUT-CV-MEDIATYPE-001-P-COMPRESSFORMAT-001
MOLIT-CV-MEDIATYPE-001-P-PACKAGEFORMAT-001,"[""core"",""dataspace-offering"",""geo"",""network"",""observation"",""quality""]",[],http://www.w3.org/ns/dcat#packageFormat,MUST,,,"[""http://www.w3.org/ns/shacl#IRI""]","[""https://www.iana.org/assignments/media-types/application/gzip"",""https://www.iana.org/assignments/media-types/application/zip""]",Violation,"[{""language"":""ko"",""text"":""packaging format은 IANA media type IRI여야 한다.""}]","Use only these allowed value(s) for http://www.w3.org/ns/dcat#packageFormat: https://www.iana.org/assignments/media-types/application/gzip, https://www.iana.org/assignments/media-types/application/zip. Encode every http://www.w3.org/ns/dcat#packageFormat value with the required class, datatype, or node kind: http://www.w3.org/ns/shacl#IRI.",IANA Media Types registry,dcat:packageFormat,여러 파일을 묶는 패키지 형식은 검증 harness가 해제할 수 있는 gzip 또는 ZIP IRI만 허용한다. 미지원 컨테이너는 후보 release에서 거부한다.,https://data.molit.go.kr/shape/molit-dcat-ap/1.0.0-rc.1#IanaMediaTypeVocabularyShape,shacl/molit-controlled-vocabularies.ttl,shacl/molit-controlled-vocabularies.ttl#property:https%3A%2F%2Fdata.molit.go.kr%2Fshape%2Fmolit-dcat-ap%2F1.0.0-rc.1%23IanaMediaTypeVocabularyShape:0004,POS-CORE-CORE-CATALOG,NEG-MUT-CV-MEDIATYPE-001-P-PACKAGEFORMAT-001
MOLIT-PROFILE-CORE-001,"[""core""]","[""http://www.w3.org/ns/dcat#Catalog""]",,MUST,,,[],[],Violation,"[{""language"":""ko"",""text"":""Core 카탈로그에는 Core release IRI만 metadata profile marker로 지정해야 한다.""}]",Correct these constrained path(s) on the target: http://purl.org/dc/terms/conformsTo; then rerun shape https://data.molit.go.kr/shape/molit-dcat-ap/1.0.0-rc.1#CoreCatalogProfileShape.,MOLIT DCAT-AP 1.0 core profile module,MOLIT-PROFILE-CORE-001,Executable local constraint in shacl/molit-core-profile.ttl; the source clause and fixture links are reviewed separately.,https://data.molit.go.kr/shape/molit-dcat-ap/1.0.0-rc.1#CoreCatalogProfileShape,shacl/molit-core-profile.ttl,shacl/molit-core-profile.ttl#node-shape:https%3A%2F%2Fdata.molit.go.kr%2Fshape%2Fmolit-dcat-ap%2F1.0.0-rc.1%23CoreCatalogProfileShape,POS-CORE-CORE-CATALOG,NEG-MUT-PROFILE-CORE-001-P-CONFORMSTO-001
MOLIT-PROFILE-CORE-002,"[""core""]","[""http://www.w3.org/ns/dcat#CatalogRecord""]",,MUST,,,[],[],Violation,"[{""language"":""ko"",""text"":""Core CatalogRecord에는 Core release IRI만 metadata profile marker로 지정해야 한다.""}]",Correct these constrained path(s) on the target: http://purl.org/dc/terms/conformsTo; then rerun shape https://data.molit.go.kr/shape/molit-dcat-ap/1.0.0-rc.1#CoreCatalogRecordProfileShape.,MOLIT DCAT-AP 1.0 core profile module,MOLIT-PROFILE-CORE-002,Executable local constraint in shacl/molit-core-profile.ttl; the source clause and fixture links are reviewed separately.,https://data.molit.go.kr/shape/molit-dcat-ap/1.0.0-rc.1#CoreCatalogRecordProfileShape,shacl/molit-core-profile.ttl,shacl/molit-core-profile.ttl#node-shape:https%3A%2F%2Fdata.molit.go.kr%2Fshape%2Fmolit-dcat-ap%2F1.0.0-rc.1%23CoreCatalogRecordProfileShape,POS-CORE-CORE-CATALOG,NEG-MUT-PROFILE-CORE-002-P-CONFORMSTO-001
MOLIT-PROFILE-SELECTION-MARKER-001,"[""core""]","[""https://data.molit.go.kr/def/molit-dcat-ap#NetworkDataset"",""https://data.molit.go.kr/def/molit-dcat-ap#SpatialDataset""]",,MUST-NOT,,,[],[],Violation,"[{""language"":""ko"",""text"":""국토교통 공간 유형·property, GeoDCAT-AP property 또는 LOCN geometry를 사용한 graph는 Geo subprofile로 검증해야 한다.""}]",Remove the class or property that activates prohibited shape https://data.molit.go.kr/shape/molit-dcat-ap/1.0.0-rc.1#CoreRejectsGeoProfileSubjectShape; route spatial content to the geo or network conformance module.,MOLIT DCAT-AP 1.0 core profile module,MOLIT-PROFILE-SELECTION-MARKER-001,Executable local constraint in shacl/molit-core-profile.ttl; the source clause and fixture links are reviewed separately.,https://data.molit.go.kr/shape/molit-dcat-ap/1.0.0-rc.1#CoreRejectsGeoProfileSubjectShape,shacl/molit-core-profile.ttl,shacl/molit-core-profile.ttl#node-shape:https%3A%2F%2Fdata.molit.go.kr%2Fshape%2Fmolit-dcat-ap%2F1.0.0-rc.1%23CoreRejectsGeoProfileSubjectShape,POS-CORE-CORE-CATALOG,NEG-MUT-PROFILE-SELECTION-MARKER-001
MOLIT-PROFILE-SELECTION-GEOSPARQL-001,"[""core""]","[""http://www.opengis.net/ont/geosparql#Feature"",""http://www.opengis.net/ont/geosparql#FeatureCollection"",""http://www.opengis.net/ont/geosparql#Geometry"",""http://www.opengis.net/ont/geosparql#GeometryCollection"",""http://www.opengis.net/ont/geosparql#SpatialObject"",""http://www.opengis.net/ont/geosparql#SpatialObjectCollection""]",,MUST-NOT,,,[],[],Violation,"[{""language"":""ko"",""text"":""GeoSPARQL 1.1 class 또는 property를 사용한 graph는 Geo subprofile로 검증해야 한다.""}]",Remove the class or property that activates prohibited shape https://data.molit.go.kr/shape/molit-dcat-ap/1.0.0-rc.1#CoreRejectsGeoSparql11Shape; route spatial content to the geo or network conformance module.,MOLIT DCAT-AP 1.0 core profile module,MOLIT-PROFILE-SELECTION-GEOSPARQL-001,Executable local constraint in shacl/molit-core-profile.ttl; the source clause and fixture links are reviewed separately.,https://data.molit.go.kr/shape/molit-dcat-ap/1.0.0-rc.1#CoreRejectsGeoSparql11Shape,shacl/molit-core-profile.ttl,shacl/molit-core-profile.ttl#node-shape:https%3A%2F%2Fdata.molit.go.kr%2Fshape%2Fmolit-dcat-ap%2F1.0.0-rc.1%23CoreRejectsGeoSparql11Shape,POS-CORE-CORE-CATALOG,NEG-MUT-PROFILE-SELECTION-GEOSPARQL-001
MOLIT-PROFILE-CORE-001-P-CONFORMSTO-001,"[""core""]","[""http://www.w3.org/ns/dcat#Catalog""]",http://purl.org/dc/terms/conformsTo,MUST,,,[],"[""https://data.molit.go.kr/profile/molit-dcat-ap/1.0.0-rc.1""]",Violation,"[{""language"":""ko"",""text"":""Core 카탈로그에는 Core release IRI만 metadata profile marker로 지정해야 한다.""}]",Ensure http://purl.org/dc/terms/conformsTo includes the required value(s): https://data.molit.go.kr/profile/molit-dcat-ap/1.0.0-rc.1.,MOLIT DCAT-AP 1.0 core profile module,MOLIT-PROFILE-CORE-001-P-CONFORMSTO-001,Executable local constraint in shacl/molit-core-profile.ttl; the source clause and fixture links are reviewed separately.,https://data.molit.go.kr/shape/molit-dcat-ap/1.0.0-rc.1#CoreCatalogProfileShape,shacl/molit-core-profile.ttl,shacl/molit-core-profile.ttl#property:https%3A%2F%2Fdata.molit.go.kr%2Fshape%2Fmolit-dcat-ap%2F1.0.0-rc.1%23CoreCatalogProfileShape:0001,POS-CORE-CORE-CATALOG,NEG-MUT-PROFILE-CORE-001-P-CONFORMSTO-001
MOLIT-PROFILE-CORE-002-P-CONFORMSTO-001,"[""core""]","[""http://www.w3.org/ns/dcat#CatalogRecord""]",http://purl.org/dc/terms/conformsTo,MUST,,,[],"[""https://data.molit.go.kr/profile/molit-dcat-ap/1.0.0-rc.1""]",Violation,"[{""language"":""ko"",""text"":""Core CatalogRecord에는 Core release IRI만 metadata profile marker로 지정해야 한다.""}]",Ensure http://purl.org/dc/terms/conformsTo includes the required value(s): https://data.molit.go.kr/profile/molit-dcat-ap/1.0.0-rc.1.,MOLIT DCAT-AP 1.0 core profile module,MOLIT-PROFILE-CORE-002-P-CONFORMSTO-001,Executable local constraint in shacl/molit-core-profile.ttl; the source clause and fixture links are reviewed separately.,https://data.molit.go.kr/shape/molit-dcat-ap/1.0.0-rc.1#CoreCatalogRecordProfileShape,shacl/molit-core-profile.ttl,shacl/molit-core-profile.ttl#property:https%3A%2F%2Fdata.molit.go.kr%2Fshape%2Fmolit-dcat-ap%2F1.0.0-rc.1%23CoreCatalogRecordProfileShape:0001,POS-CORE-CORE-CATALOG,NEG-MUT-PROFILE-CORE-002-P-CONFORMSTO-001
MOLIT-AGENT-001,"[""core"",""dataspace-offering"",""geo"",""network"",""observation"",""quality""]","[""http://xmlns.com/foaf/0.1/Agent""]",,MUST,,,[],[],Violation,"[{""language"":""ko"",""text"":""기관에는 한국어 명칭이 있어야 한다.""}]",Correct these constrained path(s) on the target: http://xmlns.com/foaf/0.1/name; then rerun shape https://data.molit.go.kr/shape/molit-dcat-ap/1.0.0-rc.1#AgentShape.,MOLIT DCAT-AP 1.0 core module,MOLIT-AGENT-001,Executable local constraint in shacl/molit-core.ttl; the source clause and fixture links are reviewed separately.,https://data.molit.go.kr/shape/molit-dcat-ap/1.0.0-rc.1#AgentShape,shacl/molit-core.ttl,shacl/molit-core.ttl#node-shape:https%3A%2F%2Fdata.molit.go.kr%2Fshape%2Fmolit-dcat-ap%2F1.0.0-rc.1%23AgentShape,POS-CORE-CORE-CATALOG,NEG-MUT-AGENT-001-P-NAME-001
MOLIT-CAT-REL-001,"[""core"",""dataspace-offering"",""geo"",""network"",""observation"",""quality""]","[""http://www.w3.org/ns/dcat#Catalog""]",,MUST,,,[],[],Violation,"[{""language"":""en"",""text"":""Each CatalogRecord primary topic must be exactly one of the datasets listed by the same Catalog, and every listed dataset must have a record.""},{""language"":""ko"",""text"":""CatalogRecord의 primary topic 집합은 같은 Catalog의 dcat:dataset 집합과 일치해야 한다.""}]",Correct these constrained path(s) on the target: (http://www.w3.org/ns/dcat#record/http://xmlns.com/foaf/0.1/primaryTopic); then rerun shape https://data.molit.go.kr/shape/molit-dcat-ap/1.0.0-rc.1#CatalogRecordDatasetCoherenceShape.,MOLIT DCAT-AP 1.0 core module,MOLIT-CAT-REL-001,Executable local constraint in shacl/molit-core.ttl; the source clause and fixture links are reviewed separately.,https://data.molit.go.kr/shape/molit-dcat-ap/1.0.0-rc.1#CatalogRecordDatasetCoherenceShape,shacl/molit-core.ttl,shacl/molit-core.ttl#node-shape:https%3A%2F%2Fdata.molit.go.kr%2Fshape%2Fmolit-dcat-ap%2F1.0.0-rc.1%23CatalogRecordDatasetCoherenceShape,POS-CORE-CORE-CATALOG,NEG-MUT-CAT-001-P-RECORD-001
MOLIT-REC-001,"[""core"",""dataspace-offering"",""geo"",""network"",""observation"",""quality""]","[""http://www.w3.org/ns/dcat#CatalogRecord""]",,MUST,,,[],[],Violation,"[{""language"":""ko"",""text"":""CatalogRecord 수정일은 xsd:date 또는 xsd:dateTime 값 하나여야 한다.""},{""language"":""ko"",""text"":""CatalogRecord 언어에는 KOR을 포함해야 한다.""},{""language"":""ko"",""text"":""CatalogRecord는 데이터셋 하나를 foaf:primaryTopic으로 가리켜야 한다.""},{""language"":""ko"",""text"":""CatalogRecord에는 한국어 제목이 있어야 한다.""}]","Correct these constrained path(s) on the target: http://purl.org/dc/terms/language, http://purl.org/dc/terms/modified, http://purl.org/dc/terms/title, http://xmlns.com/foaf/0.1/primaryTopic; then rerun shape https://data.molit.go.kr/shape/molit-dcat-ap/1.0.0-rc.1#CatalogRecordShape.",MOLIT DCAT-AP 1.0 core module,MOLIT-REC-001,Executable local constraint in shacl/molit-core.ttl; the source clause and fixture links are reviewed separately.,https://data.molit.go.kr/shape/molit-dcat-ap/1.0.0-rc.1#CatalogRecordShape,shacl/molit-core.ttl,shacl/molit-core.ttl#node-shape:https%3A%2F%2Fdata.molit.go.kr%2Fshape%2Fmolit-dcat-ap%2F1.0.0-rc.1%23CatalogRecordShape,POS-CORE-CORE-CATALOG,NEG-MUT-REC-001-P-LANGUAGE-001
MOLIT-CAT-001,"[""core"",""dataspace-offering"",""geo"",""network"",""observation"",""quality""]","[""http://www.w3.org/ns/dcat#Catalog""]",,MUST,,,[],[],Violation,"[{""language"":""en"",""text"":""A catalogue must have at least one Korean title.""},{""language"":""ko"",""text"":""수집 이력을 추적할 CatalogRecord가 하나 이상 있어야 한다.""},{""language"":""ko"",""text"":""카탈로그 발행기관을 foaf:Agent IRI로 하나 지정해야 한다.""},{""language"":""ko"",""text"":""카탈로그 언어에는 EU 언어 코드 KOR을 포함해야 한다.""},{""language"":""ko"",""text"":""카탈로그에는 데이터셋이 하나 이상 있어야 한다.""},{""language"":""ko"",""text"":""카탈로그에는 한국어 설명이 하나 이상 있어야 한다.""},{""language"":""ko"",""text"":""카탈로그에는 한국어 제목이 하나 이상 있어야 한다.""}]","Correct these constrained path(s) on the target: http://purl.org/dc/terms/description, http://purl.org/dc/terms/language, http://purl.org/dc/terms/publisher, http://purl.org/dc/terms/title, http://www.w3.org/ns/dcat#dataset, http://www.w3.org/ns/dcat#record; then rerun shape https://data.molit.go.kr/shape/molit-dcat-ap/1.0.0-rc.1#CatalogShape.",MOLIT DCAT-AP 1.0 core module,MOLIT-CAT-001,Executable local constraint in shacl/molit-core.ttl; the source clause and fixture links are reviewed separately.,https://data.molit.go.kr/shape/molit-dcat-ap/1.0.0-rc.1#CatalogShape,shacl/molit-core.ttl,shacl/molit-core.ttl#node-shape:https%3A%2F%2Fdata.molit.go.kr%2Fshape%2Fmolit-dcat-ap%2F1.0.0-rc.1%23CatalogShape,POS-CORE-CORE-CATALOG,NEG-MUT-CAT-001-P-DESCRIPTION-001
MOLIT-SVC-001,"[""core"",""dataspace-offering"",""geo"",""network"",""observation"",""quality""]","[""http://www.w3.org/ns/dcat#DataService""]",,MUST,,,[],[],Violation,"[{""language"":""ko"",""text"":""DataService가 제공하는 데이터셋을 하나 이상 연결해야 한다.""},{""language"":""ko"",""text"":""DataService에는 공개 가능한 endpointURL이 있어야 한다.""},{""language"":""ko"",""text"":""DataService에는 국토교통 주제 분류 IRI를 하나 이상 지정해야 한다. EU TRAN·REGI는 교환용 진단에서 별도로 검사한다.""},{""language"":""ko"",""text"":""DataService에는 한국어 제목이 있어야 한다.""}]","Correct these constrained path(s) on the target: http://purl.org/dc/terms/title, http://www.w3.org/ns/dcat#endpointURL, http://www.w3.org/ns/dcat#servesDataset, http://www.w3.org/ns/dcat#theme; then rerun shape https://data.molit.go.kr/shape/molit-dcat-ap/1.0.0-rc.1#DataServiceShape.",MOLIT DCAT-AP 1.0 core module,MOLIT-SVC-001,Executable local constraint in shacl/molit-core.ttl; the source clause and fixture links are reviewed separately.,https://data.molit.go.kr/shape/molit-dcat-ap/1.0.0-rc.1#DataServiceShape,shacl/molit-core.ttl,shacl/molit-core.ttl#node-shape:https%3A%2F%2Fdata.molit.go.kr%2Fshape%2Fmolit-dcat-ap%2F1.0.0-rc.1%23DataServiceShape,POS-CORE-SECTOR-AND-SERVICE-CATALOG,NEG-MUT-SVC-001-P-ENDPOINTURL-001
MOLIT-DS-001,"[""core"",""dataspace-offering"",""geo"",""network"",""observation"",""quality""]","[""http://www.w3.org/ns/dcat#Dataset""]",,MUST,,,[],[],Violation,"[{""language"":""ko"",""text"":""게시 Dataset에는 하나 이상의 dcat:CatalogRecord가 있어야 한다.""},{""language"":""ko"",""text"":""게시 Dataset은 하나 이상의 dcat:Catalog에 포함돼야 한다.""},{""language"":""ko"",""text"":""데이터셋 발행기관을 foaf:Agent IRI 하나로 지정해야 한다.""},{""language"":""ko"",""text"":""데이터셋에는 한국어 설명이 하나 이상 있어야 한다.""},{""language"":""ko"",""text"":""데이터셋에는 한국어 제목이 하나 이상 있어야 한다.""},{""language"":""ko"",""text"":""데이터셋의 발급기관 범위 안에서 고유한 식별자 하나가 필요하다.""},{""language"":""ko"",""text"":""발행일은 xsd:date 또는 xsd:dateTime이어야 한다.""},{""language"":""ko"",""text"":""수정일은 xsd:date 또는 xsd:dateTime 값 하나여야 한다.""},{""language"":""ko"",""text"":""접근 권한은 dct:RightsStatement로 관리할 수 있는 IRI 하나여야 한다. 국내 발행 어휘 승인과 EU 교환 어휘 검사는 별도 정책으로 수행한다.""},{""language"":""ko"",""text"":""dcat:theme에는 국토교통 주제 분류 IRI를 하나 이상 포함해야 한다.""},{""language"":""ko"",""text"":""dcat:theme은 승인된 국토교통 주제 또는 교환용 DCAT-AP 주제 IRI여야 한다.""}]","Correct these constrained path(s) on the target: ^http://www.w3.org/ns/dcat#dataset, ^http://xmlns.com/foaf/0.1/primaryTopic, http://purl.org/dc/terms/accessRights, http://purl.org/dc/terms/description, http://purl.org/dc/terms/identifier, http://purl.org/dc/terms/issued, http://purl.org/dc/terms/modified, http://purl.org/dc/terms/publisher, http://purl.org/dc/terms/title, http://www.w3.org/ns/dcat#theme; then rerun shape https://data.molit.go.kr/shape/molit-dcat-ap/1.0.0-rc.1#DatasetShape.",MOLIT DCAT-AP 1.0 core module,MOLIT-DS-001,Executable local constraint in shacl/molit-core.ttl; the source clause and fixture links are reviewed separately.,https://data.molit.go.kr/shape/molit-dcat-ap/1.0.0-rc.1#DatasetShape,shacl/molit-core.ttl,shacl/molit-core.ttl#node-shape:https%3A%2F%2Fdata.molit.go.kr%2Fshape%2Fmolit-dcat-ap%2F1.0.0-rc.1%23DatasetShape,POS-CORE-CORE-CATALOG,NEG-MUT-DS-001-P-ACCESSRIGHTS-001
MOLIT-AGENT-001-P-NAME-001,"[""core"",""dataspace-offering"",""geo"",""network"",""observation"",""quality""]","[""http://xmlns.com/foaf/0.1/Agent""]",http://xmlns.com/foaf/0.1/name,MUST,1,,"[""http://www.w3.org/ns/shacl#Literal""]",[],Violation,"[{""language"":""ko"",""text"":""기관에는 한국어 명칭이 있어야 한다.""}]","Add http://xmlns.com/foaf/0.1/name until each target resource has at least 1 value(s). Encode every http://xmlns.com/foaf/0.1/name value with the required class, datatype, or node kind: http://www.w3.org/ns/shacl#Literal.",MOLIT DCAT-AP 1.0.0-rc.1 Korean discovery policy,Agent name: Korean label,기관명이 한국어 검색·화면표시에서 비어 보이지 않도록 한국어 foaf:name을 한 개 요구한다. 다른 언어 이름을 함께 쓰는 것은 막지 않는다.,https://data.molit.go.kr/shape/molit-dcat-ap/1.0.0-rc.1#AgentShape,shacl/molit-core.ttl,shacl/molit-core.ttl#property:https%3A%2F%2Fdata.molit.go.kr%2Fshape%2Fmolit-dcat-ap%2F1.0.0-rc.1%23AgentShape:0001,POS-CORE-CORE-CATALOG,NEG-MUT-AGENT-001-P-NAME-001
MOLIT-CAT-REL-001-P-PATH-DA00F2B2F6-001,"[""core"",""dataspace-offering"",""geo"",""network"",""observation"",""quality""]","[""http://www.w3.org/ns/dcat#Catalog""]",(http://www.w3.org/ns/dcat#record/http://xmlns.com/foaf/0.1/primaryTopic),MUST,,,[],[],Violation,"[{""language"":""en"",""text"":""Each CatalogRecord primary topic must be exactly one of the datasets listed by the same Catalog, and every listed dataset must have a record.""},{""language"":""ko"",""text"":""CatalogRecord의 primary topic 집합은 같은 Catalog의 dcat:dataset 집합과 일치해야 한다.""}]","Change (http://www.w3.org/ns/dcat#record/http://xmlns.com/foaf/0.1/primaryTopic) so the target satisfies every comparison, qualified-value, or logical component declared by https://data.molit.go.kr/shape/molit-dcat-ap/1.0.0-rc.1#CatalogRecordDatasetCoherenceShape.",MOLIT DCAT-AP 1.0 core module,MOLIT-CAT-REL-001-P-PATH-DA00F2B2F6-001,Executable local constraint in shacl/molit-core.ttl; the source clause and fixture links are reviewed separately.,https://data.molit.go.kr/shape/molit-dcat-ap/1.0.0-rc.1#CatalogRecordDatasetCoherenceShape,shacl/molit-core.ttl,shacl/molit-core.ttl#property:https%3A%2F%2Fdata.molit.go.kr%2Fshape%2Fmolit-dcat-ap%2F1.0.0-rc.1%23CatalogRecordDatasetCoherenceShape:0001,POS-CORE-CORE-CATALOG,NEG-MUT-CAT-REL-001-P-PATH-DA00F2B2F6-001
MOLIT-REC-001-P-TITLE-001,"[""core"",""dataspace-offering"",""geo"",""network"",""observation"",""quality""]","[""http://www.w3.org/ns/dcat#CatalogRecord""]",http://purl.org/dc/terms/title,MUST,1,,"[""http://www.w3.org/ns/shacl#Literal""]",[],Violation,"[{""language"":""ko"",""text"":""CatalogRecord에는 한국어 제목이 있어야 한다.""}]","Add http://purl.org/dc/terms/title until each target resource has at least 1 value(s). Encode every http://purl.org/dc/terms/title value with the required class, datatype, or node kind: http://www.w3.org/ns/shacl#Literal.",MOLIT DCAT-AP 1.0.0-rc.1 Korean discovery policy,CatalogRecord title: Korean text,국내 카탈로그의 레코드 목록에서 식별 가능한 기본 표시값을 확보하기 위해 한국어 제목을 한 개 요구한다.,https://data.molit.go.kr/shape/molit-dcat-ap/1.0.0-rc.1#CatalogRecordShape,shacl/molit-core.ttl,shacl/molit-core.ttl#property:https%3A%2F%2Fdata.molit.go.kr%2Fshape%2Fmolit-dcat-ap%2F1.0.0-rc.1%23CatalogRecordShape:0001,POS-CORE-CORE-CATALOG,NEG-MUT-REC-001-P-TITLE-001
MOLIT-REC-001-P-MODIFIED-001,"[""core"",""dataspace-offering"",""geo"",""network"",""observation"",""quality""]","[""http://www.w3.org/ns/dcat#CatalogRecord""]",http://purl.org/dc/terms/modified,MUST,1,1,[],[],Violation,"[{""language"":""ko"",""text"":""CatalogRecord 수정일은 xsd:date 또는 xsd:dateTime 값 하나여야 한다.""}]",Set http://purl.org/dc/terms/modified to between 1 and 1 value(s) on each target resource.,MOLIT DCAT-AP 1.0 core module,MOLIT-REC-001-P-MODIFIED-001,Executable local constraint in shacl/molit-core.ttl; the source clause and fixture links are reviewed separately.,https://data.molit.go.kr/shape/molit-dcat-ap/1.0.0-rc.1#CatalogRecordShape,shacl/molit-core.ttl,shacl/molit-core.ttl#property:https%3A%2F%2Fdata.molit.go.kr%2Fshape%2Fmolit-dcat-ap%2F1.0.0-rc.1%23CatalogRecordShape:0002,POS-CORE-CORE-CATALOG,NEG-MUT-REC-001-P-MODIFIED-001
MOLIT-REC-001-P-PRIMARYTOPIC-001,"[""core"",""dataspace-offering"",""geo"",""network"",""observation"",""quality""]","[""http://www.w3.org/ns/dcat#CatalogRecord""]",http://xmlns.com/foaf/0.1/primaryTopic,MUST,1,1,"[""http://www.w3.org/ns/dcat#Dataset""]",[],Violation,"[{""language"":""ko"",""text"":""CatalogRecord는 데이터셋 하나를 foaf:primaryTopic으로 가리켜야 한다.""}]","Set http://xmlns.com/foaf/0.1/primaryTopic to between 1 and 1 value(s) on each target resource. Encode every http://xmlns.com/foaf/0.1/primaryTopic value with the required class, datatype, or node kind: http://www.w3.org/ns/dcat#Dataset.",MOLIT DCAT-AP 1.0 core module,MOLIT-REC-001-P-PRIMARYTOPIC-001,Executable local constraint in shacl/molit-core.ttl; the source clause and fixture links are reviewed separately.,https://data.molit.go.kr/shape/molit-dcat-ap/1.0.0-rc.1#CatalogRecordShape,shacl/molit-core.ttl,shacl/molit-core.ttl#property:https%3A%2F%2Fdata.molit.go.kr%2Fshape%2Fmolit-dcat-ap%2F1.0.0-rc.1%23CatalogRecordShape:0003,POS-CORE-CORE-CATALOG,NEG-MUT-REC-001-P-PRIMARYTOPIC-001
MOLIT-REC-001-P-LANGUAGE-001,"[""core"",""dataspace-offering"",""geo"",""network"",""observation"",""quality""]","[""http://www.w3.org/ns/dcat#CatalogRecord""]",http://purl.org/dc/terms/language,MUST,1,,[],"[""http://publications.europa.eu/resource/authority/language/KOR""]",Violation,"[{""language"":""ko"",""text"":""CatalogRecord 언어에는 KOR을 포함해야 한다.""}]",Add http://purl.org/dc/terms/language until each target resource has at least 1 value(s). Ensure http://purl.org/dc/terms/language includes the required value(s): http://publications.europa.eu/resource/authority/language/KOR.,MOLIT DCAT-AP 1.0.0-rc.1 Korean discovery policy,CatalogRecord language: KOR included,레코드가 한국어 메타데이터를 포함함을 EU language authority의 KOR IRI로 표시한다. 다른 언어 IRI를 추가하는 것은 허용한다.,https://data.molit.go.kr/shape/molit-dcat-ap/1.0.0-rc.1#CatalogRecordShape,shacl/molit-core.ttl,shacl/molit-core.ttl#property:https%3A%2F%2Fdata.molit.go.kr%2Fshape%2Fmolit-dcat-ap%2F1.0.0-rc.1%23CatalogRecordShape:0004,POS-CORE-CORE-CATALOG,NEG-MUT-REC-001-P-LANGUAGE-001
MOLIT-CAT-001-P-TITLE-001,"[""core"",""dataspace-offering"",""geo"",""network"",""observation"",""quality""]","[""http://www.w3.org/ns/dcat#Catalog""]",http://purl.org/dc/terms/title,MUST,1,,"[""http://www.w3.org/ns/shacl#Literal""]",[],Violation,"[{""language"":""en"",""text"":""A catalogue must have at least one Korean title.""},{""language"":""ko"",""text"":""카탈로그에는 한국어 제목이 하나 이상 있어야 한다.""}]","Add http://purl.org/dc/terms/title until each target resource has at least 1 value(s). Encode every http://purl.org/dc/terms/title value with the required class, datatype, or node kind: http://www.w3.org/ns/shacl#Literal.",MOLIT DCAT-AP 1.0.0-rc.1 Korean discovery policy,Catalogue title: Korean text,국내 카탈로그 검색 결과와 행정 화면에 표시할 기본 제목을 확보하기 위해 한국어 제목을 한 개 요구한다. 언어별 제목은 한 개씩만 허용한다.,https://data.molit.go.kr/shape/molit-dcat-ap/1.0.0-rc.1#CatalogShape,shacl/molit-core.ttl,shacl/molit-core.ttl#property:https%3A%2F%2Fdata.molit.go.kr%2Fshape%2Fmolit-dcat-ap%2F1.0.0-rc.1%23CatalogShape:0001,POS-CORE-CORE-CATALOG,NEG-MUT-CAT-001-P-TITLE-001
MOLIT-CAT-001-P-DESCRIPTION-001,"[""core"",""dataspace-offering"",""geo"",""network"",""observation"",""quality""]","[""http://www.w3.org/ns/dcat#Catalog""]",http://purl.org/dc/terms/description,MUST,1,,"[""http://www.w3.org/ns/shacl#Literal""]",[],Violation,"[{""language"":""ko"",""text"":""카탈로그에는 한국어 설명이 하나 이상 있어야 한다.""}]","Add http://purl.org/dc/terms/description until each target resource has at least 1 value(s). Encode every http://purl.org/dc/terms/description value with the required class, datatype, or node kind: http://www.w3.org/ns/shacl#Literal.",MOLIT DCAT-AP 1.0.0-rc.1 Korean discovery policy,Catalogue description: Korean text,국내 카탈로그 탐색 화면이 번역 서비스 없이도 자료 범위를 설명할 수 있도록 한국어 설명을 한 개 요구한다. 다른 언어 설명은 추가할 수 있다.,https://data.molit.go.kr/shape/molit-dcat-ap/1.0.0-rc.1#CatalogShape,shacl/molit-core.ttl,shacl/molit-core.ttl#property:https%3A%2F%2Fdata.molit.go.kr%2Fshape%2Fmolit-dcat-ap%2F1.0.0-rc.1%23CatalogShape:0002,POS-CORE-CORE-CATALOG,NEG-MUT-CAT-001-P-DESCRIPTION-001
MOLIT-CAT-001-P-PUBLISHER-001,"[""core"",""dataspace-offering"",""geo"",""network"",""observation"",""quality""]","[""http://www.w3.org/ns/dcat#Catalog""]",http://purl.org/dc/terms/publisher,MUST,1,1,"[""http://www.w3.org/ns/shacl#IRI"",""http://xmlns.com/foaf/0.1/Agent""]",[],Violation,"[{""language"":""ko"",""text"":""카탈로그 발행기관을 foaf:Agent IRI로 하나 지정해야 한다.""}]","Set http://purl.org/dc/terms/publisher to between 1 and 1 value(s) on each target resource. Encode every http://purl.org/dc/terms/publisher value with the required class, datatype, or node kind: http://www.w3.org/ns/shacl#IRI, http://xmlns.com/foaf/0.1/Agent.",DCAT-AP 3.0.1,Catalogue.publisher,"DCAT-AP의 Catalogue publisher 최대 1개 조건을 유지하고, 국내 카탈로그 공개 책임 주체가 비어 있지 않도록 최소 1개를 함께 적용한다. 값은 검증 가능한 foaf:Agent IRI여야 한다.",https://data.molit.go.kr/shape/molit-dcat-ap/1.0.0-rc.1#CatalogShape,shacl/molit-core.ttl,shacl/molit-core.ttl#property:https%3A%2F%2Fdata.molit.go.kr%2Fshape%2Fmolit-dcat-ap%2F1.0.0-rc.1%23CatalogShape:0003,POS-CORE-CORE-CATALOG,NEG-MUT-CAT-001-P-PUBLISHER-001
MOLIT-CAT-001-P-DATASET-001,"[""core"",""dataspace-offering"",""geo"",""network"",""observation"",""quality""]","[""http://www.w3.org/ns/dcat#Catalog""]",http://www.w3.org/ns/dcat#dataset,MUST,1,,"[""http://www.w3.org/ns/dcat#Dataset""]",[],Violation,"[{""language"":""ko"",""text"":""카탈로그에는 데이터셋이 하나 이상 있어야 한다.""}]","Add http://www.w3.org/ns/dcat#dataset until each target resource has at least 1 value(s). Encode every http://www.w3.org/ns/dcat#dataset value with the required class, datatype, or node kind: http://www.w3.org/ns/dcat#Dataset.",MOLIT DCAT-AP 1.0 core module,MOLIT-CAT-001-P-DATASET-001,Executable local constraint in shacl/molit-core.ttl; the source clause and fixture links are reviewed separately.,https://data.molit.go.kr/shape/molit-dcat-ap/1.0.0-rc.1#CatalogShape,shacl/molit-core.ttl,shacl/molit-core.ttl#property:https%3A%2F%2Fdata.molit.go.kr%2Fshape%2Fmolit-dcat-ap%2F1.0.0-rc.1%23CatalogShape:0004,POS-CORE-CORE-CATALOG,NEG-MUT-CAT-001-P-DATASET-001
MOLIT-CAT-001-P-RECORD-001,"[""core"",""dataspace-offering"",""geo"",""network"",""observation"",""quality""]","[""http://www.w3.org/ns/dcat#Catalog""]",http://www.w3.org/ns/dcat#record,MUST,1,,"[""http://www.w3.org/ns/dcat#CatalogRecord""]",[],Violation,"[{""language"":""ko"",""text"":""수집 이력을 추적할 CatalogRecord가 하나 이상 있어야 한다.""}]","Add http://www.w3.org/ns/dcat#record until each target resource has at least 1 value(s). Encode every http://www.w3.org/ns/dcat#record value with the required class, datatype, or node kind: http://www.w3.org/ns/dcat#CatalogRecord.",MOLIT DCAT-AP 1.0 core module,MOLIT-CAT-001-P-RECORD-001,Executable local constraint in shacl/molit-core.ttl; the source clause and fixture links are reviewed separately.,https://data.molit.go.kr/shape/molit-dcat-ap/1.0.0-rc.1#CatalogShape,shacl/molit-core.ttl,shacl/molit-core.ttl#property:https%3A%2F%2Fdata.molit.go.kr%2Fshape%2Fmolit-dcat-ap%2F1.0.0-rc.1%23CatalogShape:0005,POS-CORE-CORE-CATALOG,NEG-MUT-CAT-001-P-RECORD-001
MOLIT-CAT-001-P-LANGUAGE-001,"[""core"",""dataspace-offering"",""geo"",""network"",""observation"",""quality""]","[""http://www.w3.org/ns/dcat#Catalog""]",http://purl.org/dc/terms/language,MUST,1,,[],"[""http://publications.europa.eu/resource/authority/language/KOR""]",Violation,"[{""language"":""ko"",""text"":""카탈로그 언어에는 EU 언어 코드 KOR을 포함해야 한다.""}]",Add http://purl.org/dc/terms/language until each target resource has at least 1 value(s). Ensure http://purl.org/dc/terms/language includes the required value(s): http://publications.europa.eu/resource/authority/language/KOR.,MOLIT DCAT-AP 1.0 core module,MOLIT-CAT-001-P-LANGUAGE-001,Executable local constraint in shacl/molit-core.ttl; the source clause and fixture links are reviewed separately.,https://data.molit.go.kr/shape/molit-dcat-ap/1.0.0-rc.1#CatalogShape,shacl/molit-core.ttl,shacl/molit-core.ttl#property:https%3A%2F%2Fdata.molit.go.kr%2Fshape%2Fmolit-dcat-ap%2F1.0.0-rc.1%23CatalogShape:0006,POS-CORE-CORE-CATALOG,NEG-MUT-CAT-001-P-LANGUAGE-001
MOLIT-SVC-001-P-TITLE-001,"[""core"",""dataspace-offering"",""geo"",""network"",""observation"",""quality""]","[""http://www.w3.org/ns/dcat#DataService""]",http://purl.org/dc/terms/title,MUST,1,,"[""http://www.w3.org/ns/shacl#Literal""]",[],Violation,"[{""language"":""ko"",""text"":""DataService에는 한국어 제목이 있어야 한다.""}]","Add http://purl.org/dc/terms/title until each target resource has at least 1 value(s). Encode every http://purl.org/dc/terms/title value with the required class, datatype, or node kind: http://www.w3.org/ns/shacl#Literal.",MOLIT DCAT-AP 1.0.0-rc.1 Korean discovery policy,DataService title: Korean text,국내 서비스 목록과 장애 대응 화면에서 endpoint를 사람이 구분할 수 있도록 한국어 제목을 한 개 요구한다.,https://data.molit.go.kr/shape/molit-dcat-ap/1.0.0-rc.1#DataServiceShape,shacl/molit-core.ttl,shacl/molit-core.ttl#property:https%3A%2F%2Fdata.molit.go.kr%2Fshape%2Fmolit-dcat-ap%2F1.0.0-rc.1%23DataServiceShape:0001,POS-CORE-SECTOR-AND-SERVICE-CATALOG,NEG-MUT-SVC-001-P-TITLE-001
MOLIT-SVC-001-P-ENDPOINTURL-001,"[""core"",""dataspace-offering"",""geo"",""network"",""observation"",""quality""]","[""http://www.w3.org/ns/dcat#DataService""]",http://www.w3.org/ns/dcat#endpointURL,MUST,1,,"[""http://www.w3.org/ns/shacl#IRI""]",[],Violation,"[{""language"":""ko"",""text"":""DataService에는 공개 가능한 endpointURL이 있어야 한다.""}]","Add http://www.w3.org/ns/dcat#endpointURL until each target resource has at least 1 value(s). Encode every http://www.w3.org/ns/dcat#endpointURL value with the required class, datatype, or node kind: http://www.w3.org/ns/shacl#IRI. Make every http://www.w3.org/ns/dcat#endpointURL lexical form satisfy sh:pattern ""^https://"".",MOLIT DCAT-AP 1.0 core module,MOLIT-SVC-001-P-ENDPOINTURL-001,Executable local constraint in shacl/molit-core.ttl; the source clause and fixture links are reviewed separately.,https://data.molit.go.kr/shape/molit-dcat-ap/1.0.0-rc.1#DataServiceShape,shacl/molit-core.ttl,shacl/molit-core.ttl#property:https%3A%2F%2Fdata.molit.go.kr%2Fshape%2Fmolit-dcat-ap%2F1.0.0-rc.1%23DataServiceShape:0002,POS-CORE-SECTOR-AND-SERVICE-CATALOG,NEG-MUT-SVC-001-P-ENDPOINTURL-001
MOLIT-SVC-001-P-SERVESDATASET-001,"[""core"",""dataspace-offering"",""geo"",""network"",""observation"",""quality""]","[""http://www.w3.org/ns/dcat#DataService""]",http://www.w3.org/ns/dcat#servesDataset,MUST,1,,"[""http://www.w3.org/ns/dcat#Dataset""]",[],Violation,"[{""language"":""ko"",""text"":""DataService가 제공하는 데이터셋을 하나 이상 연결해야 한다.""}]","Add http://www.w3.org/ns/dcat#servesDataset until each target resource has at least 1 value(s). Encode every http://www.w3.org/ns/dcat#servesDataset value with the required class, datatype, or node kind: http://www.w3.org/ns/dcat#Dataset.",MOLIT DCAT-AP 1.0 core module,MOLIT-SVC-001-P-SERVESDATASET-001,Executable local constraint in shacl/molit-core.ttl; the source clause and fixture links are reviewed separately.,https://data.molit.go.kr/shape/molit-dcat-ap/1.0.0-rc.1#DataServiceShape,shacl/molit-core.ttl,shacl/molit-core.ttl#property:https%3A%2F%2Fdata.molit.go.kr%2Fshape%2Fmolit-dcat-ap%2F1.0.0-rc.1%23DataServiceShape:0003,POS-CORE-SECTOR-AND-SERVICE-CATALOG,NEG-MUT-SVC-001-P-SERVESDATASET-001
MOLIT-SVC-001-P-THEME-001,"[""core"",""dataspace-offering"",""geo"",""network"",""observation"",""quality""]","[""http://www.w3.org/ns/dcat#DataService""]",http://www.w3.org/ns/dcat#theme,MUST,,,"[""http://www.w3.org/ns/shacl#IRI""]",[],Violation,"[{""language"":""ko"",""text"":""DataService에는 국토교통 주제 분류 IRI를 하나 이상 지정해야 한다. EU TRAN·REGI는 교환용 진단에서 별도로 검사한다.""}]","Encode every http://www.w3.org/ns/dcat#theme value with the required class, datatype, or node kind: http://www.w3.org/ns/shacl#IRI.",MOLIT domain vocabulary 1.0.0-rc.1,DataService.theme domestic minimum,DataService도 제공 대상 업무 분야를 국내 세부 주제로 식별해야 한다. EU TRAN·REGI 포함 여부는 Core 적합성에서 강제하지 않고 eu-controlled-audit에서만 진단한다.,https://data.molit.go.kr/shape/molit-dcat-ap/1.0.0-rc.1#DataServiceShape,shacl/molit-core.ttl,shacl/molit-core.ttl#property:https%3A%2F%2Fdata.molit.go.kr%2Fshape%2Fmolit-dcat-ap%2F1.0.0-rc.1%23DataServiceShape:0004,POS-CORE-SECTOR-AND-SERVICE-CATALOG,NEG-MUT-SVC-001-P-THEME-001
MOLIT-DS-001-P-PATH-0E31B21B99-001,"[""core"",""dataspace-offering"",""geo"",""network"",""observation"",""quality""]","[""http://www.w3.org/ns/dcat#Dataset""]",^http://www.w3.org/ns/dcat#dataset,MUST,1,,"[""http://www.w3.org/ns/dcat#Catalog""]",[],Violation,"[{""language"":""ko"",""text"":""게시 Dataset은 하나 이상의 dcat:Catalog에 포함돼야 한다.""}]","Add ^http://www.w3.org/ns/dcat#dataset until each target resource has at least 1 value(s). Encode every ^http://www.w3.org/ns/dcat#dataset value with the required class, datatype, or node kind: http://www.w3.org/ns/dcat#Catalog.",MOLIT DCAT-AP 1.0 core module,MOLIT-DS-001-P-PATH-0E31B21B99-001,Executable local constraint in shacl/molit-core.ttl; the source clause and fixture links are reviewed separately.,https://data.molit.go.kr/shape/molit-dcat-ap/1.0.0-rc.1#DatasetShape,shacl/molit-core.ttl,shacl/molit-core.ttl#property:https%3A%2F%2Fdata.molit.go.kr%2Fshape%2Fmolit-dcat-ap%2F1.0.0-rc.1%23DatasetShape:0001,POS-CORE-CORE-CATALOG,NEG-MUT-DS-001-P-PATH-0E31B21B99-001
MOLIT-DS-001-P-PATH-30F94DAB87-001,"[""core"",""dataspace-offering"",""geo"",""network"",""observation"",""quality""]","[""http://www.w3.org/ns/dcat#Dataset""]",^http://xmlns.com/foaf/0.1/primaryTopic,MUST,1,,"[""http://www.w3.org/ns/dcat#CatalogRecord""]",[],Violation,"[{""language"":""ko"",""text"":""게시 Dataset에는 하나 이상의 dcat:CatalogRecord가 있어야 한다.""}]","Add ^http://xmlns.com/foaf/0.1/primaryTopic until each target resource has at least 1 value(s). Encode every ^http://xmlns.com/foaf/0.1/primaryTopic value with the required class, datatype, or node kind: http://www.w3.org/ns/dcat#CatalogRecord.",MOLIT DCAT-AP 1.0 core module,MOLIT-DS-001-P-PATH-30F94DAB87-001,Executable local constraint in shacl/molit-core.ttl; the source clause and fixture links are reviewed separately.,https://data.molit.go.kr/shape/molit-dcat-ap/1.0.0-rc.1#DatasetShape,shacl/molit-core.ttl,shacl/molit-core.ttl#property:https%3A%2F%2Fdata.molit.go.kr%2Fshape%2Fmolit-dcat-ap%2F1.0.0-rc.1%23DatasetShape:0002,POS-CORE-CORE-CATALOG,NEG-MUT-DS-001-P-PATH-30F94DAB87-001
MOLIT-DS-001-P-IDENTIFIER-001,"[""core"",""dataspace-offering"",""geo"",""network"",""observation"",""quality""]","[""http://www.w3.org/ns/dcat#Dataset""]",http://purl.org/dc/terms/identifier,MUST,1,1,"[""http://www.w3.org/2001/XMLSchema#string""]",[],Violation,"[{""language"":""ko"",""text"":""데이터셋의 발급기관 범위 안에서 고유한 식별자 하나가 필요하다.""}]","Set http://purl.org/dc/terms/identifier to between 1 and 1 value(s) on each target resource. Encode every http://purl.org/dc/terms/identifier value with the required class, datatype, or node kind: http://www.w3.org/2001/XMLSchema#string. Make every http://purl.org/dc/terms/identifier lexical form satisfy sh:pattern ""\\S"".",MOLIT DCAT-AP 1.0 core module,MOLIT-DS-001-P-IDENTIFIER-001,Executable local constraint in shacl/molit-core.ttl; the source clause and fixture links are reviewed separately.,https://data.molit.go.kr/shape/molit-dcat-ap/1.0.0-rc.1#DatasetShape,shacl/molit-core.ttl,shacl/molit-core.ttl#property:https%3A%2F%2Fdata.molit.go.kr%2Fshape%2Fmolit-dcat-ap%2F1.0.0-rc.1%23DatasetShape:0003,POS-CORE-CORE-CATALOG,NEG-MUT-DS-001-P-IDENTIFIER-001
MOLIT-DS-001-P-TITLE-001,"[""core"",""dataspace-offering"",""geo"",""network"",""observation"",""quality""]","[""http://www.w3.org/ns/dcat#Dataset""]",http://purl.org/dc/terms/title,MUST,1,,"[""http://www.w3.org/ns/shacl#Literal""]",[],Violation,"[{""language"":""ko"",""text"":""데이터셋에는 한국어 제목이 하나 이상 있어야 한다.""}]","Add http://purl.org/dc/terms/title until each target resource has at least 1 value(s). Encode every http://purl.org/dc/terms/title value with the required class, datatype, or node kind: http://www.w3.org/ns/shacl#Literal.",MOLIT DCAT-AP 1.0.0-rc.1 Korean discovery policy,Dataset title: Korean text,국내 검색·목록 화면의 기본 표시값을 확보하기 위해 한국어 데이터셋 제목을 한 개 요구한다. 다른 언어 제목은 함께 게시할 수 있다.,https://data.molit.go.kr/shape/molit-dcat-ap/1.0.0-rc.1#DatasetShape,shacl/molit-core.ttl,shacl/molit-core.ttl#property:https%3A%2F%2Fdata.molit.go.kr%2Fshape%2Fmolit-dcat-ap%2F1.0.0-rc.1%23DatasetShape:0004,POS-CORE-CORE-CATALOG,NEG-MUT-DS-001-P-TITLE-001
MOLIT-DS-001-P-DESCRIPTION-001,"[""core"",""dataspace-offering"",""geo"",""network"",""observation"",""quality""]","[""http://www.w3.org/ns/dcat#Dataset""]",http://purl.org/dc/terms/description,MUST,1,,"[""http://www.w3.org/ns/shacl#Literal""]",[],Violation,"[{""language"":""ko"",""text"":""데이터셋에는 한국어 설명이 하나 이상 있어야 한다.""}]","Add http://purl.org/dc/terms/description until each target resource has at least 1 value(s). Encode every http://purl.org/dc/terms/description value with the required class, datatype, or node kind: http://www.w3.org/ns/shacl#Literal.",MOLIT DCAT-AP 1.0.0-rc.1 Korean discovery policy,Dataset description: Korean text,국내 이용자가 데이터 범위와 한계를 번역 없이 확인하도록 한국어 설명을 한 개 요구한다. 다른 언어 설명은 병행할 수 있다.,https://data.molit.go.kr/shape/molit-dcat-ap/1.0.0-rc.1#DatasetShape,shacl/molit-core.ttl,shacl/molit-core.ttl#property:https%3A%2F%2Fdata.molit.go.kr%2Fshape%2Fmolit-dcat-ap%2F1.0.0-rc.1%23DatasetShape:0005,POS-CORE-CORE-CATALOG,NEG-MUT-DS-001-P-DESCRIPTION-001
MOLIT-DS-001-P-PUBLISHER-001,"[""core"",""dataspace-offering"",""geo"",""network"",""observation"",""quality""]","[""http://www.w3.org/ns/dcat#Dataset""]",http://purl.org/dc/terms/publisher,MUST,1,1,"[""http://www.w3.org/ns/shacl#IRI"",""http://xmlns.com/foaf/0.1/Agent""]",[],Violation,"[{""language"":""ko"",""text"":""데이터셋 발행기관을 foaf:Agent IRI 하나로 지정해야 한다.""}]","Set http://purl.org/dc/terms/publisher to between 1 and 1 value(s) on each target resource. Encode every http://purl.org/dc/terms/publisher value with the required class, datatype, or node kind: http://www.w3.org/ns/shacl#IRI, http://xmlns.com/foaf/0.1/Agent.",DCAT-AP 3.0.1,Dataset.publisher,"DCAT-AP의 Dataset publisher 최대 1개 조건을 유지하고, 공개 데이터셋의 책임 주체를 추적하기 위해 최소 1개의 foaf:Agent IRI를 요구한다.",https://data.molit.go.kr/shape/molit-dcat-ap/1.0.0-rc.1#DatasetShape,shacl/molit-core.ttl,shacl/molit-core.ttl#property:https%3A%2F%2Fdata.molit.go.kr%2Fshape%2Fmolit-dcat-ap%2F1.0.0-rc.1%23DatasetShape:0006,POS-CORE-CORE-CATALOG,NEG-MUT-DS-001-P-PUBLISHER-001
MOLIT-DS-001-P-THEME-001,"[""core"",""dataspace-offering"",""geo"",""network"",""observation"",""quality""]","[""http://www.w3.org/ns/dcat#Dataset""]",http://www.w3.org/ns/dcat#theme,MUST,1,,[],"[""http://publications.europa.eu/resource/authority/data-theme/REGI"",""http://publications.europa.eu/resource/authority/data-theme/TRAN"",""https://data.molit.go.kr/id/concept/domain/aviation"",""https://data.molit.go.kr/id/concept/domain/building"",""https://data.molit.go.kr/id/concept/domain/construction"",""https://data.molit.go.kr/id/concept/domain/housing"",""https://data.molit.go.kr/id/concept/domain/land"",""https://data.molit.go.kr/id/concept/domain/logistics"",""https://data.molit.go.kr/id/concept/domain/mobility"",""https://data.molit.go.kr/id/concept/domain/railway"",""https://data.molit.go.kr/id/concept/domain/real-estate"",""https://data.molit.go.kr/id/concept/domain/road"",""https://data.molit.go.kr/id/concept/domain/spatial-information"",""https://data.molit.go.kr/id/concept/domain/transport"",""https://data.molit.go.kr/id/concept/domain/transport-safety"",""https://data.molit.go.kr/id/concept/domain/urban""]",Violation,"[{""language"":""ko"",""text"":""dcat:theme은 승인된 국토교통 주제 또는 교환용 DCAT-AP 주제 IRI여야 한다.""}]","Add http://www.w3.org/ns/dcat#theme until each target resource has at least 1 value(s). Use only these allowed value(s) for http://www.w3.org/ns/dcat#theme: http://publications.europa.eu/resource/authority/data-theme/REGI, http://publications.europa.eu/resource/authority/data-theme/TRAN, https://data.molit.go.kr/id/concept/domain/aviation, https://data.molit.go.kr/id/concept/domain/building, https://data.molit.go.kr/id/concept/domain/construction, https://data.molit.go.kr/id/concept/domain/housing, https://data.molit.go.kr/id/concept/domain/land, https://data.molit.go.kr/id/concept/domain/logistics, https://data.molit.go.kr/id/concept/domain/mobility, https://data.molit.go.kr/id/concept/domain/railway, https://data.molit.go.kr/id/concept/domain/real-estate, https://data.molit.go.kr/id/concept/domain/road, https://data.molit.go.kr/id/concept/domain/spatial-information, https://data.molit.go.kr/id/concept/domain/transport, https://data.molit.go.kr/id/concept/domain/transport-safety, https://data.molit.go.kr/id/concept/domain/urban.",DCAT-AP 3.0.1 and MOLIT domain vocabulary,Dataset.theme allowed union,입력 단계에서는 국토교통 세부 주제 IRI와 DCAT-AP 교환용 TRAN·REGI를 함께 허용한다. 국내 검색 분류의 존재 여부는 별도 THEME-002 조건으로 검사한다.,https://data.molit.go.kr/shape/molit-dcat-ap/1.0.0-rc.1#DatasetShape,shacl/molit-core.ttl,shacl/molit-core.ttl#property:https%3A%2F%2Fdata.molit.go.kr%2Fshape%2Fmolit-dcat-ap%2F1.0.0-rc.1%23DatasetShape:0007,POS-CORE-CORE-CATALOG,NEG-MUT-DS-001-P-THEME-001
MOLIT-DS-001-P-THEME-002,"[""core"",""dataspace-offering"",""geo"",""network"",""observation"",""quality""]","[""http://www.w3.org/ns/dcat#Dataset""]",http://www.w3.org/ns/dcat#theme,MUST,,,[],[],Violation,"[{""language"":""ko"",""text"":""dcat:theme에는 국토교통 주제 분류 IRI를 하나 이상 포함해야 한다.""}]","Change http://www.w3.org/ns/dcat#theme so the target satisfies every comparison, qualified-value, or logical component declared by https://data.molit.go.kr/shape/molit-dcat-ap/1.0.0-rc.1#DatasetShape.",MOLIT domain vocabulary 1.0.0-rc.1,Dataset.theme domestic minimum,TRAN·REGI만으로는 국토·주택·건설·도로·철도 등 국내 업무 분야를 구분할 수 없으므로 국토교통 세부 주제 IRI를 최소 한 개 요구한다.,https://data.molit.go.kr/shape/molit-dcat-ap/1.0.0-rc.1#DatasetShape,shacl/molit-core.ttl,shacl/molit-core.ttl#property:https%3A%2F%2Fdata.molit.go.kr%2Fshape%2Fmolit-dcat-ap%2F1.0.0-rc.1%23DatasetShape:0008,POS-CORE-CORE-CATALOG,NEG-MUT-DS-001-P-THEME-002
MOLIT-DS-001-P-ACCESSRIGHTS-001,"[""core"",""dataspace-offering"",""geo"",""network"",""observation"",""quality""]","[""http://www.w3.org/ns/dcat#Dataset""]",http://purl.org/dc/terms/accessRights,MUST,1,1,"[""http://www.w3.org/ns/shacl#IRI""]",[],Violation,"[{""language"":""ko"",""text"":""접근 권한은 dct:RightsStatement로 관리할 수 있는 IRI 하나여야 한다. 국내 발행 어휘 승인과 EU 교환 어휘 검사는 별도 정책으로 수행한다.""}]","Set http://purl.org/dc/terms/accessRights to between 1 and 1 value(s) on each target resource. Encode every http://purl.org/dc/terms/accessRights value with the required class, datatype, or node kind: http://www.w3.org/ns/shacl#IRI.",DCAT-AP 3.0.1 and MOLIT domestic publication policy,Dataset.accessRights,Core는 접근권한 IRI 한 개의 존재와 식별자 형태만 검사한다. 국내 승인 어휘가 확정되지 않았으므로 EU access-right 목록은 강제하지 않고 eu-controlled-audit에서 별도로 진단한다.,https://data.molit.go.kr/shape/molit-dcat-ap/1.0.0-rc.1#DatasetShape,shacl/molit-core.ttl,shacl/molit-core.ttl#property:https%3A%2F%2Fdata.molit.go.kr%2Fshape%2Fmolit-dcat-ap%2F1.0.0-rc.1%23DatasetShape:0009,POS-CORE-CORE-CATALOG,NEG-MUT-DS-001-P-ACCESSRIGHTS-001
MOLIT-DS-001-P-ISSUED-001,"[""core"",""dataspace-offering"",""geo"",""network"",""observation"",""quality""]","[""http://www.w3.org/ns/dcat#Dataset""]",http://purl.org/dc/terms/issued,MUST,,1,[],[],Violation,"[{""language"":""ko"",""text"":""발행일은 xsd:date 또는 xsd:dateTime이어야 한다.""}]",Reduce http://purl.org/dc/terms/issued to at most 1 value(s) on each target resource.,MOLIT DCAT-AP 1.0 core module,MOLIT-DS-001-P-ISSUED-001,Executable local constraint in shacl/molit-core.ttl; the source clause and fixture links are reviewed separately.,https://data.molit.go.kr/shape/molit-dcat-ap/1.0.0-rc.1#DatasetShape,shacl/molit-core.ttl,shacl/molit-core.ttl#property:https%3A%2F%2Fdata.molit.go.kr%2Fshape%2Fmolit-dcat-ap%2F1.0.0-rc.1%23DatasetShape:0010,POS-CORE-CORE-CATALOG,NEG-MUT-DS-001-P-ISSUED-001
MOLIT-DS-001-P-MODIFIED-001,"[""core"",""dataspace-offering"",""geo"",""network"",""observation"",""quality""]","[""http://www.w3.org/ns/dcat#Dataset""]",http://purl.org/dc/terms/modified,MUST,1,1,[],[],Violation,"[{""language"":""ko"",""text"":""수정일은 xsd:date 또는 xsd:dateTime 값 하나여야 한다.""}]",Set http://purl.org/dc/terms/modified to between 1 and 1 value(s) on each target resource.,MOLIT DCAT-AP 1.0 core module,MOLIT-DS-001-P-MODIFIED-001,Executable local constraint in shacl/molit-core.ttl; the source clause and fixture links are reviewed separately.,https://data.molit.go.kr/shape/molit-dcat-ap/1.0.0-rc.1#DatasetShape,shacl/molit-core.ttl,shacl/molit-core.ttl#property:https%3A%2F%2Fdata.molit.go.kr%2Fshape%2Fmolit-dcat-ap%2F1.0.0-rc.1%23DatasetShape:0011,POS-CORE-CORE-CATALOG,NEG-MUT-DS-001-P-MODIFIED-001
MOLIT-PROFILE-OFFER-001,"[""dataspace-offering""]","[""http://www.w3.org/ns/dcat#Catalog""]",,MUST,,,[],[],Violation,"[{""language"":""en"",""text"":""Catalog must declare the selected dataspace-offering release IRI as its MOLIT profile marker.""}]",Correct these constrained path(s) on the target: http://purl.org/dc/terms/conformsTo; then rerun shape https://data.molit.go.kr/shape/molit-dcat-ap/1.0.0-rc.1#DataspaceOfferingCatalogProfileShape.,MOLIT DCAT-AP 1.0 dataspace offering profile module,MOLIT-PROFILE-OFFER-001,Executable local constraint in shacl/molit-dataspace-offering-profile.ttl; the source clause and fixture links are reviewed separately.,https://data.molit.go.kr/shape/molit-dcat-ap/1.0.0-rc.1#DataspaceOfferingCatalogProfileShape,shacl/molit-dataspace-offering-profile.ttl,shacl/molit-dataspace-offering-profile.ttl#node-shape:https%3A%2F%2Fdata.molit.go.kr%2Fshape%2Fmolit-dcat-ap%2F1.0.0-rc.1%23DataspaceOfferingCatalogProfileShape,POS-DATASPACE-OFFERING-DATASPACE-OFFERING-CATALOG,NEG-MUT-PROFILE-OFFER-001-P-CONFORMSTO-001
MOLIT-PROFILE-OFFER-002,"[""dataspace-offering""]","[""http://www.w3.org/ns/dcat#CatalogRecord""]",,MUST,,,[],[],Violation,"[{""language"":""en"",""text"":""CatalogRecord must declare the selected dataspace-offering release IRI as its MOLIT profile marker.""}]",Correct these constrained path(s) on the target: http://purl.org/dc/terms/conformsTo; then rerun shape https://data.molit.go.kr/shape/molit-dcat-ap/1.0.0-rc.1#DataspaceOfferingCatalogRecordProfileShape.,MOLIT DCAT-AP 1.0 dataspace offering profile module,MOLIT-PROFILE-OFFER-002,Executable local constraint in shacl/molit-dataspace-offering-profile.ttl; the source clause and fixture links are reviewed separately.,https://data.molit.go.kr/shape/molit-dcat-ap/1.0.0-rc.1#DataspaceOfferingCatalogRecordProfileShape,shacl/molit-dataspace-offering-profile.ttl,shacl/molit-dataspace-offering-profile.ttl#node-shape:https%3A%2F%2Fdata.molit.go.kr%2Fshape%2Fmolit-dcat-ap%2F1.0.0-rc.1%23DataspaceOfferingCatalogRecordProfileShape,POS-DATASPACE-OFFERING-DATASPACE-OFFERING-CATALOG,NEG-MUT-PROFILE-OFFER-002-P-CONFORMSTO-001
MOLIT-PROFILE-OFFER-001-P-CONFORMSTO-001,"[""dataspace-offering""]","[""http://www.w3.org/ns/dcat#Catalog""]",http://purl.org/dc/terms/conformsTo,MUST,,,[],"[""https://data.molit.go.kr/profile/molit-dcat-ap/1.0.0-rc.1/dataspace-offering""]",Violation,"[{""language"":""en"",""text"":""Catalog must declare the selected dataspace-offering release IRI as its MOLIT profile marker.""}]",Ensure http://purl.org/dc/terms/conformsTo includes the required value(s): https://data.molit.go.kr/profile/molit-dcat-ap/1.0.0-rc.1/dataspace-offering.,MOLIT DCAT-AP 1.0 dataspace offering profile module,MOLIT-PROFILE-OFFER-001-P-CONFORMSTO-001,Executable local constraint in shacl/molit-dataspace-offering-profile.ttl; the source clause and fixture links are reviewed separately.,https://data.molit.go.kr/shape/molit-dcat-ap/1.0.0-rc.1#DataspaceOfferingCatalogProfileShape,shacl/molit-dataspace-offering-profile.ttl,shacl/molit-dataspace-offering-profile.ttl#property:https%3A%2F%2Fdata.molit.go.kr%2Fshape%2Fmolit-dcat-ap%2F1.0.0-rc.1%23DataspaceOfferingCatalogProfileShape:0001,POS-DATASPACE-OFFERING-DATASPACE-OFFERING-CATALOG,NEG-MUT-PROFILE-OFFER-001-P-CONFORMSTO-001
MOLIT-PROFILE-OFFER-002-P-CONFORMSTO-001,"[""dataspace-offering""]","[""http://www.w3.org/ns/dcat#CatalogRecord""]",http://purl.org/dc/terms/conformsTo,MUST,,,[],"[""https://data.molit.go.kr/profile/molit-dcat-ap/1.0.0-rc.1/dataspace-offering""]",Violation,"[{""language"":""en"",""text"":""CatalogRecord must declare the selected dataspace-offering release IRI as its MOLIT profile marker.""}]",Ensure http://purl.org/dc/terms/conformsTo includes the required value(s): https://data.molit.go.kr/profile/molit-dcat-ap/1.0.0-rc.1/dataspace-offering.,MOLIT DCAT-AP 1.0 dataspace offering profile module,MOLIT-PROFILE-OFFER-002-P-CONFORMSTO-001,Executable local constraint in shacl/molit-dataspace-offering-profile.ttl; the source clause and fixture links are reviewed separately.,https://data.molit.go.kr/shape/molit-dcat-ap/1.0.0-rc.1#DataspaceOfferingCatalogRecordProfileShape,shacl/molit-dataspace-offering-profile.ttl,shacl/molit-dataspace-offering-profile.ttl#property:https%3A%2F%2Fdata.molit.go.kr%2Fshape%2Fmolit-dcat-ap%2F1.0.0-rc.1%23DataspaceOfferingCatalogRecordProfileShape:0001,POS-DATASPACE-OFFERING-DATASPACE-OFFERING-CATALOG,NEG-MUT-PROFILE-OFFER-002-P-CONFORMSTO-001
MOLIT-GEO-PROFILE-001,"[""geo""]","[""http://www.w3.org/ns/dcat#Catalog""]",,MUST,,,[],[],Violation,"[{""language"":""ko"",""text"":""Geo 카탈로그에는 Geo subprofile release IRI만 metadata profile marker로 지정해야 한다.""}]",Correct these constrained path(s) on the target: http://purl.org/dc/terms/conformsTo; then rerun shape https://data.molit.go.kr/shape/molit-dcat-ap/1.0.0-rc.1#GeoCatalogProfileShape.,MOLIT DCAT-AP 1.0 geo profile module,MOLIT-GEO-PROFILE-001,Executable local constraint in shacl/molit-geo-profile.ttl; the source clause and fixture links are reviewed separately.,https://data.molit.go.kr/shape/molit-dcat-ap/1.0.0-rc.1#GeoCatalogProfileShape,shacl/molit-geo-profile.ttl,shacl/molit-geo-profile.ttl#node-shape:https%3A%2F%2Fdata.molit.go.kr%2Fshape%2Fmolit-dcat-ap%2F1.0.0-rc.1%23GeoCatalogProfileShape,POS-GEO-GEO-CATALOG,NEG-MUT-GEO-PROFILE-001-P-CONFORMSTO-001
MOLIT-GEO-PROFILE-002,"[""geo""]","[""http://www.w3.org/ns/dcat#CatalogRecord""]",,MUST,,,[],[],Violation,"[{""language"":""ko"",""text"":""Geo CatalogRecord에는 Geo subprofile release IRI만 metadata profile marker로 지정해야 한다.""}]",Correct these constrained path(s) on the target: http://purl.org/dc/terms/conformsTo; then rerun shape https://data.molit.go.kr/shape/molit-dcat-ap/1.0.0-rc.1#GeoCatalogRecordProfileShape.,MOLIT DCAT-AP 1.0 geo profile module,MOLIT-GEO-PROFILE-002,Executable local constraint in shacl/molit-geo-profile.ttl; the source clause and fixture links are reviewed separately.,https://data.molit.go.kr/shape/molit-dcat-ap/1.0.0-rc.1#GeoCatalogRecordProfileShape,shacl/molit-geo-profile.ttl,shacl/molit-geo-profile.ttl#node-shape:https%3A%2F%2Fdata.molit.go.kr%2Fshape%2Fmolit-dcat-ap%2F1.0.0-rc.1%23GeoCatalogRecordProfileShape,POS-GEO-GEO-CATALOG,NEG-MUT-GEO-PROFILE-002-P-CONFORMSTO-001
MOLIT-GEO-PROFILE-001-P-CONFORMSTO-001,"[""geo""]","[""http://www.w3.org/ns/dcat#Catalog""]",http://purl.org/dc/terms/conformsTo,MUST,,,[],"[""https://data.molit.go.kr/profile/molit-dcat-ap/1.0.0-rc.1/geo""]",Violation,"[{""language"":""ko"",""text"":""Geo 카탈로그에는 Geo subprofile release IRI만 metadata profile marker로 지정해야 한다.""}]",Ensure http://purl.org/dc/terms/conformsTo includes the required value(s): https://data.molit.go.kr/profile/molit-dcat-ap/1.0.0-rc.1/geo.,MOLIT DCAT-AP 1.0 geo profile module,MOLIT-GEO-PROFILE-001-P-CONFORMSTO-001,Executable local constraint in shacl/molit-geo-profile.ttl; the source clause and fixture links are reviewed separately.,https://data.molit.go.kr/shape/molit-dcat-ap/1.0.0-rc.1#GeoCatalogProfileShape,shacl/molit-geo-profile.ttl,shacl/molit-geo-profile.ttl#property:https%3A%2F%2Fdata.molit.go.kr%2Fshape%2Fmolit-dcat-ap%2F1.0.0-rc.1%23GeoCatalogProfileShape:0001,POS-GEO-GEO-CATALOG,NEG-MUT-GEO-PROFILE-001-P-CONFORMSTO-001
MOLIT-GEO-PROFILE-002-P-CONFORMSTO-001,"[""geo""]","[""http://www.w3.org/ns/dcat#CatalogRecord""]",http://purl.org/dc/terms/conformsTo,MUST,,,[],"[""https://data.molit.go.kr/profile/molit-dcat-ap/1.0.0-rc.1/geo""]",Violation,"[{""language"":""ko"",""text"":""Geo CatalogRecord에는 Geo subprofile release IRI만 metadata profile marker로 지정해야 한다.""}]",Ensure http://purl.org/dc/terms/conformsTo includes the required value(s): https://data.molit.go.kr/profile/molit-dcat-ap/1.0.0-rc.1/geo.,MOLIT DCAT-AP 1.0 geo profile module,MOLIT-GEO-PROFILE-002-P-CONFORMSTO-001,Executable local constraint in shacl/molit-geo-profile.ttl; the source clause and fixture links are reviewed separately.,https://data.molit.go.kr/shape/molit-dcat-ap/1.0.0-rc.1#GeoCatalogRecordProfileShape,shacl/molit-geo-profile.ttl,shacl/molit-geo-profile.ttl#property:https%3A%2F%2Fdata.molit.go.kr%2Fshape%2Fmolit-dcat-ap%2F1.0.0-rc.1%23GeoCatalogRecordProfileShape:0001,POS-GEO-GEO-CATALOG,NEG-MUT-GEO-PROFILE-002-P-CONFORMSTO-001
MOLIT-PROFILE-NET-001,"[""network""]","[""http://www.w3.org/ns/dcat#Catalog""]",,MUST,,,[],[],Violation,"[{""language"":""en"",""text"":""Catalog must declare the selected network release IRI as its MOLIT profile marker.""}]",Correct these constrained path(s) on the target: http://purl.org/dc/terms/conformsTo; then rerun shape https://data.molit.go.kr/shape/molit-dcat-ap/1.0.0-rc.1#NetworkCatalogProfileShape.,MOLIT DCAT-AP 1.0 network profile module,MOLIT-PROFILE-NET-001,Executable local constraint in shacl/molit-network-profile.ttl; the source clause and fixture links are reviewed separately.,https://data.molit.go.kr/shape/molit-dcat-ap/1.0.0-rc.1#NetworkCatalogProfileShape,shacl/molit-network-profile.ttl,shacl/molit-network-profile.ttl#node-shape:https%3A%2F%2Fdata.molit.go.kr%2Fshape%2Fmolit-dcat-ap%2F1.0.0-rc.1%23NetworkCatalogProfileShape,POS-NETWORK-NETWORK-CATALOG,NEG-MUT-PROFILE-NET-001-P-CONFORMSTO-001
MOLIT-PROFILE-NET-002,"[""network""]","[""http://www.w3.org/ns/dcat#CatalogRecord""]",,MUST,,,[],[],Violation,"[{""language"":""en"",""text"":""CatalogRecord must declare the selected network release IRI as its MOLIT profile marker.""}]",Correct these constrained path(s) on the target: http://purl.org/dc/terms/conformsTo; then rerun shape https://data.molit.go.kr/shape/molit-dcat-ap/1.0.0-rc.1#NetworkCatalogRecordProfileShape.,MOLIT DCAT-AP 1.0 network profile module,MOLIT-PROFILE-NET-002,Executable local constraint in shacl/molit-network-profile.ttl; the source clause and fixture links are reviewed separately.,https://data.molit.go.kr/shape/molit-dcat-ap/1.0.0-rc.1#NetworkCatalogRecordProfileShape,shacl/molit-network-profile.ttl,shacl/molit-network-profile.ttl#node-shape:https%3A%2F%2Fdata.molit.go.kr%2Fshape%2Fmolit-dcat-ap%2F1.0.0-rc.1%23NetworkCatalogRecordProfileShape,POS-NETWORK-NETWORK-CATALOG,NEG-MUT-PROFILE-NET-002-P-CONFORMSTO-001
MOLIT-PROFILE-NET-001-P-CONFORMSTO-001,"[""network""]","[""http://www.w3.org/ns/dcat#Catalog""]",http://purl.org/dc/terms/conformsTo,MUST,,,[],"[""https://data.molit.go.kr/profile/molit-dcat-ap/1.0.0-rc.1/network""]",Violation,"[{""language"":""en"",""text"":""Catalog must declare the selected network release IRI as its MOLIT profile marker.""}]",Ensure http://purl.org/dc/terms/conformsTo includes the required value(s): https://data.molit.go.kr/profile/molit-dcat-ap/1.0.0-rc.1/network.,MOLIT DCAT-AP 1.0 network profile module,MOLIT-PROFILE-NET-001-P-CONFORMSTO-001,Executable local constraint in shacl/molit-network-profile.ttl; the source clause and fixture links are reviewed separately.,https://data.molit.go.kr/shape/molit-dcat-ap/1.0.0-rc.1#NetworkCatalogProfileShape,shacl/molit-network-profile.ttl,shacl/molit-network-profile.ttl#property:https%3A%2F%2Fdata.molit.go.kr%2Fshape%2Fmolit-dcat-ap%2F1.0.0-rc.1%23NetworkCatalogProfileShape:0001,POS-NETWORK-NETWORK-CATALOG,NEG-MUT-PROFILE-NET-001-P-CONFORMSTO-001
MOLIT-PROFILE-NET-002-P-CONFORMSTO-001,"[""network""]","[""http://www.w3.org/ns/dcat#CatalogRecord""]",http://purl.org/dc/terms/conformsTo,MUST,,,[],"[""https://data.molit.go.kr/profile/molit-dcat-ap/1.0.0-rc.1/network""]",Violation,"[{""language"":""en"",""text"":""CatalogRecord must declare the selected network release IRI as its MOLIT profile marker.""}]",Ensure http://purl.org/dc/terms/conformsTo includes the required value(s): https://data.molit.go.kr/profile/molit-dcat-ap/1.0.0-rc.1/network.,MOLIT DCAT-AP 1.0 network profile module,MOLIT-PROFILE-NET-002-P-CONFORMSTO-001,Executable local constraint in shacl/molit-network-profile.ttl; the source clause and fixture links are reviewed separately.,https://data.molit.go.kr/shape/molit-dcat-ap/1.0.0-rc.1#NetworkCatalogRecordProfileShape,shacl/molit-network-profile.ttl,shacl/molit-network-profile.ttl#property:https%3A%2F%2Fdata.molit.go.kr%2Fshape%2Fmolit-dcat-ap%2F1.0.0-rc.1%23NetworkCatalogRecordProfileShape:0001,POS-NETWORK-NETWORK-CATALOG,NEG-MUT-PROFILE-NET-002-P-CONFORMSTO-001
MOLIT-NET-001,"[""network""]","[""https://data.molit.go.kr/def/molit-dcat-ap#NetworkDataset""]",,MUST,,,[],[],Violation,"[{""language"":""ko"",""text"":""교통망 데이터셋에는 발급기관 범위를 보존한 망 참조가 하나 있어야 한다.""},{""language"":""ko"",""text"":""교통수단은 mobilityDCAT-AP Transport Mode 통제어 IRI를 사용해야 한다.""},{""language"":""ko"",""text"":""확장 유형과 함께 dcat:Dataset 유형을 명시해야 한다.""}]","Correct these constrained path(s) on the target: http://www.w3.org/1999/02/22-rdf-syntax-ns#type, https://data.molit.go.kr/def/molit-dcat-ap#networkReference, https://w3id.org/mobilitydcat-ap#transportMode; then rerun shape https://data.molit.go.kr/shape/molit-dcat-ap/1.0.0-rc.1#NetworkDatasetShape.",MOLIT DCAT-AP 1.0 network module,MOLIT-NET-001,Executable local constraint in shacl/molit-network.ttl; the source clause and fixture links are reviewed separately.,https://data.molit.go.kr/shape/molit-dcat-ap/1.0.0-rc.1#NetworkDatasetShape,shacl/molit-network.ttl,shacl/molit-network.ttl#node-shape:https%3A%2F%2Fdata.molit.go.kr%2Fshape%2Fmolit-dcat-ap%2F1.0.0-rc.1%23NetworkDatasetShape,POS-NETWORK-NETWORK-CATALOG,NEG-MUT-NET-001-P-NETWORKREFERENCE-001
MOLIT-NET-REF-001,"[""network""]","[""https://data.molit.go.kr/def/molit-dcat-ap#NetworkReference""]",,MUST,,,[],[],Violation,"[{""language"":""ko"",""text"":""교통망 버전 하나가 필요하다.""},{""language"":""ko"",""text"":""교통망 식별자 하나가 필요하다.""},{""language"":""ko"",""text"":""교통망 식별자와 버전의 발급기관 IRI 하나가 필요하다.""},{""language"":""ko"",""text"":""망 요소 유형은 국토교통 망 요소 통제어 IRI여야 한다.""}]","Correct these constrained path(s) on the target: https://data.molit.go.kr/def/molit-dcat-ap#networkAuthority, https://data.molit.go.kr/def/molit-dcat-ap#networkElementType, https://data.molit.go.kr/def/molit-dcat-ap#networkIdentifier, https://data.molit.go.kr/def/molit-dcat-ap#networkVersion; then rerun shape https://data.molit.go.kr/shape/molit-dcat-ap/1.0.0-rc.1#NetworkReferenceShape.",MOLIT DCAT-AP 1.0 network module,MOLIT-NET-REF-001,Executable local constraint in shacl/molit-network.ttl; the source clause and fixture links are reviewed separately.,https://data.molit.go.kr/shape/molit-dcat-ap/1.0.0-rc.1#NetworkReferenceShape,shacl/molit-network.ttl,shacl/molit-network.ttl#node-shape:https%3A%2F%2Fdata.molit.go.kr%2Fshape%2Fmolit-dcat-ap%2F1.0.0-rc.1%23NetworkReferenceShape,POS-NETWORK-NETWORK-CATALOG,NEG-MUT-NET-REF-001-P-NETWORKAUTHORITY-001
MOLIT-NET-002,"[""network""]",[],,MUST,,,[],[],Violation,"[{""language"":""ko"",""text"":""networkReference를 사용하는 자원은 molit:NetworkDataset 유형을 명시해야 한다.""}]",Correct these constrained path(s) on the target: http://www.w3.org/1999/02/22-rdf-syntax-ns#type; then rerun shape https://data.molit.go.kr/shape/molit-dcat-ap/1.0.0-rc.1#NetworkReferenceUseShape.,MOLIT DCAT-AP 1.0 network module,MOLIT-NET-002,Executable local constraint in shacl/molit-network.ttl; the source clause and fixture links are reviewed separately.,https://data.molit.go.kr/shape/molit-dcat-ap/1.0.0-rc.1#NetworkReferenceUseShape,shacl/molit-network.ttl,shacl/molit-network.ttl#node-shape:https%3A%2F%2Fdata.molit.go.kr%2Fshape%2Fmolit-dcat-ap%2F1.0.0-rc.1%23NetworkReferenceUseShape,POS-NETWORK-NETWORK-CATALOG,NEG-MUT-NET-002-P-TYPE-001
MOLIT-NET-SNAPSHOT-001,"[""network""]","[""https://data.molit.go.kr/def/molit-dcat-ap#NetworkReference""]",,MUST,,,[],[],Violation,"[{""language"":""en"",""text"":""Network identifiers must use the profile's portable lexical form.""},{""language"":""en"",""text"":""Network versions must use the profile's portable lexical form.""},{""language"":""en"",""text"":""State one approved network snapshot lifecycle status.""},{""language"":""en"",""text"":""State one SHA-256 network snapshot checksum as a 64-digit xsd:hexBinary value.""},{""language"":""en"",""text"":""State the first date on which this network snapshot is valid.""},{""language"":""en"",""text"":""When known, state the last date on which this network snapshot is valid.""}]","Correct these constrained path(s) on the target: https://data.molit.go.kr/def/molit-dcat-ap#networkIdentifier, https://data.molit.go.kr/def/molit-dcat-ap#networkLifecycleStatus, https://data.molit.go.kr/def/molit-dcat-ap#networkSnapshotChecksum, https://data.molit.go.kr/def/molit-dcat-ap#networkValidFrom, https://data.molit.go.kr/def/molit-dcat-ap#networkValidUntil, https://data.molit.go.kr/def/molit-dcat-ap#networkVersion; then rerun shape https://data.molit.go.kr/shape/molit-dcat-ap/1.0.0-rc.1#NetworkSnapshotIdentityShape.",MOLIT DCAT-AP 1.0 network module,MOLIT-NET-SNAPSHOT-001,Executable local constraint in shacl/molit-network.ttl; the source clause and fixture links are reviewed separately.,https://data.molit.go.kr/shape/molit-dcat-ap/1.0.0-rc.1#NetworkSnapshotIdentityShape,shacl/molit-network.ttl,shacl/molit-network.ttl#node-shape:https%3A%2F%2Fdata.molit.go.kr%2Fshape%2Fmolit-dcat-ap%2F1.0.0-rc.1%23NetworkSnapshotIdentityShape,POS-NETWORK-NETWORK-CATALOG,NEG-MUT-NET-SNAPSHOT-001-P-NETWORKIDENTIFIER-001
MOLIT-NET-VALIDITY-001,"[""network""]","[""https://data.molit.go.kr/def/molit-dcat-ap#NetworkReference""]",,MUST,,,[],[],Violation,"[{""language"":""en"",""text"":""networkValidFrom must not be later than networkValidUntil when an end date is stated.""}]",Correct these constrained path(s) on the target: https://data.molit.go.kr/def/molit-dcat-ap#networkValidFrom; then rerun shape https://data.molit.go.kr/shape/molit-dcat-ap/1.0.0-rc.1#NetworkSnapshotValidityShape.,MOLIT DCAT-AP 1.0 network module,MOLIT-NET-VALIDITY-001,Executable local constraint in shacl/molit-network.ttl; the source clause and fixture links are reviewed separately.,https://data.molit.go.kr/shape/molit-dcat-ap/1.0.0-rc.1#NetworkSnapshotValidityShape,shacl/molit-network.ttl,shacl/molit-network.ttl#node-shape:https%3A%2F%2Fdata.molit.go.kr%2Fshape%2Fmolit-dcat-ap%2F1.0.0-rc.1%23NetworkSnapshotValidityShape,POS-NETWORK-NETWORK-CATALOG,NEG-MUT-NET-SNAPSHOT-001-P-NETWORKVALIDUNTIL-001
MOLIT-NET-001-P-TYPE-001,"[""network""]","[""https://data.molit.go.kr/def/molit-dcat-ap#NetworkDataset""]",http://www.w3.org/1999/02/22-rdf-syntax-ns#type,MUST,,,[],"[""http://www.w3.org/ns/dcat#Dataset""]",Violation,"[{""language"":""ko"",""text"":""확장 유형과 함께 dcat:Dataset 유형을 명시해야 한다.""}]",Ensure http://www.w3.org/1999/02/22-rdf-syntax-ns#type includes the required value(s): http://www.w3.org/ns/dcat#Dataset.,MOLIT DCAT-AP 1.0 network module,MOLIT-NET-001-P-TYPE-001,Executable local constraint in shacl/molit-network.ttl; the source clause and fixture links are reviewed separately.,https://data.molit.go.kr/shape/molit-dcat-ap/1.0.0-rc.1#NetworkDatasetShape,shacl/molit-network.ttl,shacl/molit-network.ttl#property:https%3A%2F%2Fdata.molit.go.kr%2Fshape%2Fmolit-dcat-ap%2F1.0.0-rc.1%23NetworkDatasetShape:0001,POS-NETWORK-NETWORK-CATALOG,NEG-MUT-NET-001-P-TYPE-001
MOLIT-NET-001-P-NETWORKREFERENCE-001,"[""network""]","[""https://data.molit.go.kr/def/molit-dcat-ap#NetworkDataset""]",https://data.molit.go.kr/def/molit-dcat-ap#networkReference,MUST,1,1,"[""https://data.molit.go.kr/def/molit-dcat-ap#NetworkReference""]",[],Violation,"[{""language"":""ko"",""text"":""교통망 데이터셋에는 발급기관 범위를 보존한 망 참조가 하나 있어야 한다.""}]","Set https://data.molit.go.kr/def/molit-dcat-ap#networkReference to between 1 and 1 value(s) on each target resource. Encode every https://data.molit.go.kr/def/molit-dcat-ap#networkReference value with the required class, datatype, or node kind: https://data.molit.go.kr/def/molit-dcat-ap#NetworkReference.",MOLIT DCAT-AP 1.0 network module,MOLIT-NET-001-P-NETWORKREFERENCE-001,Executable local constraint in shacl/molit-network.ttl; the source clause and fixture links are reviewed separately.,https://data.molit.go.kr/shape/molit-dcat-ap/1.0.0-rc.1#NetworkDatasetShape,shacl/molit-network.ttl,shacl/molit-network.ttl#property:https%3A%2F%2Fdata.molit.go.kr%2Fshape%2Fmolit-dcat-ap%2F1.0.0-rc.1%23NetworkDatasetShape:0002,POS-NETWORK-NETWORK-CATALOG,NEG-MUT-NET-001-P-NETWORKREFERENCE-001
MOLIT-NET-001-P-TRANSPORTMODE-001,"[""network""]","[""https://data.molit.go.kr/def/molit-dcat-ap#NetworkDataset""]",https://w3id.org/mobilitydcat-ap#transportMode,MUST,1,,"[""http://www.w3.org/2004/02/skos/core#Concept"",""http://www.w3.org/ns/shacl#IRI""]","[""https://w3id.org/mobilitydcat-ap/transport-mode/air"",""https://w3id.org/mobilitydcat-ap/transport-mode/bicycle"",""https://w3id.org/mobilitydcat-ap/transport-mode/bike-hire"",""https://w3id.org/mobilitydcat-ap/transport-mode/bike-sharing"",""https://w3id.org/mobilitydcat-ap/transport-mode/bus"",""https://w3id.org/mobilitydcat-ap/transport-mode/car"",""https://w3id.org/mobilitydcat-ap/transport-mode/car-hire"",""https://w3id.org/mobilitydcat-ap/transport-mode/car-pooling"",""https://w3id.org/mobilitydcat-ap/transport-mode/car-sharing"",""https://w3id.org/mobilitydcat-ap/transport-mode/e-scooter"",""https://w3id.org/mobilitydcat-ap/transport-mode/long-distance-coach"",""https://w3id.org/mobilitydcat-ap/transport-mode/long-distance-rail"",""https://w3id.org/mobilitydcat-ap/transport-mode/maritime"",""https://w3id.org/mobilitydcat-ap/transport-mode/metro-subway-train"",""https://w3id.org/mobilitydcat-ap/transport-mode/motorcycle"",""https://w3id.org/mobilitydcat-ap/transport-mode/other"",""https://w3id.org/mobilitydcat-ap/transport-mode/pedestrian"",""https://w3id.org/mobilitydcat-ap/transport-mode/regional-and-local-rail"",""https://w3id.org/mobilitydcat-ap/transport-mode/ride-pooling"",""https://w3id.org/mobilitydcat-ap/transport-mode/shuttle-bus"",""https://w3id.org/mobilitydcat-ap/transport-mode/shuttle-ferry"",""https://w3id.org/mobilitydcat-ap/transport-mode/taxi"",""https://w3id.org/mobilitydcat-ap/transport-mode/tram-light-rail"",""https://w3id.org/mobilitydcat-ap/transport-mode/truck""]",Violation,"[{""language"":""ko"",""text"":""교통수단은 mobilityDCAT-AP Transport Mode 통제어 IRI를 사용해야 한다.""}]","Add https://w3id.org/mobilitydcat-ap#transportMode until each target resource has at least 1 value(s). Use only these allowed value(s) for https://w3id.org/mobilitydcat-ap#transportMode: https://w3id.org/mobilitydcat-ap/transport-mode/air, https://w3id.org/mobilitydcat-ap/transport-mode/bicycle, https://w3id.org/mobilitydcat-ap/transport-mode/bike-hire, https://w3id.org/mobilitydcat-ap/transport-mode/bike-sharing, https://w3id.org/mobilitydcat-ap/transport-mode/bus, https://w3id.org/mobilitydcat-ap/transport-mode/car, https://w3id.org/mobilitydcat-ap/transport-mode/car-hire, https://w3id.org/mobilitydcat-ap/transport-mode/car-pooling, https://w3id.org/mobilitydcat-ap/transport-mode/car-sharing, https://w3id.org/mobilitydcat-ap/transport-mode/e-scooter, https://w3id.org/mobilitydcat-ap/transport-mode/long-distance-coach, https://w3id.org/mobilitydcat-ap/transport-mode/long-distance-rail, https://w3id.org/mobilitydcat-ap/transport-mode/maritime, https://w3id.org/mobilitydcat-ap/transport-mode/metro-subway-train, https://w3id.org/mobilitydcat-ap/transport-mode/motorcycle, https://w3id.org/mobilitydcat-ap/transport-mode/other, https://w3id.org/mobilitydcat-ap/transport-mode/pedestrian, https://w3id.org/mobilitydcat-ap/transport-mode/regional-and-local-rail, https://w3id.org/mobilitydcat-ap/transport-mode/ride-pooling, https://w3id.org/mobilitydcat-ap/transport-mode/shuttle-bus, https://w3id.org/mobilitydcat-ap/transport-mode/shuttle-ferry, https://w3id.org/mobilitydcat-ap/transport-mode/taxi, https://w3id.org/mobilitydcat-ap/transport-mode/tram-light-rail, https://w3id.org/mobilitydcat-ap/transport-mode/truck. Encode every https://w3id.org/mobilitydcat-ap#transportMode value with the required class, datatype, or node kind: http://www.w3.org/2004/02/skos/core#Concept, http://www.w3.org/ns/shacl#IRI.",MOLIT DCAT-AP 1.0 network module,MOLIT-NET-001-P-TRANSPORTMODE-001,Executable local constraint in shacl/molit-network.ttl; the source clause and fixture links are reviewed separately.,https://data.molit.go.kr/shape/molit-dcat-ap/1.0.0-rc.1#NetworkDatasetShape,shacl/molit-network.ttl,shacl/molit-network.ttl#property:https%3A%2F%2Fdata.molit.go.kr%2Fshape%2Fmolit-dcat-ap%2F1.0.0-rc.1%23NetworkDatasetShape:0003,POS-NETWORK-NETWORK-CATALOG,NEG-MUT-NET-001-P-TRANSPORTMODE-001
MOLIT-NET-REF-001-P-NETWORKAUTHORITY-001,"[""network""]","[""https://data.molit.go.kr/def/molit-dcat-ap#NetworkReference""]",https://data.molit.go.kr/def/molit-dcat-ap#networkAuthority,MUST,1,1,"[""http://www.w3.org/ns/shacl#IRI"",""http://xmlns.com/foaf/0.1/Agent""]",[],Violation,"[{""language"":""ko"",""text"":""교통망 식별자와 버전의 발급기관 IRI 하나가 필요하다.""}]","Set https://data.molit.go.kr/def/molit-dcat-ap#networkAuthority to between 1 and 1 value(s) on each target resource. Encode every https://data.molit.go.kr/def/molit-dcat-ap#networkAuthority value with the required class, datatype, or node kind: http://www.w3.org/ns/shacl#IRI, http://xmlns.com/foaf/0.1/Agent.",MOLIT DCAT-AP 1.0 network module,MOLIT-NET-REF-001-P-NETWORKAUTHORITY-001,Executable local constraint in shacl/molit-network.ttl; the source clause and fixture links are reviewed separately.,https://data.molit.go.kr/shape/molit-dcat-ap/1.0.0-rc.1#NetworkReferenceShape,shacl/molit-network.ttl,shacl/molit-network.ttl#property:https%3A%2F%2Fdata.molit.go.kr%2Fshape%2Fmolit-dcat-ap%2F1.0.0-rc.1%23NetworkReferenceShape:0001,POS-NETWORK-NETWORK-CATALOG,NEG-MUT-NET-REF-001-P-NETWORKAUTHORITY-001
MOLIT-NET-REF-001-P-NETWORKIDENTIFIER-001,"[""network""]","[""https://data.molit.go.kr/def/molit-dcat-ap#NetworkReference""]",https://data.molit.go.kr/def/molit-dcat-ap#networkIdentifier,MUST,1,1,"[""http://www.w3.org/2001/XMLSchema#string""]",[],Violation,"[{""language"":""ko"",""text"":""교통망 식별자 하나가 필요하다.""}]","Set https://data.molit.go.kr/def/molit-dcat-ap#networkIdentifier to between 1 and 1 value(s) on each target resource. Encode every https://data.molit.go.kr/def/molit-dcat-ap#networkIdentifier value with the required class, datatype, or node kind: http://www.w3.org/2001/XMLSchema#string. Make every https://data.molit.go.kr/def/molit-dcat-ap#networkIdentifier lexical form satisfy sh:pattern ""\\S"".",MOLIT DCAT-AP 1.0 network module,MOLIT-NET-REF-001-P-NETWORKIDENTIFIER-001,Executable local constraint in shacl/molit-network.ttl; the source clause and fixture links are reviewed separately.,https://data.molit.go.kr/shape/molit-dcat-ap/1.0.0-rc.1#NetworkReferenceShape,shacl/molit-network.ttl,shacl/molit-network.ttl#property:https%3A%2F%2Fdata.molit.go.kr%2Fshape%2Fmolit-dcat-ap%2F1.0.0-rc.1%23NetworkReferenceShape:0002,POS-NETWORK-NETWORK-CATALOG,NEG-MUT-NET-REF-001-P-NETWORKIDENTIFIER-001
MOLIT-NET-REF-001-P-NETWORKVERSION-001,"[""network""]","[""https://data.molit.go.kr/def/molit-dcat-ap#NetworkReference""]",https://data.molit.go.kr/def/molit-dcat-ap#networkVersion,MUST,1,1,"[""http://www.w3.org/2001/XMLSchema#string""]",[],Violation,"[{""language"":""ko"",""text"":""교통망 버전 하나가 필요하다.""}]","Set https://data.molit.go.kr/def/molit-dcat-ap#networkVersion to between 1 and 1 value(s) on each target resource. Encode every https://data.molit.go.kr/def/molit-dcat-ap#networkVersion value with the required class, datatype, or node kind: http://www.w3.org/2001/XMLSchema#string. Make every https://data.molit.go.kr/def/molit-dcat-ap#networkVersion lexical form satisfy sh:pattern ""\\S"".",MOLIT DCAT-AP 1.0 network module,MOLIT-NET-REF-001-P-NETWORKVERSION-001,Executable local constraint in shacl/molit-network.ttl; the source clause and fixture links are reviewed separately.,https://data.molit.go.kr/shape/molit-dcat-ap/1.0.0-rc.1#NetworkReferenceShape,shacl/molit-network.ttl,shacl/molit-network.ttl#property:https%3A%2F%2Fdata.molit.go.kr%2Fshape%2Fmolit-dcat-ap%2F1.0.0-rc.1%23NetworkReferenceShape:0003,POS-NETWORK-NETWORK-CATALOG,NEG-MUT-NET-REF-001-P-NETWORKVERSION-001
MOLIT-NET-REF-001-P-NETWORKELEMENTTYPE-001,"[""network""]","[""https://data.molit.go.kr/def/molit-dcat-ap#NetworkReference""]",https://data.molit.go.kr/def/molit-dcat-ap#networkElementType,MUST,1,,"[""http://www.w3.org/ns/shacl#IRI""]","[""https://data.molit.go.kr/id/concept/network-element-type/facility"",""https://data.molit.go.kr/id/concept/network-element-type/link"",""https://data.molit.go.kr/id/concept/network-element-type/node"",""https://data.molit.go.kr/id/concept/network-element-type/section"",""https://data.molit.go.kr/id/concept/network-element-type/sensor-site"",""https://data.molit.go.kr/id/concept/network-element-type/station"",""https://data.molit.go.kr/id/concept/network-element-type/stop"",""https://data.molit.go.kr/id/concept/network-element-type/zone""]",Violation,"[{""language"":""ko"",""text"":""망 요소 유형은 국토교통 망 요소 통제어 IRI여야 한다.""}]","Add https://data.molit.go.kr/def/molit-dcat-ap#networkElementType until each target resource has at least 1 value(s). Use only these allowed value(s) for https://data.molit.go.kr/def/molit-dcat-ap#networkElementType: https://data.molit.go.kr/id/concept/network-element-type/facility, https://data.molit.go.kr/id/concept/network-element-type/link, https://data.molit.go.kr/id/concept/network-element-type/node, https://data.molit.go.kr/id/concept/network-element-type/section, https://data.molit.go.kr/id/concept/network-element-type/sensor-site, https://data.molit.go.kr/id/concept/network-element-type/station, https://data.molit.go.kr/id/concept/network-element-type/stop, https://data.molit.go.kr/id/concept/network-element-type/zone. Encode every https://data.molit.go.kr/def/molit-dcat-ap#networkElementType value with the required class, datatype, or node kind: http://www.w3.org/ns/shacl#IRI.",MOLIT DCAT-AP 1.0 network module,MOLIT-NET-REF-001-P-NETWORKELEMENTTYPE-001,Executable local constraint in shacl/molit-network.ttl; the source clause and fixture links are reviewed separately.,https://data.molit.go.kr/shape/molit-dcat-ap/1.0.0-rc.1#NetworkReferenceShape,shacl/molit-network.ttl,shacl/molit-network.ttl#property:https%3A%2F%2Fdata.molit.go.kr%2Fshape%2Fmolit-dcat-ap%2F1.0.0-rc.1%23NetworkReferenceShape:0004,POS-NETWORK-NETWORK-CATALOG,NEG-MUT-NET-REF-001-P-NETWORKELEMENTTYPE-001
MOLIT-NET-002-P-TYPE-001,"[""network""]",[],http://www.w3.org/1999/02/22-rdf-syntax-ns#type,MUST,,,[],"[""https://data.molit.go.kr/def/molit-dcat-ap#NetworkDataset""]",Violation,"[{""language"":""ko"",""text"":""networkReference를 사용하는 자원은 molit:NetworkDataset 유형을 명시해야 한다.""}]",Ensure http://www.w3.org/1999/02/22-rdf-syntax-ns#type includes the required value(s): https://data.molit.go.kr/def/molit-dcat-ap#NetworkDataset.,MOLIT DCAT-AP 1.0 network module,MOLIT-NET-002-P-TYPE-001,Executable local constraint in shacl/molit-network.ttl; the source clause and fixture links are reviewed separately.,https://data.molit.go.kr/shape/molit-dcat-ap/1.0.0-rc.1#NetworkReferenceUseShape,shacl/molit-network.ttl,shacl/molit-network.ttl#property:https%3A%2F%2Fdata.molit.go.kr%2Fshape%2Fmolit-dcat-ap%2F1.0.0-rc.1%23NetworkReferenceUseShape:0001,POS-NETWORK-NETWORK-CATALOG,NEG-MUT-NET-002-P-TYPE-001
MOLIT-NET-SNAPSHOT-001-P-NETWORKIDENTIFIER-001,"[""network""]","[""https://data.molit.go.kr/def/molit-dcat-ap#NetworkReference""]",https://data.molit.go.kr/def/molit-dcat-ap#networkIdentifier,MUST,,,[],[],Violation,"[{""language"":""en"",""text"":""Network identifiers must use the profile's portable lexical form.""}]","Make every https://data.molit.go.kr/def/molit-dcat-ap#networkIdentifier lexical form satisfy sh:pattern ""^[A-Za-z0-9][A-Za-z0-9._:/-]{0,199}$"".",MOLIT DCAT-AP 1.0 network module,MOLIT-NET-SNAPSHOT-001-P-NETWORKIDENTIFIER-001,Executable local constraint in shacl/molit-network.ttl; the source clause and fixture links are reviewed separately.,https://data.molit.go.kr/shape/molit-dcat-ap/1.0.0-rc.1#NetworkSnapshotIdentityShape,shacl/molit-network.ttl,shacl/molit-network.ttl#property:https%3A%2F%2Fdata.molit.go.kr%2Fshape%2Fmolit-dcat-ap%2F1.0.0-rc.1%23NetworkSnapshotIdentityShape:0001,POS-NETWORK-NETWORK-CATALOG,NEG-MUT-NET-SNAPSHOT-001-P-NETWORKIDENTIFIER-001
MOLIT-NET-SNAPSHOT-001-P-NETWORKVERSION-001,"[""network""]","[""https://data.molit.go.kr/def/molit-dcat-ap#NetworkReference""]",https://data.molit.go.kr/def/molit-dcat-ap#networkVersion,MUST,,,[],[],Violation,"[{""language"":""en"",""text"":""Network versions must use the profile's portable lexical form.""}]","Make every https://data.molit.go.kr/def/molit-dcat-ap#networkVersion lexical form satisfy sh:pattern ""^[A-Za-z0-9][A-Za-z0-9._:+/-]{0,199}$"".",MOLIT DCAT-AP 1.0 network module,MOLIT-NET-SNAPSHOT-001-P-NETWORKVERSION-001,Executable local constraint in shacl/molit-network.ttl; the source clause and fixture links are reviewed separately.,https://data.molit.go.kr/shape/molit-dcat-ap/1.0.0-rc.1#NetworkSnapshotIdentityShape,shacl/molit-network.ttl,shacl/molit-network.ttl#property:https%3A%2F%2Fdata.molit.go.kr%2Fshape%2Fmolit-dcat-ap%2F1.0.0-rc.1%23NetworkSnapshotIdentityShape:0002,POS-NETWORK-NETWORK-CATALOG,NEG-MUT-NET-SNAPSHOT-001-P-NETWORKVERSION-001
MOLIT-NET-SNAPSHOT-001-P-NETWORKSNAPSHOTCHECKSUM-001,"[""network""]","[""https://data.molit.go.kr/def/molit-dcat-ap#NetworkReference""]",https://data.molit.go.kr/def/molit-dcat-ap#networkSnapshotChecksum,MUST,1,1,"[""http://www.w3.org/2001/XMLSchema#hexBinary""]",[],Violation,"[{""language"":""en"",""text"":""State one SHA-256 network snapshot checksum as a 64-digit xsd:hexBinary value.""}]","Set https://data.molit.go.kr/def/molit-dcat-ap#networkSnapshotChecksum to between 1 and 1 value(s) on each target resource. Encode every https://data.molit.go.kr/def/molit-dcat-ap#networkSnapshotChecksum value with the required class, datatype, or node kind: http://www.w3.org/2001/XMLSchema#hexBinary. Make every https://data.molit.go.kr/def/molit-dcat-ap#networkSnapshotChecksum lexical form satisfy sh:pattern ""^[0-9A-Fa-f]{64}$"".",MOLIT DCAT-AP 1.0 network module,MOLIT-NET-SNAPSHOT-001-P-NETWORKSNAPSHOTCHECKSUM-001,Executable local constraint in shacl/molit-network.ttl; the source clause and fixture links are reviewed separately.,https://data.molit.go.kr/shape/molit-dcat-ap/1.0.0-rc.1#NetworkSnapshotIdentityShape,shacl/molit-network.ttl,shacl/molit-network.ttl#property:https%3A%2F%2Fdata.molit.go.kr%2Fshape%2Fmolit-dcat-ap%2F1.0.0-rc.1%23NetworkSnapshotIdentityShape:0003,POS-NETWORK-NETWORK-CATALOG,NEG-MUT-NET-SNAPSHOT-001-P-NETWORKSNAPSHOTCHECKSUM-001
MOLIT-NET-SNAPSHOT-001-P-NETWORKLIFECYCLESTATUS-001,"[""network""]","[""https://data.molit.go.kr/def/molit-dcat-ap#NetworkReference""]",https://data.molit.go.kr/def/molit-dcat-ap#networkLifecycleStatus,MUST,1,1,"[""http://www.w3.org/ns/shacl#IRI""]","[""https://data.molit.go.kr/id/concept/network-lifecycle-status/candidate"",""https://data.molit.go.kr/id/concept/network-lifecycle-status/current"",""https://data.molit.go.kr/id/concept/network-lifecycle-status/superseded"",""https://data.molit.go.kr/id/concept/network-lifecycle-status/withdrawn""]",Violation,"[{""language"":""en"",""text"":""State one approved network snapshot lifecycle status.""}]","Set https://data.molit.go.kr/def/molit-dcat-ap#networkLifecycleStatus to between 1 and 1 value(s) on each target resource. Use only these allowed value(s) for https://data.molit.go.kr/def/molit-dcat-ap#networkLifecycleStatus: https://data.molit.go.kr/id/concept/network-lifecycle-status/candidate, https://data.molit.go.kr/id/concept/network-lifecycle-status/current, https://data.molit.go.kr/id/concept/network-lifecycle-status/superseded, https://data.molit.go.kr/id/concept/network-lifecycle-status/withdrawn. Encode every https://data.molit.go.kr/def/molit-dcat-ap#networkLifecycleStatus value with the required class, datatype, or node kind: http://www.w3.org/ns/shacl#IRI.",MOLIT DCAT-AP 1.0 network module,MOLIT-NET-SNAPSHOT-001-P-NETWORKLIFECYCLESTATUS-001,Executable local constraint in shacl/molit-network.ttl; the source clause and fixture links are reviewed separately.,https://data.molit.go.kr/shape/molit-dcat-ap/1.0.0-rc.1#NetworkSnapshotIdentityShape,shacl/molit-network.ttl,shacl/molit-network.ttl#property:https%3A%2F%2Fdata.molit.go.kr%2Fshape%2Fmolit-dcat-ap%2F1.0.0-rc.1%23NetworkSnapshotIdentityShape:0004,POS-NETWORK-NETWORK-CATALOG,NEG-MUT-NET-SNAPSHOT-001-P-NETWORKLIFECYCLESTATUS-001
MOLIT-NET-SNAPSHOT-001-P-NETWORKVALIDFROM-001,"[""network""]","[""https://data.molit.go.kr/def/molit-dcat-ap#NetworkReference""]",https://data.molit.go.kr/def/molit-dcat-ap#networkValidFrom,MUST,1,1,"[""http://www.w3.org/2001/XMLSchema#date""]",[],Violation,"[{""language"":""en"",""text"":""State the first date on which this network snapshot is valid.""}]","Set https://data.molit.go.kr/def/molit-dcat-ap#networkValidFrom to between 1 and 1 value(s) on each target resource. Encode every https://data.molit.go.kr/def/molit-dcat-ap#networkValidFrom value with the required class, datatype, or node kind: http://www.w3.org/2001/XMLSchema#date.",MOLIT DCAT-AP 1.0 network module,MOLIT-NET-SNAPSHOT-001-P-NETWORKVALIDFROM-001,Executable local constraint in shacl/molit-network.ttl; the source clause and fixture links are reviewed separately.,https://data.molit.go.kr/shape/molit-dcat-ap/1.0.0-rc.1#NetworkSnapshotIdentityShape,shacl/molit-network.ttl,shacl/molit-network.ttl#property:https%3A%2F%2Fdata.molit.go.kr%2Fshape%2Fmolit-dcat-ap%2F1.0.0-rc.1%23NetworkSnapshotIdentityShape:0005,POS-NETWORK-NETWORK-CATALOG,NEG-MUT-NET-SNAPSHOT-001-P-NETWORKVALIDFROM-001
MOLIT-NET-SNAPSHOT-001-P-NETWORKVALIDUNTIL-001,"[""network""]","[""https://data.molit.go.kr/def/molit-dcat-ap#NetworkReference""]",https://data.molit.go.kr/def/molit-dcat-ap#networkValidUntil,MUST,,1,"[""http://www.w3.org/2001/XMLSchema#date""]",[],Violation,"[{""language"":""en"",""text"":""When known, state the last date on which this network snapshot is valid.""}]","Reduce https://data.molit.go.kr/def/molit-dcat-ap#networkValidUntil to at most 1 value(s) on each target resource. Encode every https://data.molit.go.kr/def/molit-dcat-ap#networkValidUntil value with the required class, datatype, or node kind: http://www.w3.org/2001/XMLSchema#date.",MOLIT DCAT-AP 1.0 network module,MOLIT-NET-SNAPSHOT-001-P-NETWORKVALIDUNTIL-001,Executable local constraint in shacl/molit-network.ttl; the source clause and fixture links are reviewed separately.,https://data.molit.go.kr/shape/molit-dcat-ap/1.0.0-rc.1#NetworkSnapshotIdentityShape,shacl/molit-network.ttl,shacl/molit-network.ttl#property:https%3A%2F%2Fdata.molit.go.kr%2Fshape%2Fmolit-dcat-ap%2F1.0.0-rc.1%23NetworkSnapshotIdentityShape:0006,POS-NETWORK-NETWORK-CATALOG,NEG-MUT-NET-SNAPSHOT-001-P-NETWORKVALIDUNTIL-001
MOLIT-NET-VALIDITY-001-P-NETWORKVALIDFROM-001,"[""network""]","[""https://data.molit.go.kr/def/molit-dcat-ap#NetworkReference""]",https://data.molit.go.kr/def/molit-dcat-ap#networkValidFrom,MUST,,,[],[],Violation,"[{""language"":""en"",""text"":""networkValidFrom must not be later than networkValidUntil when an end date is stated.""}]","Change https://data.molit.go.kr/def/molit-dcat-ap#networkValidFrom so the target satisfies every comparison, qualified-value, or logical component declared by https://data.molit.go.kr/shape/molit-dcat-ap/1.0.0-rc.1#NetworkSnapshotValidityShape.",MOLIT DCAT-AP 1.0 network module,MOLIT-NET-VALIDITY-001-P-NETWORKVALIDFROM-001,Executable local constraint in shacl/molit-network.ttl; the source clause and fixture links are reviewed separately.,https://data.molit.go.kr/shape/molit-dcat-ap/1.0.0-rc.1#NetworkSnapshotValidityShape,shacl/molit-network.ttl,shacl/molit-network.ttl#property:https%3A%2F%2Fdata.molit.go.kr%2Fshape%2Fmolit-dcat-ap%2F1.0.0-rc.1%23NetworkSnapshotValidityShape:0001,POS-NETWORK-NETWORK-CATALOG,NEG-MUT-NET-SNAPSHOT-001-P-NETWORKVALIDUNTIL-001
MOLIT-PROFILE-OBS-001,"[""observation""]","[""http://www.w3.org/ns/dcat#Catalog""]",,MUST,,,[],[],Violation,"[{""language"":""en"",""text"":""Catalog must declare the selected observation release IRI as its MOLIT profile marker.""}]",Correct these constrained path(s) on the target: http://purl.org/dc/terms/conformsTo; then rerun shape https://data.molit.go.kr/shape/molit-dcat-ap/1.0.0-rc.1#ObservationCatalogProfileShape.,MOLIT DCAT-AP 1.0 observation profile module,MOLIT-PROFILE-OBS-001,Executable local constraint in shacl/molit-observation-profile.ttl; the source clause and fixture links are reviewed separately.,https://data.molit.go.kr/shape/molit-dcat-ap/1.0.0-rc.1#ObservationCatalogProfileShape,shacl/molit-observation-profile.ttl,shacl/molit-observation-profile.ttl#node-shape:https%3A%2F%2Fdata.molit.go.kr%2Fshape%2Fmolit-dcat-ap%2F1.0.0-rc.1%23ObservationCatalogProfileShape,POS-OBSERVATION-OBSERVATION-CATALOG,NEG-MUT-PROFILE-OBS-001-P-CONFORMSTO-001
MOLIT-PROFILE-OBS-002,"[""observation""]","[""http://www.w3.org/ns/dcat#CatalogRecord""]",,MUST,,,[],[],Violation,"[{""language"":""en"",""text"":""CatalogRecord must declare the selected observation release IRI as its MOLIT profile marker.""}]",Correct these constrained path(s) on the target: http://purl.org/dc/terms/conformsTo; then rerun shape https://data.molit.go.kr/shape/molit-dcat-ap/1.0.0-rc.1#ObservationCatalogRecordProfileShape.,MOLIT DCAT-AP 1.0 observation profile module,MOLIT-PROFILE-OBS-002,Executable local constraint in shacl/molit-observation-profile.ttl; the source clause and fixture links are reviewed separately.,https://data.molit.go.kr/shape/molit-dcat-ap/1.0.0-rc.1#ObservationCatalogRecordProfileShape,shacl/molit-observation-profile.ttl,shacl/molit-observation-profile.ttl#node-shape:https%3A%2F%2Fdata.molit.go.kr%2Fshape%2Fmolit-dcat-ap%2F1.0.0-rc.1%23ObservationCatalogRecordProfileShape,POS-OBSERVATION-OBSERVATION-CATALOG,NEG-MUT-PROFILE-OBS-002-P-CONFORMSTO-001
MOLIT-PROFILE-OBS-001-P-CONFORMSTO-001,"[""observation""]","[""http://www.w3.org/ns/dcat#Catalog""]",http://purl.org/dc/terms/conformsTo,MUST,,,[],"[""https://data.molit.go.kr/profile/molit-dcat-ap/1.0.0-rc.1/observation""]",Violation,"[{""language"":""en"",""text"":""Catalog must declare the selected observation release IRI as its MOLIT profile marker.""}]",Ensure http://purl.org/dc/terms/conformsTo includes the required value(s): https://data.molit.go.kr/profile/molit-dcat-ap/1.0.0-rc.1/observation.,MOLIT DCAT-AP 1.0 observation profile module,MOLIT-PROFILE-OBS-001-P-CONFORMSTO-001,Executable local constraint in shacl/molit-observation-profile.ttl; the source clause and fixture links are reviewed separately.,https://data.molit.go.kr/shape/molit-dcat-ap/1.0.0-rc.1#ObservationCatalogProfileShape,shacl/molit-observation-profile.ttl,shacl/molit-observation-profile.ttl#property:https%3A%2F%2Fdata.molit.go.kr%2Fshape%2Fmolit-dcat-ap%2F1.0.0-rc.1%23ObservationCatalogProfileShape:0001,POS-OBSERVATION-OBSERVATION-CATALOG,NEG-MUT-PROFILE-OBS-001-P-CONFORMSTO-001
MOLIT-PROFILE-OBS-002-P-CONFORMSTO-001,"[""observation""]","[""http://www.w3.org/ns/dcat#CatalogRecord""]",http://purl.org/dc/terms/conformsTo,MUST,,,[],"[""https://data.molit.go.kr/profile/molit-dcat-ap/1.0.0-rc.1/observation""]",Violation,"[{""language"":""en"",""text"":""CatalogRecord must declare the selected observation release IRI as its MOLIT profile marker.""}]",Ensure http://purl.org/dc/terms/conformsTo includes the required value(s): https://data.molit.go.kr/profile/molit-dcat-ap/1.0.0-rc.1/observation.,MOLIT DCAT-AP 1.0 observation profile module,MOLIT-PROFILE-OBS-002-P-CONFORMSTO-001,Executable local constraint in shacl/molit-observation-profile.ttl; the source clause and fixture links are reviewed separately.,https://data.molit.go.kr/shape/molit-dcat-ap/1.0.0-rc.1#ObservationCatalogRecordProfileShape,shacl/molit-observation-profile.ttl,shacl/molit-observation-profile.ttl#property:https%3A%2F%2Fdata.molit.go.kr%2Fshape%2Fmolit-dcat-ap%2F1.0.0-rc.1%23ObservationCatalogRecordProfileShape:0001,POS-OBSERVATION-OBSERVATION-CATALOG,NEG-MUT-PROFILE-OBS-002-P-CONFORMSTO-001
MOLIT-OBS-001,"[""observation""]","[""https://data.molit.go.kr/def/molit-dcat-ap#ObservationDataset""]",,MUST,,,[],[],Violation,"[{""language"":""en"",""text"":""An observation dataset must state its observation period.""},{""language"":""en"",""text"":""An ObservationDataset must also state rdf:type dcat:Dataset.""},{""language"":""en"",""text"":""Observation interval must be one ISO 8601 xsd:duration value.""},{""language"":""en"",""text"":""Select exactly one approved observation property for a homogeneous observation dataset.""},{""language"":""en"",""text"":""State exactly one approved aggregation method.""},{""language"":""en"",""text"":""State how missing observations are represented.""},{""language"":""en"",""text"":""State the kind of feature to which observations apply.""},{""language"":""en"",""text"":""State the time window used to compute one aggregate value; do not infer it from temporal resolution.""},{""language"":""en"",""text"":""Use the approved QUDT unit for the selected observation property.""}]","Correct these constrained path(s) on the target: http://purl.org/dc/terms/temporal, http://www.w3.org/1999/02/22-rdf-syntax-ns#type, http://www.w3.org/ns/dcat#temporalResolution, https://data.molit.go.kr/def/molit-dcat-ap#aggregationPeriod, https://data.molit.go.kr/def/molit-dcat-ap#missingValuePolicy, https://data.molit.go.kr/def/molit-dcat-ap#observationAggregation, https://data.molit.go.kr/def/molit-dcat-ap#observationSubjectType, https://data.molit.go.kr/def/molit-dcat-ap#observationUnit, https://data.molit.go.kr/def/molit-dcat-ap#observedProperty; then rerun shape https://data.molit.go.kr/shape/molit-dcat-ap/1.0.0-rc.1#ObservationDatasetShape.",MOLIT DCAT-AP 1.0 observation module,MOLIT-OBS-001,Executable local constraint in shacl/molit-observation.ttl; the source clause and fixture links are reviewed separately.,https://data.molit.go.kr/shape/molit-dcat-ap/1.0.0-rc.1#ObservationDatasetShape,shacl/molit-observation.ttl,shacl/molit-observation.ttl#node-shape:https%3A%2F%2Fdata.molit.go.kr%2Fshape%2Fmolit-dcat-ap%2F1.0.0-rc.1%23ObservationDatasetShape,POS-OBSERVATION-OBSERVATION-CATALOG,NEG-MUT-OBS-001-P-AGGREGATIONPERIOD-001
MOLIT-OBS-UNIT-001,"[""observation""]","[""https://data.molit.go.kr/def/molit-dcat-ap#ObservationDataset""]",,MUST,,,[],[],Violation,"[{""language"":""en"",""text"":""Observation property and QUDT unit are not semantically compatible.""}]","Correct these constrained path(s) on the target: https://data.molit.go.kr/def/molit-dcat-ap#observationUnit, https://data.molit.go.kr/def/molit-dcat-ap#observedProperty; then rerun shape https://data.molit.go.kr/shape/molit-dcat-ap/1.0.0-rc.1#ObservationUnitSemanticsShape.",MOLIT DCAT-AP 1.0 observation module,MOLIT-OBS-UNIT-001,Executable local constraint in shacl/molit-observation.ttl; the source clause and fixture links are reviewed separately.,https://data.molit.go.kr/shape/molit-dcat-ap/1.0.0-rc.1#ObservationUnitSemanticsShape,shacl/molit-observation.ttl,shacl/molit-observation.ttl#node-shape:https%3A%2F%2Fdata.molit.go.kr%2Fshape%2Fmolit-dcat-ap%2F1.0.0-rc.1%23ObservationUnitSemanticsShape,POS-OBSERVATION-OBSERVATION-CATALOG,NEG-MUT-OBS-001-P-OBSERVEDPROPERTY-001
MOLIT-OBS-001-P-TYPE-001,"[""observation""]","[""https://data.molit.go.kr/def/molit-dcat-ap#ObservationDataset""]",http://www.w3.org/1999/02/22-rdf-syntax-ns#type,MUST,,,[],"[""http://www.w3.org/ns/dcat#Dataset""]",Violation,"[{""language"":""en"",""text"":""An ObservationDataset must also state rdf:type dcat:Dataset.""}]",Ensure http://www.w3.org/1999/02/22-rdf-syntax-ns#type includes the required value(s): http://www.w3.org/ns/dcat#Dataset.,MOLIT DCAT-AP 1.0 observation module,MOLIT-OBS-001-P-TYPE-001,Executable local constraint in shacl/molit-observation.ttl; the source clause and fixture links are reviewed separately.,https://data.molit.go.kr/shape/molit-dcat-ap/1.0.0-rc.1#ObservationDatasetShape,shacl/molit-observation.ttl,shacl/molit-observation.ttl#property:https%3A%2F%2Fdata.molit.go.kr%2Fshape%2Fmolit-dcat-ap%2F1.0.0-rc.1%23ObservationDatasetShape:0001,POS-OBSERVATION-OBSERVATION-CATALOG,NEG-MUT-OBS-001-P-TYPE-001
MOLIT-OBS-001-P-TEMPORAL-001,"[""observation""]","[""https://data.molit.go.kr/def/molit-dcat-ap#ObservationDataset""]",http://purl.org/dc/terms/temporal,MUST,1,,"[""http://purl.org/dc/terms/PeriodOfTime""]",[],Violation,"[{""language"":""en"",""text"":""An observation dataset must state its observation period.""}]","Add http://purl.org/dc/terms/temporal until each target resource has at least 1 value(s). Encode every http://purl.org/dc/terms/temporal value with the required class, datatype, or node kind: http://purl.org/dc/terms/PeriodOfTime.",MOLIT DCAT-AP 1.0 observation module,MOLIT-OBS-001-P-TEMPORAL-001,Executable local constraint in shacl/molit-observation.ttl; the source clause and fixture links are reviewed separately.,https://data.molit.go.kr/shape/molit-dcat-ap/1.0.0-rc.1#ObservationDatasetShape,shacl/molit-observation.ttl,shacl/molit-observation.ttl#property:https%3A%2F%2Fdata.molit.go.kr%2Fshape%2Fmolit-dcat-ap%2F1.0.0-rc.1%23ObservationDatasetShape:0002,POS-OBSERVATION-OBSERVATION-CATALOG,NEG-MUT-OBS-001-P-TEMPORAL-001
MOLIT-OBS-001-P-TEMPORALRESOLUTION-001,"[""observation""]","[""https://data.molit.go.kr/def/molit-dcat-ap#ObservationDataset""]",http://www.w3.org/ns/dcat#temporalResolution,MUST,1,1,"[""http://www.w3.org/2001/XMLSchema#duration""]",[],Violation,"[{""language"":""en"",""text"":""Observation interval must be one ISO 8601 xsd:duration value.""}]","Set http://www.w3.org/ns/dcat#temporalResolution to between 1 and 1 value(s) on each target resource. Encode every http://www.w3.org/ns/dcat#temporalResolution value with the required class, datatype, or node kind: http://www.w3.org/2001/XMLSchema#duration.",MOLIT DCAT-AP 1.0 observation module,MOLIT-OBS-001-P-TEMPORALRESOLUTION-001,Executable local constraint in shacl/molit-observation.ttl; the source clause and fixture links are reviewed separately.,https://data.molit.go.kr/shape/molit-dcat-ap/1.0.0-rc.1#ObservationDatasetShape,shacl/molit-observation.ttl,shacl/molit-observation.ttl#property:https%3A%2F%2Fdata.molit.go.kr%2Fshape%2Fmolit-dcat-ap%2F1.0.0-rc.1%23ObservationDatasetShape:0003,POS-OBSERVATION-OBSERVATION-CATALOG,NEG-MUT-OBS-001-P-TEMPORALRESOLUTION-001
MOLIT-OBS-001-P-AGGREGATIONPERIOD-001,"[""observation""]","[""https://data.molit.go.kr/def/molit-dcat-ap#ObservationDataset""]",https://data.molit.go.kr/def/molit-dcat-ap#aggregationPeriod,MUST,1,1,"[""http://www.w3.org/2001/XMLSchema#duration""]",[],Violation,"[{""language"":""en"",""text"":""State the time window used to compute one aggregate value; do not infer it from temporal resolution.""}]","Set https://data.molit.go.kr/def/molit-dcat-ap#aggregationPeriod to between 1 and 1 value(s) on each target resource. Encode every https://data.molit.go.kr/def/molit-dcat-ap#aggregationPeriod value with the required class, datatype, or node kind: http://www.w3.org/2001/XMLSchema#duration.",MOLIT DCAT-AP 1.0 observation module,MOLIT-OBS-001-P-AGGREGATIONPERIOD-001,Executable local constraint in shacl/molit-observation.ttl; the source clause and fixture links are reviewed separately.,https://data.molit.go.kr/shape/molit-dcat-ap/1.0.0-rc.1#ObservationDatasetShape,shacl/molit-observation.ttl,shacl/molit-observation.ttl#property:https%3A%2F%2Fdata.molit.go.kr%2Fshape%2Fmolit-dcat-ap%2F1.0.0-rc.1%23ObservationDatasetShape:0004,POS-OBSERVATION-OBSERVATION-CATALOG,NEG-MUT-OBS-001-P-AGGREGATIONPERIOD-001
MOLIT-OBS-001-P-OBSERVEDPROPERTY-001,"[""observation""]","[""https://data.molit.go.kr/def/molit-dcat-ap#ObservationDataset""]",https://data.molit.go.kr/def/molit-dcat-ap#observedProperty,MUST,1,1,"[""http://www.w3.org/ns/shacl#IRI""]","[""https://data.molit.go.kr/id/concept/observed-property/speed"",""https://data.molit.go.kr/id/concept/observed-property/traffic-volume"",""https://data.molit.go.kr/id/concept/observed-property/travel-time""]",Violation,"[{""language"":""en"",""text"":""Select exactly one approved observation property for a homogeneous observation dataset.""}]","Set https://data.molit.go.kr/def/molit-dcat-ap#observedProperty to between 1 and 1 value(s) on each target resource. Use only these allowed value(s) for https://data.molit.go.kr/def/molit-dcat-ap#observedProperty: https://data.molit.go.kr/id/concept/observed-property/speed, https://data.molit.go.kr/id/concept/observed-property/traffic-volume, https://data.molit.go.kr/id/concept/observed-property/travel-time. Encode every https://data.molit.go.kr/def/molit-dcat-ap#observedProperty value with the required class, datatype, or node kind: http://www.w3.org/ns/shacl#IRI.",MOLIT DCAT-AP 1.0 observation module,MOLIT-OBS-001-P-OBSERVEDPROPERTY-001,Executable local constraint in shacl/molit-observation.ttl; the source clause and fixture links are reviewed separately.,https://data.molit.go.kr/shape/molit-dcat-ap/1.0.0-rc.1#ObservationDatasetShape,shacl/molit-observation.ttl,shacl/molit-observation.ttl#property:https%3A%2F%2Fdata.molit.go.kr%2Fshape%2Fmolit-dcat-ap%2F1.0.0-rc.1%23ObservationDatasetShape:0005,POS-OBSERVATION-OBSERVATION-CATALOG,NEG-MUT-OBS-001-P-OBSERVEDPROPERTY-001
MOLIT-OBS-001-P-OBSERVATIONAGGREGATION-001,"[""observation""]","[""https://data.molit.go.kr/def/molit-dcat-ap#ObservationDataset""]",https://data.molit.go.kr/def/molit-dcat-ap#observationAggregation,MUST,1,1,"[""http://www.w3.org/ns/shacl#IRI""]","[""https://data.molit.go.kr/id/concept/observation-aggregation/arithmetic-mean"",""https://data.molit.go.kr/id/concept/observation-aggregation/instantaneous"",""https://data.molit.go.kr/id/concept/observation-aggregation/maximum"",""https://data.molit.go.kr/id/concept/observation-aggregation/median"",""https://data.molit.go.kr/id/concept/observation-aggregation/minimum"",""https://data.molit.go.kr/id/concept/observation-aggregation/sum""]",Violation,"[{""language"":""en"",""text"":""State exactly one approved aggregation method.""}]","Set https://data.molit.go.kr/def/molit-dcat-ap#observationAggregation to between 1 and 1 value(s) on each target resource. Use only these allowed value(s) for https://data.molit.go.kr/def/molit-dcat-ap#observationAggregation: https://data.molit.go.kr/id/concept/observation-aggregation/arithmetic-mean, https://data.molit.go.kr/id/concept/observation-aggregation/instantaneous, https://data.molit.go.kr/id/concept/observation-aggregation/maximum, https://data.molit.go.kr/id/concept/observation-aggregation/median, https://data.molit.go.kr/id/concept/observation-aggregation/minimum, https://data.molit.go.kr/id/concept/observation-aggregation/sum. Encode every https://data.molit.go.kr/def/molit-dcat-ap#observationAggregation value with the required class, datatype, or node kind: http://www.w3.org/ns/shacl#IRI.",MOLIT DCAT-AP 1.0 observation module,MOLIT-OBS-001-P-OBSERVATIONAGGREGATION-001,Executable local constraint in shacl/molit-observation.ttl; the source clause and fixture links are reviewed separately.,https://data.molit.go.kr/shape/molit-dcat-ap/1.0.0-rc.1#ObservationDatasetShape,shacl/molit-observation.ttl,shacl/molit-observation.ttl#property:https%3A%2F%2Fdata.molit.go.kr%2Fshape%2Fmolit-dcat-ap%2F1.0.0-rc.1%23ObservationDatasetShape:0006,POS-OBSERVATION-OBSERVATION-CATALOG,NEG-MUT-OBS-001-P-OBSERVATIONAGGREGATION-001
MOLIT-OBS-001-P-MISSINGVALUEPOLICY-001,"[""observation""]","[""https://data.molit.go.kr/def/molit-dcat-ap#ObservationDataset""]",https://data.molit.go.kr/def/molit-dcat-ap#missingValuePolicy,MUST,1,1,"[""http://www.w3.org/ns/shacl#IRI""]","[""https://data.molit.go.kr/id/concept/missing-value-policy/exclude-from-aggregation"",""https://data.molit.go.kr/id/concept/missing-value-policy/explicit-code"",""https://data.molit.go.kr/id/concept/missing-value-policy/imputed"",""https://data.molit.go.kr/id/concept/missing-value-policy/preserve-missing""]",Violation,"[{""language"":""en"",""text"":""State how missing observations are represented.""}]","Set https://data.molit.go.kr/def/molit-dcat-ap#missingValuePolicy to between 1 and 1 value(s) on each target resource. Use only these allowed value(s) for https://data.molit.go.kr/def/molit-dcat-ap#missingValuePolicy: https://data.molit.go.kr/id/concept/missing-value-policy/exclude-from-aggregation, https://data.molit.go.kr/id/concept/missing-value-policy/explicit-code, https://data.molit.go.kr/id/concept/missing-value-policy/imputed, https://data.molit.go.kr/id/concept/missing-value-policy/preserve-missing. Encode every https://data.molit.go.kr/def/molit-dcat-ap#missingValuePolicy value with the required class, datatype, or node kind: http://www.w3.org/ns/shacl#IRI.",MOLIT DCAT-AP 1.0 observation module,MOLIT-OBS-001-P-MISSINGVALUEPOLICY-001,Executable local constraint in shacl/molit-observation.ttl; the source clause and fixture links are reviewed separately.,https://data.molit.go.kr/shape/molit-dcat-ap/1.0.0-rc.1#ObservationDatasetShape,shacl/molit-observation.ttl,shacl/molit-observation.ttl#property:https%3A%2F%2Fdata.molit.go.kr%2Fshape%2Fmolit-dcat-ap%2F1.0.0-rc.1%23ObservationDatasetShape:0007,POS-OBSERVATION-OBSERVATION-CATALOG,NEG-MUT-OBS-001-P-MISSINGVALUEPOLICY-001
MOLIT-OBS-001-P-OBSERVATIONSUBJECTTYPE-001,"[""observation""]","[""https://data.molit.go.kr/def/molit-dcat-ap#ObservationDataset""]",https://data.molit.go.kr/def/molit-dcat-ap#observationSubjectType,MUST,1,1,"[""http://www.w3.org/ns/shacl#IRI""]","[""https://data.molit.go.kr/id/concept/observation-subject-type/area"",""https://data.molit.go.kr/id/concept/observation-subject-type/facility"",""https://data.molit.go.kr/id/concept/observation-subject-type/network-element"",""https://data.molit.go.kr/id/concept/observation-subject-type/section"",""https://data.molit.go.kr/id/concept/observation-subject-type/site"",""https://data.molit.go.kr/id/concept/observation-subject-type/vehicle-population""]",Violation,"[{""language"":""en"",""text"":""State the kind of feature to which observations apply.""}]","Set https://data.molit.go.kr/def/molit-dcat-ap#observationSubjectType to between 1 and 1 value(s) on each target resource. Use only these allowed value(s) for https://data.molit.go.kr/def/molit-dcat-ap#observationSubjectType: https://data.molit.go.kr/id/concept/observation-subject-type/area, https://data.molit.go.kr/id/concept/observation-subject-type/facility, https://data.molit.go.kr/id/concept/observation-subject-type/network-element, https://data.molit.go.kr/id/concept/observation-subject-type/section, https://data.molit.go.kr/id/concept/observation-subject-type/site, https://data.molit.go.kr/id/concept/observation-subject-type/vehicle-population. Encode every https://data.molit.go.kr/def/molit-dcat-ap#observationSubjectType value with the required class, datatype, or node kind: http://www.w3.org/ns/shacl#IRI.",MOLIT DCAT-AP 1.0 observation module,MOLIT-OBS-001-P-OBSERVATIONSUBJECTTYPE-001,Executable local constraint in shacl/molit-observation.ttl; the source clause and fixture links are reviewed separately.,https://data.molit.go.kr/shape/molit-dcat-ap/1.0.0-rc.1#ObservationDatasetShape,shacl/molit-observation.ttl,shacl/molit-observation.ttl#property:https%3A%2F%2Fdata.molit.go.kr%2Fshape%2Fmolit-dcat-ap%2F1.0.0-rc.1%23ObservationDatasetShape:0008,POS-OBSERVATION-OBSERVATION-CATALOG,NEG-MUT-OBS-001-P-OBSERVATIONSUBJECTTYPE-001
MOLIT-OBS-001-P-OBSERVATIONUNIT-001,"[""observation""]","[""https://data.molit.go.kr/def/molit-dcat-ap#ObservationDataset""]",https://data.molit.go.kr/def/molit-dcat-ap#observationUnit,MUST,1,1,"[""http://www.w3.org/ns/shacl#IRI""]","[""http://qudt.org/vocab/unit/KiloM-PER-HR"",""http://qudt.org/vocab/unit/M-PER-SEC"",""http://qudt.org/vocab/unit/MIN"",""http://qudt.org/vocab/unit/NUM"",""http://qudt.org/vocab/unit/SEC"",""https://data.molit.go.kr/id/unit/vehicle-per-day"",""https://data.molit.go.kr/id/unit/vehicle-per-hour""]",Violation,"[{""language"":""en"",""text"":""Use the approved QUDT unit for the selected observation property.""}]","Set https://data.molit.go.kr/def/molit-dcat-ap#observationUnit to between 1 and 1 value(s) on each target resource. Use only these allowed value(s) for https://data.molit.go.kr/def/molit-dcat-ap#observationUnit: http://qudt.org/vocab/unit/KiloM-PER-HR, http://qudt.org/vocab/unit/M-PER-SEC, http://qudt.org/vocab/unit/MIN, http://qudt.org/vocab/unit/NUM, http://qudt.org/vocab/unit/SEC, https://data.molit.go.kr/id/unit/vehicle-per-day, https://data.molit.go.kr/id/unit/vehicle-per-hour. Encode every https://data.molit.go.kr/def/molit-dcat-ap#observationUnit value with the required class, datatype, or node kind: http://www.w3.org/ns/shacl#IRI.",MOLIT DCAT-AP 1.0 observation module,MOLIT-OBS-001-P-OBSERVATIONUNIT-001,Executable local constraint in shacl/molit-observation.ttl; the source clause and fixture links are reviewed separately.,https://data.molit.go.kr/shape/molit-dcat-ap/1.0.0-rc.1#ObservationDatasetShape,shacl/molit-observation.ttl,shacl/molit-observation.ttl#property:https%3A%2F%2Fdata.molit.go.kr%2Fshape%2Fmolit-dcat-ap%2F1.0.0-rc.1%23ObservationDatasetShape:0009,POS-OBSERVATION-OBSERVATION-CATALOG,NEG-MUT-OBS-001-P-OBSERVATIONUNIT-001
MOLIT-OFFER-001,"[""dataspace-offering""]","[""https://data.molit.go.kr/def/molit-dcat-ap#DataspaceOfferingMetadata""]",,MUST,,,[],[],Violation,"[{""language"":""en"",""text"":""Offering metadata must have a Korean title.""},{""language"":""en"",""text"":""Offering metadata must have one registry-scoped identifier.""},{""language"":""en"",""text"":""Offering metadata must identify exactly one catalogued dataset.""},{""language"":""en"",""text"":""Offering metadata must state its last modification date.""},{""language"":""en"",""text"":""Use a candidate readiness status. This profile does not assert operational DSP approval.""}]","Correct these constrained path(s) on the target: http://purl.org/dc/terms/identifier, http://purl.org/dc/terms/modified, http://purl.org/dc/terms/title, https://data.molit.go.kr/def/molit-dcat-ap#describesOfferingDataset, https://data.molit.go.kr/def/molit-dcat-ap#offeringReadinessStatus; then rerun shape https://data.molit.go.kr/shape/molit-dcat-ap/1.0.0-rc.1#DataspaceOfferingMetadataShape.",MOLIT DCAT-AP 1.0 offering module,MOLIT-OFFER-001,Executable local constraint in shacl/molit-offering.ttl; the source clause and fixture links are reviewed separately.,https://data.molit.go.kr/shape/molit-dcat-ap/1.0.0-rc.1#DataspaceOfferingMetadataShape,shacl/molit-offering.ttl,shacl/molit-offering.ttl#node-shape:https%3A%2F%2Fdata.molit.go.kr%2Fshape%2Fmolit-dcat-ap%2F1.0.0-rc.1%23DataspaceOfferingMetadataShape,POS-DATASPACE-OFFERING-DATASPACE-OFFERING-CATALOG,NEG-MUT-OFFER-001-P-DESCRIBESOFFERINGDATASET-001
MOLIT-OFFER-LINK-001,"[""dataspace-offering""]","[""https://data.molit.go.kr/def/molit-dcat-ap#DataspaceOfferingMetadata""]",,MUST,,,[],[],Violation,"[{""language"":""en"",""text"":""The described resource must be a catalogued DCAT dataset.""}]",Correct these constrained path(s) on the target: https://data.molit.go.kr/def/molit-dcat-ap#describesOfferingDataset; then rerun shape https://data.molit.go.kr/shape/molit-dcat-ap/1.0.0-rc.1#OfferingDatasetBacklinkShape.,MOLIT DCAT-AP 1.0 offering module,MOLIT-OFFER-LINK-001,Executable local constraint in shacl/molit-offering.ttl; the source clause and fixture links are reviewed separately.,https://data.molit.go.kr/shape/molit-dcat-ap/1.0.0-rc.1#OfferingDatasetBacklinkShape,shacl/molit-offering.ttl,shacl/molit-offering.ttl#node-shape:https%3A%2F%2Fdata.molit.go.kr%2Fshape%2Fmolit-dcat-ap%2F1.0.0-rc.1%23OfferingDatasetBacklinkShape,POS-DATASPACE-OFFERING-DATASPACE-OFFERING-CATALOG,NEG-MUT-OFFER-LINK-001-P-DESCRIBESOFFERINGDATASET-001
MOLIT-OFFER-001-P-IDENTIFIER-001,"[""dataspace-offering""]","[""https://data.molit.go.kr/def/molit-dcat-ap#DataspaceOfferingMetadata""]",http://purl.org/dc/terms/identifier,MUST,1,1,"[""http://www.w3.org/2001/XMLSchema#string""]",[],Violation,"[{""language"":""en"",""text"":""Offering metadata must have one registry-scoped identifier.""}]","Set http://purl.org/dc/terms/identifier to between 1 and 1 value(s) on each target resource. Encode every http://purl.org/dc/terms/identifier value with the required class, datatype, or node kind: http://www.w3.org/2001/XMLSchema#string.",MOLIT DCAT-AP 1.0 offering module,MOLIT-OFFER-001-P-IDENTIFIER-001,Executable local constraint in shacl/molit-offering.ttl; the source clause and fixture links are reviewed separately.,https://data.molit.go.kr/shape/molit-dcat-ap/1.0.0-rc.1#DataspaceOfferingMetadataShape,shacl/molit-offering.ttl,shacl/molit-offering.ttl#property:https%3A%2F%2Fdata.molit.go.kr%2Fshape%2Fmolit-dcat-ap%2F1.0.0-rc.1%23DataspaceOfferingMetadataShape:0001,POS-DATASPACE-OFFERING-DATASPACE-OFFERING-CATALOG,NEG-MUT-OFFER-001-P-IDENTIFIER-001
MOLIT-OFFER-001-P-TITLE-001,"[""dataspace-offering""]","[""https://data.molit.go.kr/def/molit-dcat-ap#DataspaceOfferingMetadata""]",http://purl.org/dc/terms/title,MUST,1,,"[""http://www.w3.org/ns/shacl#Literal""]",[],Violation,"[{""language"":""en"",""text"":""Offering metadata must have a Korean title.""}]","Add http://purl.org/dc/terms/title until each target resource has at least 1 value(s). Encode every http://purl.org/dc/terms/title value with the required class, datatype, or node kind: http://www.w3.org/ns/shacl#Literal.",MOLIT dataspace offering metadata policy 1.0.0-rc.1,Offering title: Korean text,오퍼링 후보를 국내 운영자가 식별할 수 있도록 한국어 제목을 한 개 요구한다. 이 제목이나 메타데이터 적합성만으로 전송 가능 상태를 주장하지 않는다.,https://data.molit.go.kr/shape/molit-dcat-ap/1.0.0-rc.1#DataspaceOfferingMetadataShape,shacl/molit-offering.ttl,shacl/molit-offering.ttl#property:https%3A%2F%2Fdata.molit.go.kr%2Fshape%2Fmolit-dcat-ap%2F1.0.0-rc.1%23DataspaceOfferingMetadataShape:0002,POS-DATASPACE-OFFERING-DATASPACE-OFFERING-CATALOG,NEG-MUT-OFFER-001-P-TITLE-001
MOLIT-OFFER-001-P-DESCRIBESOFFERINGDATASET-001,"[""dataspace-offering""]","[""https://data.molit.go.kr/def/molit-dcat-ap#DataspaceOfferingMetadata""]",https://data.molit.go.kr/def/molit-dcat-ap#describesOfferingDataset,MUST,1,1,"[""http://www.w3.org/ns/dcat#Dataset"",""http://www.w3.org/ns/shacl#IRI""]",[],Violation,"[{""language"":""en"",""text"":""Offering metadata must identify exactly one catalogued dataset.""}]","Set https://data.molit.go.kr/def/molit-dcat-ap#describesOfferingDataset to between 1 and 1 value(s) on each target resource. Encode every https://data.molit.go.kr/def/molit-dcat-ap#describesOfferingDataset value with the required class, datatype, or node kind: http://www.w3.org/ns/dcat#Dataset, http://www.w3.org/ns/shacl#IRI.",MOLIT DCAT-AP 1.0 offering module,MOLIT-OFFER-001-P-DESCRIBESOFFERINGDATASET-001,Executable local constraint in shacl/molit-offering.ttl; the source clause and fixture links are reviewed separately.,https://data.molit.go.kr/shape/molit-dcat-ap/1.0.0-rc.1#DataspaceOfferingMetadataShape,shacl/molit-offering.ttl,shacl/molit-offering.ttl#property:https%3A%2F%2Fdata.molit.go.kr%2Fshape%2Fmolit-dcat-ap%2F1.0.0-rc.1%23DataspaceOfferingMetadataShape:0003,POS-DATASPACE-OFFERING-DATASPACE-OFFERING-CATALOG,NEG-MUT-OFFER-001-P-DESCRIBESOFFERINGDATASET-001
MOLIT-OFFER-001-P-OFFERINGREADINESSSTATUS-001,"[""dataspace-offering""]","[""https://data.molit.go.kr/def/molit-dcat-ap#DataspaceOfferingMetadata""]",https://data.molit.go.kr/def/molit-dcat-ap#offeringReadinessStatus,MUST,1,1,"[""http://www.w3.org/ns/shacl#IRI""]","[""https://data.molit.go.kr/id/concept/offering-readiness-status/drafting"",""https://data.molit.go.kr/id/concept/offering-readiness-status/metadata-conformant"",""https://data.molit.go.kr/id/concept/offering-readiness-status/qualification-pending""]",Violation,"[{""language"":""en"",""text"":""Use a candidate readiness status. This profile does not assert operational DSP approval.""}]","Set https://data.molit.go.kr/def/molit-dcat-ap#offeringReadinessStatus to between 1 and 1 value(s) on each target resource. Use only these allowed value(s) for https://data.molit.go.kr/def/molit-dcat-ap#offeringReadinessStatus: https://data.molit.go.kr/id/concept/offering-readiness-status/drafting, https://data.molit.go.kr/id/concept/offering-readiness-status/metadata-conformant, https://data.molit.go.kr/id/concept/offering-readiness-status/qualification-pending. Encode every https://data.molit.go.kr/def/molit-dcat-ap#offeringReadinessStatus value with the required class, datatype, or node kind: http://www.w3.org/ns/shacl#IRI.",MOLIT DCAT-AP 1.0 offering module,MOLIT-OFFER-001-P-OFFERINGREADINESSSTATUS-001,Executable local constraint in shacl/molit-offering.ttl; the source clause and fixture links are reviewed separately.,https://data.molit.go.kr/shape/molit-dcat-ap/1.0.0-rc.1#DataspaceOfferingMetadataShape,shacl/molit-offering.ttl,shacl/molit-offering.ttl#property:https%3A%2F%2Fdata.molit.go.kr%2Fshape%2Fmolit-dcat-ap%2F1.0.0-rc.1%23DataspaceOfferingMetadataShape:0004,POS-DATASPACE-OFFERING-DATASPACE-OFFERING-CATALOG,NEG-MUT-OFFER-001-P-OFFERINGREADINESSSTATUS-001
MOLIT-OFFER-001-P-MODIFIED-001,"[""dataspace-offering""]","[""https://data.molit.go.kr/def/molit-dcat-ap#DataspaceOfferingMetadata""]",http://purl.org/dc/terms/modified,MUST,1,1,[],[],Violation,"[{""language"":""en"",""text"":""Offering metadata must state its last modification date.""}]",Set http://purl.org/dc/terms/modified to between 1 and 1 value(s) on each target resource.,MOLIT DCAT-AP 1.0 offering module,MOLIT-OFFER-001-P-MODIFIED-001,Executable local constraint in shacl/molit-offering.ttl; the source clause and fixture links are reviewed separately.,https://data.molit.go.kr/shape/molit-dcat-ap/1.0.0-rc.1#DataspaceOfferingMetadataShape,shacl/molit-offering.ttl,shacl/molit-offering.ttl#property:https%3A%2F%2Fdata.molit.go.kr%2Fshape%2Fmolit-dcat-ap%2F1.0.0-rc.1%23DataspaceOfferingMetadataShape:0005,POS-DATASPACE-OFFERING-DATASPACE-OFFERING-CATALOG,NEG-MUT-OFFER-001-P-MODIFIED-001
MOLIT-OFFER-LINK-001-P-DESCRIBESOFFERINGDATASET-001,"[""dataspace-offering""]","[""https://data.molit.go.kr/def/molit-dcat-ap#DataspaceOfferingMetadata""]",https://data.molit.go.kr/def/molit-dcat-ap#describesOfferingDataset,MUST,,,"[""http://www.w3.org/ns/dcat#Dataset""]",[],Violation,"[{""language"":""en"",""text"":""The described resource must be a catalogued DCAT dataset.""}]","Encode every https://data.molit.go.kr/def/molit-dcat-ap#describesOfferingDataset value with the required class, datatype, or node kind: http://www.w3.org/ns/dcat#Dataset.",MOLIT DCAT-AP 1.0 offering module,MOLIT-OFFER-LINK-001-P-DESCRIBESOFFERINGDATASET-001,Executable local constraint in shacl/molit-offering.ttl; the source clause and fixture links are reviewed separately.,https://data.molit.go.kr/shape/molit-dcat-ap/1.0.0-rc.1#OfferingDatasetBacklinkShape,shacl/molit-offering.ttl,shacl/molit-offering.ttl#property:https%3A%2F%2Fdata.molit.go.kr%2Fshape%2Fmolit-dcat-ap%2F1.0.0-rc.1%23OfferingDatasetBacklinkShape:0001,POS-DATASPACE-OFFERING-DATASPACE-OFFERING-CATALOG,NEG-MUT-OFFER-LINK-001-P-DESCRIBESOFFERINGDATASET-001
MOLIT-PROFILE-QUAL-001,"[""quality""]","[""http://www.w3.org/ns/dcat#Catalog""]",,MUST,,,[],[],Violation,"[{""language"":""en"",""text"":""Catalog must declare the selected quality release IRI as its MOLIT profile marker.""}]",Correct these constrained path(s) on the target: http://purl.org/dc/terms/conformsTo; then rerun shape https://data.molit.go.kr/shape/molit-dcat-ap/1.0.0-rc.1#QualityCatalogProfileShape.,MOLIT DCAT-AP 1.0 quality profile module,MOLIT-PROFILE-QUAL-001,Executable local constraint in shacl/molit-quality-profile.ttl; the source clause and fixture links are reviewed separately.,https://data.molit.go.kr/shape/molit-dcat-ap/1.0.0-rc.1#QualityCatalogProfileShape,shacl/molit-quality-profile.ttl,shacl/molit-quality-profile.ttl#node-shape:https%3A%2F%2Fdata.molit.go.kr%2Fshape%2Fmolit-dcat-ap%2F1.0.0-rc.1%23QualityCatalogProfileShape,POS-QUALITY-QUALITY-CATALOG,NEG-MUT-PROFILE-QUAL-001-P-CONFORMSTO-001
MOLIT-PROFILE-QUAL-002,"[""quality""]","[""http://www.w3.org/ns/dcat#CatalogRecord""]",,MUST,,,[],[],Violation,"[{""language"":""en"",""text"":""CatalogRecord must declare the selected quality release IRI as its MOLIT profile marker.""}]",Correct these constrained path(s) on the target: http://purl.org/dc/terms/conformsTo; then rerun shape https://data.molit.go.kr/shape/molit-dcat-ap/1.0.0-rc.1#QualityCatalogRecordProfileShape.,MOLIT DCAT-AP 1.0 quality profile module,MOLIT-PROFILE-QUAL-002,Executable local constraint in shacl/molit-quality-profile.ttl; the source clause and fixture links are reviewed separately.,https://data.molit.go.kr/shape/molit-dcat-ap/1.0.0-rc.1#QualityCatalogRecordProfileShape,shacl/molit-quality-profile.ttl,shacl/molit-quality-profile.ttl#node-shape:https%3A%2F%2Fdata.molit.go.kr%2Fshape%2Fmolit-dcat-ap%2F1.0.0-rc.1%23QualityCatalogRecordProfileShape,POS-QUALITY-QUALITY-CATALOG,NEG-MUT-PROFILE-QUAL-002-P-CONFORMSTO-001
MOLIT-PROFILE-QUAL-001-P-CONFORMSTO-001,"[""quality""]","[""http://www.w3.org/ns/dcat#Catalog""]",http://purl.org/dc/terms/conformsTo,MUST,,,[],"[""https://data.molit.go.kr/profile/molit-dcat-ap/1.0.0-rc.1/quality""]",Violation,"[{""language"":""en"",""text"":""Catalog must declare the selected quality release IRI as its MOLIT profile marker.""}]",Ensure http://purl.org/dc/terms/conformsTo includes the required value(s): https://data.molit.go.kr/profile/molit-dcat-ap/1.0.0-rc.1/quality.,MOLIT DCAT-AP 1.0 quality profile module,MOLIT-PROFILE-QUAL-001-P-CONFORMSTO-001,Executable local constraint in shacl/molit-quality-profile.ttl; the source clause and fixture links are reviewed separately.,https://data.molit.go.kr/shape/molit-dcat-ap/1.0.0-rc.1#QualityCatalogProfileShape,shacl/molit-quality-profile.ttl,shacl/molit-quality-profile.ttl#property:https%3A%2F%2Fdata.molit.go.kr%2Fshape%2Fmolit-dcat-ap%2F1.0.0-rc.1%23QualityCatalogProfileShape:0001,POS-QUALITY-QUALITY-CATALOG,NEG-MUT-PROFILE-QUAL-001-P-CONFORMSTO-001
MOLIT-PROFILE-QUAL-002-P-CONFORMSTO-001,"[""quality""]","[""http://www.w3.org/ns/dcat#CatalogRecord""]",http://purl.org/dc/terms/conformsTo,MUST,,,[],"[""https://data.molit.go.kr/profile/molit-dcat-ap/1.0.0-rc.1/quality""]",Violation,"[{""language"":""en"",""text"":""CatalogRecord must declare the selected quality release IRI as its MOLIT profile marker.""}]",Ensure http://purl.org/dc/terms/conformsTo includes the required value(s): https://data.molit.go.kr/profile/molit-dcat-ap/1.0.0-rc.1/quality.,MOLIT DCAT-AP 1.0 quality profile module,MOLIT-PROFILE-QUAL-002-P-CONFORMSTO-001,Executable local constraint in shacl/molit-quality-profile.ttl; the source clause and fixture links are reviewed separately.,https://data.molit.go.kr/shape/molit-dcat-ap/1.0.0-rc.1#QualityCatalogRecordProfileShape,shacl/molit-quality-profile.ttl,shacl/molit-quality-profile.ttl#property:https%3A%2F%2Fdata.molit.go.kr%2Fshape%2Fmolit-dcat-ap%2F1.0.0-rc.1%23QualityCatalogRecordProfileShape:0001,POS-QUALITY-QUALITY-CATALOG,NEG-MUT-PROFILE-QUAL-002-P-CONFORMSTO-001
MOLIT-QUAL-001,"[""quality""]","[""http://www.w3.org/ns/dcat#Dataset""]",,MUST,,,[],[],Violation,"[{""language"":""ko"",""text"":""데이터셋에는 품질 평가 상태 IRI가 하나 있어야 한다.""}]",Correct these constrained path(s) on the target: https://data.molit.go.kr/def/molit-dcat-ap#qualityStatus; then rerun shape https://data.molit.go.kr/shape/molit-dcat-ap/1.0.0-rc.1#DatasetQualityStatusShape.,MOLIT DCAT-AP 1.0 quality module,MOLIT-QUAL-001,Executable local constraint in shacl/molit-quality.ttl; the source clause and fixture links are reviewed separately.,https://data.molit.go.kr/shape/molit-dcat-ap/1.0.0-rc.1#DatasetQualityStatusShape,shacl/molit-quality.ttl,shacl/molit-quality.ttl#node-shape:https%3A%2F%2Fdata.molit.go.kr%2Fshape%2Fmolit-dcat-ap%2F1.0.0-rc.1%23DatasetQualityStatusShape,POS-QUALITY-QUALITY-CATALOG,NEG-MUT-QUAL-001-P-QUALITYSTATUS-001
MOLIT-QUAL-PROV-001,"[""quality""]","[""http://www.w3.org/ns/dqv#QualityMeasurement""]",,MUST,,,[],[],Violation,"[{""language"":""en"",""text"":""Link each measurement to one loss-ledger entry; a DQV-native measurement records a lossless self-mapping.""},{""language"":""en"",""text"":""State one approved quality evaluation method.""},{""language"":""en"",""text"":""State the population, fields, time range or spatial extent evaluated by the measurement.""},{""language"":""en"",""text"":""State the quality result kind.""}]","Correct these constrained path(s) on the target: https://data.molit.go.kr/def/molit-dcat-ap#qualityEvaluationMethod, https://data.molit.go.kr/def/molit-dcat-ap#qualityEvaluationScope, https://data.molit.go.kr/def/molit-dcat-ap#qualityMappingStatement, https://data.molit.go.kr/def/molit-dcat-ap#qualityResultKind; then rerun shape https://data.molit.go.kr/shape/molit-dcat-ap/1.0.0-rc.1#QualityEvaluationProvenanceShape.",MOLIT DCAT-AP 1.0 quality module,MOLIT-QUAL-PROV-001,Executable local constraint in shacl/molit-quality.ttl; the source clause and fixture links are reviewed separately.,https://data.molit.go.kr/shape/molit-dcat-ap/1.0.0-rc.1#QualityEvaluationProvenanceShape,shacl/molit-quality.ttl,shacl/molit-quality.ttl#node-shape:https%3A%2F%2Fdata.molit.go.kr%2Fshape%2Fmolit-dcat-ap%2F1.0.0-rc.1%23QualityEvaluationProvenanceShape,POS-QUALITY-QUALITY-CATALOG,NEG-MUT-QUAL-PROV-001-P-QUALITYEVALUATIONMETHOD-001
MOLIT-QUAL-MAP-001,"[""quality""]","[""https://data.molit.go.kr/def/molit-dcat-ap#QualityMappingStatement""]",,MUST,,,[],[],Violation,"[{""language"":""en"",""text"":""Every non-lossless mapping must explain the lost, unmapped or unpublished information.""},{""language"":""en"",""text"":""Identify at most one target DQV metric; unmapped and not-published entries have none.""},{""language"":""en"",""text"":""Identify the source quality element.""},{""language"":""en"",""text"":""Preserved or lossy mappings require one target metric; unmapped or not-published entries must not invent one.""},{""language"":""en"",""text"":""State whether the source quality result was preserved, recoverable, lost, unmapped, or withheld.""}]","Correct these constrained path(s) on the target: https://data.molit.go.kr/def/molit-dcat-ap#mappedQualityMetric, https://data.molit.go.kr/def/molit-dcat-ap#qualityLossDisposition, https://data.molit.go.kr/def/molit-dcat-ap#qualityLossNote, https://data.molit.go.kr/def/molit-dcat-ap#sourceQualityElement; then rerun shape https://data.molit.go.kr/shape/molit-dcat-ap/1.0.0-rc.1#QualityMappingStatementShape.",MOLIT DCAT-AP 1.0 quality module,MOLIT-QUAL-MAP-001,Executable local constraint in shacl/molit-quality.ttl; the source clause and fixture links are reviewed separately.,https://data.molit.go.kr/shape/molit-dcat-ap/1.0.0-rc.1#QualityMappingStatementShape,shacl/molit-quality.ttl,shacl/molit-quality.ttl#node-shape:https%3A%2F%2Fdata.molit.go.kr%2Fshape%2Fmolit-dcat-ap%2F1.0.0-rc.1%23QualityMappingStatementShape,POS-QUALITY-QUALITY-CATALOG,NEG-MUT-QUAL-MAP-001-P-MAPPEDQUALITYMETRIC-001
MOLIT-QUAL-LINK-001,"[""quality""]","[""http://www.w3.org/ns/dqv#QualityMeasurement""]",,MUST,,,[],[],Violation,"[{""language"":""en"",""text"":""A quality measurement must be computed on exactly the dataset or datasets that link to it with dqv:hasQualityMeasurement.""},{""language"":""ko"",""text"":""품질 측정값의 dqv:computedOn 집합은 해당 측정값을 dqv:hasQualityMeasurement로 연결한 데이터셋 집합과 일치해야 한다.""}]",Correct these constrained path(s) on the target: ^http://www.w3.org/ns/dqv#hasQualityMeasurement; then rerun shape https://data.molit.go.kr/shape/molit-dcat-ap/1.0.0-rc.1#QualityMeasurementDatasetCoherenceShape.,MOLIT DCAT-AP 1.0 quality module,MOLIT-QUAL-LINK-001,Executable local constraint in shacl/molit-quality.ttl; the source clause and fixture links are reviewed separately.,https://data.molit.go.kr/shape/molit-dcat-ap/1.0.0-rc.1#QualityMeasurementDatasetCoherenceShape,shacl/molit-quality.ttl,shacl/molit-quality.ttl#node-shape:https%3A%2F%2Fdata.molit.go.kr%2Fshape%2Fmolit-dcat-ap%2F1.0.0-rc.1%23QualityMeasurementDatasetCoherenceShape,POS-QUALITY-QUALITY-CATALOG,NEG-MUT-QUAL-LINK-001-P-PATH-7CC75844D0-001
MOLIT-QUAL-MEASURE-001,"[""quality""]","[""http://www.w3.org/ns/dqv#QualityMeasurement""]",,MUST,,,[],[],Violation,"[{""language"":""ko"",""text"":""측정 단위는 QUDT Unit IRI를 사용해야 한다.""},{""language"":""ko"",""text"":""품질 측정값은 숫자 하나여야 한다.""},{""language"":""ko"",""text"":""품질 측정값은 측정 대상 데이터셋 하나를 가리켜야 한다.""},{""language"":""ko"",""text"":""품질 측정항목은 승인된 품질 metric IRI여야 한다.""}]","Correct these constrained path(s) on the target: http://purl.org/linked-data/sdmx/2009/attribute#unitMeasure, http://www.w3.org/ns/dqv#computedOn, http://www.w3.org/ns/dqv#isMeasurementOf, http://www.w3.org/ns/dqv#value; then rerun shape https://data.molit.go.kr/shape/molit-dcat-ap/1.0.0-rc.1#QualityMeasurementShape.",MOLIT DCAT-AP 1.0 quality module,MOLIT-QUAL-MEASURE-001,Executable local constraint in shacl/molit-quality.ttl; the source clause and fixture links are reviewed separately.,https://data.molit.go.kr/shape/molit-dcat-ap/1.0.0-rc.1#QualityMeasurementShape,shacl/molit-quality.ttl,shacl/molit-quality.ttl#node-shape:https%3A%2F%2Fdata.molit.go.kr%2Fshape%2Fmolit-dcat-ap%2F1.0.0-rc.1%23QualityMeasurementShape,POS-QUALITY-QUALITY-CATALOG,NEG-MUT-QUAL-MEASURE-001-P-VALUE-001
MOLIT-QUAL-MEASURE-002,"[""quality""]","[""http://www.w3.org/ns/dqv#QualityMeasurement""]",,MUST,,,[],[],Violation,"[{""language"":""ko"",""text"":""품질 측정값은 측정항목별 허용 단위와 값 범위를 따라야 한다.""}]","Correct these constrained path(s) on the target: http://purl.org/linked-data/sdmx/2009/attribute#unitMeasure, http://www.w3.org/ns/dqv#isMeasurementOf, http://www.w3.org/ns/dqv#value; then rerun shape https://data.molit.go.kr/shape/molit-dcat-ap/1.0.0-rc.1#QualityMetricSemanticsShape.",MOLIT DCAT-AP 1.0 quality module,MOLIT-QUAL-MEASURE-002,Executable local constraint in shacl/molit-quality.ttl; the source clause and fixture links are reviewed separately.,https://data.molit.go.kr/shape/molit-dcat-ap/1.0.0-rc.1#QualityMetricSemanticsShape,shacl/molit-quality.ttl,shacl/molit-quality.ttl#node-shape:https%3A%2F%2Fdata.molit.go.kr%2Fshape%2Fmolit-dcat-ap%2F1.0.0-rc.1%23QualityMetricSemanticsShape,POS-QUALITY-QUALITY-CATALOG,NEG-MUT-QUAL-MEASURE-001-P-ISMEASUREMENTOF-001
MOLIT-QUAL-001-P-QUALITYSTATUS-001,"[""quality""]","[""http://www.w3.org/ns/dcat#Dataset""]",https://data.molit.go.kr/def/molit-dcat-ap#qualityStatus,MUST,1,1,"[""http://www.w3.org/ns/shacl#IRI""]","[""https://data.molit.go.kr/id/concept/quality-status/assessed"",""https://data.molit.go.kr/id/concept/quality-status/failed"",""https://data.molit.go.kr/id/concept/quality-status/not-assessed"",""https://data.molit.go.kr/id/concept/quality-status/stale"",""https://data.molit.go.kr/id/concept/quality-status/warning""]",Violation,"[{""language"":""ko"",""text"":""데이터셋에는 품질 평가 상태 IRI가 하나 있어야 한다.""}]","Set https://data.molit.go.kr/def/molit-dcat-ap#qualityStatus to between 1 and 1 value(s) on each target resource. Use only these allowed value(s) for https://data.molit.go.kr/def/molit-dcat-ap#qualityStatus: https://data.molit.go.kr/id/concept/quality-status/assessed, https://data.molit.go.kr/id/concept/quality-status/failed, https://data.molit.go.kr/id/concept/quality-status/not-assessed, https://data.molit.go.kr/id/concept/quality-status/stale, https://data.molit.go.kr/id/concept/quality-status/warning. Encode every https://data.molit.go.kr/def/molit-dcat-ap#qualityStatus value with the required class, datatype, or node kind: http://www.w3.org/ns/shacl#IRI.",MOLIT quality vocabulary 1.0.0-rc.1,Dataset qualityStatus,품질 측정을 하지 않은 상태와 assessed·warning·failed를 구분해 카탈로그 이용자가 측정값 부재를 양호 판정으로 오해하지 않도록 한다. ISO 품질 적합을 주장하는 값은 아니다.,https://data.molit.go.kr/shape/molit-dcat-ap/1.0.0-rc.1#DatasetQualityStatusShape,shacl/molit-quality.ttl,shacl/molit-quality.ttl#property:https%3A%2F%2Fdata.molit.go.kr%2Fshape%2Fmolit-dcat-ap%2F1.0.0-rc.1%23DatasetQualityStatusShape:0001,POS-QUALITY-QUALITY-CATALOG,NEG-MUT-QUAL-001-P-QUALITYSTATUS-001
MOLIT-QUAL-PROV-001-P-QUALITYEVALUATIONMETHOD-001,"[""quality""]","[""http://www.w3.org/ns/dqv#QualityMeasurement""]",https://data.molit.go.kr/def/molit-dcat-ap#qualityEvaluationMethod,MUST,1,1,"[""http://www.w3.org/ns/shacl#IRI""]","[""https://data.molit.go.kr/id/concept/quality-evaluation-method/reference-comparison"",""https://data.molit.go.kr/id/concept/quality-evaluation-method/rule-based"",""https://data.molit.go.kr/id/concept/quality-evaluation-method/sample-based"",""https://data.molit.go.kr/id/concept/quality-evaluation-method/self-diagnostic"",""https://data.molit.go.kr/id/concept/quality-evaluation-method/whole-population""]",Violation,"[{""language"":""en"",""text"":""State one approved quality evaluation method.""}]","Set https://data.molit.go.kr/def/molit-dcat-ap#qualityEvaluationMethod to between 1 and 1 value(s) on each target resource. Use only these allowed value(s) for https://data.molit.go.kr/def/molit-dcat-ap#qualityEvaluationMethod: https://data.molit.go.kr/id/concept/quality-evaluation-method/reference-comparison, https://data.molit.go.kr/id/concept/quality-evaluation-method/rule-based, https://data.molit.go.kr/id/concept/quality-evaluation-method/sample-based, https://data.molit.go.kr/id/concept/quality-evaluation-method/self-diagnostic, https://data.molit.go.kr/id/concept/quality-evaluation-method/whole-population. Encode every https://data.molit.go.kr/def/molit-dcat-ap#qualityEvaluationMethod value with the required class, datatype, or node kind: http://www.w3.org/ns/shacl#IRI.",MOLIT DCAT-AP 1.0 quality module,MOLIT-QUAL-PROV-001-P-QUALITYEVALUATIONMETHOD-001,Executable local constraint in shacl/molit-quality.ttl; the source clause and fixture links are reviewed separately.,https://data.molit.go.kr/shape/molit-dcat-ap/1.0.0-rc.1#QualityEvaluationProvenanceShape,shacl/molit-quality.ttl,shacl/molit-quality.ttl#property:https%3A%2F%2Fdata.molit.go.kr%2Fshape%2Fmolit-dcat-ap%2F1.0.0-rc.1%23QualityEvaluationProvenanceShape:0001,POS-QUALITY-QUALITY-CATALOG,NEG-MUT-QUAL-PROV-001-P-QUALITYEVALUATIONMETHOD-001
MOLIT-QUAL-PROV-001-P-QUALITYEVALUATIONSCOPE-001,"[""quality""]","[""http://www.w3.org/ns/dqv#QualityMeasurement""]",https://data.molit.go.kr/def/molit-dcat-ap#qualityEvaluationScope,MUST,1,1,"[""http://www.w3.org/2001/XMLSchema#string""]",[],Violation,"[{""language"":""en"",""text"":""State the population, fields, time range or spatial extent evaluated by the measurement.""}]","Set https://data.molit.go.kr/def/molit-dcat-ap#qualityEvaluationScope to between 1 and 1 value(s) on each target resource. Encode every https://data.molit.go.kr/def/molit-dcat-ap#qualityEvaluationScope value with the required class, datatype, or node kind: http://www.w3.org/2001/XMLSchema#string.",MOLIT DCAT-AP 1.0 quality module,MOLIT-QUAL-PROV-001-P-QUALITYEVALUATIONSCOPE-001,Executable local constraint in shacl/molit-quality.ttl; the source clause and fixture links are reviewed separately.,https://data.molit.go.kr/shape/molit-dcat-ap/1.0.0-rc.1#QualityEvaluationProvenanceShape,shacl/molit-quality.ttl,shacl/molit-quality.ttl#property:https%3A%2F%2Fdata.molit.go.kr%2Fshape%2Fmolit-dcat-ap%2F1.0.0-rc.1%23QualityEvaluationProvenanceShape:0002,POS-QUALITY-QUALITY-CATALOG,NEG-MUT-QUAL-PROV-001-P-QUALITYEVALUATIONSCOPE-001
MOLIT-QUAL-PROV-001-P-QUALITYRESULTKIND-001,"[""quality""]","[""http://www.w3.org/ns/dqv#QualityMeasurement""]",https://data.molit.go.kr/def/molit-dcat-ap#qualityResultKind,MUST,1,1,"[""http://www.w3.org/ns/shacl#IRI""]","[""https://data.molit.go.kr/id/concept/quality-result-kind/boolean"",""https://data.molit.go.kr/id/concept/quality-result-kind/categorical"",""https://data.molit.go.kr/id/concept/quality-result-kind/descriptive"",""https://data.molit.go.kr/id/concept/quality-result-kind/quantitative""]",Violation,"[{""language"":""en"",""text"":""State the quality result kind.""}]","Set https://data.molit.go.kr/def/molit-dcat-ap#qualityResultKind to between 1 and 1 value(s) on each target resource. Use only these allowed value(s) for https://data.molit.go.kr/def/molit-dcat-ap#qualityResultKind: https://data.molit.go.kr/id/concept/quality-result-kind/boolean, https://data.molit.go.kr/id/concept/quality-result-kind/categorical, https://data.molit.go.kr/id/concept/quality-result-kind/descriptive, https://data.molit.go.kr/id/concept/quality-result-kind/quantitative. Encode every https://data.molit.go.kr/def/molit-dcat-ap#qualityResultKind value with the required class, datatype, or node kind: http://www.w3.org/ns/shacl#IRI.",MOLIT DCAT-AP 1.0 quality module,MOLIT-QUAL-PROV-001-P-QUALITYRESULTKIND-001,Executable local constraint in shacl/molit-quality.ttl; the source clause and fixture links are reviewed separately.,https://data.molit.go.kr/shape/molit-dcat-ap/1.0.0-rc.1#QualityEvaluationProvenanceShape,shacl/molit-quality.ttl,shacl/molit-quality.ttl#property:https%3A%2F%2Fdata.molit.go.kr%2Fshape%2Fmolit-dcat-ap%2F1.0.0-rc.1%23QualityEvaluationProvenanceShape:0003,POS-QUALITY-QUALITY-CATALOG,NEG-MUT-QUAL-PROV-001-P-QUALITYRESULTKIND-001
MOLIT-QUAL-PROV-001-P-QUALITYMAPPINGSTATEMENT-001,"[""quality""]","[""http://www.w3.org/ns/dqv#QualityMeasurement""]",https://data.molit.go.kr/def/molit-dcat-ap#qualityMappingStatement,MUST,1,1,"[""https://data.molit.go.kr/def/molit-dcat-ap#QualityMappingStatement""]",[],Violation,"[{""language"":""en"",""text"":""Link each measurement to one loss-ledger entry; a DQV-native measurement records a lossless self-mapping.""}]","Set https://data.molit.go.kr/def/molit-dcat-ap#qualityMappingStatement to between 1 and 1 value(s) on each target resource. Encode every https://data.molit.go.kr/def/molit-dcat-ap#qualityMappingStatement value with the required class, datatype, or node kind: https://data.molit.go.kr/def/molit-dcat-ap#QualityMappingStatement.",MOLIT DCAT-AP 1.0 quality module,MOLIT-QUAL-PROV-001-P-QUALITYMAPPINGSTATEMENT-001,Executable local constraint in shacl/molit-quality.ttl; the source clause and fixture links are reviewed separately.,https://data.molit.go.kr/shape/molit-dcat-ap/1.0.0-rc.1#QualityEvaluationProvenanceShape,shacl/molit-quality.ttl,shacl/molit-quality.ttl#property:https%3A%2F%2Fdata.molit.go.kr%2Fshape%2Fmolit-dcat-ap%2F1.0.0-rc.1%23QualityEvaluationProvenanceShape:0004,POS-QUALITY-QUALITY-CATALOG,NEG-MUT-QUAL-PROV-001-P-QUALITYMAPPINGSTATEMENT-001
MOLIT-QUAL-MAP-001-P-SOURCEQUALITYELEMENT-001,"[""quality""]","[""https://data.molit.go.kr/def/molit-dcat-ap#QualityMappingStatement""]",https://data.molit.go.kr/def/molit-dcat-ap#sourceQualityElement,MUST,1,1,"[""http://www.w3.org/2004/02/skos/core#Concept"",""http://www.w3.org/ns/shacl#IRI""]",[],Violation,"[{""language"":""en"",""text"":""Identify the source quality element.""}]","Set https://data.molit.go.kr/def/molit-dcat-ap#sourceQualityElement to between 1 and 1 value(s) on each target resource. Encode every https://data.molit.go.kr/def/molit-dcat-ap#sourceQualityElement value with the required class, datatype, or node kind: http://www.w3.org/2004/02/skos/core#Concept, http://www.w3.org/ns/shacl#IRI.",MOLIT DCAT-AP 1.0 quality module,MOLIT-QUAL-MAP-001-P-SOURCEQUALITYELEMENT-001,Executable local constraint in shacl/molit-quality.ttl; the source clause and fixture links are reviewed separately.,https://data.molit.go.kr/shape/molit-dcat-ap/1.0.0-rc.1#QualityMappingStatementShape,shacl/molit-quality.ttl,shacl/molit-quality.ttl#property:https%3A%2F%2Fdata.molit.go.kr%2Fshape%2Fmolit-dcat-ap%2F1.0.0-rc.1%23QualityMappingStatementShape:0001,POS-QUALITY-QUALITY-CATALOG,NEG-MUT-QUAL-MAP-001-P-SOURCEQUALITYELEMENT-001
MOLIT-QUAL-MAP-001-P-MAPPEDQUALITYMETRIC-001,"[""quality""]","[""https://data.molit.go.kr/def/molit-dcat-ap#QualityMappingStatement""]",https://data.molit.go.kr/def/molit-dcat-ap#mappedQualityMetric,MUST,,1,"[""http://www.w3.org/ns/dqv#Metric"",""http://www.w3.org/ns/shacl#IRI""]",[],Violation,"[{""language"":""en"",""text"":""Identify at most one target DQV metric; unmapped and not-published entries have none.""}]","Reduce https://data.molit.go.kr/def/molit-dcat-ap#mappedQualityMetric to at most 1 value(s) on each target resource. Encode every https://data.molit.go.kr/def/molit-dcat-ap#mappedQualityMetric value with the required class, datatype, or node kind: http://www.w3.org/ns/dqv#Metric, http://www.w3.org/ns/shacl#IRI.",MOLIT DCAT-AP 1.0 quality module,MOLIT-QUAL-MAP-001-P-MAPPEDQUALITYMETRIC-001,Executable local constraint in shacl/molit-quality.ttl; the source clause and fixture links are reviewed separately.,https://data.molit.go.kr/shape/molit-dcat-ap/1.0.0-rc.1#QualityMappingStatementShape,shacl/molit-quality.ttl,shacl/molit-quality.ttl#property:https%3A%2F%2Fdata.molit.go.kr%2Fshape%2Fmolit-dcat-ap%2F1.0.0-rc.1%23QualityMappingStatementShape:0002,POS-QUALITY-QUALITY-CATALOG,NEG-MUT-QUAL-MAP-001-P-MAPPEDQUALITYMETRIC-001
MOLIT-QUAL-MAP-001-P-QUALITYLOSSDISPOSITION-001,"[""quality""]","[""https://data.molit.go.kr/def/molit-dcat-ap#QualityMappingStatement""]",https://data.molit.go.kr/def/molit-dcat-ap#qualityLossDisposition,MUST,1,1,"[""http://www.w3.org/ns/shacl#IRI""]","[""https://data.molit.go.kr/id/concept/quality-loss-disposition/irreversible-loss"",""https://data.molit.go.kr/id/concept/quality-loss-disposition/lossless"",""https://data.molit.go.kr/id/concept/quality-loss-disposition/not-published"",""https://data.molit.go.kr/id/concept/quality-loss-disposition/reversible-loss"",""https://data.molit.go.kr/id/concept/quality-loss-disposition/unmapped""]",Violation,"[{""language"":""en"",""text"":""State whether the source quality result was preserved, recoverable, lost, unmapped, or withheld.""}]","Set https://data.molit.go.kr/def/molit-dcat-ap#qualityLossDisposition to between 1 and 1 value(s) on each target resource. Use only these allowed value(s) for https://data.molit.go.kr/def/molit-dcat-ap#qualityLossDisposition: https://data.molit.go.kr/id/concept/quality-loss-disposition/irreversible-loss, https://data.molit.go.kr/id/concept/quality-loss-disposition/lossless, https://data.molit.go.kr/id/concept/quality-loss-disposition/not-published, https://data.molit.go.kr/id/concept/quality-loss-disposition/reversible-loss, https://data.molit.go.kr/id/concept/quality-loss-disposition/unmapped. Encode every https://data.molit.go.kr/def/molit-dcat-ap#qualityLossDisposition value with the required class, datatype, or node kind: http://www.w3.org/ns/shacl#IRI.",MOLIT DCAT-AP 1.0 quality module,MOLIT-QUAL-MAP-001-P-QUALITYLOSSDISPOSITION-001,Executable local constraint in shacl/molit-quality.ttl; the source clause and fixture links are reviewed separately.,https://data.molit.go.kr/shape/molit-dcat-ap/1.0.0-rc.1#QualityMappingStatementShape,shacl/molit-quality.ttl,shacl/molit-quality.ttl#property:https%3A%2F%2Fdata.molit.go.kr%2Fshape%2Fmolit-dcat-ap%2F1.0.0-rc.1%23QualityMappingStatementShape:0003,POS-QUALITY-QUALITY-CATALOG,NEG-MUT-QUAL-MAP-001-P-QUALITYLOSSDISPOSITION-001
MOLIT-QUAL-LINK-001-P-PATH-7CC75844D0-001,"[""quality""]","[""http://www.w3.org/ns/dqv#QualityMeasurement""]",^http://www.w3.org/ns/dqv#hasQualityMeasurement,MUST,,,[],[],Violation,"[{""language"":""en"",""text"":""A quality measurement must be computed on exactly the dataset or datasets that link to it with dqv:hasQualityMeasurement.""},{""language"":""ko"",""text"":""품질 측정값의 dqv:computedOn 집합은 해당 측정값을 dqv:hasQualityMeasurement로 연결한 데이터셋 집합과 일치해야 한다.""}]","Change ^http://www.w3.org/ns/dqv#hasQualityMeasurement so the target satisfies every comparison, qualified-value, or logical component declared by https://data.molit.go.kr/shape/molit-dcat-ap/1.0.0-rc.1#QualityMeasurementDatasetCoherenceShape.",MOLIT DCAT-AP 1.0 quality module,MOLIT-QUAL-LINK-001-P-PATH-7CC75844D0-001,Executable local constraint in shacl/molit-quality.ttl; the source clause and fixture links are reviewed separately.,https://data.molit.go.kr/shape/molit-dcat-ap/1.0.0-rc.1#QualityMeasurementDatasetCoherenceShape,shacl/molit-quality.ttl,shacl/molit-quality.ttl#property:https%3A%2F%2Fdata.molit.go.kr%2Fshape%2Fmolit-dcat-ap%2F1.0.0-rc.1%23QualityMeasurementDatasetCoherenceShape:0001,POS-QUALITY-QUALITY-CATALOG,NEG-MUT-QUAL-LINK-001-P-PATH-7CC75844D0-001
MOLIT-QUAL-MEASURE-001-P-COMPUTEDON-001,"[""quality""]","[""http://www.w3.org/ns/dqv#QualityMeasurement""]",http://www.w3.org/ns/dqv#computedOn,MUST,1,1,"[""http://www.w3.org/ns/dcat#Dataset""]",[],Violation,"[{""language"":""ko"",""text"":""품질 측정값은 측정 대상 데이터셋 하나를 가리켜야 한다.""}]","Set http://www.w3.org/ns/dqv#computedOn to between 1 and 1 value(s) on each target resource. Encode every http://www.w3.org/ns/dqv#computedOn value with the required class, datatype, or node kind: http://www.w3.org/ns/dcat#Dataset.",MOLIT DCAT-AP 1.0 quality module,MOLIT-QUAL-MEASURE-001-P-COMPUTEDON-001,Executable local constraint in shacl/molit-quality.ttl; the source clause and fixture links are reviewed separately.,https://data.molit.go.kr/shape/molit-dcat-ap/1.0.0-rc.1#QualityMeasurementShape,shacl/molit-quality.ttl,shacl/molit-quality.ttl#property:https%3A%2F%2Fdata.molit.go.kr%2Fshape%2Fmolit-dcat-ap%2F1.0.0-rc.1%23QualityMeasurementShape:0001,POS-QUALITY-QUALITY-CATALOG,NEG-MUT-QUAL-MEASURE-001-P-COMPUTEDON-001
MOLIT-QUAL-MEASURE-001-P-ISMEASUREMENTOF-001,"[""quality""]","[""http://www.w3.org/ns/dqv#QualityMeasurement""]",http://www.w3.org/ns/dqv#isMeasurementOf,MUST,1,1,"[""http://www.w3.org/ns/shacl#IRI""]","[""https://data.molit.go.kr/id/metric/completeness"",""https://data.molit.go.kr/id/metric/logical-consistency"",""https://data.molit.go.kr/id/metric/positional-accuracy"",""https://data.molit.go.kr/id/metric/temporal-accuracy"",""https://data.molit.go.kr/id/metric/timeliness""]",Violation,"[{""language"":""ko"",""text"":""품질 측정항목은 승인된 품질 metric IRI여야 한다.""}]","Set http://www.w3.org/ns/dqv#isMeasurementOf to between 1 and 1 value(s) on each target resource. Use only these allowed value(s) for http://www.w3.org/ns/dqv#isMeasurementOf: https://data.molit.go.kr/id/metric/completeness, https://data.molit.go.kr/id/metric/logical-consistency, https://data.molit.go.kr/id/metric/positional-accuracy, https://data.molit.go.kr/id/metric/temporal-accuracy, https://data.molit.go.kr/id/metric/timeliness. Encode every http://www.w3.org/ns/dqv#isMeasurementOf value with the required class, datatype, or node kind: http://www.w3.org/ns/shacl#IRI.",MOLIT DCAT-AP 1.0 quality module,MOLIT-QUAL-MEASURE-001-P-ISMEASUREMENTOF-001,Executable local constraint in shacl/molit-quality.ttl; the source clause and fixture links are reviewed separately.,https://data.molit.go.kr/shape/molit-dcat-ap/1.0.0-rc.1#QualityMeasurementShape,shacl/molit-quality.ttl,shacl/molit-quality.ttl#property:https%3A%2F%2Fdata.molit.go.kr%2Fshape%2Fmolit-dcat-ap%2F1.0.0-rc.1%23QualityMeasurementShape:0002,POS-QUALITY-QUALITY-CATALOG,NEG-MUT-QUAL-MEASURE-001-P-ISMEASUREMENTOF-001
MOLIT-QUAL-MEASURE-001-P-VALUE-001,"[""quality""]","[""http://www.w3.org/ns/dqv#QualityMeasurement""]",http://www.w3.org/ns/dqv#value,MUST,1,1,[],[],Violation,"[{""language"":""ko"",""text"":""품질 측정값은 숫자 하나여야 한다.""}]",Set http://www.w3.org/ns/dqv#value to between 1 and 1 value(s) on each target resource.,MOLIT DCAT-AP 1.0 quality module,MOLIT-QUAL-MEASURE-001-P-VALUE-001,Executable local constraint in shacl/molit-quality.ttl; the source clause and fixture links are reviewed separately.,https://data.molit.go.kr/shape/molit-dcat-ap/1.0.0-rc.1#QualityMeasurementShape,shacl/molit-quality.ttl,shacl/molit-quality.ttl#property:https%3A%2F%2Fdata.molit.go.kr%2Fshape%2Fmolit-dcat-ap%2F1.0.0-rc.1%23QualityMeasurementShape:0003,POS-QUALITY-QUALITY-CATALOG,NEG-MUT-QUAL-MEASURE-001-P-VALUE-001
MOLIT-QUAL-MEASURE-001-P-UNITMEASURE-001,"[""quality""]","[""http://www.w3.org/ns/dqv#QualityMeasurement""]",http://purl.org/linked-data/sdmx/2009/attribute#unitMeasure,MUST,1,1,"[""http://www.w3.org/ns/shacl#IRI""]","[""http://qudt.org/vocab/unit/DAY"",""http://qudt.org/vocab/unit/HR"",""http://qudt.org/vocab/unit/M"",""http://qudt.org/vocab/unit/MIN"",""http://qudt.org/vocab/unit/PERCENT"",""http://qudt.org/vocab/unit/SEC""]",Violation,"[{""language"":""ko"",""text"":""측정 단위는 QUDT Unit IRI를 사용해야 한다.""}]","Set http://purl.org/linked-data/sdmx/2009/attribute#unitMeasure to between 1 and 1 value(s) on each target resource. Use only these allowed value(s) for http://purl.org/linked-data/sdmx/2009/attribute#unitMeasure: http://qudt.org/vocab/unit/DAY, http://qudt.org/vocab/unit/HR, http://qudt.org/vocab/unit/M, http://qudt.org/vocab/unit/MIN, http://qudt.org/vocab/unit/PERCENT, http://qudt.org/vocab/unit/SEC. Encode every http://purl.org/linked-data/sdmx/2009/attribute#unitMeasure value with the required class, datatype, or node kind: http://www.w3.org/ns/shacl#IRI.",MOLIT DCAT-AP 1.0 quality module,MOLIT-QUAL-MEASURE-001-P-UNITMEASURE-001,Executable local constraint in shacl/molit-quality.ttl; the source clause and fixture links are reviewed separately.,https://data.molit.go.kr/shape/molit-dcat-ap/1.0.0-rc.1#QualityMeasurementShape,shacl/molit-quality.ttl,shacl/molit-quality.ttl#property:https%3A%2F%2Fdata.molit.go.kr%2Fshape%2Fmolit-dcat-ap%2F1.0.0-rc.1%23QualityMeasurementShape:0004,POS-QUALITY-QUALITY-CATALOG,NEG-MUT-QUAL-MEASURE-001-P-UNITMEASURE-001
MOLIT-REC-DS-001,"[""publication-policy""]","[""http://www.w3.org/ns/dcat#Dataset""]",,SHOULD,,,[],[],Warning,"[{""language"":""ko"",""text"":""공개 가능한 기관 단위 계보 설명을 권고한다.""},{""language"":""ko"",""text"":""운영 문의를 받을 기관 연락 지점을 권고한다. 승인된 기관 role mailbox를 사용하며 1.0.0-rc.1에서는 전화번호를 게시하지 않는다.""}]","Correct these constrained path(s) on the target: http://purl.org/dc/terms/provenance, http://www.w3.org/ns/dcat#contactPoint; then rerun shape https://data.molit.go.kr/shape/molit-dcat-ap/1.0.0-rc.1#DatasetContactRecommendation.",MOLIT DCAT-AP 1.0 recommended module,MOLIT-REC-DS-001,Executable local constraint in shacl/molit-recommended.ttl; the source clause and fixture links are reviewed separately.,https://data.molit.go.kr/shape/molit-dcat-ap/1.0.0-rc.1#DatasetContactRecommendation,shacl/molit-recommended.ttl,shacl/molit-recommended.ttl#node-shape:https%3A%2F%2Fdata.molit.go.kr%2Fshape%2Fmolit-dcat-ap%2F1.0.0-rc.1%23DatasetContactRecommendation,POS-PUBLICATION-POLICY-GEO-CATALOG,NEG-MUT-REC-DS-001-P-CONTACTPOINT-001
MOLIT-REC-DIST-001,"[""publication-policy""]","[""http://www.w3.org/ns/dcat#Distribution""]",,SHOULD,,,[],[],Warning,"[{""language"":""ko"",""text"":""파일 배포본에는 SPDX checksum을 권고한다.""}]",Correct these constrained path(s) on the target: http://spdx.org/rdf/terms#checksum; then rerun shape https://data.molit.go.kr/shape/molit-dcat-ap/1.0.0-rc.1#DistributionChecksumRecommendation.,MOLIT DCAT-AP 1.0 recommended module,MOLIT-REC-DIST-001,Executable local constraint in shacl/molit-recommended.ttl; the source clause and fixture links are reviewed separately.,https://data.molit.go.kr/shape/molit-dcat-ap/1.0.0-rc.1#DistributionChecksumRecommendation,shacl/molit-recommended.ttl,shacl/molit-recommended.ttl#node-shape:https%3A%2F%2Fdata.molit.go.kr%2Fshape%2Fmolit-dcat-ap%2F1.0.0-rc.1%23DistributionChecksumRecommendation,POS-PUBLICATION-POLICY-GEO-CATALOG,NEG-MUT-REC-DIST-001-P-CHECKSUM-001
MOLIT-REC-QUAL-001,"[""publication-policy""]","[""https://data.molit.go.kr/def/molit-dcat-ap#DataspaceOfferingMetadata""]",,SHOULD,,,[],[],Warning,"[{""language"":""ko"",""text"":""운영 자격을 검토할 때 사용하는 외부 registry 증거 IRI를 권고한다.""}]",Correct these constrained path(s) on the target: https://data.molit.go.kr/def/molit-dcat-ap#qualificationEvidence; then rerun shape https://data.molit.go.kr/shape/molit-dcat-ap/1.0.0-rc.1#OfferingQualificationEvidenceRecommendation.,MOLIT DCAT-AP 1.0 recommended module,MOLIT-REC-QUAL-001,Executable local constraint in shacl/molit-recommended.ttl; the source clause and fixture links are reviewed separately.,https://data.molit.go.kr/shape/molit-dcat-ap/1.0.0-rc.1#OfferingQualificationEvidenceRecommendation,shacl/molit-recommended.ttl,shacl/molit-recommended.ttl#node-shape:https%3A%2F%2Fdata.molit.go.kr%2Fshape%2Fmolit-dcat-ap%2F1.0.0-rc.1%23OfferingQualificationEvidenceRecommendation,POS-PUBLICATION-POLICY-PUBLICATION-OFFERING-QUALIFICATION,NEG-MUT-REC-QUAL-001-P-QUALIFICATIONEVIDENCE-001
MOLIT-REC-DS-001-P-CONTACTPOINT-001,"[""publication-policy""]","[""http://www.w3.org/ns/dcat#Dataset""]",http://www.w3.org/ns/dcat#contactPoint,SHOULD,1,,"[""http://www.w3.org/2006/vcard/ns#Kind""]",[],Warning,"[{""language"":""ko"",""text"":""운영 문의를 받을 기관 연락 지점을 권고한다. 승인된 기관 role mailbox를 사용하며 1.0.0-rc.1에서는 전화번호를 게시하지 않는다.""}]","Add http://www.w3.org/ns/dcat#contactPoint until each target resource has at least 1 value(s). Encode every http://www.w3.org/ns/dcat#contactPoint value with the required class, datatype, or node kind: http://www.w3.org/2006/vcard/ns#Kind.",MOLIT DCAT-AP 1.0 recommended module,MOLIT-REC-DS-001-P-CONTACTPOINT-001,Executable local constraint in shacl/molit-recommended.ttl; the source clause and fixture links are reviewed separately.,https://data.molit.go.kr/shape/molit-dcat-ap/1.0.0-rc.1#DatasetContactRecommendation,shacl/molit-recommended.ttl,shacl/molit-recommended.ttl#property:https%3A%2F%2Fdata.molit.go.kr%2Fshape%2Fmolit-dcat-ap%2F1.0.0-rc.1%23DatasetContactRecommendation:0001,POS-PUBLICATION-POLICY-GEO-CATALOG,NEG-MUT-REC-DS-001-P-CONTACTPOINT-001
MOLIT-REC-DS-001-P-PROVENANCE-001,"[""publication-policy""]","[""http://www.w3.org/ns/dcat#Dataset""]",http://purl.org/dc/terms/provenance,SHOULD,1,,[],[],Warning,"[{""language"":""ko"",""text"":""공개 가능한 기관 단위 계보 설명을 권고한다.""}]",Add http://purl.org/dc/terms/provenance until each target resource has at least 1 value(s).,MOLIT DCAT-AP 1.0 recommended module,MOLIT-REC-DS-001-P-PROVENANCE-001,Executable local constraint in shacl/molit-recommended.ttl; the source clause and fixture links are reviewed separately.,https://data.molit.go.kr/shape/molit-dcat-ap/1.0.0-rc.1#DatasetContactRecommendation,shacl/molit-recommended.ttl,shacl/molit-recommended.ttl#property:https%3A%2F%2Fdata.molit.go.kr%2Fshape%2Fmolit-dcat-ap%2F1.0.0-rc.1%23DatasetContactRecommendation:0002,POS-PUBLICATION-POLICY-GEO-CATALOG,NEG-MUT-REC-DS-001-P-PROVENANCE-001
MOLIT-REC-DIST-001-P-CHECKSUM-001,"[""publication-policy""]","[""http://www.w3.org/ns/dcat#Distribution""]",http://spdx.org/rdf/terms#checksum,SHOULD,1,,"[""http://spdx.org/rdf/terms#Checksum""]",[],Warning,"[{""language"":""ko"",""text"":""파일 배포본에는 SPDX checksum을 권고한다.""}]","Add http://spdx.org/rdf/terms#checksum until each target resource has at least 1 value(s). Encode every http://spdx.org/rdf/terms#checksum value with the required class, datatype, or node kind: http://spdx.org/rdf/terms#Checksum.",MOLIT DCAT-AP 1.0 recommended module,MOLIT-REC-DIST-001-P-CHECKSUM-001,Executable local constraint in shacl/molit-recommended.ttl; the source clause and fixture links are reviewed separately.,https://data.molit.go.kr/shape/molit-dcat-ap/1.0.0-rc.1#DistributionChecksumRecommendation,shacl/molit-recommended.ttl,shacl/molit-recommended.ttl#property:https%3A%2F%2Fdata.molit.go.kr%2Fshape%2Fmolit-dcat-ap%2F1.0.0-rc.1%23DistributionChecksumRecommendation:0001,POS-PUBLICATION-POLICY-GEO-CATALOG,NEG-MUT-REC-DIST-001-P-CHECKSUM-001
MOLIT-REC-QUAL-001-P-QUALIFICATIONEVIDENCE-001,"[""publication-policy""]","[""https://data.molit.go.kr/def/molit-dcat-ap#DataspaceOfferingMetadata""]",https://data.molit.go.kr/def/molit-dcat-ap#qualificationEvidence,SHOULD,1,,"[""http://www.w3.org/ns/shacl#IRI""]",[],Warning,"[{""language"":""ko"",""text"":""운영 자격을 검토할 때 사용하는 외부 registry 증거 IRI를 권고한다.""}]","Add https://data.molit.go.kr/def/molit-dcat-ap#qualificationEvidence until each target resource has at least 1 value(s). Encode every https://data.molit.go.kr/def/molit-dcat-ap#qualificationEvidence value with the required class, datatype, or node kind: http://www.w3.org/ns/shacl#IRI.",MOLIT DCAT-AP 1.0 recommended module,MOLIT-REC-QUAL-001-P-QUALIFICATIONEVIDENCE-001,Executable local constraint in shacl/molit-recommended.ttl; the source clause and fixture links are reviewed separately.,https://data.molit.go.kr/shape/molit-dcat-ap/1.0.0-rc.1#OfferingQualificationEvidenceRecommendation,shacl/molit-recommended.ttl,shacl/molit-recommended.ttl#property:https%3A%2F%2Fdata.molit.go.kr%2Fshape%2Fmolit-dcat-ap%2F1.0.0-rc.1%23OfferingQualificationEvidenceRecommendation:0001,POS-PUBLICATION-POLICY-PUBLICATION-OFFERING-QUALIFICATION,NEG-MUT-REC-QUAL-001-P-QUALIFICATIONEVIDENCE-001
MOLIT-GEO-TYPE-003,"[""geo"",""network""]",[],,MUST,,,"[""http://www.opengis.net/ont/geosparql#wktLiteral""]",[],Violation,"[{""language"":""en"",""text"":""dcat:bbox must be a closed, single-ring 2D WKT Polygon in the candidate profile.""}]","Replace the target value with one encoded as http://www.opengis.net/ont/geosparql#wktLiteral. Make the target lexical form satisfy sh:pattern ""^<[^>]+>\\s+POLYGON\\s*[(][(]"".",MOLIT DCAT-AP 1.0 spatial module,MOLIT-GEO-TYPE-003,Executable local constraint in shacl/molit-spatial.ttl; the source clause and fixture links are reviewed separately.,https://data.molit.go.kr/shape/molit-dcat-ap/1.0.0-rc.1#BoundingBoxGeometryTypeShape,shacl/molit-spatial.ttl,shacl/molit-spatial.ttl#node-shape:https%3A%2F%2Fdata.molit.go.kr%2Fshape%2Fmolit-dcat-ap%2F1.0.0-rc.1%23BoundingBoxGeometryTypeShape,POS-GEO-GEO-CATALOG,NEG-MUT-GEO-TYPE-003
MOLIT-GEO-ENCODING-003,"[""geo"",""network""]",[],,MUST,,,[],[],Violation,"[{""language"":""ko"",""text"":""bbox와 centroid는 CRS84, EPSG:4326, 3857, 5179 또는 5186을 명시한 WKT 또는 GML literal이어야 한다.""}]","Correct the target so it satisfies every direct or logical branch of https://data.molit.go.kr/shape/molit-dcat-ap/1.0.0-rc.1#BoundingGeometryCrsShape, then rerun its conformance module.",MOLIT DCAT-AP 1.0 spatial module,MOLIT-GEO-ENCODING-003,Executable local constraint in shacl/molit-spatial.ttl; the source clause and fixture links are reviewed separately.,https://data.molit.go.kr/shape/molit-dcat-ap/1.0.0-rc.1#BoundingGeometryCrsShape,shacl/molit-spatial.ttl,shacl/molit-spatial.ttl#node-shape:https%3A%2F%2Fdata.molit.go.kr%2Fshape%2Fmolit-dcat-ap%2F1.0.0-rc.1%23BoundingGeometryCrsShape,POS-GEO-GEO-CATALOG,NEG-MUT-GEO-ENCODING-003
MOLIT-GEO-TYPE-004,"[""geo"",""network""]",[],,MUST,,,"[""http://www.opengis.net/ont/geosparql#wktLiteral""]",[],Violation,"[{""language"":""en"",""text"":""dcat:centroid must be a 2D WKT Point in the candidate profile.""}]","Replace the target value with one encoded as http://www.opengis.net/ont/geosparql#wktLiteral. Make the target lexical form satisfy sh:pattern ""^<[^>]+>\\s+POINT\\s*[(]"".",MOLIT DCAT-AP 1.0 spatial module,MOLIT-GEO-TYPE-004,Executable local constraint in shacl/molit-spatial.ttl; the source clause and fixture links are reviewed separately.,https://data.molit.go.kr/shape/molit-dcat-ap/1.0.0-rc.1#CentroidGeometryTypeShape,shacl/molit-spatial.ttl,shacl/molit-spatial.ttl#node-shape:https%3A%2F%2Fdata.molit.go.kr%2Fshape%2Fmolit-dcat-ap%2F1.0.0-rc.1%23CentroidGeometryTypeShape,POS-GEO-GEO-CATALOG,NEG-MUT-GEO-TYPE-004
MOLIT-GEO-LINK-002,"[""geo"",""network""]",[],,MUST,,,[],[],Violation,"[{""language"":""ko"",""text"":""geometry serialization을 사용하는 모든 카탈로그 자원에 공간 공개 수준이 있어야 한다.""}]","Correct these constrained path(s) on the target: ((^http://www.w3.org/ns/locn#geometry/^http://purl.org/dc/terms/spatial)|(^http://www.opengis.net/ont/geosparql#hasGeometry/^http://purl.org/dc/terms/spatial)|(^http://www.opengis.net/ont/geosparql#hasDefaultGeometry/^http://purl.org/dc/terms/spatial)|(^http://www.opengis.net/ont/geosparql#defaultGeometry/^http://purl.org/dc/terms/spatial)|(^http://www.opengis.net/ont/geosparql#hasBoundingBox/^http://purl.org/dc/terms/spatial)|(^http://www.opengis.net/ont/geosparql#hasCentroid/^http://purl.org/dc/terms/spatial)|^http://purl.org/dc/terms/spatial), https://data.molit.go.kr/def/molit-dcat-ap#spatialDisclosureLevel; then rerun shape https://data.molit.go.kr/shape/molit-dcat-ap/1.0.0-rc.1#GeometryLiteralLinkShape.",MOLIT DCAT-AP 1.0 spatial module,MOLIT-GEO-LINK-002,Executable local constraint in shacl/molit-spatial.ttl; the source clause and fixture links are reviewed separately.,https://data.molit.go.kr/shape/molit-dcat-ap/1.0.0-rc.1#GeometryLiteralLinkShape,shacl/molit-spatial.ttl,shacl/molit-spatial.ttl#node-shape:https%3A%2F%2Fdata.molit.go.kr%2Fshape%2Fmolit-dcat-ap%2F1.0.0-rc.1%23GeometryLiteralLinkShape,POS-GEO-GEO-CATALOG,NEG-MUT-GEO-LINK-001-P-PATH-BFC98936CC-001
MOLIT-GEO-ENCODING-002,"[""geo"",""network""]",[],,MUST,,,"[""http://www.opengis.net/ont/geosparql#gmlLiteral""]",[],Violation,"[{""language"":""ko"",""text"":""GeoSPARQL GML literal의 루트 geometry 요소는 CRS84, EPSG:4326, 3857, 5179 또는 5186 srsName을 명시해야 한다.""}]","Replace the target value with one encoded as http://www.opengis.net/ont/geosparql#gmlLiteral. Make the target lexical form satisfy sh:pattern ""^\\s*(<[?]xml[^>]*>\\s*)?<[^>]*\\ssrsName\\s*=\\s*['\""]http://www[.]opengis[.]net/def/crs/(OGC/1[.]3/CRS84|EPSG/0/(4326|3857|5179|5186))['\""][^>]*>"".",MOLIT DCAT-AP 1.0 spatial module,MOLIT-GEO-ENCODING-002,Executable local constraint in shacl/molit-spatial.ttl; the source clause and fixture links are reviewed separately.,https://data.molit.go.kr/shape/molit-dcat-ap/1.0.0-rc.1#GmlGeometryCrsShape,shacl/molit-spatial.ttl,shacl/molit-spatial.ttl#node-shape:https%3A%2F%2Fdata.molit.go.kr%2Fshape%2Fmolit-dcat-ap%2F1.0.0-rc.1%23GmlGeometryCrsShape,POS-GEO-GEO-CATALOG,NEG-MUT-GEO-ENCODING-002
MOLIT-GEO-TYPE-002,"[""geo"",""network""]",[],,MUST,,,"[""http://www.opengis.net/ont/geosparql#gmlLiteral""]",[],Violation,"[{""language"":""en"",""text"":""The candidate GML subset supports GML 3.2 Point only.""}]","Replace the target value with one encoded as http://www.opengis.net/ont/geosparql#gmlLiteral. Make the target lexical form satisfy sh:pattern ""^\\s*(<[?]xml[^>]*>\\s*)?<(?:[A-Za-z_][A-Za-z0-9_.-]*:)?Point(?:\\s|>)"".",MOLIT DCAT-AP 1.0 spatial module,MOLIT-GEO-TYPE-002,Executable local constraint in shacl/molit-spatial.ttl; the source clause and fixture links are reviewed separately.,https://data.molit.go.kr/shape/molit-dcat-ap/1.0.0-rc.1#GmlGeometryTypeShape,shacl/molit-spatial.ttl,shacl/molit-spatial.ttl#node-shape:https%3A%2F%2Fdata.molit.go.kr%2Fshape%2Fmolit-dcat-ap%2F1.0.0-rc.1%23GmlGeometryTypeShape,POS-GEO-GEO-CATALOG,NEG-MUT-GEO-TYPE-002
MOLIT-GEO-ENCODING-004,"[""geo"",""network""]",[],,MUST,,,[],[],Violation,"[{""language"":""ko"",""text"":""locn:geometry는 geometry node IRI·blank node 또는 CRS84, EPSG:4326, 3857, 5179, 5186을 명시한 WKT·GML literal이어야 한다.""}]","Correct the target so it satisfies every direct or logical branch of https://data.molit.go.kr/shape/molit-dcat-ap/1.0.0-rc.1#LocationGeometryEncodingShape, then rerun its conformance module.",MOLIT DCAT-AP 1.0 spatial module,MOLIT-GEO-ENCODING-004,Executable local constraint in shacl/molit-spatial.ttl; the source clause and fixture links are reviewed separately.,https://data.molit.go.kr/shape/molit-dcat-ap/1.0.0-rc.1#LocationGeometryEncodingShape,shacl/molit-spatial.ttl,shacl/molit-spatial.ttl#node-shape:https%3A%2F%2Fdata.molit.go.kr%2Fshape%2Fmolit-dcat-ap%2F1.0.0-rc.1%23LocationGeometryEncodingShape,POS-GEO-GEO-CATALOG,NEG-MUT-GEO-ENCODING-004
MOLIT-GEO-LINK-001,"[""geo"",""network""]",[],,MUST,,,[],[],Violation,"[{""language"":""ko"",""text"":""geometry를 사용하는 모든 Catalog·Dataset·DatasetSeries·DataService에 공간 공개 수준이 있어야 한다.""}]","Correct these constrained path(s) on the target: ^http://purl.org/dc/terms/spatial, https://data.molit.go.kr/def/molit-dcat-ap#spatialDisclosureLevel; then rerun shape https://data.molit.go.kr/shape/molit-dcat-ap/1.0.0-rc.1#LocationGeometryLinkShape.",MOLIT DCAT-AP 1.0 spatial module,MOLIT-GEO-LINK-001,Executable local constraint in shacl/molit-spatial.ttl; the source clause and fixture links are reviewed separately.,https://data.molit.go.kr/shape/molit-dcat-ap/1.0.0-rc.1#LocationGeometryLinkShape,shacl/molit-spatial.ttl,shacl/molit-spatial.ttl#node-shape:https%3A%2F%2Fdata.molit.go.kr%2Fshape%2Fmolit-dcat-ap%2F1.0.0-rc.1%23LocationGeometryLinkShape,POS-GEO-GEO-CATALOG,NEG-MUT-GEO-LINK-001-P-PATH-BFC98936CC-001
MOLIT-GEO-001,"[""geo"",""network""]","[""https://data.molit.go.kr/def/molit-dcat-ap#SpatialDataset""]",,MUST,,,[],[],Violation,"[{""language"":""ko"",""text"":""공간 공개 수준이 비공개이면 location, bbox, centroid 또는 geometry serialization을 공개 graph에 넣을 수 없다.""}]","Correct these constrained path(s) on the target: http://data.europa.eu/930/referenceSystem, http://purl.org/dc/terms/spatial, http://www.opengis.net/ont/geosparql#asDGGS, http://www.opengis.net/ont/geosparql#asGML, http://www.opengis.net/ont/geosparql#asGeoJSON, http://www.opengis.net/ont/geosparql#asKML, http://www.opengis.net/ont/geosparql#asWKT, http://www.opengis.net/ont/geosparql#defaultGeometry, http://www.opengis.net/ont/geosparql#hasBoundingBox, http://www.opengis.net/ont/geosparql#hasCentroid, http://www.opengis.net/ont/geosparql#hasDefaultGeometry, http://www.opengis.net/ont/geosparql#hasGeometry, http://www.opengis.net/ont/geosparql#hasSerialization, http://www.w3.org/1999/02/22-rdf-syntax-ns#type, http://www.w3.org/ns/dcat#bbox, http://www.w3.org/ns/dcat#centroid, http://www.w3.org/ns/dcat#spatialResolutionInMeters, http://www.w3.org/ns/locn#geometry, https://data.molit.go.kr/def/molit-dcat-ap#spatialDisclosureLevel; then rerun shape https://data.molit.go.kr/shape/molit-dcat-ap/1.0.0-rc.1#SpatialDatasetShape.",MOLIT DCAT-AP 1.0 spatial module,MOLIT-GEO-001,Executable local constraint in shacl/molit-spatial.ttl; the source clause and fixture links are reviewed separately.,https://data.molit.go.kr/shape/molit-dcat-ap/1.0.0-rc.1#SpatialDatasetShape,shacl/molit-spatial.ttl,shacl/molit-spatial.ttl#node-shape:https%3A%2F%2Fdata.molit.go.kr%2Fshape%2Fmolit-dcat-ap%2F1.0.0-rc.1%23SpatialDatasetShape,POS-GEO-GEO-CATALOG,NEG-MUT-GEO-001-P-REFERENCESYSTEM-001
MOLIT-GEO-DISCLOSURE-001,"[""geo"",""network""]",[],,MUST,,,[],[],Violation,"[{""language"":""ko"",""text"":""비공개 공간 수준과 location 또는 geometry를 함께 게시할 수 없다.""}]","Correct these constrained path(s) on the target: http://purl.org/dc/terms/spatial, http://www.opengis.net/ont/geosparql#asDGGS, http://www.opengis.net/ont/geosparql#asGML, http://www.opengis.net/ont/geosparql#asGeoJSON, http://www.opengis.net/ont/geosparql#asKML, http://www.opengis.net/ont/geosparql#asWKT, http://www.opengis.net/ont/geosparql#defaultGeometry, http://www.opengis.net/ont/geosparql#hasBoundingBox, http://www.opengis.net/ont/geosparql#hasCentroid, http://www.opengis.net/ont/geosparql#hasDefaultGeometry, http://www.opengis.net/ont/geosparql#hasGeometry, http://www.opengis.net/ont/geosparql#hasSerialization, http://www.w3.org/ns/dcat#bbox, http://www.w3.org/ns/dcat#centroid, http://www.w3.org/ns/locn#geometry, https://data.molit.go.kr/def/molit-dcat-ap#spatialDisclosureLevel; then rerun shape https://data.molit.go.kr/shape/molit-dcat-ap/1.0.0-rc.1#SpatialDisclosureSafetyShape.",MOLIT DCAT-AP 1.0 spatial module,MOLIT-GEO-DISCLOSURE-001,Executable local constraint in shacl/molit-spatial.ttl; the source clause and fixture links are reviewed separately.,https://data.molit.go.kr/shape/molit-dcat-ap/1.0.0-rc.1#SpatialDisclosureSafetyShape,shacl/molit-spatial.ttl,shacl/molit-spatial.ttl#node-shape:https%3A%2F%2Fdata.molit.go.kr%2Fshape%2Fmolit-dcat-ap%2F1.0.0-rc.1%23SpatialDisclosureSafetyShape,POS-GEO-GEO-CATALOG,NEG-MUT-GEO-DISCLOSURE-001
MOLIT-GEO-DISCLOSURE-002,"[""geo"",""network""]",[],,MUST,,,[],[],Violation,"[{""language"":""ko"",""text"":""공간 공개 수준은 Dataset, Catalog, DatasetSeries 또는 DataService에만 지정한다.""}]",Correct these constrained path(s) on the target: http://www.w3.org/1999/02/22-rdf-syntax-ns#type; then rerun shape https://data.molit.go.kr/shape/molit-dcat-ap/1.0.0-rc.1#SpatialDisclosureSubjectTypeShape.,MOLIT DCAT-AP 1.0 spatial module,MOLIT-GEO-DISCLOSURE-002,Executable local constraint in shacl/molit-spatial.ttl; the source clause and fixture links are reviewed separately.,https://data.molit.go.kr/shape/molit-dcat-ap/1.0.0-rc.1#SpatialDisclosureSubjectTypeShape,shacl/molit-spatial.ttl,shacl/molit-spatial.ttl#node-shape:https%3A%2F%2Fdata.molit.go.kr%2Fshape%2Fmolit-dcat-ap%2F1.0.0-rc.1%23SpatialDisclosureSubjectTypeShape,POS-GEO-GEO-CATALOG,NEG-MUT-GEO-001-P-TYPE-001
MOLIT-GEO-ENCODING-005,"[""geo"",""network""]",[],,MUST-NOT,,,[],[],Violation,"[{""language"":""ko"",""text"":""1.0.0-rc.1 공개 profile은 CRS를 검증할 수 있는 WKT와 GML geometry serialization만 허용한다.""}]",Remove the class or property that activates prohibited shape https://data.molit.go.kr/shape/molit-dcat-ap/1.0.0-rc.1#UnsupportedGeometrySerializationShape; route spatial content to the geo or network conformance module.,MOLIT DCAT-AP 1.0 spatial module,MOLIT-GEO-ENCODING-005,Executable local constraint in shacl/molit-spatial.ttl; the source clause and fixture links are reviewed separately.,https://data.molit.go.kr/shape/molit-dcat-ap/1.0.0-rc.1#UnsupportedGeometrySerializationShape,shacl/molit-spatial.ttl,shacl/molit-spatial.ttl#node-shape:https%3A%2F%2Fdata.molit.go.kr%2Fshape%2Fmolit-dcat-ap%2F1.0.0-rc.1%23UnsupportedGeometrySerializationShape,POS-GEO-GEO-CATALOG,NEG-MUT-GEO-ENCODING-005-P-ASDGGS-001
MOLIT-GEO-ENCODING-001,"[""geo"",""network""]",[],,MUST,,,"[""http://www.opengis.net/ont/geosparql#wktLiteral""]",[],Violation,"[{""language"":""ko"",""text"":""GeoSPARQL WKT literal은 선두에 CRS84, EPSG:4326, 3857, 5179 또는 5186 IRI를 명시해야 한다.""}]","Replace the target value with one encoded as http://www.opengis.net/ont/geosparql#wktLiteral. Make the target lexical form satisfy sh:pattern ""^<http://www[.]opengis[.]net/def/crs/(OGC/1[.]3/CRS84|EPSG/0/(4326|3857|5179|5186))>\\s+"".",MOLIT DCAT-AP 1.0 spatial module,MOLIT-GEO-ENCODING-001,Executable local constraint in shacl/molit-spatial.ttl; the source clause and fixture links are reviewed separately.,https://data.molit.go.kr/shape/molit-dcat-ap/1.0.0-rc.1#WktGeometryCrsShape,shacl/molit-spatial.ttl,shacl/molit-spatial.ttl#node-shape:https%3A%2F%2Fdata.molit.go.kr%2Fshape%2Fmolit-dcat-ap%2F1.0.0-rc.1%23WktGeometryCrsShape,POS-GEO-GEO-CATALOG,NEG-MUT-GEO-ENCODING-001
MOLIT-GEO-TYPE-001,"[""geo"",""network""]",[],,MUST,,,"[""http://www.opengis.net/ont/geosparql#wktLiteral""]",[],Violation,"[{""language"":""en"",""text"":""The candidate WKT subset supports explicit-CRS 2D Point, LineString and single-ring Polygon only.""}]","Replace the target value with one encoded as http://www.opengis.net/ont/geosparql#wktLiteral. Make the target lexical form satisfy sh:pattern ""^<http://www[.]opengis[.]net/def/crs/(OGC/1[.]3/CRS84|EPSG/0/(4326|3857|5179|5186))>\\s+(POINT|LINESTRING|POLYGON)\\s*[(]"".",MOLIT DCAT-AP 1.0 spatial module,MOLIT-GEO-TYPE-001,Executable local constraint in shacl/molit-spatial.ttl; the source clause and fixture links are reviewed separately.,https://data.molit.go.kr/shape/molit-dcat-ap/1.0.0-rc.1#WktGeometryTypeShape,shacl/molit-spatial.ttl,shacl/molit-spatial.ttl#node-shape:https%3A%2F%2Fdata.molit.go.kr%2Fshape%2Fmolit-dcat-ap%2F1.0.0-rc.1%23WktGeometryTypeShape,POS-GEO-GEO-CATALOG,NEG-MUT-GEO-TYPE-001
MOLIT-GEO-LINK-002-P-PATH-D6567CFAEC-001,"[""geo"",""network""]",[],((^http://www.w3.org/ns/locn#geometry/^http://purl.org/dc/terms/spatial)|(^http://www.opengis.net/ont/geosparql#hasGeometry/^http://purl.org/dc/terms/spatial)|(^http://www.opengis.net/ont/geosparql#hasDefaultGeometry/^http://purl.org/dc/terms/spatial)|(^http://www.opengis.net/ont/geosparql#defaultGeometry/^http://purl.org/dc/terms/spatial)|(^http://www.opengis.net/ont/geosparql#hasBoundingBox/^http://purl.org/dc/terms/spatial)|(^http://www.opengis.net/ont/geosparql#hasCentroid/^http://purl.org/dc/terms/spatial)|^http://purl.org/dc/terms/spatial),MUST,1,,[],[],Violation,"[{""language"":""ko"",""text"":""geometry serialization을 사용하는 모든 카탈로그 자원에 공간 공개 수준이 있어야 한다.""}]",Add ((^http://www.w3.org/ns/locn#geometry/^http://purl.org/dc/terms/spatial)|(^http://www.opengis.net/ont/geosparql#hasGeometry/^http://purl.org/dc/terms/spatial)|(^http://www.opengis.net/ont/geosparql#hasDefaultGeometry/^http://purl.org/dc/terms/spatial)|(^http://www.opengis.net/ont/geosparql#defaultGeometry/^http://purl.org/dc/terms/spatial)|(^http://www.opengis.net/ont/geosparql#hasBoundingBox/^http://purl.org/dc/terms/spatial)|(^http://www.opengis.net/ont/geosparql#hasCentroid/^http://purl.org/dc/terms/spatial)|^http://purl.org/dc/terms/spatial) until each target resource has at least 1 value(s).,MOLIT DCAT-AP 1.0 spatial module,MOLIT-GEO-LINK-002-P-PATH-D6567CFAEC-001,Executable local constraint in shacl/molit-spatial.ttl; the source clause and fixture links are reviewed separately.,https://data.molit.go.kr/shape/molit-dcat-ap/1.0.0-rc.1#GeometryLiteralLinkShape,shacl/molit-spatial.ttl,shacl/molit-spatial.ttl#property:https%3A%2F%2Fdata.molit.go.kr%2Fshape%2Fmolit-dcat-ap%2F1.0.0-rc.1%23GeometryLiteralLinkShape:0001,POS-GEO-GEO-CATALOG,NEG-MUT-GEO-LINK-001-P-PATH-BFC98936CC-001
MOLIT-GEO-LINK-001-P-PATH-BFC98936CC-001,"[""geo"",""network""]",[],^http://purl.org/dc/terms/spatial,MUST,1,,[],[],Violation,"[{""language"":""ko"",""text"":""geometry를 사용하는 모든 Catalog·Dataset·DatasetSeries·DataService에 공간 공개 수준이 있어야 한다.""}]",Add ^http://purl.org/dc/terms/spatial until each target resource has at least 1 value(s).,MOLIT DCAT-AP 1.0 spatial module,MOLIT-GEO-LINK-001-P-PATH-BFC98936CC-001,Executable local constraint in shacl/molit-spatial.ttl; the source clause and fixture links are reviewed separately.,https://data.molit.go.kr/shape/molit-dcat-ap/1.0.0-rc.1#LocationGeometryLinkShape,shacl/molit-spatial.ttl,shacl/molit-spatial.ttl#property:https%3A%2F%2Fdata.molit.go.kr%2Fshape%2Fmolit-dcat-ap%2F1.0.0-rc.1%23LocationGeometryLinkShape:0001,POS-GEO-GEO-CATALOG,NEG-MUT-GEO-LINK-001-P-PATH-BFC98936CC-001
MOLIT-GEO-001-P-TYPE-001,"[""geo"",""network""]","[""https://data.molit.go.kr/def/molit-dcat-ap#SpatialDataset""]",http://www.w3.org/1999/02/22-rdf-syntax-ns#type,MUST,,,[],"[""http://www.w3.org/ns/dcat#Dataset""]",Violation,"[{""language"":""ko"",""text"":""공간 공개 수준이 비공개이면 location, bbox, centroid 또는 geometry serialization을 공개 graph에 넣을 수 없다.""},{""language"":""ko"",""text"":""확장 유형과 함께 dcat:Dataset 유형을 명시해야 한다.""}]",Ensure http://www.w3.org/1999/02/22-rdf-syntax-ns#type includes the required value(s): http://www.w3.org/ns/dcat#Dataset.,MOLIT DCAT-AP 1.0 spatial module,MOLIT-GEO-001-P-TYPE-001,Executable local constraint in shacl/molit-spatial.ttl; the source clause and fixture links are reviewed separately.,https://data.molit.go.kr/shape/molit-dcat-ap/1.0.0-rc.1#SpatialDatasetShape,shacl/molit-spatial.ttl,shacl/molit-spatial.ttl#property:https%3A%2F%2Fdata.molit.go.kr%2Fshape%2Fmolit-dcat-ap%2F1.0.0-rc.1%23SpatialDatasetShape:0001,POS-GEO-GEO-CATALOG,NEG-MUT-GEO-001-P-TYPE-001
MOLIT-GEO-001-P-REFERENCESYSTEM-001,"[""geo"",""network""]","[""https://data.molit.go.kr/def/molit-dcat-ap#SpatialDataset""]",http://data.europa.eu/930/referenceSystem,MUST,1,,"[""http://www.w3.org/2004/02/skos/core#Concept"",""http://www.w3.org/ns/shacl#IRI""]","[""http://www.opengis.net/def/crs/EPSG/0/3857"",""http://www.opengis.net/def/crs/EPSG/0/4326"",""http://www.opengis.net/def/crs/EPSG/0/4737"",""http://www.opengis.net/def/crs/EPSG/0/5179"",""http://www.opengis.net/def/crs/EPSG/0/5185"",""http://www.opengis.net/def/crs/EPSG/0/5186"",""http://www.opengis.net/def/crs/EPSG/0/5187"",""http://www.opengis.net/def/crs/EPSG/0/5188"",""http://www.opengis.net/def/crs/OGC/1.3/CRS84""]",Violation,"[{""language"":""ko"",""text"":""공간 공개 수준이 비공개이면 location, bbox, centroid 또는 geometry serialization을 공개 graph에 넣을 수 없다.""},{""language"":""ko"",""text"":""공간 데이터셋에는 OGC CRS IRI를 GeoDCAT-AP referenceSystem으로 지정해야 한다.""}]","Add http://data.europa.eu/930/referenceSystem until each target resource has at least 1 value(s). Use only these allowed value(s) for http://data.europa.eu/930/referenceSystem: http://www.opengis.net/def/crs/EPSG/0/3857, http://www.opengis.net/def/crs/EPSG/0/4326, http://www.opengis.net/def/crs/EPSG/0/4737, http://www.opengis.net/def/crs/EPSG/0/5179, http://www.opengis.net/def/crs/EPSG/0/5185, http://www.opengis.net/def/crs/EPSG/0/5186, http://www.opengis.net/def/crs/EPSG/0/5187, http://www.opengis.net/def/crs/EPSG/0/5188, http://www.opengis.net/def/crs/OGC/1.3/CRS84. Encode every http://data.europa.eu/930/referenceSystem value with the required class, datatype, or node kind: http://www.w3.org/2004/02/skos/core#Concept, http://www.w3.org/ns/shacl#IRI.",MOLIT DCAT-AP 1.0 spatial module,MOLIT-GEO-001-P-REFERENCESYSTEM-001,Executable local constraint in shacl/molit-spatial.ttl; the source clause and fixture links are reviewed separately.,https://data.molit.go.kr/shape/molit-dcat-ap/1.0.0-rc.1#SpatialDatasetShape,shacl/molit-spatial.ttl,shacl/molit-spatial.ttl#property:https%3A%2F%2Fdata.molit.go.kr%2Fshape%2Fmolit-dcat-ap%2F1.0.0-rc.1%23SpatialDatasetShape:0002,POS-GEO-GEO-CATALOG,NEG-MUT-GEO-001-P-REFERENCESYSTEM-001
MOLIT-GEO-001-P-SPATIALDISCLOSURELEVEL-001,"[""geo"",""network""]","[""https://data.molit.go.kr/def/molit-dcat-ap#SpatialDataset""]",https://data.molit.go.kr/def/molit-dcat-ap#spatialDisclosureLevel,MUST,1,1,"[""http://www.w3.org/ns/shacl#IRI""]","[""https://data.molit.go.kr/id/concept/spatial-disclosure-level/administrative-area"",""https://data.molit.go.kr/id/concept/spatial-disclosure-level/bounding-box"",""https://data.molit.go.kr/id/concept/spatial-disclosure-level/exact"",""https://data.molit.go.kr/id/concept/spatial-disclosure-level/generalized"",""https://data.molit.go.kr/id/concept/spatial-disclosure-level/grid"",""https://data.molit.go.kr/id/concept/spatial-disclosure-level/withheld""]",Violation,"[{""language"":""ko"",""text"":""공간 공개 수준이 비공개이면 location, bbox, centroid 또는 geometry serialization을 공개 graph에 넣을 수 없다.""},{""language"":""ko"",""text"":""공개 공간 범위의 정밀도 수준을 통제어 IRI로 기록해야 한다.""}]","Set https://data.molit.go.kr/def/molit-dcat-ap#spatialDisclosureLevel to between 1 and 1 value(s) on each target resource. Use only these allowed value(s) for https://data.molit.go.kr/def/molit-dcat-ap#spatialDisclosureLevel: https://data.molit.go.kr/id/concept/spatial-disclosure-level/administrative-area, https://data.molit.go.kr/id/concept/spatial-disclosure-level/bounding-box, https://data.molit.go.kr/id/concept/spatial-disclosure-level/exact, https://data.molit.go.kr/id/concept/spatial-disclosure-level/generalized, https://data.molit.go.kr/id/concept/spatial-disclosure-level/grid, https://data.molit.go.kr/id/concept/spatial-disclosure-level/withheld. Encode every https://data.molit.go.kr/def/molit-dcat-ap#spatialDisclosureLevel value with the required class, datatype, or node kind: http://www.w3.org/ns/shacl#IRI.",MOLIT DCAT-AP 1.0 spatial module,MOLIT-GEO-001-P-SPATIALDISCLOSURELEVEL-001,Executable local constraint in shacl/molit-spatial.ttl; the source clause and fixture links are reviewed separately.,https://data.molit.go.kr/shape/molit-dcat-ap/1.0.0-rc.1#SpatialDatasetShape,shacl/molit-spatial.ttl,shacl/molit-spatial.ttl#property:https%3A%2F%2Fdata.molit.go.kr%2Fshape%2Fmolit-dcat-ap%2F1.0.0-rc.1%23SpatialDatasetShape:0003,POS-GEO-GEO-CATALOG,NEG-MUT-GEO-001-P-SPATIALDISCLOSURELEVEL-001
MOLIT-GEO-001-P-SPATIALRESOLUTIONINMETERS-001,"[""geo"",""network""]","[""https://data.molit.go.kr/def/molit-dcat-ap#SpatialDataset""]",http://www.w3.org/ns/dcat#spatialResolutionInMeters,MUST,,,"[""http://www.w3.org/2001/XMLSchema#decimal""]",[],Violation,"[{""language"":""ko"",""text"":""공간 공개 수준이 비공개이면 location, bbox, centroid 또는 geometry serialization을 공개 graph에 넣을 수 없다.""},{""language"":""ko"",""text"":""공간 해상도는 0보다 큰 미터 단위 xsd:decimal이어야 한다.""}]","Encode every http://www.w3.org/ns/dcat#spatialResolutionInMeters value with the required class, datatype, or node kind: http://www.w3.org/2001/XMLSchema#decimal.",MOLIT DCAT-AP 1.0 spatial module,MOLIT-GEO-001-P-SPATIALRESOLUTIONINMETERS-001,Executable local constraint in shacl/molit-spatial.ttl; the source clause and fixture links are reviewed separately.,https://data.molit.go.kr/shape/molit-dcat-ap/1.0.0-rc.1#SpatialDatasetShape,shacl/molit-spatial.ttl,shacl/molit-spatial.ttl#property:https%3A%2F%2Fdata.molit.go.kr%2Fshape%2Fmolit-dcat-ap%2F1.0.0-rc.1%23SpatialDatasetShape:0004,POS-GEO-GEO-CATALOG,NEG-MUT-GEO-001-P-SPATIALRESOLUTIONINMETERS-001
MOLIT-GEO-ENCODING-005-P-ASGEOJSON-001,"[""geo"",""network""]",[],http://www.opengis.net/ont/geosparql#asGeoJSON,MUST-NOT,,0,[],[],Violation,"[{""language"":""ko"",""text"":""1.0.0-rc.1 공개 profile은 CRS를 검증할 수 있는 WKT와 GML geometry serialization만 허용한다.""}]",Remove every http://www.opengis.net/ont/geosparql#asGeoJSON value from each resource targeted by https://data.molit.go.kr/shape/molit-dcat-ap/1.0.0-rc.1#UnsupportedGeometrySerializationShape.,MOLIT DCAT-AP 1.0 spatial module,MOLIT-GEO-ENCODING-005-P-ASGEOJSON-001,Executable local constraint in shacl/molit-spatial.ttl; the source clause and fixture links are reviewed separately.,https://data.molit.go.kr/shape/molit-dcat-ap/1.0.0-rc.1#UnsupportedGeometrySerializationShape,shacl/molit-spatial.ttl,shacl/molit-spatial.ttl#property:https%3A%2F%2Fdata.molit.go.kr%2Fshape%2Fmolit-dcat-ap%2F1.0.0-rc.1%23UnsupportedGeometrySerializationShape:0001,POS-GEO-GEO-CATALOG,NEG-MUT-GEO-ENCODING-005-P-ASGEOJSON-001
MOLIT-GEO-ENCODING-005-P-ASKML-001,"[""geo"",""network""]",[],http://www.opengis.net/ont/geosparql#asKML,MUST-NOT,,0,[],[],Violation,"[{""language"":""ko"",""text"":""1.0.0-rc.1 공개 profile은 CRS를 검증할 수 있는 WKT와 GML geometry serialization만 허용한다.""}]",Remove every http://www.opengis.net/ont/geosparql#asKML value from each resource targeted by https://data.molit.go.kr/shape/molit-dcat-ap/1.0.0-rc.1#UnsupportedGeometrySerializationShape.,MOLIT DCAT-AP 1.0 spatial module,MOLIT-GEO-ENCODING-005-P-ASKML-001,Executable local constraint in shacl/molit-spatial.ttl; the source clause and fixture links are reviewed separately.,https://data.molit.go.kr/shape/molit-dcat-ap/1.0.0-rc.1#UnsupportedGeometrySerializationShape,shacl/molit-spatial.ttl,shacl/molit-spatial.ttl#property:https%3A%2F%2Fdata.molit.go.kr%2Fshape%2Fmolit-dcat-ap%2F1.0.0-rc.1%23UnsupportedGeometrySerializationShape:0002,POS-GEO-GEO-CATALOG,NEG-MUT-GEO-ENCODING-005-P-ASKML-001
MOLIT-GEO-ENCODING-005-P-ASDGGS-001,"[""geo"",""network""]",[],http://www.opengis.net/ont/geosparql#asDGGS,MUST-NOT,,0,[],[],Violation,"[{""language"":""ko"",""text"":""1.0.0-rc.1 공개 profile은 CRS를 검증할 수 있는 WKT와 GML geometry serialization만 허용한다.""}]",Remove every http://www.opengis.net/ont/geosparql#asDGGS value from each resource targeted by https://data.molit.go.kr/shape/molit-dcat-ap/1.0.0-rc.1#UnsupportedGeometrySerializationShape.,MOLIT DCAT-AP 1.0 spatial module,MOLIT-GEO-ENCODING-005-P-ASDGGS-001,Executable local constraint in shacl/molit-spatial.ttl; the source clause and fixture links are reviewed separately.,https://data.molit.go.kr/shape/molit-dcat-ap/1.0.0-rc.1#UnsupportedGeometrySerializationShape,shacl/molit-spatial.ttl,shacl/molit-spatial.ttl#property:https%3A%2F%2Fdata.molit.go.kr%2Fshape%2Fmolit-dcat-ap%2F1.0.0-rc.1%23UnsupportedGeometrySerializationShape:0003,POS-GEO-GEO-CATALOG,NEG-MUT-GEO-ENCODING-005-P-ASDGGS-001
MOLIT-GEO-ENCODING-005-P-HASSERIALIZATION-001,"[""geo"",""network""]",[],http://www.opengis.net/ont/geosparql#hasSerialization,MUST-NOT,,0,[],[],Violation,"[{""language"":""ko"",""text"":""1.0.0-rc.1 공개 profile은 CRS를 검증할 수 있는 WKT와 GML geometry serialization만 허용한다.""}]",Remove every http://www.opengis.net/ont/geosparql#hasSerialization value from each resource targeted by https://data.molit.go.kr/shape/molit-dcat-ap/1.0.0-rc.1#UnsupportedGeometrySerializationShape.,MOLIT DCAT-AP 1.0 spatial module,MOLIT-GEO-ENCODING-005-P-HASSERIALIZATION-001,Executable local constraint in shacl/molit-spatial.ttl; the source clause and fixture links are reviewed separately.,https://data.molit.go.kr/shape/molit-dcat-ap/1.0.0-rc.1#UnsupportedGeometrySerializationShape,shacl/molit-spatial.ttl,shacl/molit-spatial.ttl#property:https%3A%2F%2Fdata.molit.go.kr%2Fshape%2Fmolit-dcat-ap%2F1.0.0-rc.1%23UnsupportedGeometrySerializationShape:0004,POS-GEO-GEO-CATALOG,NEG-MUT-GEO-ENCODING-005-P-HASSERIALIZATION-001
