requirementId,conformanceClass,resourceClass,property,obligation,minCount,maxCount,range,controlledVocabulary,severity,messages,remediation,sourceStandard,sourceClause,localRationale,shapeId,positiveFixtureId,negativeFixtureId
UPSTREAM-DCATAP-00018A0A468F5441A57F,"[""core"",""dataspace-offering"",""observation"",""quality""]","[""http://www.w3.org/ns/dcat#Dataset""]",http://xmlns.com/foaf/0.1/page,MUST,,,"[""http://xmlns.com/foaf/0.1/Document""]",[],Violation,"[{""language"":""ko"",""text"":""로컬 격리 증거: 원문 PropertyShape에는 메시지가 없으며 sh:class 제약을 검증한다."",""source"":""local-evidence"",""predicate"":null}]",MOLIT 로컬 적용 가이드(upstream 원문 보충 설명): <http://xmlns.com/foaf/0.1/page>의 모든 값에 rdf:type <http://xmlns.com/foaf/0.1/Document>를 명시한다. 원문 constraint 값은 변경하지 않는다.,DCAT-AP 3.0.1,"[""https://semiceu.github.io/DCAT-AP/releases/3.0.1#Dataset.documentation""]",DCAT-AP 3.0.1의 sh:class 제약을 변경 없이 채택한다. named PropertyShape의 원문 direct quad를 그대로 채택했다. 추가한 sh:targetNode는 격리 시험용이며 규범 의미를 바꾸지 않는다.,https://semiceu.github.io/DCAT-AP/releases/3.0.1#dcat:DatasetShape/68388ec47b77212d80036e8a02e9956f5ba0e0f5,UPSTREAM-POS-UPSTREAM-DCATAP-00018A0A468F5441A57F,UPSTREAM-NEG-UPSTREAM-DCATAP-00018A0A468F5441A57F
UPSTREAM-DCATAP-001A204FD7342E786459,"[""core"",""dataspace-offering"",""observation"",""quality""]","[""http://www.w3.org/ns/dcat#CatalogRecord""]",http://xmlns.com/foaf/0.1/primaryTopic,MUST,,1,[],[],Violation,"[{""language"":""ko"",""text"":""로컬 격리 증거: 원문 PropertyShape에는 메시지가 없으며 sh:maxCount 제약을 검증한다."",""source"":""local-evidence"",""predicate"":null}]",MOLIT 로컬 적용 가이드(upstream 원문 보충 설명): <http://xmlns.com/foaf/0.1/primaryTopic> 값을 1개 이하로 줄인다. 원문 constraint 값은 변경하지 않는다.,DCAT-AP 3.0.1,"[""https://semiceu.github.io/DCAT-AP/releases/3.0.1#CatalogueRecord.primarytopic""]",DCAT-AP 3.0.1의 sh:maxCount 제약을 변경 없이 채택한다. named PropertyShape의 원문 direct quad를 그대로 채택했다. 추가한 sh:targetNode는 격리 시험용이며 규범 의미를 바꾸지 않는다.,https://semiceu.github.io/DCAT-AP/releases/3.0.1#dcat:CatalogRecordShape/edc684c84677aa4924b66988491caddda1a1e68b,UPSTREAM-POS-UPSTREAM-DCATAP-001A204FD7342E786459,UPSTREAM-NEG-UPSTREAM-DCATAP-001A204FD7342E786459
UPSTREAM-DCATAP-02785062F1D3AC5C8B6B,"[""core"",""dataspace-offering"",""observation"",""quality""]","[""http://www.w3.org/ns/dcat#Distribution""]",http://data.europa.eu/r5r/applicableLegislation,MUST,,,"[""http://data.europa.eu/eli/ontology#LegalResource""]",[],Violation,"[{""language"":""ko"",""text"":""로컬 격리 증거: 원문 PropertyShape에는 메시지가 없으며 sh:class 제약을 검증한다."",""source"":""local-evidence"",""predicate"":null}]",MOLIT 로컬 적용 가이드(upstream 원문 보충 설명): <http://data.europa.eu/r5r/applicableLegislation>의 모든 값에 rdf:type <http://data.europa.eu/eli/ontology#LegalResource>를 명시한다. 원문 constraint 값은 변경하지 않는다.,DCAT-AP 3.0.1,"[""https://semiceu.github.io/DCAT-AP/releases/3.0.1#Distribution.applicablelegislation""]",DCAT-AP 3.0.1의 sh:class 제약을 변경 없이 채택한다. named PropertyShape의 원문 direct quad를 그대로 채택했다. 추가한 sh:targetNode는 격리 시험용이며 규범 의미를 바꾸지 않는다.,https://semiceu.github.io/DCAT-AP/releases/3.0.1#dcat:DistributionShape/73465b7fbd7f991a08ddd1b766c2e46fa9dfc14e,UPSTREAM-POS-UPSTREAM-DCATAP-02785062F1D3AC5C8B6B,UPSTREAM-NEG-UPSTREAM-DCATAP-02785062F1D3AC5C8B6B
UPSTREAM-DCATAP-0298ED84144EDF81108C,"[""core"",""dataspace-offering"",""observation"",""quality""]","[""http://www.w3.org/ns/dcat#Catalog""]",http://www.w3.org/ns/dcat#record,MUST,,,"[""http://www.w3.org/ns/shacl#BlankNodeOrIRI""]",[],Violation,"[{""language"":""ko"",""text"":""로컬 격리 증거: 원문 PropertyShape에는 메시지가 없으며 sh:nodeKind 제약을 검증한다."",""source"":""local-evidence"",""predicate"":null}]",MOLIT 로컬 적용 가이드(upstream 원문 보충 설명): <http://www.w3.org/ns/dcat#record> 값을 <http://www.w3.org/ns/shacl#BlankNodeOrIRI> node kind로 바꾼다. 원문 constraint 값은 변경하지 않는다.,DCAT-AP 3.0.1,"[""https://semiceu.github.io/DCAT-AP/releases/3.0.1#Catalogue.record""]",DCAT-AP 3.0.1의 sh:nodeKind 제약을 변경 없이 채택한다. named PropertyShape의 원문 direct quad를 그대로 채택했다. 추가한 sh:targetNode는 격리 시험용이며 규범 의미를 바꾸지 않는다.,https://semiceu.github.io/DCAT-AP/releases/3.0.1#dcat:CatalogShape/34db0dabef6e2aa992eab790fc3e8d1e3f83bc12,UPSTREAM-POS-UPSTREAM-DCATAP-0298ED84144EDF81108C,UPSTREAM-NEG-UPSTREAM-DCATAP-0298ED84144EDF81108C
UPSTREAM-DCATAP-02CBC3CD1C51833A09E3,"[""core"",""dataspace-offering"",""observation"",""quality""]","[""http://www.w3.org/ns/dcat#CatalogRecord""]",http://purl.org/dc/terms/source,MUST,,1,[],[],Violation,"[{""language"":""ko"",""text"":""로컬 격리 증거: 원문 PropertyShape에는 메시지가 없으며 sh:maxCount 제약을 검증한다."",""source"":""local-evidence"",""predicate"":null}]",MOLIT 로컬 적용 가이드(upstream 원문 보충 설명): <http://purl.org/dc/terms/source> 값을 1개 이하로 줄인다. 원문 constraint 값은 변경하지 않는다.,DCAT-AP 3.0.1,"[""https://semiceu.github.io/DCAT-AP/releases/3.0.1#CatalogueRecord.sourcemetadata""]",DCAT-AP 3.0.1의 sh:maxCount 제약을 변경 없이 채택한다. named PropertyShape의 원문 direct quad를 그대로 채택했다. 추가한 sh:targetNode는 격리 시험용이며 규범 의미를 바꾸지 않는다.,https://semiceu.github.io/DCAT-AP/releases/3.0.1#dcat:CatalogRecordShape/48302728c90d6c344ff17c41a12e9f1379d2a049,UPSTREAM-POS-UPSTREAM-DCATAP-02CBC3CD1C51833A09E3,UPSTREAM-NEG-UPSTREAM-DCATAP-02CBC3CD1C51833A09E3
UPSTREAM-DCATAP-02EAAB4F59306C798205,"[""core"",""dataspace-offering"",""observation"",""quality""]","[""http://www.w3.org/ns/dcat#Distribution""]",http://www.w3.org/ns/dcat#compressFormat,MUST,,,"[""http://purl.org/dc/terms/MediaType""]",[],Violation,"[{""language"":""ko"",""text"":""로컬 격리 증거: 원문 PropertyShape에는 메시지가 없으며 sh:class 제약을 검증한다."",""source"":""local-evidence"",""predicate"":null}]",MOLIT 로컬 적용 가이드(upstream 원문 보충 설명): <http://www.w3.org/ns/dcat#compressFormat>의 모든 값에 rdf:type <http://purl.org/dc/terms/MediaType>를 명시한다. 원문 constraint 값은 변경하지 않는다.,DCAT-AP 3.0.1,"[""https://semiceu.github.io/DCAT-AP/releases/3.0.1#Distribution.compressionformat""]",DCAT-AP 3.0.1의 sh:class 제약을 변경 없이 채택한다. named PropertyShape의 원문 direct quad를 그대로 채택했다. 추가한 sh:targetNode는 격리 시험용이며 규범 의미를 바꾸지 않는다.,https://semiceu.github.io/DCAT-AP/releases/3.0.1#dcat:DistributionShape/e093e156f972fa1af3526cd6d68f11bbdc8fa7c5,UPSTREAM-POS-UPSTREAM-DCATAP-02EAAB4F59306C798205,UPSTREAM-NEG-UPSTREAM-DCATAP-02EAAB4F59306C798205
UPSTREAM-DCATAP-0426DDE79B4B9C54B19B,"[""core"",""dataspace-offering"",""observation"",""quality""]","[""http://www.w3.org/ns/dcat#DatasetSeries""]",http://purl.org/dc/terms/description,MUST,1,,[],[],Violation,"[{""language"":""ko"",""text"":""로컬 격리 증거: 원문 PropertyShape에는 메시지가 없으며 sh:minCount 제약을 검증한다."",""source"":""local-evidence"",""predicate"":null}]",MOLIT 로컬 적용 가이드(upstream 원문 보충 설명): <http://purl.org/dc/terms/description> 값을 1개 이상 제공한다. 원문 constraint 값은 변경하지 않는다.,DCAT-AP 3.0.1,"[""https://semiceu.github.io/DCAT-AP/releases/3.0.1#DatasetSeries.description""]",DCAT-AP 3.0.1의 sh:minCount 제약을 변경 없이 채택한다. named PropertyShape의 원문 direct quad를 그대로 채택했다. 추가한 sh:targetNode는 격리 시험용이며 규범 의미를 바꾸지 않는다.,https://semiceu.github.io/DCAT-AP/releases/3.0.1#dcat:DatasetSeriesShape/8f61614144aa7bca188b24f5976593dc08aad0e6,UPSTREAM-POS-UPSTREAM-DCATAP-0426DDE79B4B9C54B19B,UPSTREAM-NEG-UPSTREAM-DCATAP-0426DDE79B4B9C54B19B
UPSTREAM-DCATAP-046E822803FA00C49FDE,"[""core"",""dataspace-offering"",""observation"",""quality""]","[""http://www.w3.org/ns/dcat#Distribution""]",http://www.w3.org/ns/dcat#byteSize,MUST,,,"[""http://www.w3.org/ns/shacl#Literal""]",[],Violation,"[{""language"":""ko"",""text"":""로컬 격리 증거: 원문 PropertyShape에는 메시지가 없으며 sh:nodeKind 제약을 검증한다."",""source"":""local-evidence"",""predicate"":null}]",MOLIT 로컬 적용 가이드(upstream 원문 보충 설명): <http://www.w3.org/ns/dcat#byteSize> 값을 <http://www.w3.org/ns/shacl#Literal> node kind로 바꾼다. 원문 constraint 값은 변경하지 않는다.,DCAT-AP 3.0.1,"[""https://semiceu.github.io/DCAT-AP/releases/3.0.1#Distribution.bytesize""]",DCAT-AP 3.0.1의 sh:nodeKind 제약을 변경 없이 채택한다. named PropertyShape의 원문 direct quad를 그대로 채택했다. 추가한 sh:targetNode는 격리 시험용이며 규범 의미를 바꾸지 않는다.,https://semiceu.github.io/DCAT-AP/releases/3.0.1#dcat:DistributionShape/59cbd395c4b9167c030b3fd61001eeeee5034346,UPSTREAM-POS-UPSTREAM-DCATAP-046E822803FA00C49FDE,UPSTREAM-NEG-UPSTREAM-DCATAP-046E822803FA00C49FDE
UPSTREAM-DCATAP-04AD426DBF750E2BBDF2,"[""core"",""dataspace-offering"",""observation"",""quality""]","[""http://www.w3.org/ns/dcat#DataService""]",http://data.europa.eu/r5r/applicableLegislation,MUST,,,"[""http://data.europa.eu/eli/ontology#LegalResource""]",[],Violation,"[{""language"":""ko"",""text"":""로컬 격리 증거: 원문 PropertyShape에는 메시지가 없으며 sh:class 제약을 검증한다."",""source"":""local-evidence"",""predicate"":null}]",MOLIT 로컬 적용 가이드(upstream 원문 보충 설명): <http://data.europa.eu/r5r/applicableLegislation>의 모든 값에 rdf:type <http://data.europa.eu/eli/ontology#LegalResource>를 명시한다. 원문 constraint 값은 변경하지 않는다.,DCAT-AP 3.0.1,"[""https://semiceu.github.io/DCAT-AP/releases/3.0.1#DataService.applicablelegislation""]",DCAT-AP 3.0.1의 sh:class 제약을 변경 없이 채택한다. named PropertyShape의 원문 direct quad를 그대로 채택했다. 추가한 sh:targetNode는 격리 시험용이며 규범 의미를 바꾸지 않는다.,https://semiceu.github.io/DCAT-AP/releases/3.0.1#dcat:DataServiceShape/73465b7fbd7f991a08ddd1b766c2e46fa9dfc14e,UPSTREAM-POS-UPSTREAM-DCATAP-04AD426DBF750E2BBDF2,UPSTREAM-NEG-UPSTREAM-DCATAP-04AD426DBF750E2BBDF2
UPSTREAM-DCATAP-04FFD0CD024D7A267744,"[""core"",""dataspace-offering"",""observation"",""quality""]","[""http://xmlns.com/foaf/0.1/Agent""]",http://xmlns.com/foaf/0.1/name,MUST,1,,[],[],Violation,"[{""language"":""ko"",""text"":""로컬 격리 증거: 원문 PropertyShape에는 메시지가 없으며 sh:minCount 제약을 검증한다."",""source"":""local-evidence"",""predicate"":null}]",MOLIT 로컬 적용 가이드(upstream 원문 보충 설명): <http://xmlns.com/foaf/0.1/name> 값을 1개 이상 제공한다. 원문 constraint 값은 변경하지 않는다.,DCAT-AP 3.0.1,"[""https://semiceu.github.io/DCAT-AP/releases/3.0.1#Agent.name""]",DCAT-AP 3.0.1의 sh:minCount 제약을 변경 없이 채택한다. named PropertyShape의 원문 direct quad를 그대로 채택했다. 추가한 sh:targetNode는 격리 시험용이며 규범 의미를 바꾸지 않는다.,https://semiceu.github.io/DCAT-AP/releases/3.0.1#foaf:AgentShape/96cdcbb0489a41ab01fc39c521f5ed607a0b2c41,UPSTREAM-POS-UPSTREAM-DCATAP-04FFD0CD024D7A267744,UPSTREAM-NEG-UPSTREAM-DCATAP-04FFD0CD024D7A267744
UPSTREAM-DCATAP-055EAD31BCE30827C8D6,"[""core"",""dataspace-offering"",""observation"",""quality""]","[""http://www.w3.org/ns/dcat#Catalog""]",http://purl.org/dc/terms/issued,MUST,,,"[""http://www.w3.org/ns/shacl#Literal""]",[],Violation,"[{""language"":""ko"",""text"":""로컬 격리 증거: 원문 PropertyShape에는 메시지가 없으며 sh:nodeKind 제약을 검증한다."",""source"":""local-evidence"",""predicate"":null}]",MOLIT 로컬 적용 가이드(upstream 원문 보충 설명): <http://purl.org/dc/terms/issued> 값을 <http://www.w3.org/ns/shacl#Literal> node kind로 바꾼다. 원문 constraint 값은 변경하지 않는다.,DCAT-AP 3.0.1,"[""https://semiceu.github.io/DCAT-AP/releases/3.0.1#Catalogue.releasedate""]",DCAT-AP 3.0.1의 sh:nodeKind 제약을 변경 없이 채택한다. named PropertyShape의 원문 direct quad를 그대로 채택했다. 추가한 sh:targetNode는 격리 시험용이며 규범 의미를 바꾸지 않는다.,https://semiceu.github.io/DCAT-AP/releases/3.0.1#dcat:CatalogShape/4be37093e4c3ba0d5b5a18ef6b97778d6d689392,UPSTREAM-POS-UPSTREAM-DCATAP-055EAD31BCE30827C8D6,UPSTREAM-NEG-UPSTREAM-DCATAP-055EAD31BCE30827C8D6
UPSTREAM-DCATAP-069FBC3E8C1FC45325E2,"[""core"",""dataspace-offering"",""observation"",""quality""]","[""http://www.w3.org/ns/dcat#DatasetSeries""]",http://purl.org/dc/terms/spatial,MUST,,,"[""http://purl.org/dc/terms/Location""]",[],Violation,"[{""language"":""ko"",""text"":""로컬 격리 증거: 원문 PropertyShape에는 메시지가 없으며 sh:class 제약을 검증한다."",""source"":""local-evidence"",""predicate"":null}]",MOLIT 로컬 적용 가이드(upstream 원문 보충 설명): <http://purl.org/dc/terms/spatial>의 모든 값에 rdf:type <http://purl.org/dc/terms/Location>를 명시한다. 원문 constraint 값은 변경하지 않는다.,DCAT-AP 3.0.1,"[""https://semiceu.github.io/DCAT-AP/releases/3.0.1#DatasetSeries.geographicalcoverage""]",DCAT-AP 3.0.1의 sh:class 제약을 변경 없이 채택한다. named PropertyShape의 원문 direct quad를 그대로 채택했다. 추가한 sh:targetNode는 격리 시험용이며 규범 의미를 바꾸지 않는다.,https://semiceu.github.io/DCAT-AP/releases/3.0.1#dcat:DatasetSeriesShape/00a99d55cbc03165373a8348d5a88402ea4f239a,UPSTREAM-POS-UPSTREAM-DCATAP-069FBC3E8C1FC45325E2,UPSTREAM-NEG-UPSTREAM-DCATAP-069FBC3E8C1FC45325E2
UPSTREAM-DCATAP-076371120B2CCFEE0EBD,"[""core"",""dataspace-offering"",""observation"",""quality""]","[""http://www.w3.org/ns/dcat#Relationship""]",http://purl.org/dc/terms/relation,MUST,,,"[""http://www.w3.org/ns/shacl#BlankNodeOrIRI""]",[],Violation,"[{""language"":""ko"",""text"":""로컬 격리 증거: 원문 PropertyShape에는 메시지가 없으며 sh:nodeKind 제약을 검증한다."",""source"":""local-evidence"",""predicate"":null}]",MOLIT 로컬 적용 가이드(upstream 원문 보충 설명): <http://purl.org/dc/terms/relation> 값을 <http://www.w3.org/ns/shacl#BlankNodeOrIRI> node kind로 바꾼다. 원문 constraint 값은 변경하지 않는다.,DCAT-AP 3.0.1,"[""https://semiceu.github.io/DCAT-AP/releases/3.0.1#Relationship.relation""]",DCAT-AP 3.0.1의 sh:nodeKind 제약을 변경 없이 채택한다. named PropertyShape의 원문 direct quad를 그대로 채택했다. 추가한 sh:targetNode는 격리 시험용이며 규범 의미를 바꾸지 않는다.,https://semiceu.github.io/DCAT-AP/releases/3.0.1#dcat:RelationshipShape/5871eb562969e2a4f395c8424314cc119686e019,UPSTREAM-POS-UPSTREAM-DCATAP-076371120B2CCFEE0EBD,UPSTREAM-NEG-UPSTREAM-DCATAP-076371120B2CCFEE0EBD
UPSTREAM-DCATAP-07820295520B7B4CCC68,"[""core"",""dataspace-offering"",""observation"",""quality""]","[""http://purl.org/dc/terms/Location""]",http://www.w3.org/ns/dcat#centroid,MUST,,,"[""http://www.w3.org/ns/shacl#Literal""]",[],Violation,"[{""language"":""ko"",""text"":""로컬 격리 증거: 원문 PropertyShape에는 메시지가 없으며 sh:nodeKind 제약을 검증한다."",""source"":""local-evidence"",""predicate"":null}]",MOLIT 로컬 적용 가이드(upstream 원문 보충 설명): <http://www.w3.org/ns/dcat#centroid> 값을 <http://www.w3.org/ns/shacl#Literal> node kind로 바꾼다. 원문 constraint 값은 변경하지 않는다.,DCAT-AP 3.0.1,"[""https://semiceu.github.io/DCAT-AP/releases/3.0.1#Location.centroid""]",DCAT-AP 3.0.1의 sh:nodeKind 제약을 변경 없이 채택한다. named PropertyShape의 원문 direct quad를 그대로 채택했다. 추가한 sh:targetNode는 격리 시험용이며 규범 의미를 바꾸지 않는다.,https://semiceu.github.io/DCAT-AP/releases/3.0.1#dct:LocationShape/ac645171f7bc10bfce0730166a193316727dcdf3,UPSTREAM-POS-UPSTREAM-DCATAP-07820295520B7B4CCC68,UPSTREAM-NEG-UPSTREAM-DCATAP-07820295520B7B4CCC68
UPSTREAM-DCATAP-09F8C0D215A6B07EEE47,"[""core"",""dataspace-offering"",""observation"",""quality""]","[""http://www.w3.org/ns/dcat#Catalog""]",http://xmlns.com/foaf/0.1/homepage,MUST,,,"[""http://www.w3.org/ns/shacl#BlankNodeOrIRI""]",[],Violation,"[{""language"":""ko"",""text"":""로컬 격리 증거: 원문 PropertyShape에는 메시지가 없으며 sh:nodeKind 제약을 검증한다."",""source"":""local-evidence"",""predicate"":null}]",MOLIT 로컬 적용 가이드(upstream 원문 보충 설명): <http://xmlns.com/foaf/0.1/homepage> 값을 <http://www.w3.org/ns/shacl#BlankNodeOrIRI> node kind로 바꾼다. 원문 constraint 값은 변경하지 않는다.,DCAT-AP 3.0.1,"[""https://semiceu.github.io/DCAT-AP/releases/3.0.1#Catalogue.homepage""]",DCAT-AP 3.0.1의 sh:nodeKind 제약을 변경 없이 채택한다. named PropertyShape의 원문 direct quad를 그대로 채택했다. 추가한 sh:targetNode는 격리 시험용이며 규범 의미를 바꾸지 않는다.,https://semiceu.github.io/DCAT-AP/releases/3.0.1#dcat:CatalogShape/8d36a62f83db7f94097e27edb51306e17e0d40f3,UPSTREAM-POS-UPSTREAM-DCATAP-09F8C0D215A6B07EEE47,UPSTREAM-NEG-UPSTREAM-DCATAP-09F8C0D215A6B07EEE47
UPSTREAM-DCATAP-0A600E12CBE0C6FE2DD0,"[""core"",""dataspace-offering"",""observation"",""quality""]","[""http://www.w3.org/ns/dcat#Catalog""]",http://www.w3.org/ns/dcat#catalog,MUST,,,"[""http://www.w3.org/ns/dcat#Catalog""]",[],Violation,"[{""language"":""ko"",""text"":""로컬 격리 증거: 원문 PropertyShape에는 메시지가 없으며 sh:class 제약을 검증한다."",""source"":""local-evidence"",""predicate"":null}]",MOLIT 로컬 적용 가이드(upstream 원문 보충 설명): <http://www.w3.org/ns/dcat#catalog>의 모든 값에 rdf:type <http://www.w3.org/ns/dcat#Catalog>를 명시한다. 원문 constraint 값은 변경하지 않는다.,DCAT-AP 3.0.1,"[""https://semiceu.github.io/DCAT-AP/releases/3.0.1#Catalogue.catalogue""]",DCAT-AP 3.0.1의 sh:class 제약을 변경 없이 채택한다. named PropertyShape의 원문 direct quad를 그대로 채택했다. 추가한 sh:targetNode는 격리 시험용이며 규범 의미를 바꾸지 않는다.,https://semiceu.github.io/DCAT-AP/releases/3.0.1#dcat:CatalogShape/49cd6ad5fefbffaf348db14bfe47600981dd12c8,UPSTREAM-POS-UPSTREAM-DCATAP-0A600E12CBE0C6FE2DD0,UPSTREAM-NEG-UPSTREAM-DCATAP-0A600E12CBE0C6FE2DD0
UPSTREAM-DCATAP-0B503C4FD98F1E4EA801,"[""core"",""dataspace-offering"",""observation"",""quality""]","[""http://www.w3.org/ns/dcat#Distribution""]",http://purl.org/dc/terms/issued,MUST,,1,[],[],Violation,"[{""language"":""ko"",""text"":""로컬 격리 증거: 원문 PropertyShape에는 메시지가 없으며 sh:maxCount 제약을 검증한다."",""source"":""local-evidence"",""predicate"":null}]",MOLIT 로컬 적용 가이드(upstream 원문 보충 설명): <http://purl.org/dc/terms/issued> 값을 1개 이하로 줄인다. 원문 constraint 값은 변경하지 않는다.,DCAT-AP 3.0.1,"[""https://semiceu.github.io/DCAT-AP/releases/3.0.1#Distribution.releasedate""]",DCAT-AP 3.0.1의 sh:maxCount 제약을 변경 없이 채택한다. named PropertyShape의 원문 direct quad를 그대로 채택했다. 추가한 sh:targetNode는 격리 시험용이며 규범 의미를 바꾸지 않는다.,https://semiceu.github.io/DCAT-AP/releases/3.0.1#dcat:DistributionShape/b362d2bdbbe8ba1c689e5554cca2bcbd295546de,UPSTREAM-POS-UPSTREAM-DCATAP-0B503C4FD98F1E4EA801,UPSTREAM-NEG-UPSTREAM-DCATAP-0B503C4FD98F1E4EA801
UPSTREAM-DCATAP-0BAB01A352B387428B0B,"[""core"",""dataspace-offering"",""observation"",""quality""]","[""http://www.w3.org/ns/dcat#Catalog""]",http://purl.org/dc/terms/spatial,MUST,,,"[""http://www.w3.org/ns/shacl#BlankNodeOrIRI""]",[],Violation,"[{""language"":""ko"",""text"":""로컬 격리 증거: 원문 PropertyShape에는 메시지가 없으며 sh:nodeKind 제약을 검증한다."",""source"":""local-evidence"",""predicate"":null}]",MOLIT 로컬 적용 가이드(upstream 원문 보충 설명): <http://purl.org/dc/terms/spatial> 값을 <http://www.w3.org/ns/shacl#BlankNodeOrIRI> node kind로 바꾼다. 원문 constraint 값은 변경하지 않는다.,DCAT-AP 3.0.1,"[""https://semiceu.github.io/DCAT-AP/releases/3.0.1#Catalogue.geographicalcoverage""]",DCAT-AP 3.0.1의 sh:nodeKind 제약을 변경 없이 채택한다. named PropertyShape의 원문 direct quad를 그대로 채택했다. 추가한 sh:targetNode는 격리 시험용이며 규범 의미를 바꾸지 않는다.,https://semiceu.github.io/DCAT-AP/releases/3.0.1#dcat:CatalogShape/95015004529c652bcb276060d84ed7423c4a9b08,UPSTREAM-POS-UPSTREAM-DCATAP-0BAB01A352B387428B0B,UPSTREAM-NEG-UPSTREAM-DCATAP-0BAB01A352B387428B0B
UPSTREAM-DCATAP-0DE15713B305AA5C5905,"[""core"",""dataspace-offering"",""observation"",""quality""]","[""http://www.w3.org/2004/02/skos/core#ConceptScheme""]",http://purl.org/dc/terms/title,MUST,,,"[""http://www.w3.org/ns/shacl#Literal""]",[],Violation,"[{""language"":""ko"",""text"":""로컬 격리 증거: 원문 PropertyShape에는 메시지가 없으며 sh:nodeKind 제약을 검증한다."",""source"":""local-evidence"",""predicate"":null}]",MOLIT 로컬 적용 가이드(upstream 원문 보충 설명): <http://purl.org/dc/terms/title> 값을 <http://www.w3.org/ns/shacl#Literal> node kind로 바꾼다. 원문 constraint 값은 변경하지 않는다.,DCAT-AP 3.0.1,"[""https://semiceu.github.io/DCAT-AP/releases/3.0.1#ConceptScheme.title""]",DCAT-AP 3.0.1의 sh:nodeKind 제약을 변경 없이 채택한다. named PropertyShape의 원문 direct quad를 그대로 채택했다. 추가한 sh:targetNode는 격리 시험용이며 규범 의미를 바꾸지 않는다.,https://semiceu.github.io/DCAT-AP/releases/3.0.1#skos:ConceptSchemeShape/d5d74574f70f9a979535f3624608f88180dd0c97,UPSTREAM-POS-UPSTREAM-DCATAP-0DE15713B305AA5C5905,UPSTREAM-NEG-UPSTREAM-DCATAP-0DE15713B305AA5C5905
UPSTREAM-DCATAP-0E2FC13F39ADC41FD04E,"[""core"",""dataspace-offering"",""observation"",""quality""]","[""http://www.w3.org/ns/dcat#Dataset""]",http://www.w3.org/ns/dcat#keyword,MUST,,,"[""http://www.w3.org/ns/shacl#Literal""]",[],Violation,"[{""language"":""ko"",""text"":""로컬 격리 증거: 원문 PropertyShape에는 메시지가 없으며 sh:nodeKind 제약을 검증한다."",""source"":""local-evidence"",""predicate"":null}]",MOLIT 로컬 적용 가이드(upstream 원문 보충 설명): <http://www.w3.org/ns/dcat#keyword> 값을 <http://www.w3.org/ns/shacl#Literal> node kind로 바꾼다. 원문 constraint 값은 변경하지 않는다.,DCAT-AP 3.0.1,"[""https://semiceu.github.io/DCAT-AP/releases/3.0.1#Dataset.keyword""]",DCAT-AP 3.0.1의 sh:nodeKind 제약을 변경 없이 채택한다. named PropertyShape의 원문 direct quad를 그대로 채택했다. 추가한 sh:targetNode는 격리 시험용이며 규범 의미를 바꾸지 않는다.,https://semiceu.github.io/DCAT-AP/releases/3.0.1#dcat:DatasetShape/5bc739112726cd993c279f81380611cafc3a9857,UPSTREAM-POS-UPSTREAM-DCATAP-0E2FC13F39ADC41FD04E,UPSTREAM-NEG-UPSTREAM-DCATAP-0E2FC13F39ADC41FD04E
UPSTREAM-DCATAP-0F6252777E095211BFB2,"[""core"",""dataspace-offering"",""observation"",""quality""]","[""http://www.w3.org/ns/dcat#Dataset""]",http://purl.org/dc/terms/spatial,MUST,,,"[""http://purl.org/dc/terms/Location""]",[],Violation,"[{""language"":""ko"",""text"":""로컬 격리 증거: 원문 PropertyShape에는 메시지가 없으며 sh:class 제약을 검증한다."",""source"":""local-evidence"",""predicate"":null}]",MOLIT 로컬 적용 가이드(upstream 원문 보충 설명): <http://purl.org/dc/terms/spatial>의 모든 값에 rdf:type <http://purl.org/dc/terms/Location>를 명시한다. 원문 constraint 값은 변경하지 않는다.,DCAT-AP 3.0.1,"[""https://semiceu.github.io/DCAT-AP/releases/3.0.1#Dataset.geographicalcoverage""]",DCAT-AP 3.0.1의 sh:class 제약을 변경 없이 채택한다. named PropertyShape의 원문 direct quad를 그대로 채택했다. 추가한 sh:targetNode는 격리 시험용이며 규범 의미를 바꾸지 않는다.,https://semiceu.github.io/DCAT-AP/releases/3.0.1#dcat:DatasetShape/00a99d55cbc03165373a8348d5a88402ea4f239a,UPSTREAM-POS-UPSTREAM-DCATAP-0F6252777E095211BFB2,UPSTREAM-NEG-UPSTREAM-DCATAP-0F6252777E095211BFB2
UPSTREAM-DCATAP-0FB847CBC82DFC894836,"[""core"",""dataspace-offering"",""observation"",""quality""]","[""http://www.w3.org/ns/dcat#Dataset""]",http://purl.org/dc/terms/relation,MUST,,,"[""http://www.w3.org/ns/shacl#BlankNodeOrIRI""]",[],Violation,"[{""language"":""ko"",""text"":""로컬 격리 증거: 원문 PropertyShape에는 메시지가 없으며 sh:nodeKind 제약을 검증한다."",""source"":""local-evidence"",""predicate"":null}]",MOLIT 로컬 적용 가이드(upstream 원문 보충 설명): <http://purl.org/dc/terms/relation> 값을 <http://www.w3.org/ns/shacl#BlankNodeOrIRI> node kind로 바꾼다. 원문 constraint 값은 변경하지 않는다.,DCAT-AP 3.0.1,"[""https://semiceu.github.io/DCAT-AP/releases/3.0.1#Dataset.relatedresource""]",DCAT-AP 3.0.1의 sh:nodeKind 제약을 변경 없이 채택한다. named PropertyShape의 원문 direct quad를 그대로 채택했다. 추가한 sh:targetNode는 격리 시험용이며 규범 의미를 바꾸지 않는다.,https://semiceu.github.io/DCAT-AP/releases/3.0.1#dcat:DatasetShape/0b40e829101914fa8381318b35a5205a2a465453,UPSTREAM-POS-UPSTREAM-DCATAP-0FB847CBC82DFC894836,UPSTREAM-NEG-UPSTREAM-DCATAP-0FB847CBC82DFC894836
UPSTREAM-DCATAP-135DBE6EFF8D274D31AC,"[""core"",""dataspace-offering"",""observation"",""quality""]","[""http://www.w3.org/ns/dcat#DataService""]",http://www.w3.org/ns/dcat#landingPage,MUST,,,"[""http://www.w3.org/ns/shacl#BlankNodeOrIRI""]",[],Violation,"[{""language"":""ko"",""text"":""로컬 격리 증거: 원문 PropertyShape에는 메시지가 없으며 sh:nodeKind 제약을 검증한다."",""source"":""local-evidence"",""predicate"":null}]",MOLIT 로컬 적용 가이드(upstream 원문 보충 설명): <http://www.w3.org/ns/dcat#landingPage> 값을 <http://www.w3.org/ns/shacl#BlankNodeOrIRI> node kind로 바꾼다. 원문 constraint 값은 변경하지 않는다.,DCAT-AP 3.0.1,"[""https://semiceu.github.io/DCAT-AP/releases/3.0.1#DataService.landingpage""]",DCAT-AP 3.0.1의 sh:nodeKind 제약을 변경 없이 채택한다. named PropertyShape의 원문 direct quad를 그대로 채택했다. 추가한 sh:targetNode는 격리 시험용이며 규범 의미를 바꾸지 않는다.,https://semiceu.github.io/DCAT-AP/releases/3.0.1#dcat:DataServiceShape/30e78cd98aa6cd5dbc31678289abb5e0cc0b55c7,UPSTREAM-POS-UPSTREAM-DCATAP-135DBE6EFF8D274D31AC,UPSTREAM-NEG-UPSTREAM-DCATAP-135DBE6EFF8D274D31AC
UPSTREAM-DCATAP-162114F318254BD7FD85,"[""core"",""dataspace-offering"",""observation"",""quality""]","[""http://www.w3.org/ns/dcat#Distribution""]",http://purl.org/dc/terms/rights,MUST,,,"[""http://purl.org/dc/terms/RightsStatement""]",[],Violation,"[{""language"":""ko"",""text"":""로컬 격리 증거: 원문 PropertyShape에는 메시지가 없으며 sh:class 제약을 검증한다."",""source"":""local-evidence"",""predicate"":null}]",MOLIT 로컬 적용 가이드(upstream 원문 보충 설명): <http://purl.org/dc/terms/rights>의 모든 값에 rdf:type <http://purl.org/dc/terms/RightsStatement>를 명시한다. 원문 constraint 값은 변경하지 않는다.,DCAT-AP 3.0.1,"[""https://semiceu.github.io/DCAT-AP/releases/3.0.1#Distribution.rights""]",DCAT-AP 3.0.1의 sh:class 제약을 변경 없이 채택한다. named PropertyShape의 원문 direct quad를 그대로 채택했다. 추가한 sh:targetNode는 격리 시험용이며 규범 의미를 바꾸지 않는다.,https://semiceu.github.io/DCAT-AP/releases/3.0.1#dcat:DistributionShape/99435c17158fbaa12d1d955b8886d5bf935ab016,UPSTREAM-POS-UPSTREAM-DCATAP-162114F318254BD7FD85,UPSTREAM-NEG-UPSTREAM-DCATAP-162114F318254BD7FD85
UPSTREAM-DCATAP-1627948DF64441B3FC4D,"[""core"",""dataspace-offering"",""observation"",""quality""]","[""http://www.w3.org/ns/dcat#Dataset""]",http://purl.org/dc/terms/publisher,MUST,,,"[""http://xmlns.com/foaf/0.1/Agent""]",[],Violation,"[{""language"":""ko"",""text"":""로컬 격리 증거: 원문 PropertyShape에는 메시지가 없으며 sh:class 제약을 검증한다."",""source"":""local-evidence"",""predicate"":null}]",MOLIT 로컬 적용 가이드(upstream 원문 보충 설명): <http://purl.org/dc/terms/publisher>의 모든 값에 rdf:type <http://xmlns.com/foaf/0.1/Agent>를 명시한다. 원문 constraint 값은 변경하지 않는다.,DCAT-AP 3.0.1,"[""https://semiceu.github.io/DCAT-AP/releases/3.0.1#Dataset.publisher""]",DCAT-AP 3.0.1의 sh:class 제약을 변경 없이 채택한다. named PropertyShape의 원문 direct quad를 그대로 채택했다. 추가한 sh:targetNode는 격리 시험용이며 규범 의미를 바꾸지 않는다.,https://semiceu.github.io/DCAT-AP/releases/3.0.1#dcat:DatasetShape/b3ec0655204c62a2531244aaeab12f1a2c5e5b5d,UPSTREAM-POS-UPSTREAM-DCATAP-1627948DF64441B3FC4D,UPSTREAM-NEG-UPSTREAM-DCATAP-1627948DF64441B3FC4D
UPSTREAM-DCATAP-173215AA1E57A1FDD5E4,"[""core"",""dataspace-offering"",""observation"",""quality""]","[""http://www.w3.org/ns/dcat#Distribution""]",http://purl.org/dc/terms/format,MUST,,1,[],[],Violation,"[{""language"":""ko"",""text"":""로컬 격리 증거: 원문 PropertyShape에는 메시지가 없으며 sh:maxCount 제약을 검증한다."",""source"":""local-evidence"",""predicate"":null}]",MOLIT 로컬 적용 가이드(upstream 원문 보충 설명): <http://purl.org/dc/terms/format> 값을 1개 이하로 줄인다. 원문 constraint 값은 변경하지 않는다.,DCAT-AP 3.0.1,"[""https://semiceu.github.io/DCAT-AP/releases/3.0.1#Distribution.format""]",DCAT-AP 3.0.1의 sh:maxCount 제약을 변경 없이 채택한다. named PropertyShape의 원문 direct quad를 그대로 채택했다. 추가한 sh:targetNode는 격리 시험용이며 규범 의미를 바꾸지 않는다.,https://semiceu.github.io/DCAT-AP/releases/3.0.1#dcat:DistributionShape/9484b608420ccb732e39ca34b588c57868c81181,UPSTREAM-POS-UPSTREAM-DCATAP-173215AA1E57A1FDD5E4,UPSTREAM-NEG-UPSTREAM-DCATAP-173215AA1E57A1FDD5E4
UPSTREAM-DCATAP-173B344E41A31711C5D7,"[""core"",""dataspace-offering"",""observation"",""quality""]","[""http://www.w3.org/ns/dcat#Dataset""]",http://purl.org/dc/terms/accessRights,MUST,,,"[""http://www.w3.org/ns/shacl#BlankNodeOrIRI""]",[],Violation,"[{""language"":""ko"",""text"":""로컬 격리 증거: 원문 PropertyShape에는 메시지가 없으며 sh:nodeKind 제약을 검증한다."",""source"":""local-evidence"",""predicate"":null}]",MOLIT 로컬 적용 가이드(upstream 원문 보충 설명): <http://purl.org/dc/terms/accessRights> 값을 <http://www.w3.org/ns/shacl#BlankNodeOrIRI> node kind로 바꾼다. 원문 constraint 값은 변경하지 않는다.,DCAT-AP 3.0.1,"[""https://semiceu.github.io/DCAT-AP/releases/3.0.1#Dataset.accessrights""]",DCAT-AP 3.0.1의 sh:nodeKind 제약을 변경 없이 채택한다. named PropertyShape의 원문 direct quad를 그대로 채택했다. 추가한 sh:targetNode는 격리 시험용이며 규범 의미를 바꾸지 않는다.,https://semiceu.github.io/DCAT-AP/releases/3.0.1#dcat:DatasetShape/10c0ca4deadefb51c529f56ee01caf9bd2639ef4,UPSTREAM-POS-UPSTREAM-DCATAP-173B344E41A31711C5D7,UPSTREAM-NEG-UPSTREAM-DCATAP-173B344E41A31711C5D7
UPSTREAM-DCATAP-17CB519206EE2CA7E02A,"[""core"",""dataspace-offering"",""observation"",""quality""]","[""http://purl.org/dc/terms/PeriodOfTime""]",http://www.w3.org/ns/dcat#endDate,MUST,,1,[],[],Violation,"[{""language"":""ko"",""text"":""로컬 격리 증거: 원문 PropertyShape에는 메시지가 없으며 sh:maxCount 제약을 검증한다."",""source"":""local-evidence"",""predicate"":null}]",MOLIT 로컬 적용 가이드(upstream 원문 보충 설명): <http://www.w3.org/ns/dcat#endDate> 값을 1개 이하로 줄인다. 원문 constraint 값은 변경하지 않는다.,DCAT-AP 3.0.1,"[""https://semiceu.github.io/DCAT-AP/releases/3.0.1#PeriodofTime.enddate""]",DCAT-AP 3.0.1의 sh:maxCount 제약을 변경 없이 채택한다. named PropertyShape의 원문 direct quad를 그대로 채택했다. 추가한 sh:targetNode는 격리 시험용이며 규범 의미를 바꾸지 않는다.,https://semiceu.github.io/DCAT-AP/releases/3.0.1#dct:PeriodOfTimeShape/734ca37cb57eb7386e624ca5375d566ae94864ef,UPSTREAM-POS-UPSTREAM-DCATAP-17CB519206EE2CA7E02A,UPSTREAM-NEG-UPSTREAM-DCATAP-17CB519206EE2CA7E02A
UPSTREAM-DCATAP-17CDC0D9ED114E80ED5B,"[""core"",""dataspace-offering"",""observation"",""quality""]","[""http://www.w3.org/ns/dcat#Dataset""]",http://www.w3.org/ns/dcat#qualifiedRelation,MUST,,,"[""http://www.w3.org/ns/dcat#Relationship""]",[],Violation,"[{""language"":""ko"",""text"":""로컬 격리 증거: 원문 PropertyShape에는 메시지가 없으며 sh:class 제약을 검증한다."",""source"":""local-evidence"",""predicate"":null}]",MOLIT 로컬 적용 가이드(upstream 원문 보충 설명): <http://www.w3.org/ns/dcat#qualifiedRelation>의 모든 값에 rdf:type <http://www.w3.org/ns/dcat#Relationship>를 명시한다. 원문 constraint 값은 변경하지 않는다.,DCAT-AP 3.0.1,"[""https://semiceu.github.io/DCAT-AP/releases/3.0.1#Dataset.qualifiedrelation""]",DCAT-AP 3.0.1의 sh:class 제약을 변경 없이 채택한다. named PropertyShape의 원문 direct quad를 그대로 채택했다. 추가한 sh:targetNode는 격리 시험용이며 규범 의미를 바꾸지 않는다.,https://semiceu.github.io/DCAT-AP/releases/3.0.1#dcat:DatasetShape/fb900ce4a3c69358a055e1f0d365fba049164374,UPSTREAM-POS-UPSTREAM-DCATAP-17CDC0D9ED114E80ED5B,UPSTREAM-NEG-UPSTREAM-DCATAP-17CDC0D9ED114E80ED5B
UPSTREAM-DCATAP-17E25A0335446B09DCFF,"[""core"",""dataspace-offering"",""observation"",""quality""]","[""http://www.w3.org/ns/dcat#CatalogRecord""]",http://purl.org/dc/terms/description,MUST,,,"[""http://www.w3.org/ns/shacl#Literal""]",[],Violation,"[{""language"":""ko"",""text"":""로컬 격리 증거: 원문 PropertyShape에는 메시지가 없으며 sh:nodeKind 제약을 검증한다."",""source"":""local-evidence"",""predicate"":null}]",MOLIT 로컬 적용 가이드(upstream 원문 보충 설명): <http://purl.org/dc/terms/description> 값을 <http://www.w3.org/ns/shacl#Literal> node kind로 바꾼다. 원문 constraint 값은 변경하지 않는다.,DCAT-AP 3.0.1,"[""https://semiceu.github.io/DCAT-AP/releases/3.0.1#CatalogueRecord.description""]",DCAT-AP 3.0.1의 sh:nodeKind 제약을 변경 없이 채택한다. named PropertyShape의 원문 direct quad를 그대로 채택했다. 추가한 sh:targetNode는 격리 시험용이며 규범 의미를 바꾸지 않는다.,https://semiceu.github.io/DCAT-AP/releases/3.0.1#dcat:CatalogRecordShape/6cae9880e515253132af1452a38a8a5827165149,UPSTREAM-POS-UPSTREAM-DCATAP-17E25A0335446B09DCFF,UPSTREAM-NEG-UPSTREAM-DCATAP-17E25A0335446B09DCFF
UPSTREAM-DCATAP-18EB0CC465942FBB00DC,"[""core"",""dataspace-offering"",""observation"",""quality""]","[""http://www.w3.org/ns/dcat#Dataset""]",http://purl.org/dc/terms/modified,MUST,,1,[],[],Violation,"[{""language"":""ko"",""text"":""로컬 격리 증거: 원문 PropertyShape에는 메시지가 없으며 sh:maxCount 제약을 검증한다."",""source"":""local-evidence"",""predicate"":null}]",MOLIT 로컬 적용 가이드(upstream 원문 보충 설명): <http://purl.org/dc/terms/modified> 값을 1개 이하로 줄인다. 원문 constraint 값은 변경하지 않는다.,DCAT-AP 3.0.1,"[""https://semiceu.github.io/DCAT-AP/releases/3.0.1#Dataset.modificationdate""]",DCAT-AP 3.0.1의 sh:maxCount 제약을 변경 없이 채택한다. named PropertyShape의 원문 direct quad를 그대로 채택했다. 추가한 sh:targetNode는 격리 시험용이며 규범 의미를 바꾸지 않는다.,https://semiceu.github.io/DCAT-AP/releases/3.0.1#dcat:DatasetShape/9e9d878c1c354206edc1d411f33c82d4d01e5a8f,UPSTREAM-POS-UPSTREAM-DCATAP-18EB0CC465942FBB00DC,UPSTREAM-NEG-UPSTREAM-DCATAP-18EB0CC465942FBB00DC
UPSTREAM-DCATAP-1A585B637119FA851007,"[""core"",""dataspace-offering"",""observation"",""quality""]","[""http://www.w3.org/ns/dcat#DatasetSeries""]",http://purl.org/dc/terms/title,MUST,1,,[],[],Violation,"[{""language"":""ko"",""text"":""로컬 격리 증거: 원문 PropertyShape에는 메시지가 없으며 sh:minCount 제약을 검증한다."",""source"":""local-evidence"",""predicate"":null}]",MOLIT 로컬 적용 가이드(upstream 원문 보충 설명): <http://purl.org/dc/terms/title> 값을 1개 이상 제공한다. 원문 constraint 값은 변경하지 않는다.,DCAT-AP 3.0.1,"[""https://semiceu.github.io/DCAT-AP/releases/3.0.1#DatasetSeries.title""]",DCAT-AP 3.0.1의 sh:minCount 제약을 변경 없이 채택한다. named PropertyShape의 원문 direct quad를 그대로 채택했다. 추가한 sh:targetNode는 격리 시험용이며 규범 의미를 바꾸지 않는다.,https://semiceu.github.io/DCAT-AP/releases/3.0.1#dcat:DatasetSeriesShape/f8b02efd063b8089b72ce9677a1e4a3488eeb9a9,UPSTREAM-POS-UPSTREAM-DCATAP-1A585B637119FA851007,UPSTREAM-NEG-UPSTREAM-DCATAP-1A585B637119FA851007
UPSTREAM-DCATAP-1BA5F640F781C6CF198A,"[""core"",""dataspace-offering"",""observation"",""quality""]","[""http://www.w3.org/ns/dcat#Catalog""]",http://purl.org/dc/terms/modified,MUST,,,"[""http://www.w3.org/ns/shacl#Literal""]",[],Violation,"[{""language"":""ko"",""text"":""로컬 격리 증거: 원문 PropertyShape에는 메시지가 없으며 sh:nodeKind 제약을 검증한다."",""source"":""local-evidence"",""predicate"":null}]",MOLIT 로컬 적용 가이드(upstream 원문 보충 설명): <http://purl.org/dc/terms/modified> 값을 <http://www.w3.org/ns/shacl#Literal> node kind로 바꾼다. 원문 constraint 값은 변경하지 않는다.,DCAT-AP 3.0.1,"[""https://semiceu.github.io/DCAT-AP/releases/3.0.1#Catalogue.modificationdate""]",DCAT-AP 3.0.1의 sh:nodeKind 제약을 변경 없이 채택한다. named PropertyShape의 원문 direct quad를 그대로 채택했다. 추가한 sh:targetNode는 격리 시험용이며 규범 의미를 바꾸지 않는다.,https://semiceu.github.io/DCAT-AP/releases/3.0.1#dcat:CatalogShape/6b7242b6b89977700c05e4875131fbb975c4235e,UPSTREAM-POS-UPSTREAM-DCATAP-1BA5F640F781C6CF198A,UPSTREAM-NEG-UPSTREAM-DCATAP-1BA5F640F781C6CF198A
UPSTREAM-DCATAP-1BF169EC71CC2C838935,"[""core"",""dataspace-offering"",""observation"",""quality""]","[""http://www.w3.org/ns/dcat#DataService""]",http://purl.org/dc/terms/publisher,MUST,,,"[""http://www.w3.org/ns/shacl#BlankNodeOrIRI""]",[],Violation,"[{""language"":""ko"",""text"":""로컬 격리 증거: 원문 PropertyShape에는 메시지가 없으며 sh:nodeKind 제약을 검증한다."",""source"":""local-evidence"",""predicate"":null}]",MOLIT 로컬 적용 가이드(upstream 원문 보충 설명): <http://purl.org/dc/terms/publisher> 값을 <http://www.w3.org/ns/shacl#BlankNodeOrIRI> node kind로 바꾼다. 원문 constraint 값은 변경하지 않는다.,DCAT-AP 3.0.1,"[""https://semiceu.github.io/DCAT-AP/releases/3.0.1#DataService.publisher""]",DCAT-AP 3.0.1의 sh:nodeKind 제약을 변경 없이 채택한다. named PropertyShape의 원문 direct quad를 그대로 채택했다. 추가한 sh:targetNode는 격리 시험용이며 규범 의미를 바꾸지 않는다.,https://semiceu.github.io/DCAT-AP/releases/3.0.1#dcat:DataServiceShape/93f73e69bb03d2928fcf758a253ef316becdf9b9,UPSTREAM-POS-UPSTREAM-DCATAP-1BF169EC71CC2C838935,UPSTREAM-NEG-UPSTREAM-DCATAP-1BF169EC71CC2C838935
UPSTREAM-DCATAP-1DC556185D88B29C1DAC,"[""core"",""dataspace-offering"",""observation"",""quality""]","[""http://www.w3.org/ns/dcat#DatasetSeries""]",http://purl.org/dc/terms/issued,MUST,,1,[],[],Violation,"[{""language"":""ko"",""text"":""로컬 격리 증거: 원문 PropertyShape에는 메시지가 없으며 sh:maxCount 제약을 검증한다."",""source"":""local-evidence"",""predicate"":null}]",MOLIT 로컬 적용 가이드(upstream 원문 보충 설명): <http://purl.org/dc/terms/issued> 값을 1개 이하로 줄인다. 원문 constraint 값은 변경하지 않는다.,DCAT-AP 3.0.1,"[""https://semiceu.github.io/DCAT-AP/releases/3.0.1#DatasetSeries.releasedate""]",DCAT-AP 3.0.1의 sh:maxCount 제약을 변경 없이 채택한다. named PropertyShape의 원문 direct quad를 그대로 채택했다. 추가한 sh:targetNode는 격리 시험용이며 규범 의미를 바꾸지 않는다.,https://semiceu.github.io/DCAT-AP/releases/3.0.1#dcat:DatasetSeriesShape/b362d2bdbbe8ba1c689e5554cca2bcbd295546de,UPSTREAM-POS-UPSTREAM-DCATAP-1DC556185D88B29C1DAC,UPSTREAM-NEG-UPSTREAM-DCATAP-1DC556185D88B29C1DAC
UPSTREAM-DCATAP-1E48188ECE58AA0D88D4,"[""core"",""dataspace-offering"",""observation"",""quality""]","[""http://www.w3.org/ns/dcat#Dataset""]",http://purl.org/dc/terms/accrualPeriodicity,MUST,,,"[""http://www.w3.org/ns/shacl#BlankNodeOrIRI""]",[],Violation,"[{""language"":""ko"",""text"":""로컬 격리 증거: 원문 PropertyShape에는 메시지가 없으며 sh:nodeKind 제약을 검증한다."",""source"":""local-evidence"",""predicate"":null}]",MOLIT 로컬 적용 가이드(upstream 원문 보충 설명): <http://purl.org/dc/terms/accrualPeriodicity> 값을 <http://www.w3.org/ns/shacl#BlankNodeOrIRI> node kind로 바꾼다. 원문 constraint 값은 변경하지 않는다.,DCAT-AP 3.0.1,"[""https://semiceu.github.io/DCAT-AP/releases/3.0.1#Dataset.frequency""]",DCAT-AP 3.0.1의 sh:nodeKind 제약을 변경 없이 채택한다. named PropertyShape의 원문 direct quad를 그대로 채택했다. 추가한 sh:targetNode는 격리 시험용이며 규범 의미를 바꾸지 않는다.,https://semiceu.github.io/DCAT-AP/releases/3.0.1#dcat:DatasetShape/63a8cf23801ef605734507c621693524f22476dd,UPSTREAM-POS-UPSTREAM-DCATAP-1E48188ECE58AA0D88D4,UPSTREAM-NEG-UPSTREAM-DCATAP-1E48188ECE58AA0D88D4
UPSTREAM-DCATAP-1EE07B67AF19E9063559,"[""core"",""dataspace-offering"",""observation"",""quality""]","[""http://www.w3.org/ns/dcat#Distribution""]",http://www.w3.org/ns/odrl/2/hasPolicy,MUST,,,"[""http://www.w3.org/ns/odrl/2/Policy""]",[],Violation,"[{""language"":""ko"",""text"":""로컬 격리 증거: 원문 PropertyShape에는 메시지가 없으며 sh:class 제약을 검증한다."",""source"":""local-evidence"",""predicate"":null}]",MOLIT 로컬 적용 가이드(upstream 원문 보충 설명): <http://www.w3.org/ns/odrl/2/hasPolicy>의 모든 값에 rdf:type <http://www.w3.org/ns/odrl/2/Policy>를 명시한다. 원문 constraint 값은 변경하지 않는다.,DCAT-AP 3.0.1,"[""https://semiceu.github.io/DCAT-AP/releases/3.0.1#Distribution.haspolicy""]",DCAT-AP 3.0.1의 sh:class 제약을 변경 없이 채택한다. named PropertyShape의 원문 direct quad를 그대로 채택했다. 추가한 sh:targetNode는 격리 시험용이며 규범 의미를 바꾸지 않는다.,https://semiceu.github.io/DCAT-AP/releases/3.0.1#dcat:DistributionShape/8c1e0d1ac55cc7da56ed33785c09a2980899a997,UPSTREAM-POS-UPSTREAM-DCATAP-1EE07B67AF19E9063559,UPSTREAM-NEG-UPSTREAM-DCATAP-1EE07B67AF19E9063559
UPSTREAM-DCATAP-1F39E792F19BB13FB6AF,"[""core"",""dataspace-offering"",""observation"",""quality""]","[""http://www.w3.org/ns/dcat#Dataset""]",http://purl.org/dc/terms/type,MUST,,,"[""http://www.w3.org/ns/shacl#BlankNodeOrIRI""]",[],Violation,"[{""language"":""ko"",""text"":""로컬 격리 증거: 원문 PropertyShape에는 메시지가 없으며 sh:nodeKind 제약을 검증한다."",""source"":""local-evidence"",""predicate"":null}]",MOLIT 로컬 적용 가이드(upstream 원문 보충 설명): <http://purl.org/dc/terms/type> 값을 <http://www.w3.org/ns/shacl#BlankNodeOrIRI> node kind로 바꾼다. 원문 constraint 값은 변경하지 않는다.,DCAT-AP 3.0.1,"[""https://semiceu.github.io/DCAT-AP/releases/3.0.1#Dataset.type""]",DCAT-AP 3.0.1의 sh:nodeKind 제약을 변경 없이 채택한다. named PropertyShape의 원문 direct quad를 그대로 채택했다. 추가한 sh:targetNode는 격리 시험용이며 규범 의미를 바꾸지 않는다.,https://semiceu.github.io/DCAT-AP/releases/3.0.1#dcat:DatasetShape/4f381639bb6e021939f65b4f41409d1edaeade9b,UPSTREAM-POS-UPSTREAM-DCATAP-1F39E792F19BB13FB6AF,UPSTREAM-NEG-UPSTREAM-DCATAP-1F39E792F19BB13FB6AF
UPSTREAM-DCATAP-1FC54C04312B9FA3FE93,"[""core"",""dataspace-offering"",""observation"",""quality""]","[""http://www.w3.org/ns/dcat#Dataset""]",http://www.w3.org/ns/dcat#landingPage,MUST,,,"[""http://xmlns.com/foaf/0.1/Document""]",[],Violation,"[{""language"":""ko"",""text"":""로컬 격리 증거: 원문 PropertyShape에는 메시지가 없으며 sh:class 제약을 검증한다."",""source"":""local-evidence"",""predicate"":null}]",MOLIT 로컬 적용 가이드(upstream 원문 보충 설명): <http://www.w3.org/ns/dcat#landingPage>의 모든 값에 rdf:type <http://xmlns.com/foaf/0.1/Document>를 명시한다. 원문 constraint 값은 변경하지 않는다.,DCAT-AP 3.0.1,"[""https://semiceu.github.io/DCAT-AP/releases/3.0.1#Dataset.landingpage""]",DCAT-AP 3.0.1의 sh:class 제약을 변경 없이 채택한다. named PropertyShape의 원문 direct quad를 그대로 채택했다. 추가한 sh:targetNode는 격리 시험용이며 규범 의미를 바꾸지 않는다.,https://semiceu.github.io/DCAT-AP/releases/3.0.1#dcat:DatasetShape/ffbbcd28b1fd92213d8350e1b6418d3d998c7197,UPSTREAM-POS-UPSTREAM-DCATAP-1FC54C04312B9FA3FE93,UPSTREAM-NEG-UPSTREAM-DCATAP-1FC54C04312B9FA3FE93
UPSTREAM-DCATAP-2018D819936AE33B639E,"[""core"",""dataspace-offering"",""observation"",""quality""]","[""http://www.w3.org/ns/dcat#CatalogRecord""]",http://purl.org/dc/terms/language,MUST,,,"[""http://purl.org/dc/terms/LinguisticSystem""]",[],Violation,"[{""language"":""ko"",""text"":""로컬 격리 증거: 원문 PropertyShape에는 메시지가 없으며 sh:class 제약을 검증한다."",""source"":""local-evidence"",""predicate"":null}]",MOLIT 로컬 적용 가이드(upstream 원문 보충 설명): <http://purl.org/dc/terms/language>의 모든 값에 rdf:type <http://purl.org/dc/terms/LinguisticSystem>를 명시한다. 원문 constraint 값은 변경하지 않는다.,DCAT-AP 3.0.1,"[""https://semiceu.github.io/DCAT-AP/releases/3.0.1#CatalogueRecord.language""]",DCAT-AP 3.0.1의 sh:class 제약을 변경 없이 채택한다. named PropertyShape의 원문 direct quad를 그대로 채택했다. 추가한 sh:targetNode는 격리 시험용이며 규범 의미를 바꾸지 않는다.,https://semiceu.github.io/DCAT-AP/releases/3.0.1#dcat:CatalogRecordShape/29ba27566ab1f32c8bb73f3492436d4bd868d3d2,UPSTREAM-POS-UPSTREAM-DCATAP-2018D819936AE33B639E,UPSTREAM-NEG-UPSTREAM-DCATAP-2018D819936AE33B639E
UPSTREAM-DCATAP-20B717611565ADD839B8,"[""core"",""dataspace-offering"",""observation"",""quality""]","[""http://purl.org/dc/terms/Location""]",http://www.w3.org/ns/locn#geometry,MUST,,,"[""http://www.w3.org/ns/shacl#BlankNodeOrIRI""]",[],Violation,"[{""language"":""ko"",""text"":""로컬 격리 증거: 원문 PropertyShape에는 메시지가 없으며 sh:nodeKind 제약을 검증한다."",""source"":""local-evidence"",""predicate"":null}]",MOLIT 로컬 적용 가이드(upstream 원문 보충 설명): <http://www.w3.org/ns/locn#geometry> 값을 <http://www.w3.org/ns/shacl#BlankNodeOrIRI> node kind로 바꾼다. 원문 constraint 값은 변경하지 않는다.,DCAT-AP 3.0.1,"[""https://semiceu.github.io/DCAT-AP/releases/3.0.1#Location.geometry""]",DCAT-AP 3.0.1의 sh:nodeKind 제약을 변경 없이 채택한다. named PropertyShape의 원문 direct quad를 그대로 채택했다. 추가한 sh:targetNode는 격리 시험용이며 규범 의미를 바꾸지 않는다.,https://semiceu.github.io/DCAT-AP/releases/3.0.1#dct:LocationShape/d0b958cd33e8ef1bc031edaf2859b44db128a644,UPSTREAM-POS-UPSTREAM-DCATAP-20B717611565ADD839B8,UPSTREAM-NEG-UPSTREAM-DCATAP-20B717611565ADD839B8
UPSTREAM-DCATAP-20F0DFF1938B73CB312B,"[""core"",""dataspace-offering"",""observation"",""quality""]","[""http://www.w3.org/ns/dcat#Dataset""]",http://data.europa.eu/r5r/applicableLegislation,MUST,,,"[""http://www.w3.org/ns/shacl#BlankNodeOrIRI""]",[],Violation,"[{""language"":""ko"",""text"":""로컬 격리 증거: 원문 PropertyShape에는 메시지가 없으며 sh:nodeKind 제약을 검증한다."",""source"":""local-evidence"",""predicate"":null}]",MOLIT 로컬 적용 가이드(upstream 원문 보충 설명): <http://data.europa.eu/r5r/applicableLegislation> 값을 <http://www.w3.org/ns/shacl#BlankNodeOrIRI> node kind로 바꾼다. 원문 constraint 값은 변경하지 않는다.,DCAT-AP 3.0.1,"[""https://semiceu.github.io/DCAT-AP/releases/3.0.1#Dataset.applicablelegislation""]",DCAT-AP 3.0.1의 sh:nodeKind 제약을 변경 없이 채택한다. named PropertyShape의 원문 direct quad를 그대로 채택했다. 추가한 sh:targetNode는 격리 시험용이며 규범 의미를 바꾸지 않는다.,https://semiceu.github.io/DCAT-AP/releases/3.0.1#dcat:DatasetShape/0a6f3bb11ed4ea12f852c78996b89c9a54ffc0fb,UPSTREAM-POS-UPSTREAM-DCATAP-20F0DFF1938B73CB312B,UPSTREAM-NEG-UPSTREAM-DCATAP-20F0DFF1938B73CB312B
UPSTREAM-DCATAP-218FD6ABC8B4BEF8A8F1,"[""core"",""dataspace-offering"",""observation"",""quality""]","[""http://www.w3.org/ns/dcat#DataService""]",http://purl.org/dc/terms/license,MUST,,,"[""http://www.w3.org/ns/shacl#BlankNodeOrIRI""]",[],Violation,"[{""language"":""ko"",""text"":""로컬 격리 증거: 원문 PropertyShape에는 메시지가 없으며 sh:nodeKind 제약을 검증한다."",""source"":""local-evidence"",""predicate"":null}]",MOLIT 로컬 적용 가이드(upstream 원문 보충 설명): <http://purl.org/dc/terms/license> 값을 <http://www.w3.org/ns/shacl#BlankNodeOrIRI> node kind로 바꾼다. 원문 constraint 값은 변경하지 않는다.,DCAT-AP 3.0.1,"[""https://semiceu.github.io/DCAT-AP/releases/3.0.1#DataService.licence""]",DCAT-AP 3.0.1의 sh:nodeKind 제약을 변경 없이 채택한다. named PropertyShape의 원문 direct quad를 그대로 채택했다. 추가한 sh:targetNode는 격리 시험용이며 규범 의미를 바꾸지 않는다.,https://semiceu.github.io/DCAT-AP/releases/3.0.1#dcat:DataServiceShape/f30149ffb6ec9d00dd5866b052105729fa27d02a,UPSTREAM-POS-UPSTREAM-DCATAP-218FD6ABC8B4BEF8A8F1,UPSTREAM-NEG-UPSTREAM-DCATAP-218FD6ABC8B4BEF8A8F1
UPSTREAM-DCATAP-21B2D90D2629FC05DBF9,"[""core"",""dataspace-offering"",""observation"",""quality""]","[""http://xmlns.com/foaf/0.1/Agent""]",http://purl.org/dc/terms/type,MUST,,1,[],[],Violation,"[{""language"":""ko"",""text"":""로컬 격리 증거: 원문 PropertyShape에는 메시지가 없으며 sh:maxCount 제약을 검증한다."",""source"":""local-evidence"",""predicate"":null}]",MOLIT 로컬 적용 가이드(upstream 원문 보충 설명): <http://purl.org/dc/terms/type> 값을 1개 이하로 줄인다. 원문 constraint 값은 변경하지 않는다.,DCAT-AP 3.0.1,"[""https://semiceu.github.io/DCAT-AP/releases/3.0.1#Agent.type""]",DCAT-AP 3.0.1의 sh:maxCount 제약을 변경 없이 채택한다. named PropertyShape의 원문 direct quad를 그대로 채택했다. 추가한 sh:targetNode는 격리 시험용이며 규범 의미를 바꾸지 않는다.,https://semiceu.github.io/DCAT-AP/releases/3.0.1#foaf:AgentShape/236f0210baaf149903750c43bbe7012c21debb2a,UPSTREAM-POS-UPSTREAM-DCATAP-21B2D90D2629FC05DBF9,UPSTREAM-NEG-UPSTREAM-DCATAP-21B2D90D2629FC05DBF9
UPSTREAM-DCATAP-22410EE61F096C581A54,"[""core"",""dataspace-offering"",""observation"",""quality""]","[""http://www.w3.org/ns/dcat#Dataset""]",http://purl.org/dc/terms/description,MUST,,,"[""http://www.w3.org/ns/shacl#Literal""]",[],Violation,"[{""language"":""ko"",""text"":""로컬 격리 증거: 원문 PropertyShape에는 메시지가 없으며 sh:nodeKind 제약을 검증한다."",""source"":""local-evidence"",""predicate"":null}]",MOLIT 로컬 적용 가이드(upstream 원문 보충 설명): <http://purl.org/dc/terms/description> 값을 <http://www.w3.org/ns/shacl#Literal> node kind로 바꾼다. 원문 constraint 값은 변경하지 않는다.,DCAT-AP 3.0.1,"[""https://semiceu.github.io/DCAT-AP/releases/3.0.1#Dataset.description""]",DCAT-AP 3.0.1의 sh:nodeKind 제약을 변경 없이 채택한다. named PropertyShape의 원문 direct quad를 그대로 채택했다. 추가한 sh:targetNode는 격리 시험용이며 규범 의미를 바꾸지 않는다.,https://semiceu.github.io/DCAT-AP/releases/3.0.1#dcat:DatasetShape/6cae9880e515253132af1452a38a8a5827165149,UPSTREAM-POS-UPSTREAM-DCATAP-22410EE61F096C581A54,UPSTREAM-NEG-UPSTREAM-DCATAP-22410EE61F096C581A54
UPSTREAM-DCATAP-251C3CA2B922940022A5,"[""core"",""dataspace-offering"",""observation"",""quality""]","[""http://www.w3.org/ns/dcat#DatasetSeries""]",http://purl.org/dc/terms/temporal,MUST,,,"[""http://purl.org/dc/terms/PeriodOfTime""]",[],Violation,"[{""language"":""ko"",""text"":""로컬 격리 증거: 원문 PropertyShape에는 메시지가 없으며 sh:class 제약을 검증한다."",""source"":""local-evidence"",""predicate"":null}]",MOLIT 로컬 적용 가이드(upstream 원문 보충 설명): <http://purl.org/dc/terms/temporal>의 모든 값에 rdf:type <http://purl.org/dc/terms/PeriodOfTime>를 명시한다. 원문 constraint 값은 변경하지 않는다.,DCAT-AP 3.0.1,"[""https://semiceu.github.io/DCAT-AP/releases/3.0.1#DatasetSeries.temporalcoverage""]",DCAT-AP 3.0.1의 sh:class 제약을 변경 없이 채택한다. named PropertyShape의 원문 direct quad를 그대로 채택했다. 추가한 sh:targetNode는 격리 시험용이며 규범 의미를 바꾸지 않는다.,https://semiceu.github.io/DCAT-AP/releases/3.0.1#dcat:DatasetSeriesShape/8e3b1c0888909beb09cd832b3145ad1f7abb1caa,UPSTREAM-POS-UPSTREAM-DCATAP-251C3CA2B922940022A5,UPSTREAM-NEG-UPSTREAM-DCATAP-251C3CA2B922940022A5
UPSTREAM-DCATAP-2527A7BC132AC21B36D4,"[""core"",""dataspace-offering"",""observation"",""quality""]","[""http://www.w3.org/ns/dcat#Distribution""]",http://www.w3.org/ns/dcat#spatialResolutionInMeters,MUST,,1,[],[],Violation,"[{""language"":""ko"",""text"":""로컬 격리 증거: 원문 PropertyShape에는 메시지가 없으며 sh:maxCount 제약을 검증한다."",""source"":""local-evidence"",""predicate"":null}]",MOLIT 로컬 적용 가이드(upstream 원문 보충 설명): <http://www.w3.org/ns/dcat#spatialResolutionInMeters> 값을 1개 이하로 줄인다. 원문 constraint 값은 변경하지 않는다.,DCAT-AP 3.0.1,"[""https://semiceu.github.io/DCAT-AP/releases/3.0.1#Distribution.spatialresolution""]",DCAT-AP 3.0.1의 sh:maxCount 제약을 변경 없이 채택한다. named PropertyShape의 원문 direct quad를 그대로 채택했다. 추가한 sh:targetNode는 격리 시험용이며 규범 의미를 바꾸지 않는다.,https://semiceu.github.io/DCAT-AP/releases/3.0.1#dcat:DistributionShape/fcf80b3465d802bf69af0e66cf87973c64d4130a,UPSTREAM-POS-UPSTREAM-DCATAP-2527A7BC132AC21B36D4,UPSTREAM-NEG-UPSTREAM-DCATAP-2527A7BC132AC21B36D4
UPSTREAM-DCATAP-25BE556233AFA857F4BC,"[""core"",""dataspace-offering"",""observation"",""quality""]","[""http://www.w3.org/ns/dcat#Distribution""]",http://purl.org/dc/terms/issued,MUST,,,"[""http://www.w3.org/ns/shacl#Literal""]",[],Violation,"[{""language"":""ko"",""text"":""로컬 격리 증거: 원문 PropertyShape에는 메시지가 없으며 sh:nodeKind 제약을 검증한다."",""source"":""local-evidence"",""predicate"":null}]",MOLIT 로컬 적용 가이드(upstream 원문 보충 설명): <http://purl.org/dc/terms/issued> 값을 <http://www.w3.org/ns/shacl#Literal> node kind로 바꾼다. 원문 constraint 값은 변경하지 않는다.,DCAT-AP 3.0.1,"[""https://semiceu.github.io/DCAT-AP/releases/3.0.1#Distribution.releasedate""]",DCAT-AP 3.0.1의 sh:nodeKind 제약을 변경 없이 채택한다. named PropertyShape의 원문 direct quad를 그대로 채택했다. 추가한 sh:targetNode는 격리 시험용이며 규범 의미를 바꾸지 않는다.,https://semiceu.github.io/DCAT-AP/releases/3.0.1#dcat:DistributionShape/4be37093e4c3ba0d5b5a18ef6b97778d6d689392,UPSTREAM-POS-UPSTREAM-DCATAP-25BE556233AFA857F4BC,UPSTREAM-NEG-UPSTREAM-DCATAP-25BE556233AFA857F4BC
UPSTREAM-DCATAP-267C400E6902B1AD2CC7,"[""core"",""dataspace-offering"",""observation"",""quality""]","[""http://www.w3.org/ns/dcat#DataService""]",http://purl.org/dc/terms/conformsTo,MUST,,,"[""http://purl.org/dc/terms/Standard""]",[],Violation,"[{""language"":""ko"",""text"":""로컬 격리 증거: 원문 PropertyShape에는 메시지가 없으며 sh:class 제약을 검증한다."",""source"":""local-evidence"",""predicate"":null}]",MOLIT 로컬 적용 가이드(upstream 원문 보충 설명): <http://purl.org/dc/terms/conformsTo>의 모든 값에 rdf:type <http://purl.org/dc/terms/Standard>를 명시한다. 원문 constraint 값은 변경하지 않는다.,DCAT-AP 3.0.1,"[""https://semiceu.github.io/DCAT-AP/releases/3.0.1#DataService.conformsto""]",DCAT-AP 3.0.1의 sh:class 제약을 변경 없이 채택한다. named PropertyShape의 원문 direct quad를 그대로 채택했다. 추가한 sh:targetNode는 격리 시험용이며 규범 의미를 바꾸지 않는다.,https://semiceu.github.io/DCAT-AP/releases/3.0.1#dcat:DataServiceShape/c84f7330b9538a899ebb875c44dc23c9882e74ac,UPSTREAM-POS-UPSTREAM-DCATAP-267C400E6902B1AD2CC7,UPSTREAM-NEG-UPSTREAM-DCATAP-267C400E6902B1AD2CC7
UPSTREAM-DCATAP-27201B2B15E94E79970F,"[""core"",""dataspace-offering"",""observation"",""quality""]","[""http://www.w3.org/ns/dcat#Dataset""]",http://purl.org/dc/terms/language,MUST,,,"[""http://www.w3.org/ns/shacl#BlankNodeOrIRI""]",[],Violation,"[{""language"":""ko"",""text"":""로컬 격리 증거: 원문 PropertyShape에는 메시지가 없으며 sh:nodeKind 제약을 검증한다."",""source"":""local-evidence"",""predicate"":null}]",MOLIT 로컬 적용 가이드(upstream 원문 보충 설명): <http://purl.org/dc/terms/language> 값을 <http://www.w3.org/ns/shacl#BlankNodeOrIRI> node kind로 바꾼다. 원문 constraint 값은 변경하지 않는다.,DCAT-AP 3.0.1,"[""https://semiceu.github.io/DCAT-AP/releases/3.0.1#Dataset.language""]",DCAT-AP 3.0.1의 sh:nodeKind 제약을 변경 없이 채택한다. named PropertyShape의 원문 direct quad를 그대로 채택했다. 추가한 sh:targetNode는 격리 시험용이며 규범 의미를 바꾸지 않는다.,https://semiceu.github.io/DCAT-AP/releases/3.0.1#dcat:DatasetShape/db878f1cb93930f64561d0504123c66feacfad5a,UPSTREAM-POS-UPSTREAM-DCATAP-27201B2B15E94E79970F,UPSTREAM-NEG-UPSTREAM-DCATAP-27201B2B15E94E79970F
UPSTREAM-DCATAP-28302DE07A661B37FFCC,"[""core"",""dataspace-offering"",""observation"",""quality""]","[""http://www.w3.org/ns/dcat#Distribution""]",http://purl.org/dc/terms/rights,MUST,,,"[""http://www.w3.org/ns/shacl#BlankNodeOrIRI""]",[],Violation,"[{""language"":""ko"",""text"":""로컬 격리 증거: 원문 PropertyShape에는 메시지가 없으며 sh:nodeKind 제약을 검증한다."",""source"":""local-evidence"",""predicate"":null}]",MOLIT 로컬 적용 가이드(upstream 원문 보충 설명): <http://purl.org/dc/terms/rights> 값을 <http://www.w3.org/ns/shacl#BlankNodeOrIRI> node kind로 바꾼다. 원문 constraint 값은 변경하지 않는다.,DCAT-AP 3.0.1,"[""https://semiceu.github.io/DCAT-AP/releases/3.0.1#Distribution.rights""]",DCAT-AP 3.0.1의 sh:nodeKind 제약을 변경 없이 채택한다. named PropertyShape의 원문 direct quad를 그대로 채택했다. 추가한 sh:targetNode는 격리 시험용이며 규범 의미를 바꾸지 않는다.,https://semiceu.github.io/DCAT-AP/releases/3.0.1#dcat:DistributionShape/b4c4138f0581e7240ec4dd866004c56407b3705a,UPSTREAM-POS-UPSTREAM-DCATAP-28302DE07A661B37FFCC,UPSTREAM-NEG-UPSTREAM-DCATAP-28302DE07A661B37FFCC
UPSTREAM-DCATAP-28B793F7D1BF28E4ACEF,"[""core"",""dataspace-offering"",""observation"",""quality""]","[""http://www.w3.org/ns/dcat#Dataset""]",http://www.w3.org/ns/dcat#contactPoint,MUST,,,"[""http://www.w3.org/ns/shacl#BlankNodeOrIRI""]",[],Violation,"[{""language"":""ko"",""text"":""로컬 격리 증거: 원문 PropertyShape에는 메시지가 없으며 sh:nodeKind 제약을 검증한다."",""source"":""local-evidence"",""predicate"":null}]",MOLIT 로컬 적용 가이드(upstream 원문 보충 설명): <http://www.w3.org/ns/dcat#contactPoint> 값을 <http://www.w3.org/ns/shacl#BlankNodeOrIRI> node kind로 바꾼다. 원문 constraint 값은 변경하지 않는다.,DCAT-AP 3.0.1,"[""https://semiceu.github.io/DCAT-AP/releases/3.0.1#Dataset.contactpoint""]",DCAT-AP 3.0.1의 sh:nodeKind 제약을 변경 없이 채택한다. named PropertyShape의 원문 direct quad를 그대로 채택했다. 추가한 sh:targetNode는 격리 시험용이며 규범 의미를 바꾸지 않는다.,https://semiceu.github.io/DCAT-AP/releases/3.0.1#dcat:DatasetShape/9adf9f5890592909cf3e67021ae7ab4f895a7745,UPSTREAM-POS-UPSTREAM-DCATAP-28B793F7D1BF28E4ACEF,UPSTREAM-NEG-UPSTREAM-DCATAP-28B793F7D1BF28E4ACEF
UPSTREAM-DCATAP-2D6D8C7755D7ABA8F760,"[""core"",""dataspace-offering"",""observation"",""quality""]","[""http://www.w3.org/ns/dcat#Distribution""]",http://www.w3.org/ns/dcat#temporalResolution,MUST,,,"[""http://www.w3.org/2001/XMLSchema#duration""]",[],Violation,"[{""language"":""ko"",""text"":""로컬 격리 증거: 원문 PropertyShape에는 메시지가 없으며 sh:datatype 제약을 검증한다."",""source"":""local-evidence"",""predicate"":null}]",MOLIT 로컬 적용 가이드(upstream 원문 보충 설명): <http://www.w3.org/ns/dcat#temporalResolution> 값을 <http://www.w3.org/2001/XMLSchema#duration> datatype의 유효한 lexical literal로 직렬화한다. 원문 constraint 값은 변경하지 않는다.,DCAT-AP 3.0.1,"[""https://semiceu.github.io/DCAT-AP/releases/3.0.1#Distribution.temporalresolution""]",DCAT-AP 3.0.1의 sh:datatype 제약을 변경 없이 채택한다. named PropertyShape의 원문 direct quad를 그대로 채택했다. 추가한 sh:targetNode는 격리 시험용이며 규범 의미를 바꾸지 않는다.,https://semiceu.github.io/DCAT-AP/releases/3.0.1#dcat:DistributionShape/e6d76f7de5d5b08e584d9cd40619631987a64a7c,UPSTREAM-POS-UPSTREAM-DCATAP-2D6D8C7755D7ABA8F760,UPSTREAM-NEG-UPSTREAM-DCATAP-2D6D8C7755D7ABA8F760
UPSTREAM-DCATAP-2E11D63619F993B09274,"[""core"",""dataspace-offering"",""observation"",""quality""]","[""http://purl.org/dc/terms/PeriodOfTime""]",http://www.w3.org/2006/time#hasEnd,MUST,,,"[""http://www.w3.org/ns/shacl#BlankNodeOrIRI""]",[],Violation,"[{""language"":""ko"",""text"":""로컬 격리 증거: 원문 PropertyShape에는 메시지가 없으며 sh:nodeKind 제약을 검증한다."",""source"":""local-evidence"",""predicate"":null}]",MOLIT 로컬 적용 가이드(upstream 원문 보충 설명): <http://www.w3.org/2006/time#hasEnd> 값을 <http://www.w3.org/ns/shacl#BlankNodeOrIRI> node kind로 바꾼다. 원문 constraint 값은 변경하지 않는다.,DCAT-AP 3.0.1,"[""https://semiceu.github.io/DCAT-AP/releases/3.0.1#PeriodofTime.end""]",DCAT-AP 3.0.1의 sh:nodeKind 제약을 변경 없이 채택한다. named PropertyShape의 원문 direct quad를 그대로 채택했다. 추가한 sh:targetNode는 격리 시험용이며 규범 의미를 바꾸지 않는다.,https://semiceu.github.io/DCAT-AP/releases/3.0.1#dct:PeriodOfTimeShape/c7fb86be0667a2402b275afe51fe509a49d6e4af,UPSTREAM-POS-UPSTREAM-DCATAP-2E11D63619F993B09274,UPSTREAM-NEG-UPSTREAM-DCATAP-2E11D63619F993B09274
UPSTREAM-DCATAP-2E9D2C9CA2587C0D8097,"[""core"",""dataspace-offering"",""observation"",""quality""]","[""http://www.w3.org/ns/dcat#Relationship""]",http://www.w3.org/ns/dcat#hadRole,MUST,,,"[""http://www.w3.org/ns/dcat#Role""]",[],Violation,"[{""language"":""ko"",""text"":""로컬 격리 증거: 원문 PropertyShape에는 메시지가 없으며 sh:class 제약을 검증한다."",""source"":""local-evidence"",""predicate"":null}]",MOLIT 로컬 적용 가이드(upstream 원문 보충 설명): <http://www.w3.org/ns/dcat#hadRole>의 모든 값에 rdf:type <http://www.w3.org/ns/dcat#Role>를 명시한다. 원문 constraint 값은 변경하지 않는다.,DCAT-AP 3.0.1,"[""https://semiceu.github.io/DCAT-AP/releases/3.0.1#Relationship.hadrole""]",DCAT-AP 3.0.1의 sh:class 제약을 변경 없이 채택한다. named PropertyShape의 원문 direct quad를 그대로 채택했다. 추가한 sh:targetNode는 격리 시험용이며 규범 의미를 바꾸지 않는다.,https://semiceu.github.io/DCAT-AP/releases/3.0.1#dcat:RelationshipShape/a7737e15de2cea53610b34ef78cab0c2c9695a83,UPSTREAM-POS-UPSTREAM-DCATAP-2E9D2C9CA2587C0D8097,UPSTREAM-NEG-UPSTREAM-DCATAP-2E9D2C9CA2587C0D8097
UPSTREAM-DCATAP-2F3A536F5688A238ABF6,"[""core"",""dataspace-offering"",""observation"",""quality""]","[""http://www.w3.org/ns/dcat#DatasetSeries""]",http://purl.org/dc/terms/publisher,MUST,,,"[""http://xmlns.com/foaf/0.1/Agent""]",[],Violation,"[{""language"":""ko"",""text"":""로컬 격리 증거: 원문 PropertyShape에는 메시지가 없으며 sh:class 제약을 검증한다."",""source"":""local-evidence"",""predicate"":null}]",MOLIT 로컬 적용 가이드(upstream 원문 보충 설명): <http://purl.org/dc/terms/publisher>의 모든 값에 rdf:type <http://xmlns.com/foaf/0.1/Agent>를 명시한다. 원문 constraint 값은 변경하지 않는다.,DCAT-AP 3.0.1,"[""https://semiceu.github.io/DCAT-AP/releases/3.0.1#DatasetSeries.publisher""]",DCAT-AP 3.0.1의 sh:class 제약을 변경 없이 채택한다. named PropertyShape의 원문 direct quad를 그대로 채택했다. 추가한 sh:targetNode는 격리 시험용이며 규범 의미를 바꾸지 않는다.,https://semiceu.github.io/DCAT-AP/releases/3.0.1#dcat:DatasetSeriesShape/b3ec0655204c62a2531244aaeab12f1a2c5e5b5d,UPSTREAM-POS-UPSTREAM-DCATAP-2F3A536F5688A238ABF6,UPSTREAM-NEG-UPSTREAM-DCATAP-2F3A536F5688A238ABF6
UPSTREAM-DCATAP-325E36B6D5DBF2F6F088,"[""core"",""dataspace-offering"",""observation"",""quality""]","[""http://www.w3.org/ns/dcat#Catalog""]",http://purl.org/dc/terms/publisher,MUST,1,,[],[],Violation,"[{""language"":""ko"",""text"":""로컬 격리 증거: 원문 PropertyShape에는 메시지가 없으며 sh:minCount 제약을 검증한다."",""source"":""local-evidence"",""predicate"":null}]",MOLIT 로컬 적용 가이드(upstream 원문 보충 설명): <http://purl.org/dc/terms/publisher> 값을 1개 이상 제공한다. 원문 constraint 값은 변경하지 않는다.,DCAT-AP 3.0.1,"[""https://semiceu.github.io/DCAT-AP/releases/3.0.1#Catalogue.publisher""]",DCAT-AP 3.0.1의 sh:minCount 제약을 변경 없이 채택한다. named PropertyShape의 원문 direct quad를 그대로 채택했다. 추가한 sh:targetNode는 격리 시험용이며 규범 의미를 바꾸지 않는다.,https://semiceu.github.io/DCAT-AP/releases/3.0.1#dcat:CatalogShape/a0ccdf3bd7f5d161d07f375a26e68c18ca91dc19,UPSTREAM-POS-UPSTREAM-DCATAP-325E36B6D5DBF2F6F088,UPSTREAM-NEG-UPSTREAM-DCATAP-325E36B6D5DBF2F6F088
UPSTREAM-DCATAP-32A4242F20FD319F4858,"[""core"",""dataspace-offering"",""observation"",""quality""]","[""http://www.w3.org/2004/02/skos/core#Concept""]",http://www.w3.org/2004/02/skos/core#prefLabel,MUST,1,,[],[],Violation,"[{""language"":""ko"",""text"":""로컬 격리 증거: 원문 PropertyShape에는 메시지가 없으며 sh:minCount 제약을 검증한다."",""source"":""local-evidence"",""predicate"":null}]",MOLIT 로컬 적용 가이드(upstream 원문 보충 설명): <http://www.w3.org/2004/02/skos/core#prefLabel> 값을 1개 이상 제공한다. 원문 constraint 값은 변경하지 않는다.,DCAT-AP 3.0.1,"[""https://semiceu.github.io/DCAT-AP/releases/3.0.1#Concept.preferredlabel""]",DCAT-AP 3.0.1의 sh:minCount 제약을 변경 없이 채택한다. named PropertyShape의 원문 direct quad를 그대로 채택했다. 추가한 sh:targetNode는 격리 시험용이며 규범 의미를 바꾸지 않는다.,https://semiceu.github.io/DCAT-AP/releases/3.0.1#skos:ConceptShape/e4d44fb0d3c41df2a4042ee73fec8d83fc141a60,UPSTREAM-POS-UPSTREAM-DCATAP-32A4242F20FD319F4858,UPSTREAM-NEG-UPSTREAM-DCATAP-32A4242F20FD319F4858
UPSTREAM-DCATAP-32E71068BDC51B5A1D5F,"[""core"",""dataspace-offering"",""observation"",""quality""]","[""http://www.w3.org/ns/dcat#Dataset""]",http://www.w3.org/ns/dcat#landingPage,MUST,,,"[""http://www.w3.org/ns/shacl#BlankNodeOrIRI""]",[],Violation,"[{""language"":""ko"",""text"":""로컬 격리 증거: 원문 PropertyShape에는 메시지가 없으며 sh:nodeKind 제약을 검증한다."",""source"":""local-evidence"",""predicate"":null}]",MOLIT 로컬 적용 가이드(upstream 원문 보충 설명): <http://www.w3.org/ns/dcat#landingPage> 값을 <http://www.w3.org/ns/shacl#BlankNodeOrIRI> node kind로 바꾼다. 원문 constraint 값은 변경하지 않는다.,DCAT-AP 3.0.1,"[""https://semiceu.github.io/DCAT-AP/releases/3.0.1#Dataset.landingpage""]",DCAT-AP 3.0.1의 sh:nodeKind 제약을 변경 없이 채택한다. named PropertyShape의 원문 direct quad를 그대로 채택했다. 추가한 sh:targetNode는 격리 시험용이며 규범 의미를 바꾸지 않는다.,https://semiceu.github.io/DCAT-AP/releases/3.0.1#dcat:DatasetShape/30e78cd98aa6cd5dbc31678289abb5e0cc0b55c7,UPSTREAM-POS-UPSTREAM-DCATAP-32E71068BDC51B5A1D5F,UPSTREAM-NEG-UPSTREAM-DCATAP-32E71068BDC51B5A1D5F
UPSTREAM-DCATAP-340283879555603B911B,"[""core"",""dataspace-offering"",""observation"",""quality""]","[""http://www.w3.org/ns/dcat#Relationship""]",http://purl.org/dc/terms/relation,MUST,1,,[],[],Violation,"[{""language"":""ko"",""text"":""로컬 격리 증거: 원문 PropertyShape에는 메시지가 없으며 sh:minCount 제약을 검증한다."",""source"":""local-evidence"",""predicate"":null}]",MOLIT 로컬 적용 가이드(upstream 원문 보충 설명): <http://purl.org/dc/terms/relation> 값을 1개 이상 제공한다. 원문 constraint 값은 변경하지 않는다.,DCAT-AP 3.0.1,"[""https://semiceu.github.io/DCAT-AP/releases/3.0.1#Relationship.relation""]",DCAT-AP 3.0.1의 sh:minCount 제약을 변경 없이 채택한다. named PropertyShape의 원문 direct quad를 그대로 채택했다. 추가한 sh:targetNode는 격리 시험용이며 규범 의미를 바꾸지 않는다.,https://semiceu.github.io/DCAT-AP/releases/3.0.1#dcat:RelationshipShape/a64a849abcc67d2a79ccfbbc89f318fab6543c88,UPSTREAM-POS-UPSTREAM-DCATAP-340283879555603B911B,UPSTREAM-NEG-UPSTREAM-DCATAP-340283879555603B911B
UPSTREAM-DCATAP-34B9A2659C8356F7DE73,"[""core"",""dataspace-offering"",""observation"",""quality""]","[""http://purl.org/dc/terms/LicenseDocument""]",http://purl.org/dc/terms/type,MUST,,,"[""http://www.w3.org/ns/shacl#BlankNodeOrIRI""]",[],Violation,"[{""language"":""ko"",""text"":""로컬 격리 증거: 원문 PropertyShape에는 메시지가 없으며 sh:nodeKind 제약을 검증한다."",""source"":""local-evidence"",""predicate"":null}]",MOLIT 로컬 적용 가이드(upstream 원문 보충 설명): <http://purl.org/dc/terms/type> 값을 <http://www.w3.org/ns/shacl#BlankNodeOrIRI> node kind로 바꾼다. 원문 constraint 값은 변경하지 않는다.,DCAT-AP 3.0.1,"[""https://semiceu.github.io/DCAT-AP/releases/3.0.1#LicenceDocument.type""]",DCAT-AP 3.0.1의 sh:nodeKind 제약을 변경 없이 채택한다. named PropertyShape의 원문 direct quad를 그대로 채택했다. 추가한 sh:targetNode는 격리 시험용이며 규범 의미를 바꾸지 않는다.,https://semiceu.github.io/DCAT-AP/releases/3.0.1#dct:LicenseDocumentShape/4f381639bb6e021939f65b4f41409d1edaeade9b,UPSTREAM-POS-UPSTREAM-DCATAP-34B9A2659C8356F7DE73,UPSTREAM-NEG-UPSTREAM-DCATAP-34B9A2659C8356F7DE73
UPSTREAM-DCATAP-358313F14795F42AE821,"[""core"",""dataspace-offering"",""observation"",""quality""]","[""http://www.w3.org/ns/dcat#Catalog""]",http://www.w3.org/ns/dcat#service,MUST,,,"[""http://www.w3.org/ns/shacl#BlankNodeOrIRI""]",[],Violation,"[{""language"":""ko"",""text"":""로컬 격리 증거: 원문 PropertyShape에는 메시지가 없으며 sh:nodeKind 제약을 검증한다."",""source"":""local-evidence"",""predicate"":null}]",MOLIT 로컬 적용 가이드(upstream 원문 보충 설명): <http://www.w3.org/ns/dcat#service> 값을 <http://www.w3.org/ns/shacl#BlankNodeOrIRI> node kind로 바꾼다. 원문 constraint 값은 변경하지 않는다.,DCAT-AP 3.0.1,"[""https://semiceu.github.io/DCAT-AP/releases/3.0.1#Catalogue.service""]",DCAT-AP 3.0.1의 sh:nodeKind 제약을 변경 없이 채택한다. named PropertyShape의 원문 direct quad를 그대로 채택했다. 추가한 sh:targetNode는 격리 시험용이며 규범 의미를 바꾸지 않는다.,https://semiceu.github.io/DCAT-AP/releases/3.0.1#dcat:CatalogShape/e9a8f5414305eafd449b87a38bfe0c974341c9ac,UPSTREAM-POS-UPSTREAM-DCATAP-358313F14795F42AE821,UPSTREAM-NEG-UPSTREAM-DCATAP-358313F14795F42AE821
UPSTREAM-DCATAP-35E06966EDC495A20B30,"[""core"",""dataspace-offering"",""observation"",""quality""]","[""http://www.w3.org/ns/dcat#CatalogRecord""]",http://www.w3.org/ns/adms#status,MUST,,,"[""http://www.w3.org/ns/shacl#BlankNodeOrIRI""]",[],Violation,"[{""language"":""ko"",""text"":""로컬 격리 증거: 원문 PropertyShape에는 메시지가 없으며 sh:nodeKind 제약을 검증한다."",""source"":""local-evidence"",""predicate"":null}]",MOLIT 로컬 적용 가이드(upstream 원문 보충 설명): <http://www.w3.org/ns/adms#status> 값을 <http://www.w3.org/ns/shacl#BlankNodeOrIRI> node kind로 바꾼다. 원문 constraint 값은 변경하지 않는다.,DCAT-AP 3.0.1,"[""https://semiceu.github.io/DCAT-AP/releases/3.0.1#CatalogueRecord.changetype""]",DCAT-AP 3.0.1의 sh:nodeKind 제약을 변경 없이 채택한다. named PropertyShape의 원문 direct quad를 그대로 채택했다. 추가한 sh:targetNode는 격리 시험용이며 규범 의미를 바꾸지 않는다.,https://semiceu.github.io/DCAT-AP/releases/3.0.1#dcat:CatalogRecordShape/8c70e4513eeeeacaf9fdbc9e2cf3df16973e24c0,UPSTREAM-POS-UPSTREAM-DCATAP-35E06966EDC495A20B30,UPSTREAM-NEG-UPSTREAM-DCATAP-35E06966EDC495A20B30
UPSTREAM-DCATAP-35E6C99233B1E50F238D,"[""core"",""dataspace-offering"",""observation"",""quality""]","[""http://www.w3.org/ns/dcat#Distribution""]",http://purl.org/dc/terms/modified,MUST,,1,[],[],Violation,"[{""language"":""ko"",""text"":""로컬 격리 증거: 원문 PropertyShape에는 메시지가 없으며 sh:maxCount 제약을 검증한다."",""source"":""local-evidence"",""predicate"":null}]",MOLIT 로컬 적용 가이드(upstream 원문 보충 설명): <http://purl.org/dc/terms/modified> 값을 1개 이하로 줄인다. 원문 constraint 값은 변경하지 않는다.,DCAT-AP 3.0.1,"[""https://semiceu.github.io/DCAT-AP/releases/3.0.1#Distribution.modificationdate""]",DCAT-AP 3.0.1의 sh:maxCount 제약을 변경 없이 채택한다. named PropertyShape의 원문 direct quad를 그대로 채택했다. 추가한 sh:targetNode는 격리 시험용이며 규범 의미를 바꾸지 않는다.,https://semiceu.github.io/DCAT-AP/releases/3.0.1#dcat:DistributionShape/9e9d878c1c354206edc1d411f33c82d4d01e5a8f,UPSTREAM-POS-UPSTREAM-DCATAP-35E6C99233B1E50F238D,UPSTREAM-NEG-UPSTREAM-DCATAP-35E6C99233B1E50F238D
UPSTREAM-DCATAP-360C6BC4C3BDBC4B5AC4,"[""core"",""dataspace-offering"",""observation"",""quality""]","[""http://www.w3.org/ns/dcat#Dataset""]",http://purl.org/dc/terms/creator,MUST,,,"[""http://xmlns.com/foaf/0.1/Agent""]",[],Violation,"[{""language"":""ko"",""text"":""로컬 격리 증거: 원문 PropertyShape에는 메시지가 없으며 sh:class 제약을 검증한다."",""source"":""local-evidence"",""predicate"":null}]",MOLIT 로컬 적용 가이드(upstream 원문 보충 설명): <http://purl.org/dc/terms/creator>의 모든 값에 rdf:type <http://xmlns.com/foaf/0.1/Agent>를 명시한다. 원문 constraint 값은 변경하지 않는다.,DCAT-AP 3.0.1,"[""https://semiceu.github.io/DCAT-AP/releases/3.0.1#Dataset.creator""]",DCAT-AP 3.0.1의 sh:class 제약을 변경 없이 채택한다. named PropertyShape의 원문 direct quad를 그대로 채택했다. 추가한 sh:targetNode는 격리 시험용이며 규범 의미를 바꾸지 않는다.,https://semiceu.github.io/DCAT-AP/releases/3.0.1#dcat:DatasetShape/c1d40f7102c8201949576e76be48b991b47958d9,UPSTREAM-POS-UPSTREAM-DCATAP-360C6BC4C3BDBC4B5AC4,UPSTREAM-NEG-UPSTREAM-DCATAP-360C6BC4C3BDBC4B5AC4
UPSTREAM-DCATAP-3614D5F7311205682C54,"[""core"",""dataspace-offering"",""observation"",""quality""]","[""http://purl.org/dc/terms/PeriodOfTime""]",http://www.w3.org/2006/time#hasEnd,MUST,,1,[],[],Violation,"[{""language"":""ko"",""text"":""로컬 격리 증거: 원문 PropertyShape에는 메시지가 없으며 sh:maxCount 제약을 검증한다."",""source"":""local-evidence"",""predicate"":null}]",MOLIT 로컬 적용 가이드(upstream 원문 보충 설명): <http://www.w3.org/2006/time#hasEnd> 값을 1개 이하로 줄인다. 원문 constraint 값은 변경하지 않는다.,DCAT-AP 3.0.1,"[""https://semiceu.github.io/DCAT-AP/releases/3.0.1#PeriodofTime.end""]",DCAT-AP 3.0.1의 sh:maxCount 제약을 변경 없이 채택한다. named PropertyShape의 원문 direct quad를 그대로 채택했다. 추가한 sh:targetNode는 격리 시험용이며 규범 의미를 바꾸지 않는다.,https://semiceu.github.io/DCAT-AP/releases/3.0.1#dct:PeriodOfTimeShape/3648a78b9b0570b660934474f131e41284725cd8,UPSTREAM-POS-UPSTREAM-DCATAP-3614D5F7311205682C54,UPSTREAM-NEG-UPSTREAM-DCATAP-3614D5F7311205682C54
UPSTREAM-DCATAP-36F787A56E0BACFAEB6C,"[""core"",""dataspace-offering"",""observation"",""quality""]","[""http://www.w3.org/ns/dcat#Catalog""]",http://purl.org/dc/terms/title,MUST,,,"[""http://www.w3.org/ns/shacl#Literal""]",[],Violation,"[{""language"":""ko"",""text"":""로컬 격리 증거: 원문 PropertyShape에는 메시지가 없으며 sh:nodeKind 제약을 검증한다."",""source"":""local-evidence"",""predicate"":null}]",MOLIT 로컬 적용 가이드(upstream 원문 보충 설명): <http://purl.org/dc/terms/title> 값을 <http://www.w3.org/ns/shacl#Literal> node kind로 바꾼다. 원문 constraint 값은 변경하지 않는다.,DCAT-AP 3.0.1,"[""https://semiceu.github.io/DCAT-AP/releases/3.0.1#Catalogue.title""]",DCAT-AP 3.0.1의 sh:nodeKind 제약을 변경 없이 채택한다. named PropertyShape의 원문 direct quad를 그대로 채택했다. 추가한 sh:targetNode는 격리 시험용이며 규범 의미를 바꾸지 않는다.,https://semiceu.github.io/DCAT-AP/releases/3.0.1#dcat:CatalogShape/d5d74574f70f9a979535f3624608f88180dd0c97,UPSTREAM-POS-UPSTREAM-DCATAP-36F787A56E0BACFAEB6C,UPSTREAM-NEG-UPSTREAM-DCATAP-36F787A56E0BACFAEB6C
UPSTREAM-DCATAP-398756B75E63CB745CD1,"[""core"",""dataspace-offering"",""observation"",""quality""]","[""http://www.w3.org/ns/dcat#Distribution""]",http://www.w3.org/ns/dcat#temporalResolution,MUST,,,"[""http://www.w3.org/ns/shacl#Literal""]",[],Violation,"[{""language"":""ko"",""text"":""로컬 격리 증거: 원문 PropertyShape에는 메시지가 없으며 sh:nodeKind 제약을 검증한다."",""source"":""local-evidence"",""predicate"":null}]",MOLIT 로컬 적용 가이드(upstream 원문 보충 설명): <http://www.w3.org/ns/dcat#temporalResolution> 값을 <http://www.w3.org/ns/shacl#Literal> node kind로 바꾼다. 원문 constraint 값은 변경하지 않는다.,DCAT-AP 3.0.1,"[""https://semiceu.github.io/DCAT-AP/releases/3.0.1#Distribution.temporalresolution""]",DCAT-AP 3.0.1의 sh:nodeKind 제약을 변경 없이 채택한다. named PropertyShape의 원문 direct quad를 그대로 채택했다. 추가한 sh:targetNode는 격리 시험용이며 규범 의미를 바꾸지 않는다.,https://semiceu.github.io/DCAT-AP/releases/3.0.1#dcat:DistributionShape/2961dd5b80e9c0f6242da8cf9eea53ad610d7602,UPSTREAM-POS-UPSTREAM-DCATAP-398756B75E63CB745CD1,UPSTREAM-NEG-UPSTREAM-DCATAP-398756B75E63CB745CD1
UPSTREAM-DCATAP-3B2D3F76C2C10A738054,"[""core"",""dataspace-offering"",""observation"",""quality""]","[""http://www.w3.org/ns/dcat#Distribution""]",http://www.w3.org/ns/dcat#byteSize,MUST,,1,[],[],Violation,"[{""language"":""ko"",""text"":""로컬 격리 증거: 원문 PropertyShape에는 메시지가 없으며 sh:maxCount 제약을 검증한다."",""source"":""local-evidence"",""predicate"":null}]",MOLIT 로컬 적용 가이드(upstream 원문 보충 설명): <http://www.w3.org/ns/dcat#byteSize> 값을 1개 이하로 줄인다. 원문 constraint 값은 변경하지 않는다.,DCAT-AP 3.0.1,"[""https://semiceu.github.io/DCAT-AP/releases/3.0.1#Distribution.bytesize""]",DCAT-AP 3.0.1의 sh:maxCount 제약을 변경 없이 채택한다. named PropertyShape의 원문 direct quad를 그대로 채택했다. 추가한 sh:targetNode는 격리 시험용이며 규범 의미를 바꾸지 않는다.,https://semiceu.github.io/DCAT-AP/releases/3.0.1#dcat:DistributionShape/f635b26fbf54b0114a70dd22929ed87f5f34b230,UPSTREAM-POS-UPSTREAM-DCATAP-3B2D3F76C2C10A738054,UPSTREAM-NEG-UPSTREAM-DCATAP-3B2D3F76C2C10A738054
UPSTREAM-DCATAP-3B3690BDCDFC2871D36E,"[""core"",""dataspace-offering"",""observation"",""quality""]","[""http://www.w3.org/ns/adms#Identifier""]",http://www.w3.org/2004/02/skos/core#notation,MUST,,1,[],[],Violation,"[{""language"":""ko"",""text"":""로컬 격리 증거: 원문 PropertyShape에는 메시지가 없으며 sh:maxCount 제약을 검증한다."",""source"":""local-evidence"",""predicate"":null}]",MOLIT 로컬 적용 가이드(upstream 원문 보충 설명): <http://www.w3.org/2004/02/skos/core#notation> 값을 1개 이하로 줄인다. 원문 constraint 값은 변경하지 않는다.,DCAT-AP 3.0.1,"[""https://semiceu.github.io/DCAT-AP/releases/3.0.1#Identifier.notation""]",DCAT-AP 3.0.1의 sh:maxCount 제약을 변경 없이 채택한다. named PropertyShape의 원문 direct quad를 그대로 채택했다. 추가한 sh:targetNode는 격리 시험용이며 규범 의미를 바꾸지 않는다.,https://semiceu.github.io/DCAT-AP/releases/3.0.1#adms:IdentifierShape/e02208f9fa32c429dc5023f2799d03368703b974,UPSTREAM-POS-UPSTREAM-DCATAP-3B3690BDCDFC2871D36E,UPSTREAM-NEG-UPSTREAM-DCATAP-3B3690BDCDFC2871D36E
UPSTREAM-DCATAP-3C215DB5046AB5F1EDED,"[""core"",""dataspace-offering"",""observation"",""quality""]","[""http://www.w3.org/ns/dcat#Catalog""]",http://www.w3.org/ns/dcat#themeTaxonomy,MUST,,,"[""http://www.w3.org/2004/02/skos/core#ConceptScheme""]",[],Violation,"[{""language"":""ko"",""text"":""로컬 격리 증거: 원문 PropertyShape에는 메시지가 없으며 sh:class 제약을 검증한다."",""source"":""local-evidence"",""predicate"":null}]",MOLIT 로컬 적용 가이드(upstream 원문 보충 설명): <http://www.w3.org/ns/dcat#themeTaxonomy>의 모든 값에 rdf:type <http://www.w3.org/2004/02/skos/core#ConceptScheme>를 명시한다. 원문 constraint 값은 변경하지 않는다.,DCAT-AP 3.0.1,"[""https://semiceu.github.io/DCAT-AP/releases/3.0.1#Catalogue.themes""]",DCAT-AP 3.0.1의 sh:class 제약을 변경 없이 채택한다. named PropertyShape의 원문 direct quad를 그대로 채택했다. 추가한 sh:targetNode는 격리 시험용이며 규범 의미를 바꾸지 않는다.,https://semiceu.github.io/DCAT-AP/releases/3.0.1#dcat:CatalogShape/6051cd8d6a1acfcf4d6721f241fff56a0b42ebf9,UPSTREAM-POS-UPSTREAM-DCATAP-3C215DB5046AB5F1EDED,UPSTREAM-NEG-UPSTREAM-DCATAP-3C215DB5046AB5F1EDED
UPSTREAM-DCATAP-3E998758B312CA9BE971,"[""core"",""dataspace-offering"",""observation"",""quality""]","[""http://www.w3.org/ns/dcat#Distribution""]",http://www.w3.org/ns/dcat#spatialResolutionInMeters,MUST,,,"[""http://www.w3.org/2001/XMLSchema#decimal""]",[],Violation,"[{""language"":""ko"",""text"":""로컬 격리 증거: 원문 PropertyShape에는 메시지가 없으며 sh:datatype 제약을 검증한다."",""source"":""local-evidence"",""predicate"":null}]",MOLIT 로컬 적용 가이드(upstream 원문 보충 설명): <http://www.w3.org/ns/dcat#spatialResolutionInMeters> 값을 <http://www.w3.org/2001/XMLSchema#decimal> datatype의 유효한 lexical literal로 직렬화한다. 원문 constraint 값은 변경하지 않는다.,DCAT-AP 3.0.1,"[""https://semiceu.github.io/DCAT-AP/releases/3.0.1#Distribution.spatialresolution""]",DCAT-AP 3.0.1의 sh:datatype 제약을 변경 없이 채택한다. named PropertyShape의 원문 direct quad를 그대로 채택했다. 추가한 sh:targetNode는 격리 시험용이며 규범 의미를 바꾸지 않는다.,https://semiceu.github.io/DCAT-AP/releases/3.0.1#dcat:DistributionShape/42110293925ce8bdb81f82dee95d1f78b2fca91c,UPSTREAM-POS-UPSTREAM-DCATAP-3E998758B312CA9BE971,UPSTREAM-NEG-UPSTREAM-DCATAP-3E998758B312CA9BE971
UPSTREAM-DCATAP-3F6F489A21389B12B2EE,"[""core"",""dataspace-offering"",""observation"",""quality""]","[""http://www.w3.org/ns/dcat#DatasetSeries""]",http://purl.org/dc/terms/publisher,MUST,,1,[],[],Violation,"[{""language"":""ko"",""text"":""로컬 격리 증거: 원문 PropertyShape에는 메시지가 없으며 sh:maxCount 제약을 검증한다."",""source"":""local-evidence"",""predicate"":null}]",MOLIT 로컬 적용 가이드(upstream 원문 보충 설명): <http://purl.org/dc/terms/publisher> 값을 1개 이하로 줄인다. 원문 constraint 값은 변경하지 않는다.,DCAT-AP 3.0.1,"[""https://semiceu.github.io/DCAT-AP/releases/3.0.1#DatasetSeries.publisher""]",DCAT-AP 3.0.1의 sh:maxCount 제약을 변경 없이 채택한다. named PropertyShape의 원문 direct quad를 그대로 채택했다. 추가한 sh:targetNode는 격리 시험용이며 규범 의미를 바꾸지 않는다.,https://semiceu.github.io/DCAT-AP/releases/3.0.1#dcat:DatasetSeriesShape/67dcdb36167ca7969c0532898e11a98e9c2a80f5,UPSTREAM-POS-UPSTREAM-DCATAP-3F6F489A21389B12B2EE,UPSTREAM-NEG-UPSTREAM-DCATAP-3F6F489A21389B12B2EE
UPSTREAM-DCATAP-3FA2C8B33FDCED00FE48,"[""core"",""dataspace-offering"",""observation"",""quality""]","[""http://purl.org/dc/terms/PeriodOfTime""]",http://www.w3.org/2006/time#hasEnd,MUST,,,"[""http://www.w3.org/2006/time#Instant""]",[],Violation,"[{""language"":""ko"",""text"":""로컬 격리 증거: 원문 PropertyShape에는 메시지가 없으며 sh:class 제약을 검증한다."",""source"":""local-evidence"",""predicate"":null}]",MOLIT 로컬 적용 가이드(upstream 원문 보충 설명): <http://www.w3.org/2006/time#hasEnd>의 모든 값에 rdf:type <http://www.w3.org/2006/time#Instant>를 명시한다. 원문 constraint 값은 변경하지 않는다.,DCAT-AP 3.0.1,"[""https://semiceu.github.io/DCAT-AP/releases/3.0.1#PeriodofTime.end""]",DCAT-AP 3.0.1의 sh:class 제약을 변경 없이 채택한다. named PropertyShape의 원문 direct quad를 그대로 채택했다. 추가한 sh:targetNode는 격리 시험용이며 규범 의미를 바꾸지 않는다.,https://semiceu.github.io/DCAT-AP/releases/3.0.1#dct:PeriodOfTimeShape/9053142781444816deeb00f184b765d8cb15b929,UPSTREAM-POS-UPSTREAM-DCATAP-3FA2C8B33FDCED00FE48,UPSTREAM-NEG-UPSTREAM-DCATAP-3FA2C8B33FDCED00FE48
UPSTREAM-DCATAP-3FA6EE3BDDBC8062F1E8,"[""core"",""dataspace-offering"",""observation"",""quality""]","[""http://www.w3.org/ns/dcat#Distribution""]",http://www.w3.org/ns/dcat#compressFormat,MUST,,1,[],[],Violation,"[{""language"":""ko"",""text"":""로컬 격리 증거: 원문 PropertyShape에는 메시지가 없으며 sh:maxCount 제약을 검증한다."",""source"":""local-evidence"",""predicate"":null}]",MOLIT 로컬 적용 가이드(upstream 원문 보충 설명): <http://www.w3.org/ns/dcat#compressFormat> 값을 1개 이하로 줄인다. 원문 constraint 값은 변경하지 않는다.,DCAT-AP 3.0.1,"[""https://semiceu.github.io/DCAT-AP/releases/3.0.1#Distribution.compressionformat""]",DCAT-AP 3.0.1의 sh:maxCount 제약을 변경 없이 채택한다. named PropertyShape의 원문 direct quad를 그대로 채택했다. 추가한 sh:targetNode는 격리 시험용이며 규범 의미를 바꾸지 않는다.,https://semiceu.github.io/DCAT-AP/releases/3.0.1#dcat:DistributionShape/205ef114fb269b0d7632e25b317a3e579ffc3954,UPSTREAM-POS-UPSTREAM-DCATAP-3FA6EE3BDDBC8062F1E8,UPSTREAM-NEG-UPSTREAM-DCATAP-3FA6EE3BDDBC8062F1E8
UPSTREAM-DCATAP-3FB2A993E0E3B94AD6D8,"[""core"",""dataspace-offering"",""observation"",""quality""]","[""http://www.w3.org/ns/dcat#Catalog""]",http://purl.org/dc/terms/language,MUST,,,"[""http://purl.org/dc/terms/LinguisticSystem""]",[],Violation,"[{""language"":""ko"",""text"":""로컬 격리 증거: 원문 PropertyShape에는 메시지가 없으며 sh:class 제약을 검증한다."",""source"":""local-evidence"",""predicate"":null}]",MOLIT 로컬 적용 가이드(upstream 원문 보충 설명): <http://purl.org/dc/terms/language>의 모든 값에 rdf:type <http://purl.org/dc/terms/LinguisticSystem>를 명시한다. 원문 constraint 값은 변경하지 않는다.,DCAT-AP 3.0.1,"[""https://semiceu.github.io/DCAT-AP/releases/3.0.1#Catalogue.language""]",DCAT-AP 3.0.1의 sh:class 제약을 변경 없이 채택한다. named PropertyShape의 원문 direct quad를 그대로 채택했다. 추가한 sh:targetNode는 격리 시험용이며 규범 의미를 바꾸지 않는다.,https://semiceu.github.io/DCAT-AP/releases/3.0.1#dcat:CatalogShape/29ba27566ab1f32c8bb73f3492436d4bd868d3d2,UPSTREAM-POS-UPSTREAM-DCATAP-3FB2A993E0E3B94AD6D8,UPSTREAM-NEG-UPSTREAM-DCATAP-3FB2A993E0E3B94AD6D8
UPSTREAM-DCATAP-3FFD195C6BA6EA11DC77,"[""core"",""dataspace-offering"",""observation"",""quality""]","[""http://www.w3.org/ns/dcat#Catalog""]",http://purl.org/dc/terms/title,MUST,1,,[],[],Violation,"[{""language"":""ko"",""text"":""로컬 격리 증거: 원문 PropertyShape에는 메시지가 없으며 sh:minCount 제약을 검증한다."",""source"":""local-evidence"",""predicate"":null}]",MOLIT 로컬 적용 가이드(upstream 원문 보충 설명): <http://purl.org/dc/terms/title> 값을 1개 이상 제공한다. 원문 constraint 값은 변경하지 않는다.,DCAT-AP 3.0.1,"[""https://semiceu.github.io/DCAT-AP/releases/3.0.1#Catalogue.title""]",DCAT-AP 3.0.1의 sh:minCount 제약을 변경 없이 채택한다. named PropertyShape의 원문 direct quad를 그대로 채택했다. 추가한 sh:targetNode는 격리 시험용이며 규범 의미를 바꾸지 않는다.,https://semiceu.github.io/DCAT-AP/releases/3.0.1#dcat:CatalogShape/f8b02efd063b8089b72ce9677a1e4a3488eeb9a9,UPSTREAM-POS-UPSTREAM-DCATAP-3FFD195C6BA6EA11DC77,UPSTREAM-NEG-UPSTREAM-DCATAP-3FFD195C6BA6EA11DC77
UPSTREAM-DCATAP-404E65B320AB4A9234F8,"[""core"",""dataspace-offering"",""observation"",""quality""]","[""http://www.w3.org/ns/dcat#CatalogRecord""]",http://purl.org/dc/terms/conformsTo,MUST,,,"[""http://purl.org/dc/terms/Standard""]",[],Violation,"[{""language"":""ko"",""text"":""로컬 격리 증거: 원문 PropertyShape에는 메시지가 없으며 sh:class 제약을 검증한다."",""source"":""local-evidence"",""predicate"":null}]",MOLIT 로컬 적용 가이드(upstream 원문 보충 설명): <http://purl.org/dc/terms/conformsTo>의 모든 값에 rdf:type <http://purl.org/dc/terms/Standard>를 명시한다. 원문 constraint 값은 변경하지 않는다.,DCAT-AP 3.0.1,"[""https://semiceu.github.io/DCAT-AP/releases/3.0.1#CatalogueRecord.applicationprofile""]",DCAT-AP 3.0.1의 sh:class 제약을 변경 없이 채택한다. named PropertyShape의 원문 direct quad를 그대로 채택했다. 추가한 sh:targetNode는 격리 시험용이며 규범 의미를 바꾸지 않는다.,https://semiceu.github.io/DCAT-AP/releases/3.0.1#dcat:CatalogRecordShape/31d5e2e3aa43e34f78e4557b9a8c4e7507c4948b,UPSTREAM-POS-UPSTREAM-DCATAP-404E65B320AB4A9234F8,UPSTREAM-NEG-UPSTREAM-DCATAP-404E65B320AB4A9234F8
UPSTREAM-DCATAP-414B6328FB7BB620BEC7,"[""core"",""dataspace-offering"",""observation"",""quality""]","[""http://www.w3.org/ns/dcat#CatalogRecord""]",http://purl.org/dc/terms/title,MUST,,,"[""http://www.w3.org/ns/shacl#Literal""]",[],Violation,"[{""language"":""ko"",""text"":""로컬 격리 증거: 원문 PropertyShape에는 메시지가 없으며 sh:nodeKind 제약을 검증한다."",""source"":""local-evidence"",""predicate"":null}]",MOLIT 로컬 적용 가이드(upstream 원문 보충 설명): <http://purl.org/dc/terms/title> 값을 <http://www.w3.org/ns/shacl#Literal> node kind로 바꾼다. 원문 constraint 값은 변경하지 않는다.,DCAT-AP 3.0.1,"[""https://semiceu.github.io/DCAT-AP/releases/3.0.1#CatalogueRecord.title""]",DCAT-AP 3.0.1의 sh:nodeKind 제약을 변경 없이 채택한다. named PropertyShape의 원문 direct quad를 그대로 채택했다. 추가한 sh:targetNode는 격리 시험용이며 규범 의미를 바꾸지 않는다.,https://semiceu.github.io/DCAT-AP/releases/3.0.1#dcat:CatalogRecordShape/d5d74574f70f9a979535f3624608f88180dd0c97,UPSTREAM-POS-UPSTREAM-DCATAP-414B6328FB7BB620BEC7,UPSTREAM-NEG-UPSTREAM-DCATAP-414B6328FB7BB620BEC7
UPSTREAM-DCATAP-415A13F579DDFCC2EB7D,"[""core"",""dataspace-offering"",""observation"",""quality""]","[""http://www.w3.org/ns/dcat#Distribution""]",http://www.w3.org/ns/dcat#packageFormat,MUST,,1,[],[],Violation,"[{""language"":""ko"",""text"":""로컬 격리 증거: 원문 PropertyShape에는 메시지가 없으며 sh:maxCount 제약을 검증한다."",""source"":""local-evidence"",""predicate"":null}]",MOLIT 로컬 적용 가이드(upstream 원문 보충 설명): <http://www.w3.org/ns/dcat#packageFormat> 값을 1개 이하로 줄인다. 원문 constraint 값은 변경하지 않는다.,DCAT-AP 3.0.1,"[""https://semiceu.github.io/DCAT-AP/releases/3.0.1#Distribution.packagingformat""]",DCAT-AP 3.0.1의 sh:maxCount 제약을 변경 없이 채택한다. named PropertyShape의 원문 direct quad를 그대로 채택했다. 추가한 sh:targetNode는 격리 시험용이며 규범 의미를 바꾸지 않는다.,https://semiceu.github.io/DCAT-AP/releases/3.0.1#dcat:DistributionShape/bbf361efc13fcb633496674f93db9d3cfb08732a,UPSTREAM-POS-UPSTREAM-DCATAP-415A13F579DDFCC2EB7D,UPSTREAM-NEG-UPSTREAM-DCATAP-415A13F579DDFCC2EB7D
UPSTREAM-DCATAP-42830C7FA36B7FBB340F,"[""core"",""dataspace-offering"",""observation"",""quality""]","[""http://www.w3.org/ns/dcat#Catalog""]",http://purl.org/dc/terms/license,MUST,,1,[],[],Violation,"[{""language"":""ko"",""text"":""로컬 격리 증거: 원문 PropertyShape에는 메시지가 없으며 sh:maxCount 제약을 검증한다."",""source"":""local-evidence"",""predicate"":null}]",MOLIT 로컬 적용 가이드(upstream 원문 보충 설명): <http://purl.org/dc/terms/license> 값을 1개 이하로 줄인다. 원문 constraint 값은 변경하지 않는다.,DCAT-AP 3.0.1,"[""https://semiceu.github.io/DCAT-AP/releases/3.0.1#Catalogue.licence""]",DCAT-AP 3.0.1의 sh:maxCount 제약을 변경 없이 채택한다. named PropertyShape의 원문 direct quad를 그대로 채택했다. 추가한 sh:targetNode는 격리 시험용이며 규범 의미를 바꾸지 않는다.,https://semiceu.github.io/DCAT-AP/releases/3.0.1#dcat:CatalogShape/9eaae476a881de13b9430537ace6e70da7327dbd,UPSTREAM-POS-UPSTREAM-DCATAP-42830C7FA36B7FBB340F,UPSTREAM-NEG-UPSTREAM-DCATAP-42830C7FA36B7FBB340F
UPSTREAM-DCATAP-439EDAE6AA425B62CB7D,"[""core"",""dataspace-offering"",""observation"",""quality""]","[""http://www.w3.org/ns/dcat#Dataset""]",http://www.w3.org/ns/prov#wasGeneratedBy,MUST,,,"[""http://www.w3.org/ns/shacl#BlankNodeOrIRI""]",[],Violation,"[{""language"":""ko"",""text"":""로컬 격리 증거: 원문 PropertyShape에는 메시지가 없으며 sh:nodeKind 제약을 검증한다."",""source"":""local-evidence"",""predicate"":null}]",MOLIT 로컬 적용 가이드(upstream 원문 보충 설명): <http://www.w3.org/ns/prov#wasGeneratedBy> 값을 <http://www.w3.org/ns/shacl#BlankNodeOrIRI> node kind로 바꾼다. 원문 constraint 값은 변경하지 않는다.,DCAT-AP 3.0.1,"[""https://semiceu.github.io/DCAT-AP/releases/3.0.1#Dataset.wasgeneratedby""]",DCAT-AP 3.0.1의 sh:nodeKind 제약을 변경 없이 채택한다. named PropertyShape의 원문 direct quad를 그대로 채택했다. 추가한 sh:targetNode는 격리 시험용이며 규범 의미를 바꾸지 않는다.,https://semiceu.github.io/DCAT-AP/releases/3.0.1#dcat:DatasetShape/21ff3c331383c15dedf63f9f30c0818ccac87497,UPSTREAM-POS-UPSTREAM-DCATAP-439EDAE6AA425B62CB7D,UPSTREAM-NEG-UPSTREAM-DCATAP-439EDAE6AA425B62CB7D
UPSTREAM-DCATAP-44970CAC79A299516B6A,"[""core"",""dataspace-offering"",""observation"",""quality""]","[""http://www.w3.org/ns/dcat#Dataset""]",http://purl.org/dc/terms/title,MUST,1,,[],[],Violation,"[{""language"":""ko"",""text"":""로컬 격리 증거: 원문 PropertyShape에는 메시지가 없으며 sh:minCount 제약을 검증한다."",""source"":""local-evidence"",""predicate"":null}]",MOLIT 로컬 적용 가이드(upstream 원문 보충 설명): <http://purl.org/dc/terms/title> 값을 1개 이상 제공한다. 원문 constraint 값은 변경하지 않는다.,DCAT-AP 3.0.1,"[""https://semiceu.github.io/DCAT-AP/releases/3.0.1#Dataset.title""]",DCAT-AP 3.0.1의 sh:minCount 제약을 변경 없이 채택한다. named PropertyShape의 원문 direct quad를 그대로 채택했다. 추가한 sh:targetNode는 격리 시험용이며 규범 의미를 바꾸지 않는다.,https://semiceu.github.io/DCAT-AP/releases/3.0.1#dcat:DatasetShape/f8b02efd063b8089b72ce9677a1e4a3488eeb9a9,UPSTREAM-POS-UPSTREAM-DCATAP-44970CAC79A299516B6A,UPSTREAM-NEG-UPSTREAM-DCATAP-44970CAC79A299516B6A
UPSTREAM-DCATAP-450F5E4F03BD9A5FE8A6,"[""core"",""dataspace-offering"",""observation"",""quality""]","[""http://www.w3.org/ns/dcat#Distribution""]",http://purl.org/dc/terms/conformsTo,MUST,,,"[""http://purl.org/dc/terms/Standard""]",[],Violation,"[{""language"":""ko"",""text"":""로컬 격리 증거: 원문 PropertyShape에는 메시지가 없으며 sh:class 제약을 검증한다."",""source"":""local-evidence"",""predicate"":null}]",MOLIT 로컬 적용 가이드(upstream 원문 보충 설명): <http://purl.org/dc/terms/conformsTo>의 모든 값에 rdf:type <http://purl.org/dc/terms/Standard>를 명시한다. 원문 constraint 값은 변경하지 않는다.,DCAT-AP 3.0.1,"[""https://semiceu.github.io/DCAT-AP/releases/3.0.1#Distribution.linkedschemas""]",DCAT-AP 3.0.1의 sh:class 제약을 변경 없이 채택한다. named PropertyShape의 원문 direct quad를 그대로 채택했다. 추가한 sh:targetNode는 격리 시험용이며 규범 의미를 바꾸지 않는다.,https://semiceu.github.io/DCAT-AP/releases/3.0.1#dcat:DistributionShape/226b9cb0511ec6b8da045829e10d2676ddbb8375,UPSTREAM-POS-UPSTREAM-DCATAP-450F5E4F03BD9A5FE8A6,UPSTREAM-NEG-UPSTREAM-DCATAP-450F5E4F03BD9A5FE8A6
UPSTREAM-DCATAP-45F40A5CAFFA2BB00826,"[""core"",""dataspace-offering"",""observation"",""quality""]","[""http://www.w3.org/ns/dcat#Catalog""]",http://purl.org/dc/terms/description,MUST,1,,[],[],Violation,"[{""language"":""ko"",""text"":""로컬 격리 증거: 원문 PropertyShape에는 메시지가 없으며 sh:minCount 제약을 검증한다."",""source"":""local-evidence"",""predicate"":null}]",MOLIT 로컬 적용 가이드(upstream 원문 보충 설명): <http://purl.org/dc/terms/description> 값을 1개 이상 제공한다. 원문 constraint 값은 변경하지 않는다.,DCAT-AP 3.0.1,"[""https://semiceu.github.io/DCAT-AP/releases/3.0.1#Catalogue.description""]",DCAT-AP 3.0.1의 sh:minCount 제약을 변경 없이 채택한다. named PropertyShape의 원문 direct quad를 그대로 채택했다. 추가한 sh:targetNode는 격리 시험용이며 규범 의미를 바꾸지 않는다.,https://semiceu.github.io/DCAT-AP/releases/3.0.1#dcat:CatalogShape/8f61614144aa7bca188b24f5976593dc08aad0e6,UPSTREAM-POS-UPSTREAM-DCATAP-45F40A5CAFFA2BB00826,UPSTREAM-NEG-UPSTREAM-DCATAP-45F40A5CAFFA2BB00826
UPSTREAM-DCATAP-46B7200D2F241491FF38,"[""core"",""dataspace-offering"",""observation"",""quality""]","[""http://www.w3.org/ns/dcat#Distribution""]",http://purl.org/dc/terms/format,MUST,,,"[""http://www.w3.org/ns/shacl#BlankNodeOrIRI""]",[],Violation,"[{""language"":""ko"",""text"":""로컬 격리 증거: 원문 PropertyShape에는 메시지가 없으며 sh:nodeKind 제약을 검증한다."",""source"":""local-evidence"",""predicate"":null}]",MOLIT 로컬 적용 가이드(upstream 원문 보충 설명): <http://purl.org/dc/terms/format> 값을 <http://www.w3.org/ns/shacl#BlankNodeOrIRI> node kind로 바꾼다. 원문 constraint 값은 변경하지 않는다.,DCAT-AP 3.0.1,"[""https://semiceu.github.io/DCAT-AP/releases/3.0.1#Distribution.format""]",DCAT-AP 3.0.1의 sh:nodeKind 제약을 변경 없이 채택한다. named PropertyShape의 원문 direct quad를 그대로 채택했다. 추가한 sh:targetNode는 격리 시험용이며 규범 의미를 바꾸지 않는다.,https://semiceu.github.io/DCAT-AP/releases/3.0.1#dcat:DistributionShape/c1577bd231c71b0b1910272999755d3414867cfd,UPSTREAM-POS-UPSTREAM-DCATAP-46B7200D2F241491FF38,UPSTREAM-NEG-UPSTREAM-DCATAP-46B7200D2F241491FF38
UPSTREAM-DCATAP-4857332B169951E5C973,"[""core"",""dataspace-offering"",""observation"",""quality""]","[""http://www.w3.org/ns/dcat#CatalogRecord""]",http://purl.org/dc/terms/language,MUST,,,"[""http://www.w3.org/ns/shacl#BlankNodeOrIRI""]",[],Violation,"[{""language"":""ko"",""text"":""로컬 격리 증거: 원문 PropertyShape에는 메시지가 없으며 sh:nodeKind 제약을 검증한다."",""source"":""local-evidence"",""predicate"":null}]",MOLIT 로컬 적용 가이드(upstream 원문 보충 설명): <http://purl.org/dc/terms/language> 값을 <http://www.w3.org/ns/shacl#BlankNodeOrIRI> node kind로 바꾼다. 원문 constraint 값은 변경하지 않는다.,DCAT-AP 3.0.1,"[""https://semiceu.github.io/DCAT-AP/releases/3.0.1#CatalogueRecord.language""]",DCAT-AP 3.0.1의 sh:nodeKind 제약을 변경 없이 채택한다. named PropertyShape의 원문 direct quad를 그대로 채택했다. 추가한 sh:targetNode는 격리 시험용이며 규범 의미를 바꾸지 않는다.,https://semiceu.github.io/DCAT-AP/releases/3.0.1#dcat:CatalogRecordShape/db878f1cb93930f64561d0504123c66feacfad5a,UPSTREAM-POS-UPSTREAM-DCATAP-4857332B169951E5C973,UPSTREAM-NEG-UPSTREAM-DCATAP-4857332B169951E5C973
UPSTREAM-DCATAP-48A24F066B727BCB92C7,"[""core"",""dataspace-offering"",""observation"",""quality""]","[""http://www.w3.org/ns/dcat#Dataset""]",http://www.w3.org/ns/dcat#temporalResolution,MUST,,,"[""http://www.w3.org/2001/XMLSchema#duration""]",[],Violation,"[{""language"":""ko"",""text"":""로컬 격리 증거: 원문 PropertyShape에는 메시지가 없으며 sh:datatype 제약을 검증한다."",""source"":""local-evidence"",""predicate"":null}]",MOLIT 로컬 적용 가이드(upstream 원문 보충 설명): <http://www.w3.org/ns/dcat#temporalResolution> 값을 <http://www.w3.org/2001/XMLSchema#duration> datatype의 유효한 lexical literal로 직렬화한다. 원문 constraint 값은 변경하지 않는다.,DCAT-AP 3.0.1,"[""https://semiceu.github.io/DCAT-AP/releases/3.0.1#Dataset.temporalresolution""]",DCAT-AP 3.0.1의 sh:datatype 제약을 변경 없이 채택한다. named PropertyShape의 원문 direct quad를 그대로 채택했다. 추가한 sh:targetNode는 격리 시험용이며 규범 의미를 바꾸지 않는다.,https://semiceu.github.io/DCAT-AP/releases/3.0.1#dcat:DatasetShape/e6d76f7de5d5b08e584d9cd40619631987a64a7c,UPSTREAM-POS-UPSTREAM-DCATAP-48A24F066B727BCB92C7,UPSTREAM-NEG-UPSTREAM-DCATAP-48A24F066B727BCB92C7
UPSTREAM-DCATAP-491EECF2DC8DF84CF125,"[""core"",""dataspace-offering"",""observation"",""quality""]","[""http://www.w3.org/ns/dcat#DataService""]",http://www.w3.org/ns/dcat#endpointDescription,MUST,,,"[""http://www.w3.org/2000/01/rdf-schema#Resource""]",[],Violation,"[{""language"":""ko"",""text"":""로컬 격리 증거: 원문 PropertyShape에는 메시지가 없으며 sh:class 제약을 검증한다."",""source"":""local-evidence"",""predicate"":null}]",MOLIT 로컬 적용 가이드(upstream 원문 보충 설명): <http://www.w3.org/ns/dcat#endpointDescription>의 모든 값에 rdf:type <http://www.w3.org/2000/01/rdf-schema#Resource>를 명시한다. 원문 constraint 값은 변경하지 않는다.,DCAT-AP 3.0.1,"[""https://semiceu.github.io/DCAT-AP/releases/3.0.1#DataService.endpointdescription""]",DCAT-AP 3.0.1의 sh:class 제약을 변경 없이 채택한다. named PropertyShape의 원문 direct quad를 그대로 채택했다. 추가한 sh:targetNode는 격리 시험용이며 규범 의미를 바꾸지 않는다.,https://semiceu.github.io/DCAT-AP/releases/3.0.1#dcat:DataServiceShape/dc08f4dca4377fade57f89454e3fa06a8389d314,UPSTREAM-POS-UPSTREAM-DCATAP-491EECF2DC8DF84CF125,UPSTREAM-NEG-UPSTREAM-DCATAP-491EECF2DC8DF84CF125
UPSTREAM-DCATAP-49332662CD174CEC7053,"[""core"",""dataspace-offering"",""observation"",""quality""]","[""http://www.w3.org/ns/dcat#Distribution""]",http://xmlns.com/foaf/0.1/page,MUST,,,"[""http://xmlns.com/foaf/0.1/Document""]",[],Violation,"[{""language"":""ko"",""text"":""로컬 격리 증거: 원문 PropertyShape에는 메시지가 없으며 sh:class 제약을 검증한다."",""source"":""local-evidence"",""predicate"":null}]",MOLIT 로컬 적용 가이드(upstream 원문 보충 설명): <http://xmlns.com/foaf/0.1/page>의 모든 값에 rdf:type <http://xmlns.com/foaf/0.1/Document>를 명시한다. 원문 constraint 값은 변경하지 않는다.,DCAT-AP 3.0.1,"[""https://semiceu.github.io/DCAT-AP/releases/3.0.1#Distribution.documentation""]",DCAT-AP 3.0.1의 sh:class 제약을 변경 없이 채택한다. named PropertyShape의 원문 direct quad를 그대로 채택했다. 추가한 sh:targetNode는 격리 시험용이며 규범 의미를 바꾸지 않는다.,https://semiceu.github.io/DCAT-AP/releases/3.0.1#dcat:DistributionShape/68388ec47b77212d80036e8a02e9956f5ba0e0f5,UPSTREAM-POS-UPSTREAM-DCATAP-49332662CD174CEC7053,UPSTREAM-NEG-UPSTREAM-DCATAP-49332662CD174CEC7053
UPSTREAM-DCATAP-49B59CD800213720F36F,"[""core"",""dataspace-offering"",""observation"",""quality""]","[""http://www.w3.org/2004/02/skos/core#Concept""]",http://www.w3.org/2004/02/skos/core#prefLabel,MUST,,,"[""http://www.w3.org/ns/shacl#Literal""]",[],Violation,"[{""language"":""ko"",""text"":""로컬 격리 증거: 원문 PropertyShape에는 메시지가 없으며 sh:nodeKind 제약을 검증한다."",""source"":""local-evidence"",""predicate"":null}]",MOLIT 로컬 적용 가이드(upstream 원문 보충 설명): <http://www.w3.org/2004/02/skos/core#prefLabel> 값을 <http://www.w3.org/ns/shacl#Literal> node kind로 바꾼다. 원문 constraint 값은 변경하지 않는다.,DCAT-AP 3.0.1,"[""https://semiceu.github.io/DCAT-AP/releases/3.0.1#Concept.preferredlabel""]",DCAT-AP 3.0.1의 sh:nodeKind 제약을 변경 없이 채택한다. named PropertyShape의 원문 direct quad를 그대로 채택했다. 추가한 sh:targetNode는 격리 시험용이며 규범 의미를 바꾸지 않는다.,https://semiceu.github.io/DCAT-AP/releases/3.0.1#skos:ConceptShape/6cd0f0f5e19a1c8dce362ecbe8a196575b9cd85f,UPSTREAM-POS-UPSTREAM-DCATAP-49B59CD800213720F36F,UPSTREAM-NEG-UPSTREAM-DCATAP-49B59CD800213720F36F
UPSTREAM-DCATAP-49F58888FEE23C416573,"[""core"",""dataspace-offering"",""observation"",""quality""]","[""http://www.w3.org/ns/dcat#Dataset""]",http://purl.org/dc/terms/accessRights,MUST,,,"[""http://purl.org/dc/terms/RightsStatement""]",[],Violation,"[{""language"":""ko"",""text"":""로컬 격리 증거: 원문 PropertyShape에는 메시지가 없으며 sh:class 제약을 검증한다."",""source"":""local-evidence"",""predicate"":null}]",MOLIT 로컬 적용 가이드(upstream 원문 보충 설명): <http://purl.org/dc/terms/accessRights>의 모든 값에 rdf:type <http://purl.org/dc/terms/RightsStatement>를 명시한다. 원문 constraint 값은 변경하지 않는다.,DCAT-AP 3.0.1,"[""https://semiceu.github.io/DCAT-AP/releases/3.0.1#Dataset.accessrights""]",DCAT-AP 3.0.1의 sh:class 제약을 변경 없이 채택한다. named PropertyShape의 원문 direct quad를 그대로 채택했다. 추가한 sh:targetNode는 격리 시험용이며 규범 의미를 바꾸지 않는다.,https://semiceu.github.io/DCAT-AP/releases/3.0.1#dcat:DatasetShape/ee60fdd4b8581460f5fc4077813b8bb3e3d77441,UPSTREAM-POS-UPSTREAM-DCATAP-49F58888FEE23C416573,UPSTREAM-NEG-UPSTREAM-DCATAP-49F58888FEE23C416573
UPSTREAM-DCATAP-4BD846FC994C57CAE961,"[""core"",""dataspace-offering"",""observation"",""quality""]","[""http://www.w3.org/ns/dcat#Relationship""]",http://www.w3.org/ns/dcat#hadRole,MUST,,,"[""http://www.w3.org/ns/shacl#BlankNodeOrIRI""]",[],Violation,"[{""language"":""ko"",""text"":""로컬 격리 증거: 원문 PropertyShape에는 메시지가 없으며 sh:nodeKind 제약을 검증한다."",""source"":""local-evidence"",""predicate"":null}]",MOLIT 로컬 적용 가이드(upstream 원문 보충 설명): <http://www.w3.org/ns/dcat#hadRole> 값을 <http://www.w3.org/ns/shacl#BlankNodeOrIRI> node kind로 바꾼다. 원문 constraint 값은 변경하지 않는다.,DCAT-AP 3.0.1,"[""https://semiceu.github.io/DCAT-AP/releases/3.0.1#Relationship.hadrole""]",DCAT-AP 3.0.1의 sh:nodeKind 제약을 변경 없이 채택한다. named PropertyShape의 원문 direct quad를 그대로 채택했다. 추가한 sh:targetNode는 격리 시험용이며 규범 의미를 바꾸지 않는다.,https://semiceu.github.io/DCAT-AP/releases/3.0.1#dcat:RelationshipShape/5945770a55865eb52bf4cbcac7847889d16a2926,UPSTREAM-POS-UPSTREAM-DCATAP-4BD846FC994C57CAE961,UPSTREAM-NEG-UPSTREAM-DCATAP-4BD846FC994C57CAE961
UPSTREAM-DCATAP-4C356F94D69B54316893,"[""core"",""dataspace-offering"",""observation"",""quality""]","[""http://www.w3.org/ns/dcat#Catalog""]",http://purl.org/dc/terms/issued,MUST,,1,[],[],Violation,"[{""language"":""ko"",""text"":""로컬 격리 증거: 원문 PropertyShape에는 메시지가 없으며 sh:maxCount 제약을 검증한다."",""source"":""local-evidence"",""predicate"":null}]",MOLIT 로컬 적용 가이드(upstream 원문 보충 설명): <http://purl.org/dc/terms/issued> 값을 1개 이하로 줄인다. 원문 constraint 값은 변경하지 않는다.,DCAT-AP 3.0.1,"[""https://semiceu.github.io/DCAT-AP/releases/3.0.1#Catalogue.releasedate""]",DCAT-AP 3.0.1의 sh:maxCount 제약을 변경 없이 채택한다. named PropertyShape의 원문 direct quad를 그대로 채택했다. 추가한 sh:targetNode는 격리 시험용이며 규범 의미를 바꾸지 않는다.,https://semiceu.github.io/DCAT-AP/releases/3.0.1#dcat:CatalogShape/b362d2bdbbe8ba1c689e5554cca2bcbd295546de,UPSTREAM-POS-UPSTREAM-DCATAP-4C356F94D69B54316893,UPSTREAM-NEG-UPSTREAM-DCATAP-4C356F94D69B54316893
UPSTREAM-DCATAP-4DD45B7D45DC077B1C4D,"[""core"",""dataspace-offering"",""observation"",""quality""]","[""http://spdx.org/rdf/terms#Checksum""]",http://spdx.org/rdf/terms#algorithm,MUST,,,"[""http://www.w3.org/ns/shacl#BlankNodeOrIRI""]",[],Violation,"[{""language"":""ko"",""text"":""로컬 격리 증거: 원문 PropertyShape에는 메시지가 없으며 sh:nodeKind 제약을 검증한다."",""source"":""local-evidence"",""predicate"":null}]",MOLIT 로컬 적용 가이드(upstream 원문 보충 설명): <http://spdx.org/rdf/terms#algorithm> 값을 <http://www.w3.org/ns/shacl#BlankNodeOrIRI> node kind로 바꾼다. 원문 constraint 값은 변경하지 않는다.,DCAT-AP 3.0.1,"[""https://semiceu.github.io/DCAT-AP/releases/3.0.1#Checksum.algorithm""]",DCAT-AP 3.0.1의 sh:nodeKind 제약을 변경 없이 채택한다. named PropertyShape의 원문 direct quad를 그대로 채택했다. 추가한 sh:targetNode는 격리 시험용이며 규범 의미를 바꾸지 않는다.,https://semiceu.github.io/DCAT-AP/releases/3.0.1#spdx:ChecksumShape/9ab7a34ae99cd75fd914a221bacfffd1bb9cde4c,UPSTREAM-POS-UPSTREAM-DCATAP-4DD45B7D45DC077B1C4D,UPSTREAM-NEG-UPSTREAM-DCATAP-4DD45B7D45DC077B1C4D
UPSTREAM-DCATAP-4E4FA87F88EAC09270BE,"[""core"",""dataspace-offering"",""observation"",""quality""]","[""http://www.w3.org/ns/dcat#Distribution""]",http://www.w3.org/ns/odrl/2/hasPolicy,MUST,,,"[""http://www.w3.org/ns/shacl#BlankNodeOrIRI""]",[],Violation,"[{""language"":""ko"",""text"":""로컬 격리 증거: 원문 PropertyShape에는 메시지가 없으며 sh:nodeKind 제약을 검증한다."",""source"":""local-evidence"",""predicate"":null}]",MOLIT 로컬 적용 가이드(upstream 원문 보충 설명): <http://www.w3.org/ns/odrl/2/hasPolicy> 값을 <http://www.w3.org/ns/shacl#BlankNodeOrIRI> node kind로 바꾼다. 원문 constraint 값은 변경하지 않는다.,DCAT-AP 3.0.1,"[""https://semiceu.github.io/DCAT-AP/releases/3.0.1#Distribution.haspolicy""]",DCAT-AP 3.0.1의 sh:nodeKind 제약을 변경 없이 채택한다. named PropertyShape의 원문 direct quad를 그대로 채택했다. 추가한 sh:targetNode는 격리 시험용이며 규범 의미를 바꾸지 않는다.,https://semiceu.github.io/DCAT-AP/releases/3.0.1#dcat:DistributionShape/f64ea9c4b32a8afd45dc2afdcea6722b56707974,UPSTREAM-POS-UPSTREAM-DCATAP-4E4FA87F88EAC09270BE,UPSTREAM-NEG-UPSTREAM-DCATAP-4E4FA87F88EAC09270BE
UPSTREAM-DCATAP-4EEA4AAB41BA06B5D304,"[""core"",""dataspace-offering"",""observation"",""quality""]","[""http://www.w3.org/ns/dcat#Distribution""]",http://www.w3.org/ns/dcat#accessService,MUST,,,"[""http://www.w3.org/ns/shacl#BlankNodeOrIRI""]",[],Violation,"[{""language"":""ko"",""text"":""로컬 격리 증거: 원문 PropertyShape에는 메시지가 없으며 sh:nodeKind 제약을 검증한다."",""source"":""local-evidence"",""predicate"":null}]",MOLIT 로컬 적용 가이드(upstream 원문 보충 설명): <http://www.w3.org/ns/dcat#accessService> 값을 <http://www.w3.org/ns/shacl#BlankNodeOrIRI> node kind로 바꾼다. 원문 constraint 값은 변경하지 않는다.,DCAT-AP 3.0.1,"[""https://semiceu.github.io/DCAT-AP/releases/3.0.1#Distribution.accessservice""]",DCAT-AP 3.0.1의 sh:nodeKind 제약을 변경 없이 채택한다. named PropertyShape의 원문 direct quad를 그대로 채택했다. 추가한 sh:targetNode는 격리 시험용이며 규범 의미를 바꾸지 않는다.,https://semiceu.github.io/DCAT-AP/releases/3.0.1#dcat:DistributionShape/23d4c038584493decec780192681ef61694bff7c,UPSTREAM-POS-UPSTREAM-DCATAP-4EEA4AAB41BA06B5D304,UPSTREAM-NEG-UPSTREAM-DCATAP-4EEA4AAB41BA06B5D304
UPSTREAM-DCATAP-4F318A4D75A29AE27ACF,"[""core"",""dataspace-offering"",""observation"",""quality""]","[""http://www.w3.org/ns/dcat#Dataset""]",http://www.w3.org/ns/adms#sample,MUST,,,"[""http://www.w3.org/ns/shacl#BlankNodeOrIRI""]",[],Violation,"[{""language"":""ko"",""text"":""로컬 격리 증거: 원문 PropertyShape에는 메시지가 없으며 sh:nodeKind 제약을 검증한다."",""source"":""local-evidence"",""predicate"":null}]",MOLIT 로컬 적용 가이드(upstream 원문 보충 설명): <http://www.w3.org/ns/adms#sample> 값을 <http://www.w3.org/ns/shacl#BlankNodeOrIRI> node kind로 바꾼다. 원문 constraint 값은 변경하지 않는다.,DCAT-AP 3.0.1,"[""https://semiceu.github.io/DCAT-AP/releases/3.0.1#Dataset.sample""]",DCAT-AP 3.0.1의 sh:nodeKind 제약을 변경 없이 채택한다. named PropertyShape의 원문 direct quad를 그대로 채택했다. 추가한 sh:targetNode는 격리 시험용이며 규범 의미를 바꾸지 않는다.,https://semiceu.github.io/DCAT-AP/releases/3.0.1#dcat:DatasetShape/34ba47520d520f97bbcdea3c6fd3dc176d312689,UPSTREAM-POS-UPSTREAM-DCATAP-4F318A4D75A29AE27ACF,UPSTREAM-NEG-UPSTREAM-DCATAP-4F318A4D75A29AE27ACF
UPSTREAM-DCATAP-5070DA6007DEB43BB96C,"[""core"",""dataspace-offering"",""observation"",""quality""]","[""http://www.w3.org/ns/dcat#DatasetSeries""]",http://purl.org/dc/terms/temporal,MUST,,,"[""http://www.w3.org/ns/shacl#BlankNodeOrIRI""]",[],Violation,"[{""language"":""ko"",""text"":""로컬 격리 증거: 원문 PropertyShape에는 메시지가 없으며 sh:nodeKind 제약을 검증한다."",""source"":""local-evidence"",""predicate"":null}]",MOLIT 로컬 적용 가이드(upstream 원문 보충 설명): <http://purl.org/dc/terms/temporal> 값을 <http://www.w3.org/ns/shacl#BlankNodeOrIRI> node kind로 바꾼다. 원문 constraint 값은 변경하지 않는다.,DCAT-AP 3.0.1,"[""https://semiceu.github.io/DCAT-AP/releases/3.0.1#DatasetSeries.temporalcoverage""]",DCAT-AP 3.0.1의 sh:nodeKind 제약을 변경 없이 채택한다. named PropertyShape의 원문 direct quad를 그대로 채택했다. 추가한 sh:targetNode는 격리 시험용이며 규범 의미를 바꾸지 않는다.,https://semiceu.github.io/DCAT-AP/releases/3.0.1#dcat:DatasetSeriesShape/81d9e81dce75ad228913796fb0f52470b14df56b,UPSTREAM-POS-UPSTREAM-DCATAP-5070DA6007DEB43BB96C,UPSTREAM-NEG-UPSTREAM-DCATAP-5070DA6007DEB43BB96C
UPSTREAM-DCATAP-511BA8CFBE178D84F757,"[""core"",""dataspace-offering"",""observation"",""quality""]","[""http://www.w3.org/ns/dcat#Distribution""]",http://purl.org/dc/terms/modified,MUST,,,"[""http://www.w3.org/ns/shacl#Literal""]",[],Violation,"[{""language"":""ko"",""text"":""로컬 격리 증거: 원문 PropertyShape에는 메시지가 없으며 sh:nodeKind 제약을 검증한다."",""source"":""local-evidence"",""predicate"":null}]",MOLIT 로컬 적용 가이드(upstream 원문 보충 설명): <http://purl.org/dc/terms/modified> 값을 <http://www.w3.org/ns/shacl#Literal> node kind로 바꾼다. 원문 constraint 값은 변경하지 않는다.,DCAT-AP 3.0.1,"[""https://semiceu.github.io/DCAT-AP/releases/3.0.1#Distribution.modificationdate""]",DCAT-AP 3.0.1의 sh:nodeKind 제약을 변경 없이 채택한다. named PropertyShape의 원문 direct quad를 그대로 채택했다. 추가한 sh:targetNode는 격리 시험용이며 규범 의미를 바꾸지 않는다.,https://semiceu.github.io/DCAT-AP/releases/3.0.1#dcat:DistributionShape/6b7242b6b89977700c05e4875131fbb975c4235e,UPSTREAM-POS-UPSTREAM-DCATAP-511BA8CFBE178D84F757,UPSTREAM-NEG-UPSTREAM-DCATAP-511BA8CFBE178D84F757
UPSTREAM-DCATAP-51A15A24E4D963D7B6F9,"[""core"",""dataspace-offering"",""observation"",""quality""]","[""http://spdx.org/rdf/terms#Checksum""]",http://spdx.org/rdf/terms#checksumValue,MUST,1,,[],[],Violation,"[{""language"":""ko"",""text"":""로컬 격리 증거: 원문 PropertyShape에는 메시지가 없으며 sh:minCount 제약을 검증한다."",""source"":""local-evidence"",""predicate"":null}]",MOLIT 로컬 적용 가이드(upstream 원문 보충 설명): <http://spdx.org/rdf/terms#checksumValue> 값을 1개 이상 제공한다. 원문 constraint 값은 변경하지 않는다.,DCAT-AP 3.0.1,"[""https://semiceu.github.io/DCAT-AP/releases/3.0.1#Checksum.checksumvalue""]",DCAT-AP 3.0.1의 sh:minCount 제약을 변경 없이 채택한다. named PropertyShape의 원문 direct quad를 그대로 채택했다. 추가한 sh:targetNode는 격리 시험용이며 규범 의미를 바꾸지 않는다.,https://semiceu.github.io/DCAT-AP/releases/3.0.1#spdx:ChecksumShape/c0f60a484249a358c0632ef47551529f01cd5833,UPSTREAM-POS-UPSTREAM-DCATAP-51A15A24E4D963D7B6F9,UPSTREAM-NEG-UPSTREAM-DCATAP-51A15A24E4D963D7B6F9
UPSTREAM-DCATAP-51E8F00C0941E33EB81B,"[""core"",""dataspace-offering"",""observation"",""quality""]","[""http://purl.org/dc/terms/PeriodOfTime""]",http://www.w3.org/2006/time#hasBeginning,MUST,,1,[],[],Violation,"[{""language"":""ko"",""text"":""로컬 격리 증거: 원문 PropertyShape에는 메시지가 없으며 sh:maxCount 제약을 검증한다."",""source"":""local-evidence"",""predicate"":null}]",MOLIT 로컬 적용 가이드(upstream 원문 보충 설명): <http://www.w3.org/2006/time#hasBeginning> 값을 1개 이하로 줄인다. 원문 constraint 값은 변경하지 않는다.,DCAT-AP 3.0.1,"[""https://semiceu.github.io/DCAT-AP/releases/3.0.1#PeriodofTime.beginning""]",DCAT-AP 3.0.1의 sh:maxCount 제약을 변경 없이 채택한다. named PropertyShape의 원문 direct quad를 그대로 채택했다. 추가한 sh:targetNode는 격리 시험용이며 규범 의미를 바꾸지 않는다.,https://semiceu.github.io/DCAT-AP/releases/3.0.1#dct:PeriodOfTimeShape/238fde7d71612ea8f00826d9c60106d3ef9c4063,UPSTREAM-POS-UPSTREAM-DCATAP-51E8F00C0941E33EB81B,UPSTREAM-NEG-UPSTREAM-DCATAP-51E8F00C0941E33EB81B
UPSTREAM-DCATAP-5205DC4EEA0D68A93FFA,"[""core"",""dataspace-offering"",""observation"",""quality""]","[""http://www.w3.org/ns/dcat#Dataset""]",http://xmlns.com/foaf/0.1/page,MUST,,,"[""http://www.w3.org/ns/shacl#BlankNodeOrIRI""]",[],Violation,"[{""language"":""ko"",""text"":""로컬 격리 증거: 원문 PropertyShape에는 메시지가 없으며 sh:nodeKind 제약을 검증한다."",""source"":""local-evidence"",""predicate"":null}]",MOLIT 로컬 적용 가이드(upstream 원문 보충 설명): <http://xmlns.com/foaf/0.1/page> 값을 <http://www.w3.org/ns/shacl#BlankNodeOrIRI> node kind로 바꾼다. 원문 constraint 값은 변경하지 않는다.,DCAT-AP 3.0.1,"[""https://semiceu.github.io/DCAT-AP/releases/3.0.1#Dataset.documentation""]",DCAT-AP 3.0.1의 sh:nodeKind 제약을 변경 없이 채택한다. named PropertyShape의 원문 direct quad를 그대로 채택했다. 추가한 sh:targetNode는 격리 시험용이며 규범 의미를 바꾸지 않는다.,https://semiceu.github.io/DCAT-AP/releases/3.0.1#dcat:DatasetShape/998ce689a5bcc3e2764ff84a05255e34d91e8102,UPSTREAM-POS-UPSTREAM-DCATAP-5205DC4EEA0D68A93FFA,UPSTREAM-NEG-UPSTREAM-DCATAP-5205DC4EEA0D68A93FFA
UPSTREAM-DCATAP-5289B8171B7D7E06823C,"[""core"",""dataspace-offering"",""observation"",""quality""]","[""http://www.w3.org/ns/dcat#Dataset""]",http://purl.org/dc/terms/language,MUST,,,"[""http://purl.org/dc/terms/LinguisticSystem""]",[],Violation,"[{""language"":""ko"",""text"":""로컬 격리 증거: 원문 PropertyShape에는 메시지가 없으며 sh:class 제약을 검증한다."",""source"":""local-evidence"",""predicate"":null}]",MOLIT 로컬 적용 가이드(upstream 원문 보충 설명): <http://purl.org/dc/terms/language>의 모든 값에 rdf:type <http://purl.org/dc/terms/LinguisticSystem>를 명시한다. 원문 constraint 값은 변경하지 않는다.,DCAT-AP 3.0.1,"[""https://semiceu.github.io/DCAT-AP/releases/3.0.1#Dataset.language""]",DCAT-AP 3.0.1의 sh:class 제약을 변경 없이 채택한다. named PropertyShape의 원문 direct quad를 그대로 채택했다. 추가한 sh:targetNode는 격리 시험용이며 규범 의미를 바꾸지 않는다.,https://semiceu.github.io/DCAT-AP/releases/3.0.1#dcat:DatasetShape/29ba27566ab1f32c8bb73f3492436d4bd868d3d2,UPSTREAM-POS-UPSTREAM-DCATAP-5289B8171B7D7E06823C,UPSTREAM-NEG-UPSTREAM-DCATAP-5289B8171B7D7E06823C
UPSTREAM-DCATAP-52CE4716A506A913EC86,"[""core"",""dataspace-offering"",""observation"",""quality""]","[""http://www.w3.org/ns/dcat#CatalogRecord""]",http://purl.org/dc/terms/modified,MUST,,,"[""http://www.w3.org/ns/shacl#Literal""]",[],Violation,"[{""language"":""ko"",""text"":""로컬 격리 증거: 원문 PropertyShape에는 메시지가 없으며 sh:nodeKind 제약을 검증한다."",""source"":""local-evidence"",""predicate"":null}]",MOLIT 로컬 적용 가이드(upstream 원문 보충 설명): <http://purl.org/dc/terms/modified> 값을 <http://www.w3.org/ns/shacl#Literal> node kind로 바꾼다. 원문 constraint 값은 변경하지 않는다.,DCAT-AP 3.0.1,"[""https://semiceu.github.io/DCAT-AP/releases/3.0.1#CatalogueRecord.modificationdate""]",DCAT-AP 3.0.1의 sh:nodeKind 제약을 변경 없이 채택한다. named PropertyShape의 원문 direct quad를 그대로 채택했다. 추가한 sh:targetNode는 격리 시험용이며 규범 의미를 바꾸지 않는다.,https://semiceu.github.io/DCAT-AP/releases/3.0.1#dcat:CatalogRecordShape/6b7242b6b89977700c05e4875131fbb975c4235e,UPSTREAM-POS-UPSTREAM-DCATAP-52CE4716A506A913EC86,UPSTREAM-NEG-UPSTREAM-DCATAP-52CE4716A506A913EC86
UPSTREAM-DCATAP-53101EBB2790EA9E3AB2,"[""core"",""dataspace-offering"",""observation"",""quality""]","[""http://www.w3.org/ns/dcat#DataService""]",http://purl.org/dc/terms/title,MUST,,,"[""http://www.w3.org/ns/shacl#Literal""]",[],Violation,"[{""language"":""ko"",""text"":""로컬 격리 증거: 원문 PropertyShape에는 메시지가 없으며 sh:nodeKind 제약을 검증한다."",""source"":""local-evidence"",""predicate"":null}]",MOLIT 로컬 적용 가이드(upstream 원문 보충 설명): <http://purl.org/dc/terms/title> 값을 <http://www.w3.org/ns/shacl#Literal> node kind로 바꾼다. 원문 constraint 값은 변경하지 않는다.,DCAT-AP 3.0.1,"[""https://semiceu.github.io/DCAT-AP/releases/3.0.1#DataService.title""]",DCAT-AP 3.0.1의 sh:nodeKind 제약을 변경 없이 채택한다. named PropertyShape의 원문 direct quad를 그대로 채택했다. 추가한 sh:targetNode는 격리 시험용이며 규범 의미를 바꾸지 않는다.,https://semiceu.github.io/DCAT-AP/releases/3.0.1#dcat:DataServiceShape/d5d74574f70f9a979535f3624608f88180dd0c97,UPSTREAM-POS-UPSTREAM-DCATAP-53101EBB2790EA9E3AB2,UPSTREAM-NEG-UPSTREAM-DCATAP-53101EBB2790EA9E3AB2
UPSTREAM-DCATAP-538379C70F1C631E2383,"[""core"",""dataspace-offering"",""observation"",""quality""]","[""http://www.w3.org/ns/dcat#Dataset""]",http://purl.org/dc/terms/publisher,MUST,,1,[],[],Violation,"[{""language"":""ko"",""text"":""로컬 격리 증거: 원문 PropertyShape에는 메시지가 없으며 sh:maxCount 제약을 검증한다."",""source"":""local-evidence"",""predicate"":null}]",MOLIT 로컬 적용 가이드(upstream 원문 보충 설명): <http://purl.org/dc/terms/publisher> 값을 1개 이하로 줄인다. 원문 constraint 값은 변경하지 않는다.,DCAT-AP 3.0.1,"[""https://semiceu.github.io/DCAT-AP/releases/3.0.1#Dataset.publisher""]",DCAT-AP 3.0.1의 sh:maxCount 제약을 변경 없이 채택한다. named PropertyShape의 원문 direct quad를 그대로 채택했다. 추가한 sh:targetNode는 격리 시험용이며 규범 의미를 바꾸지 않는다.,https://semiceu.github.io/DCAT-AP/releases/3.0.1#dcat:DatasetShape/67dcdb36167ca7969c0532898e11a98e9c2a80f5,UPSTREAM-POS-UPSTREAM-DCATAP-538379C70F1C631E2383,UPSTREAM-NEG-UPSTREAM-DCATAP-538379C70F1C631E2383
UPSTREAM-DCATAP-55BCD280B1A89A01D0EF,"[""core"",""dataspace-offering"",""observation"",""quality""]","[""http://www.w3.org/ns/dcat#CatalogRecord""]",http://purl.org/dc/terms/conformsTo,MUST,,,"[""http://www.w3.org/ns/shacl#BlankNodeOrIRI""]",[],Violation,"[{""language"":""ko"",""text"":""로컬 격리 증거: 원문 PropertyShape에는 메시지가 없으며 sh:nodeKind 제약을 검증한다."",""source"":""local-evidence"",""predicate"":null}]",MOLIT 로컬 적용 가이드(upstream 원문 보충 설명): <http://purl.org/dc/terms/conformsTo> 값을 <http://www.w3.org/ns/shacl#BlankNodeOrIRI> node kind로 바꾼다. 원문 constraint 값은 변경하지 않는다.,DCAT-AP 3.0.1,"[""https://semiceu.github.io/DCAT-AP/releases/3.0.1#CatalogueRecord.applicationprofile""]",DCAT-AP 3.0.1의 sh:nodeKind 제약을 변경 없이 채택한다. named PropertyShape의 원문 direct quad를 그대로 채택했다. 추가한 sh:targetNode는 격리 시험용이며 규범 의미를 바꾸지 않는다.,https://semiceu.github.io/DCAT-AP/releases/3.0.1#dcat:CatalogRecordShape/97b367051882750fe2df0bc6fff5dd50ff0c94bd,UPSTREAM-POS-UPSTREAM-DCATAP-55BCD280B1A89A01D0EF,UPSTREAM-NEG-UPSTREAM-DCATAP-55BCD280B1A89A01D0EF
UPSTREAM-DCATAP-57B78F58BCD96536C0B4,"[""core"",""dataspace-offering"",""observation"",""quality""]","[""http://www.w3.org/ns/dcat#CatalogRecord""]",http://purl.org/dc/terms/modified,MUST,,1,[],[],Violation,"[{""language"":""ko"",""text"":""로컬 격리 증거: 원문 PropertyShape에는 메시지가 없으며 sh:maxCount 제약을 검증한다."",""source"":""local-evidence"",""predicate"":null}]",MOLIT 로컬 적용 가이드(upstream 원문 보충 설명): <http://purl.org/dc/terms/modified> 값을 1개 이하로 줄인다. 원문 constraint 값은 변경하지 않는다.,DCAT-AP 3.0.1,"[""https://semiceu.github.io/DCAT-AP/releases/3.0.1#CatalogueRecord.modificationdate""]",DCAT-AP 3.0.1의 sh:maxCount 제약을 변경 없이 채택한다. named PropertyShape의 원문 direct quad를 그대로 채택했다. 추가한 sh:targetNode는 격리 시험용이며 규범 의미를 바꾸지 않는다.,https://semiceu.github.io/DCAT-AP/releases/3.0.1#dcat:CatalogRecordShape/9e9d878c1c354206edc1d411f33c82d4d01e5a8f,UPSTREAM-POS-UPSTREAM-DCATAP-57B78F58BCD96536C0B4,UPSTREAM-NEG-UPSTREAM-DCATAP-57B78F58BCD96536C0B4
UPSTREAM-DCATAP-586AD17D7ED3A442F330,"[""core"",""dataspace-offering"",""observation"",""quality""]","[""http://www.w3.org/ns/dcat#Catalog""]",http://www.w3.org/ns/dcat#dataset,MUST,,,"[""http://www.w3.org/ns/dcat#Dataset""]",[],Violation,"[{""language"":""ko"",""text"":""로컬 격리 증거: 원문 PropertyShape에는 메시지가 없으며 sh:class 제약을 검증한다."",""source"":""local-evidence"",""predicate"":null}]",MOLIT 로컬 적용 가이드(upstream 원문 보충 설명): <http://www.w3.org/ns/dcat#dataset>의 모든 값에 rdf:type <http://www.w3.org/ns/dcat#Dataset>를 명시한다. 원문 constraint 값은 변경하지 않는다.,DCAT-AP 3.0.1,"[""https://semiceu.github.io/DCAT-AP/releases/3.0.1#Catalogue.dataset""]",DCAT-AP 3.0.1의 sh:class 제약을 변경 없이 채택한다. named PropertyShape의 원문 direct quad를 그대로 채택했다. 추가한 sh:targetNode는 격리 시험용이며 규범 의미를 바꾸지 않는다.,https://semiceu.github.io/DCAT-AP/releases/3.0.1#dcat:CatalogShape/7b94c69361e00163d16d78016cd994668c7fccda,UPSTREAM-POS-UPSTREAM-DCATAP-586AD17D7ED3A442F330,UPSTREAM-NEG-UPSTREAM-DCATAP-586AD17D7ED3A442F330
UPSTREAM-DCATAP-594851E174F1A5E75526,"[""core"",""dataspace-offering"",""observation"",""quality""]","[""http://spdx.org/rdf/terms#Checksum""]",http://spdx.org/rdf/terms#algorithm,MUST,,,"[""http://spdx.org/rdf/terms#ChecksumAlgorithm""]",[],Violation,"[{""language"":""ko"",""text"":""로컬 격리 증거: 원문 PropertyShape에는 메시지가 없으며 sh:class 제약을 검증한다."",""source"":""local-evidence"",""predicate"":null}]",MOLIT 로컬 적용 가이드(upstream 원문 보충 설명): <http://spdx.org/rdf/terms#algorithm>의 모든 값에 rdf:type <http://spdx.org/rdf/terms#ChecksumAlgorithm>를 명시한다. 원문 constraint 값은 변경하지 않는다.,DCAT-AP 3.0.1,"[""https://semiceu.github.io/DCAT-AP/releases/3.0.1#Checksum.algorithm""]",DCAT-AP 3.0.1의 sh:class 제약을 변경 없이 채택한다. named PropertyShape의 원문 direct quad를 그대로 채택했다. 추가한 sh:targetNode는 격리 시험용이며 규범 의미를 바꾸지 않는다.,https://semiceu.github.io/DCAT-AP/releases/3.0.1#spdx:ChecksumShape/d9bbeace53175a03bb5a338cafcf57eb351166d2,UPSTREAM-POS-UPSTREAM-DCATAP-594851E174F1A5E75526,UPSTREAM-NEG-UPSTREAM-DCATAP-594851E174F1A5E75526
UPSTREAM-DCATAP-59C2B31E25A33501AAF9,"[""core"",""dataspace-offering"",""observation"",""quality""]","[""http://www.w3.org/ns/dcat#CatalogRecord""]",http://purl.org/dc/terms/issued,MUST,,,"[""http://www.w3.org/ns/shacl#Literal""]",[],Violation,"[{""language"":""ko"",""text"":""로컬 격리 증거: 원문 PropertyShape에는 메시지가 없으며 sh:nodeKind 제약을 검증한다."",""source"":""local-evidence"",""predicate"":null}]",MOLIT 로컬 적용 가이드(upstream 원문 보충 설명): <http://purl.org/dc/terms/issued> 값을 <http://www.w3.org/ns/shacl#Literal> node kind로 바꾼다. 원문 constraint 값은 변경하지 않는다.,DCAT-AP 3.0.1,"[""https://semiceu.github.io/DCAT-AP/releases/3.0.1#CatalogueRecord.listingdate""]",DCAT-AP 3.0.1의 sh:nodeKind 제약을 변경 없이 채택한다. named PropertyShape의 원문 direct quad를 그대로 채택했다. 추가한 sh:targetNode는 격리 시험용이며 규범 의미를 바꾸지 않는다.,https://semiceu.github.io/DCAT-AP/releases/3.0.1#dcat:CatalogRecordShape/d4c0539354cbf13f62e53a5a69e3f2b0e384f727,UPSTREAM-POS-UPSTREAM-DCATAP-59C2B31E25A33501AAF9,UPSTREAM-NEG-UPSTREAM-DCATAP-59C2B31E25A33501AAF9
UPSTREAM-DCATAP-59E85D437A0D96BC8FA2,"[""core"",""dataspace-offering"",""observation"",""quality""]","[""http://www.w3.org/ns/dcat#Catalog""]",http://purl.org/dc/terms/temporal,MUST,,,"[""http://purl.org/dc/terms/PeriodOfTime""]",[],Violation,"[{""language"":""ko"",""text"":""로컬 격리 증거: 원문 PropertyShape에는 메시지가 없으며 sh:class 제약을 검증한다."",""source"":""local-evidence"",""predicate"":null}]",MOLIT 로컬 적용 가이드(upstream 원문 보충 설명): <http://purl.org/dc/terms/temporal>의 모든 값에 rdf:type <http://purl.org/dc/terms/PeriodOfTime>를 명시한다. 원문 constraint 값은 변경하지 않는다.,DCAT-AP 3.0.1,"[""https://semiceu.github.io/DCAT-AP/releases/3.0.1#Catalogue.temporalcoverage""]",DCAT-AP 3.0.1의 sh:class 제약을 변경 없이 채택한다. named PropertyShape의 원문 direct quad를 그대로 채택했다. 추가한 sh:targetNode는 격리 시험용이며 규범 의미를 바꾸지 않는다.,https://semiceu.github.io/DCAT-AP/releases/3.0.1#dcat:CatalogShape/8e3b1c0888909beb09cd832b3145ad1f7abb1caa,UPSTREAM-POS-UPSTREAM-DCATAP-59E85D437A0D96BC8FA2,UPSTREAM-NEG-UPSTREAM-DCATAP-59E85D437A0D96BC8FA2
UPSTREAM-DCATAP-5A2994D3CF868F5BFDDF,"[""core"",""dataspace-offering"",""observation"",""quality""]","[""http://www.w3.org/ns/dcat#DataService""]",http://purl.org/dc/terms/license,MUST,,1,[],[],Violation,"[{""language"":""ko"",""text"":""로컬 격리 증거: 원문 PropertyShape에는 메시지가 없으며 sh:maxCount 제약을 검증한다."",""source"":""local-evidence"",""predicate"":null}]",MOLIT 로컬 적용 가이드(upstream 원문 보충 설명): <http://purl.org/dc/terms/license> 값을 1개 이하로 줄인다. 원문 constraint 값은 변경하지 않는다.,DCAT-AP 3.0.1,"[""https://semiceu.github.io/DCAT-AP/releases/3.0.1#DataService.licence""]",DCAT-AP 3.0.1의 sh:maxCount 제약을 변경 없이 채택한다. named PropertyShape의 원문 direct quad를 그대로 채택했다. 추가한 sh:targetNode는 격리 시험용이며 규범 의미를 바꾸지 않는다.,https://semiceu.github.io/DCAT-AP/releases/3.0.1#dcat:DataServiceShape/9eaae476a881de13b9430537ace6e70da7327dbd,UPSTREAM-POS-UPSTREAM-DCATAP-5A2994D3CF868F5BFDDF,UPSTREAM-NEG-UPSTREAM-DCATAP-5A2994D3CF868F5BFDDF
UPSTREAM-DCATAP-5AEB6A637D1090F3A021,"[""core"",""dataspace-offering"",""observation"",""quality""]","[""http://spdx.org/rdf/terms#Checksum""]",http://spdx.org/rdf/terms#algorithm,MUST,1,,[],[],Violation,"[{""language"":""ko"",""text"":""로컬 격리 증거: 원문 PropertyShape에는 메시지가 없으며 sh:minCount 제약을 검증한다."",""source"":""local-evidence"",""predicate"":null}]",MOLIT 로컬 적용 가이드(upstream 원문 보충 설명): <http://spdx.org/rdf/terms#algorithm> 값을 1개 이상 제공한다. 원문 constraint 값은 변경하지 않는다.,DCAT-AP 3.0.1,"[""https://semiceu.github.io/DCAT-AP/releases/3.0.1#Checksum.algorithm""]",DCAT-AP 3.0.1의 sh:minCount 제약을 변경 없이 채택한다. named PropertyShape의 원문 direct quad를 그대로 채택했다. 추가한 sh:targetNode는 격리 시험용이며 규범 의미를 바꾸지 않는다.,https://semiceu.github.io/DCAT-AP/releases/3.0.1#spdx:ChecksumShape/b3831d3cf6e8caed0030a127020e18b940a718c3,UPSTREAM-POS-UPSTREAM-DCATAP-5AEB6A637D1090F3A021,UPSTREAM-NEG-UPSTREAM-DCATAP-5AEB6A637D1090F3A021
UPSTREAM-DCATAP-5BC8CD4B693040D5DF3A,"[""core"",""dataspace-offering"",""observation"",""quality""]","[""http://www.w3.org/ns/dcat#Distribution""]",http://www.w3.org/ns/dcat#compressFormat,MUST,,,"[""http://www.w3.org/ns/shacl#BlankNodeOrIRI""]",[],Violation,"[{""language"":""ko"",""text"":""로컬 격리 증거: 원문 PropertyShape에는 메시지가 없으며 sh:nodeKind 제약을 검증한다."",""source"":""local-evidence"",""predicate"":null}]",MOLIT 로컬 적용 가이드(upstream 원문 보충 설명): <http://www.w3.org/ns/dcat#compressFormat> 값을 <http://www.w3.org/ns/shacl#BlankNodeOrIRI> node kind로 바꾼다. 원문 constraint 값은 변경하지 않는다.,DCAT-AP 3.0.1,"[""https://semiceu.github.io/DCAT-AP/releases/3.0.1#Distribution.compressionformat""]",DCAT-AP 3.0.1의 sh:nodeKind 제약을 변경 없이 채택한다. named PropertyShape의 원문 direct quad를 그대로 채택했다. 추가한 sh:targetNode는 격리 시험용이며 규범 의미를 바꾸지 않는다.,https://semiceu.github.io/DCAT-AP/releases/3.0.1#dcat:DistributionShape/767d3c883420029775eaa27192a9a4a004e31fce,UPSTREAM-POS-UPSTREAM-DCATAP-5BC8CD4B693040D5DF3A,UPSTREAM-NEG-UPSTREAM-DCATAP-5BC8CD4B693040D5DF3A
UPSTREAM-DCATAP-5E7508FC3EBA2AC250F2,"[""core"",""dataspace-offering"",""observation"",""quality""]","[""http://www.w3.org/ns/dcat#Dataset""]",http://purl.org/dc/terms/description,MUST,1,,[],[],Violation,"[{""language"":""ko"",""text"":""로컬 격리 증거: 원문 PropertyShape에는 메시지가 없으며 sh:minCount 제약을 검증한다."",""source"":""local-evidence"",""predicate"":null}]",MOLIT 로컬 적용 가이드(upstream 원문 보충 설명): <http://purl.org/dc/terms/description> 값을 1개 이상 제공한다. 원문 constraint 값은 변경하지 않는다.,DCAT-AP 3.0.1,"[""https://semiceu.github.io/DCAT-AP/releases/3.0.1#Dataset.description""]",DCAT-AP 3.0.1의 sh:minCount 제약을 변경 없이 채택한다. named PropertyShape의 원문 direct quad를 그대로 채택했다. 추가한 sh:targetNode는 격리 시험용이며 규범 의미를 바꾸지 않는다.,https://semiceu.github.io/DCAT-AP/releases/3.0.1#dcat:DatasetShape/8f61614144aa7bca188b24f5976593dc08aad0e6,UPSTREAM-POS-UPSTREAM-DCATAP-5E7508FC3EBA2AC250F2,UPSTREAM-NEG-UPSTREAM-DCATAP-5E7508FC3EBA2AC250F2
UPSTREAM-DCATAP-5E77A42CA6E7E0264864,"[""core"",""dataspace-offering"",""observation"",""quality""]","[""http://www.w3.org/ns/dcat#Dataset""]",http://www.w3.org/ns/dcat#inSeries,MUST,,,"[""http://www.w3.org/ns/dcat#DatasetSeries""]",[],Violation,"[{""language"":""ko"",""text"":""로컬 격리 증거: 원문 PropertyShape에는 메시지가 없으며 sh:class 제약을 검증한다."",""source"":""local-evidence"",""predicate"":null}]",MOLIT 로컬 적용 가이드(upstream 원문 보충 설명): <http://www.w3.org/ns/dcat#inSeries>의 모든 값에 rdf:type <http://www.w3.org/ns/dcat#DatasetSeries>를 명시한다. 원문 constraint 값은 변경하지 않는다.,DCAT-AP 3.0.1,"[""https://semiceu.github.io/DCAT-AP/releases/3.0.1#Dataset.inseries""]",DCAT-AP 3.0.1의 sh:class 제약을 변경 없이 채택한다. named PropertyShape의 원문 direct quad를 그대로 채택했다. 추가한 sh:targetNode는 격리 시험용이며 규범 의미를 바꾸지 않는다.,https://semiceu.github.io/DCAT-AP/releases/3.0.1#dcat:DatasetShape/63790d4374dda7d88681e2756e114a65082d9bfd,UPSTREAM-POS-UPSTREAM-DCATAP-5E77A42CA6E7E0264864,UPSTREAM-NEG-UPSTREAM-DCATAP-5E77A42CA6E7E0264864
UPSTREAM-DCATAP-5EB2D64972B6B5571093,"[""core"",""dataspace-offering"",""observation"",""quality""]","[""http://www.w3.org/ns/dcat#Distribution""]",http://www.w3.org/ns/dcat#byteSize,MUST,,,"[""http://www.w3.org/2001/XMLSchema#nonNegativeInteger""]",[],Violation,"[{""language"":""ko"",""text"":""로컬 격리 증거: 원문 PropertyShape에는 메시지가 없으며 sh:datatype 제약을 검증한다."",""source"":""local-evidence"",""predicate"":null}]",MOLIT 로컬 적용 가이드(upstream 원문 보충 설명): <http://www.w3.org/ns/dcat#byteSize> 값을 <http://www.w3.org/2001/XMLSchema#nonNegativeInteger> datatype의 유효한 lexical literal로 직렬화한다. 원문 constraint 값은 변경하지 않는다.,DCAT-AP 3.0.1,"[""https://semiceu.github.io/DCAT-AP/releases/3.0.1#Distribution.bytesize""]",DCAT-AP 3.0.1의 sh:datatype 제약을 변경 없이 채택한다. named PropertyShape의 원문 direct quad를 그대로 채택했다. 추가한 sh:targetNode는 격리 시험용이며 규범 의미를 바꾸지 않는다.,https://semiceu.github.io/DCAT-AP/releases/3.0.1#dcat:DistributionShape/ed8e40725c55813428b73d8e5042c6affe821ea2,UPSTREAM-POS-UPSTREAM-DCATAP-5EB2D64972B6B5571093,UPSTREAM-NEG-UPSTREAM-DCATAP-5EB2D64972B6B5571093
UPSTREAM-DCATAP-628F1E7C976FE026C318,"[""core"",""dataspace-offering"",""observation"",""quality""]","[""http://www.w3.org/ns/dcat#DatasetSeries""]",http://purl.org/dc/terms/description,MUST,,,"[""http://www.w3.org/ns/shacl#Literal""]",[],Violation,"[{""language"":""ko"",""text"":""로컬 격리 증거: 원문 PropertyShape에는 메시지가 없으며 sh:nodeKind 제약을 검증한다."",""source"":""local-evidence"",""predicate"":null}]",MOLIT 로컬 적용 가이드(upstream 원문 보충 설명): <http://purl.org/dc/terms/description> 값을 <http://www.w3.org/ns/shacl#Literal> node kind로 바꾼다. 원문 constraint 값은 변경하지 않는다.,DCAT-AP 3.0.1,"[""https://semiceu.github.io/DCAT-AP/releases/3.0.1#DatasetSeries.description""]",DCAT-AP 3.0.1의 sh:nodeKind 제약을 변경 없이 채택한다. named PropertyShape의 원문 direct quad를 그대로 채택했다. 추가한 sh:targetNode는 격리 시험용이며 규범 의미를 바꾸지 않는다.,https://semiceu.github.io/DCAT-AP/releases/3.0.1#dcat:DatasetSeriesShape/6cae9880e515253132af1452a38a8a5827165149,UPSTREAM-POS-UPSTREAM-DCATAP-628F1E7C976FE026C318,UPSTREAM-NEG-UPSTREAM-DCATAP-628F1E7C976FE026C318
UPSTREAM-DCATAP-6316A816F017CA1EAD16,"[""core"",""dataspace-offering"",""observation"",""quality""]","[""http://www.w3.org/ns/dcat#CatalogRecord""]",http://purl.org/dc/terms/modified,MUST,1,,[],[],Violation,"[{""language"":""ko"",""text"":""로컬 격리 증거: 원문 PropertyShape에는 메시지가 없으며 sh:minCount 제약을 검증한다."",""source"":""local-evidence"",""predicate"":null}]",MOLIT 로컬 적용 가이드(upstream 원문 보충 설명): <http://purl.org/dc/terms/modified> 값을 1개 이상 제공한다. 원문 constraint 값은 변경하지 않는다.,DCAT-AP 3.0.1,"[""https://semiceu.github.io/DCAT-AP/releases/3.0.1#CatalogueRecord.modificationdate""]",DCAT-AP 3.0.1의 sh:minCount 제약을 변경 없이 채택한다. named PropertyShape의 원문 direct quad를 그대로 채택했다. 추가한 sh:targetNode는 격리 시험용이며 규범 의미를 바꾸지 않는다.,https://semiceu.github.io/DCAT-AP/releases/3.0.1#dcat:CatalogRecordShape/06293023d38e0a3f6d84479e2c37726cc226bcf6,UPSTREAM-POS-UPSTREAM-DCATAP-6316A816F017CA1EAD16,UPSTREAM-NEG-UPSTREAM-DCATAP-6316A816F017CA1EAD16
UPSTREAM-DCATAP-63ED34BC17227B6407D9,"[""core"",""dataspace-offering"",""observation"",""quality""]","[""http://www.w3.org/ns/dcat#Dataset""]",http://purl.org/dc/terms/source,MUST,,,"[""http://www.w3.org/ns/dcat#Dataset""]",[],Violation,"[{""language"":""ko"",""text"":""로컬 격리 증거: 원문 PropertyShape에는 메시지가 없으며 sh:class 제약을 검증한다."",""source"":""local-evidence"",""predicate"":null}]",MOLIT 로컬 적용 가이드(upstream 원문 보충 설명): <http://purl.org/dc/terms/source>의 모든 값에 rdf:type <http://www.w3.org/ns/dcat#Dataset>를 명시한다. 원문 constraint 값은 변경하지 않는다.,DCAT-AP 3.0.1,"[""https://semiceu.github.io/DCAT-AP/releases/3.0.1#Dataset.source""]",DCAT-AP 3.0.1의 sh:class 제약을 변경 없이 채택한다. named PropertyShape의 원문 direct quad를 그대로 채택했다. 추가한 sh:targetNode는 격리 시험용이며 규범 의미를 바꾸지 않는다.,https://semiceu.github.io/DCAT-AP/releases/3.0.1#dcat:DatasetShape/2d388ed1a94fa93a83fb179a4ecb339b2566b790,UPSTREAM-POS-UPSTREAM-DCATAP-63ED34BC17227B6407D9,UPSTREAM-NEG-UPSTREAM-DCATAP-63ED34BC17227B6407D9
UPSTREAM-DCATAP-6414B384A8E1C7BEADA6,"[""core"",""dataspace-offering"",""observation"",""quality""]","[""http://www.w3.org/ns/dcat#Catalog""]",http://www.w3.org/ns/dcat#service,MUST,,,"[""http://www.w3.org/ns/dcat#DataService""]",[],Violation,"[{""language"":""ko"",""text"":""로컬 격리 증거: 원문 PropertyShape에는 메시지가 없으며 sh:class 제약을 검증한다."",""source"":""local-evidence"",""predicate"":null}]",MOLIT 로컬 적용 가이드(upstream 원문 보충 설명): <http://www.w3.org/ns/dcat#service>의 모든 값에 rdf:type <http://www.w3.org/ns/dcat#DataService>를 명시한다. 원문 constraint 값은 변경하지 않는다.,DCAT-AP 3.0.1,"[""https://semiceu.github.io/DCAT-AP/releases/3.0.1#Catalogue.service""]",DCAT-AP 3.0.1의 sh:class 제약을 변경 없이 채택한다. named PropertyShape의 원문 direct quad를 그대로 채택했다. 추가한 sh:targetNode는 격리 시험용이며 규범 의미를 바꾸지 않는다.,https://semiceu.github.io/DCAT-AP/releases/3.0.1#dcat:CatalogShape/c26f8a3ac6445e9f36176f951acd9d235af5ffd9,UPSTREAM-POS-UPSTREAM-DCATAP-6414B384A8E1C7BEADA6,UPSTREAM-NEG-UPSTREAM-DCATAP-6414B384A8E1C7BEADA6
UPSTREAM-DCATAP-64CB9060191E7CA101DE,"[""core"",""dataspace-offering"",""observation"",""quality""]","[""http://www.w3.org/ns/dcat#Dataset""]",http://www.w3.org/ns/prov#qualifiedAttribution,MUST,,,"[""http://www.w3.org/ns/shacl#BlankNodeOrIRI""]",[],Violation,"[{""language"":""ko"",""text"":""로컬 격리 증거: 원문 PropertyShape에는 메시지가 없으며 sh:nodeKind 제약을 검증한다."",""source"":""local-evidence"",""predicate"":null}]",MOLIT 로컬 적용 가이드(upstream 원문 보충 설명): <http://www.w3.org/ns/prov#qualifiedAttribution> 값을 <http://www.w3.org/ns/shacl#BlankNodeOrIRI> node kind로 바꾼다. 원문 constraint 값은 변경하지 않는다.,DCAT-AP 3.0.1,"[""https://semiceu.github.io/DCAT-AP/releases/3.0.1#Dataset.qualifiedattribution""]",DCAT-AP 3.0.1의 sh:nodeKind 제약을 변경 없이 채택한다. named PropertyShape의 원문 direct quad를 그대로 채택했다. 추가한 sh:targetNode는 격리 시험용이며 규범 의미를 바꾸지 않는다.,https://semiceu.github.io/DCAT-AP/releases/3.0.1#dcat:DatasetShape/baaa3d4a8f33f8b2b8c1d19c8d2817a75377145d,UPSTREAM-POS-UPSTREAM-DCATAP-64CB9060191E7CA101DE,UPSTREAM-NEG-UPSTREAM-DCATAP-64CB9060191E7CA101DE
UPSTREAM-DCATAP-652769E8310F78489C1A,"[""core"",""dataspace-offering"",""observation"",""quality""]","[""http://www.w3.org/ns/dcat#Catalog""]",http://purl.org/dc/terms/rights,MUST,,,"[""http://www.w3.org/ns/shacl#BlankNodeOrIRI""]",[],Violation,"[{""language"":""ko"",""text"":""로컬 격리 증거: 원문 PropertyShape에는 메시지가 없으며 sh:nodeKind 제약을 검증한다."",""source"":""local-evidence"",""predicate"":null}]",MOLIT 로컬 적용 가이드(upstream 원문 보충 설명): <http://purl.org/dc/terms/rights> 값을 <http://www.w3.org/ns/shacl#BlankNodeOrIRI> node kind로 바꾼다. 원문 constraint 값은 변경하지 않는다.,DCAT-AP 3.0.1,"[""https://semiceu.github.io/DCAT-AP/releases/3.0.1#Catalogue.rights""]",DCAT-AP 3.0.1의 sh:nodeKind 제약을 변경 없이 채택한다. named PropertyShape의 원문 direct quad를 그대로 채택했다. 추가한 sh:targetNode는 격리 시험용이며 규범 의미를 바꾸지 않는다.,https://semiceu.github.io/DCAT-AP/releases/3.0.1#dcat:CatalogShape/b4c4138f0581e7240ec4dd866004c56407b3705a,UPSTREAM-POS-UPSTREAM-DCATAP-652769E8310F78489C1A,UPSTREAM-NEG-UPSTREAM-DCATAP-652769E8310F78489C1A
UPSTREAM-DCATAP-6645D3770425CAB96F66,"[""core"",""dataspace-offering"",""observation"",""quality""]","[""http://www.w3.org/ns/dcat#DataService""]",http://purl.org/dc/terms/format,MUST,,,"[""http://purl.org/dc/terms/MediaTypeOrExtent""]",[],Violation,"[{""language"":""ko"",""text"":""로컬 격리 증거: 원문 PropertyShape에는 메시지가 없으며 sh:class 제약을 검증한다."",""source"":""local-evidence"",""predicate"":null}]",MOLIT 로컬 적용 가이드(upstream 원문 보충 설명): <http://purl.org/dc/terms/format>의 모든 값에 rdf:type <http://purl.org/dc/terms/MediaTypeOrExtent>를 명시한다. 원문 constraint 값은 변경하지 않는다.,DCAT-AP 3.0.1,"[""https://semiceu.github.io/DCAT-AP/releases/3.0.1#DataService.format""]",DCAT-AP 3.0.1의 sh:class 제약을 변경 없이 채택한다. named PropertyShape의 원문 direct quad를 그대로 채택했다. 추가한 sh:targetNode는 격리 시험용이며 규범 의미를 바꾸지 않는다.,https://semiceu.github.io/DCAT-AP/releases/3.0.1#dcat:DataServiceShape/737cd5f1c9f0e13c35eb82b7f0d2b2f76a9a82c7,UPSTREAM-POS-UPSTREAM-DCATAP-6645D3770425CAB96F66,UPSTREAM-NEG-UPSTREAM-DCATAP-6645D3770425CAB96F66
UPSTREAM-DCATAP-6674033CE417F9D20285,"[""core"",""dataspace-offering"",""observation"",""quality""]","[""http://www.w3.org/ns/dcat#Catalog""]",http://purl.org/dc/terms/license,MUST,,,"[""http://www.w3.org/ns/shacl#BlankNodeOrIRI""]",[],Violation,"[{""language"":""ko"",""text"":""로컬 격리 증거: 원문 PropertyShape에는 메시지가 없으며 sh:nodeKind 제약을 검증한다."",""source"":""local-evidence"",""predicate"":null}]",MOLIT 로컬 적용 가이드(upstream 원문 보충 설명): <http://purl.org/dc/terms/license> 값을 <http://www.w3.org/ns/shacl#BlankNodeOrIRI> node kind로 바꾼다. 원문 constraint 값은 변경하지 않는다.,DCAT-AP 3.0.1,"[""https://semiceu.github.io/DCAT-AP/releases/3.0.1#Catalogue.licence""]",DCAT-AP 3.0.1의 sh:nodeKind 제약을 변경 없이 채택한다. named PropertyShape의 원문 direct quad를 그대로 채택했다. 추가한 sh:targetNode는 격리 시험용이며 규범 의미를 바꾸지 않는다.,https://semiceu.github.io/DCAT-AP/releases/3.0.1#dcat:CatalogShape/f30149ffb6ec9d00dd5866b052105729fa27d02a,UPSTREAM-POS-UPSTREAM-DCATAP-6674033CE417F9D20285,UPSTREAM-NEG-UPSTREAM-DCATAP-6674033CE417F9D20285
UPSTREAM-DCATAP-6708EB70C5C30C709A8A,"[""core"",""dataspace-offering"",""observation"",""quality""]","[""http://www.w3.org/ns/dcat#DatasetSeries""]",http://purl.org/dc/terms/accrualPeriodicity,MUST,,1,[],[],Violation,"[{""language"":""ko"",""text"":""로컬 격리 증거: 원문 PropertyShape에는 메시지가 없으며 sh:maxCount 제약을 검증한다."",""source"":""local-evidence"",""predicate"":null}]",MOLIT 로컬 적용 가이드(upstream 원문 보충 설명): <http://purl.org/dc/terms/accrualPeriodicity> 값을 1개 이하로 줄인다. 원문 constraint 값은 변경하지 않는다.,DCAT-AP 3.0.1,"[""https://semiceu.github.io/DCAT-AP/releases/3.0.1#DatasetSeries.frequency""]",DCAT-AP 3.0.1의 sh:maxCount 제약을 변경 없이 채택한다. named PropertyShape의 원문 direct quad를 그대로 채택했다. 추가한 sh:targetNode는 격리 시험용이며 규범 의미를 바꾸지 않는다.,https://semiceu.github.io/DCAT-AP/releases/3.0.1#dcat:DatasetSeriesShape/84229f2224810ba9c70b4b27f756414cc0353324,UPSTREAM-POS-UPSTREAM-DCATAP-6708EB70C5C30C709A8A,UPSTREAM-NEG-UPSTREAM-DCATAP-6708EB70C5C30C709A8A
UPSTREAM-DCATAP-677BDCEB5E29787B37E0,"[""core"",""dataspace-offering"",""observation"",""quality""]","[""http://www.w3.org/ns/dcat#Catalog""]",http://www.w3.org/ns/dcat#dataset,MUST,,,"[""http://www.w3.org/ns/shacl#BlankNodeOrIRI""]",[],Violation,"[{""language"":""ko"",""text"":""로컬 격리 증거: 원문 PropertyShape에는 메시지가 없으며 sh:nodeKind 제약을 검증한다."",""source"":""local-evidence"",""predicate"":null}]",MOLIT 로컬 적용 가이드(upstream 원문 보충 설명): <http://www.w3.org/ns/dcat#dataset> 값을 <http://www.w3.org/ns/shacl#BlankNodeOrIRI> node kind로 바꾼다. 원문 constraint 값은 변경하지 않는다.,DCAT-AP 3.0.1,"[""https://semiceu.github.io/DCAT-AP/releases/3.0.1#Catalogue.dataset""]",DCAT-AP 3.0.1의 sh:nodeKind 제약을 변경 없이 채택한다. named PropertyShape의 원문 direct quad를 그대로 채택했다. 추가한 sh:targetNode는 격리 시험용이며 규범 의미를 바꾸지 않는다.,https://semiceu.github.io/DCAT-AP/releases/3.0.1#dcat:CatalogShape/01d5c746936ff78bb5eb353a1b0e49303cb2fd31,UPSTREAM-POS-UPSTREAM-DCATAP-677BDCEB5E29787B37E0,UPSTREAM-NEG-UPSTREAM-DCATAP-677BDCEB5E29787B37E0
UPSTREAM-DCATAP-681FA48901667AB58382,"[""core"",""dataspace-offering"",""observation"",""quality""]","[""http://www.w3.org/ns/dcat#Distribution""]",http://www.w3.org/ns/dcat#packageFormat,MUST,,,"[""http://www.w3.org/ns/shacl#BlankNodeOrIRI""]",[],Violation,"[{""language"":""ko"",""text"":""로컬 격리 증거: 원문 PropertyShape에는 메시지가 없으며 sh:nodeKind 제약을 검증한다."",""source"":""local-evidence"",""predicate"":null}]",MOLIT 로컬 적용 가이드(upstream 원문 보충 설명): <http://www.w3.org/ns/dcat#packageFormat> 값을 <http://www.w3.org/ns/shacl#BlankNodeOrIRI> node kind로 바꾼다. 원문 constraint 값은 변경하지 않는다.,DCAT-AP 3.0.1,"[""https://semiceu.github.io/DCAT-AP/releases/3.0.1#Distribution.packagingformat""]",DCAT-AP 3.0.1의 sh:nodeKind 제약을 변경 없이 채택한다. named PropertyShape의 원문 direct quad를 그대로 채택했다. 추가한 sh:targetNode는 격리 시험용이며 규범 의미를 바꾸지 않는다.,https://semiceu.github.io/DCAT-AP/releases/3.0.1#dcat:DistributionShape/cde78c9a823f798f6a3de93270dde9283cc6e872,UPSTREAM-POS-UPSTREAM-DCATAP-681FA48901667AB58382,UPSTREAM-NEG-UPSTREAM-DCATAP-681FA48901667AB58382
UPSTREAM-DCATAP-687471DF55E5C084705E,"[""core"",""dataspace-offering"",""observation"",""quality""]","[""http://www.w3.org/ns/dcat#Dataset""]",http://www.w3.org/ns/adms#identifier,MUST,,,"[""http://www.w3.org/ns/adms#Identifier""]",[],Violation,"[{""language"":""ko"",""text"":""로컬 격리 증거: 원문 PropertyShape에는 메시지가 없으며 sh:class 제약을 검증한다."",""source"":""local-evidence"",""predicate"":null}]",MOLIT 로컬 적용 가이드(upstream 원문 보충 설명): <http://www.w3.org/ns/adms#identifier>의 모든 값에 rdf:type <http://www.w3.org/ns/adms#Identifier>를 명시한다. 원문 constraint 값은 변경하지 않는다.,DCAT-AP 3.0.1,"[""https://semiceu.github.io/DCAT-AP/releases/3.0.1#Dataset.otheridentifier""]",DCAT-AP 3.0.1의 sh:class 제약을 변경 없이 채택한다. named PropertyShape의 원문 direct quad를 그대로 채택했다. 추가한 sh:targetNode는 격리 시험용이며 규범 의미를 바꾸지 않는다.,https://semiceu.github.io/DCAT-AP/releases/3.0.1#dcat:DatasetShape/9fe7c5889615d19dd4849fb66a5664fc016aa598,UPSTREAM-POS-UPSTREAM-DCATAP-687471DF55E5C084705E,UPSTREAM-NEG-UPSTREAM-DCATAP-687471DF55E5C084705E
UPSTREAM-DCATAP-69EADDD7AF836E4D26D5,"[""core"",""dataspace-offering"",""observation"",""quality""]","[""http://www.w3.org/ns/dcat#CatalogRecord""]",http://www.w3.org/ns/adms#status,MUST,,1,[],[],Violation,"[{""language"":""ko"",""text"":""로컬 격리 증거: 원문 PropertyShape에는 메시지가 없으며 sh:maxCount 제약을 검증한다."",""source"":""local-evidence"",""predicate"":null}]",MOLIT 로컬 적용 가이드(upstream 원문 보충 설명): <http://www.w3.org/ns/adms#status> 값을 1개 이하로 줄인다. 원문 constraint 값은 변경하지 않는다.,DCAT-AP 3.0.1,"[""https://semiceu.github.io/DCAT-AP/releases/3.0.1#CatalogueRecord.changetype""]",DCAT-AP 3.0.1의 sh:maxCount 제약을 변경 없이 채택한다. named PropertyShape의 원문 direct quad를 그대로 채택했다. 추가한 sh:targetNode는 격리 시험용이며 규범 의미를 바꾸지 않는다.,https://semiceu.github.io/DCAT-AP/releases/3.0.1#dcat:CatalogRecordShape/1c4ac0cf94e6a9152035ed86f73590b6b516dfef,UPSTREAM-POS-UPSTREAM-DCATAP-69EADDD7AF836E4D26D5,UPSTREAM-NEG-UPSTREAM-DCATAP-69EADDD7AF836E4D26D5
UPSTREAM-DCATAP-6A0F029CD50531E93318,"[""core"",""dataspace-offering"",""observation"",""quality""]","[""http://www.w3.org/ns/adms#Identifier""]",http://www.w3.org/2004/02/skos/core#notation,MUST,,,"[""http://www.w3.org/ns/shacl#Literal""]",[],Violation,"[{""language"":""ko"",""text"":""로컬 격리 증거: 원문 PropertyShape에는 메시지가 없으며 sh:nodeKind 제약을 검증한다."",""source"":""local-evidence"",""predicate"":null}]",MOLIT 로컬 적용 가이드(upstream 원문 보충 설명): <http://www.w3.org/2004/02/skos/core#notation> 값을 <http://www.w3.org/ns/shacl#Literal> node kind로 바꾼다. 원문 constraint 값은 변경하지 않는다.,DCAT-AP 3.0.1,"[""https://semiceu.github.io/DCAT-AP/releases/3.0.1#Identifier.notation""]",DCAT-AP 3.0.1의 sh:nodeKind 제약을 변경 없이 채택한다. named PropertyShape의 원문 direct quad를 그대로 채택했다. 추가한 sh:targetNode는 격리 시험용이며 규범 의미를 바꾸지 않는다.,https://semiceu.github.io/DCAT-AP/releases/3.0.1#adms:IdentifierShape/053d0ae3c4b213ae2f708e5e492b97e2cce08686,UPSTREAM-POS-UPSTREAM-DCATAP-6A0F029CD50531E93318,UPSTREAM-NEG-UPSTREAM-DCATAP-6A0F029CD50531E93318
UPSTREAM-DCATAP-6AF48032E0EF54029655,"[""core"",""dataspace-offering"",""observation"",""quality""]","[""http://www.w3.org/ns/dcat#Distribution""]",http://purl.org/dc/terms/format,MUST,,,"[""http://purl.org/dc/terms/MediaTypeOrExtent""]",[],Violation,"[{""language"":""ko"",""text"":""로컬 격리 증거: 원문 PropertyShape에는 메시지가 없으며 sh:class 제약을 검증한다."",""source"":""local-evidence"",""predicate"":null}]",MOLIT 로컬 적용 가이드(upstream 원문 보충 설명): <http://purl.org/dc/terms/format>의 모든 값에 rdf:type <http://purl.org/dc/terms/MediaTypeOrExtent>를 명시한다. 원문 constraint 값은 변경하지 않는다.,DCAT-AP 3.0.1,"[""https://semiceu.github.io/DCAT-AP/releases/3.0.1#Distribution.format""]",DCAT-AP 3.0.1의 sh:class 제약을 변경 없이 채택한다. named PropertyShape의 원문 direct quad를 그대로 채택했다. 추가한 sh:targetNode는 격리 시험용이며 규범 의미를 바꾸지 않는다.,https://semiceu.github.io/DCAT-AP/releases/3.0.1#dcat:DistributionShape/737cd5f1c9f0e13c35eb82b7f0d2b2f76a9a82c7,UPSTREAM-POS-UPSTREAM-DCATAP-6AF48032E0EF54029655,UPSTREAM-NEG-UPSTREAM-DCATAP-6AF48032E0EF54029655
UPSTREAM-DCATAP-6B7E538AE85158125F02,"[""core"",""dataspace-offering"",""observation"",""quality""]","[""http://www.w3.org/ns/dcat#Dataset""]",http://purl.org/dc/terms/provenance,MUST,,,"[""http://www.w3.org/ns/shacl#BlankNodeOrIRI""]",[],Violation,"[{""language"":""ko"",""text"":""로컬 격리 증거: 원문 PropertyShape에는 메시지가 없으며 sh:nodeKind 제약을 검증한다."",""source"":""local-evidence"",""predicate"":null}]",MOLIT 로컬 적용 가이드(upstream 원문 보충 설명): <http://purl.org/dc/terms/provenance> 값을 <http://www.w3.org/ns/shacl#BlankNodeOrIRI> node kind로 바꾼다. 원문 constraint 값은 변경하지 않는다.,DCAT-AP 3.0.1,"[""https://semiceu.github.io/DCAT-AP/releases/3.0.1#Dataset.provenance""]",DCAT-AP 3.0.1의 sh:nodeKind 제약을 변경 없이 채택한다. named PropertyShape의 원문 direct quad를 그대로 채택했다. 추가한 sh:targetNode는 격리 시험용이며 규범 의미를 바꾸지 않는다.,https://semiceu.github.io/DCAT-AP/releases/3.0.1#dcat:DatasetShape/5d09c2893875cc2183ee55dea57e9c61c07d8006,UPSTREAM-POS-UPSTREAM-DCATAP-6B7E538AE85158125F02,UPSTREAM-NEG-UPSTREAM-DCATAP-6B7E538AE85158125F02
UPSTREAM-DCATAP-6B94A9EF9AE1A760C628,"[""core"",""dataspace-offering"",""observation"",""quality""]","[""http://spdx.org/rdf/terms#Checksum""]",http://spdx.org/rdf/terms#checksumValue,MUST,,,"[""http://www.w3.org/ns/shacl#Literal""]",[],Violation,"[{""language"":""ko"",""text"":""로컬 격리 증거: 원문 PropertyShape에는 메시지가 없으며 sh:nodeKind 제약을 검증한다."",""source"":""local-evidence"",""predicate"":null}]",MOLIT 로컬 적용 가이드(upstream 원문 보충 설명): <http://spdx.org/rdf/terms#checksumValue> 값을 <http://www.w3.org/ns/shacl#Literal> node kind로 바꾼다. 원문 constraint 값은 변경하지 않는다.,DCAT-AP 3.0.1,"[""https://semiceu.github.io/DCAT-AP/releases/3.0.1#Checksum.checksumvalue""]",DCAT-AP 3.0.1의 sh:nodeKind 제약을 변경 없이 채택한다. named PropertyShape의 원문 direct quad를 그대로 채택했다. 추가한 sh:targetNode는 격리 시험용이며 규범 의미를 바꾸지 않는다.,https://semiceu.github.io/DCAT-AP/releases/3.0.1#spdx:ChecksumShape/18334d9daf21fe247c499aab3d04ddd1d4f391b7,UPSTREAM-POS-UPSTREAM-DCATAP-6B94A9EF9AE1A760C628,UPSTREAM-NEG-UPSTREAM-DCATAP-6B94A9EF9AE1A760C628
UPSTREAM-DCATAP-6D11DB031CB6BDC3F87F,"[""core"",""dataspace-offering"",""observation"",""quality""]","[""http://www.w3.org/ns/dcat#DataService""]",http://purl.org/dc/terms/format,MUST,,,"[""http://www.w3.org/ns/shacl#BlankNodeOrIRI""]",[],Violation,"[{""language"":""ko"",""text"":""로컬 격리 증거: 원문 PropertyShape에는 메시지가 없으며 sh:nodeKind 제약을 검증한다."",""source"":""local-evidence"",""predicate"":null}]",MOLIT 로컬 적용 가이드(upstream 원문 보충 설명): <http://purl.org/dc/terms/format> 값을 <http://www.w3.org/ns/shacl#BlankNodeOrIRI> node kind로 바꾼다. 원문 constraint 값은 변경하지 않는다.,DCAT-AP 3.0.1,"[""https://semiceu.github.io/DCAT-AP/releases/3.0.1#DataService.format""]",DCAT-AP 3.0.1의 sh:nodeKind 제약을 변경 없이 채택한다. named PropertyShape의 원문 direct quad를 그대로 채택했다. 추가한 sh:targetNode는 격리 시험용이며 규범 의미를 바꾸지 않는다.,https://semiceu.github.io/DCAT-AP/releases/3.0.1#dcat:DataServiceShape/c1577bd231c71b0b1910272999755d3414867cfd,UPSTREAM-POS-UPSTREAM-DCATAP-6D11DB031CB6BDC3F87F,UPSTREAM-NEG-UPSTREAM-DCATAP-6D11DB031CB6BDC3F87F
UPSTREAM-DCATAP-6E174C9713FFDF55F7EE,"[""core"",""dataspace-offering"",""observation"",""quality""]","[""http://www.w3.org/ns/dcat#Distribution""]",http://purl.org/dc/terms/license,MUST,,,"[""http://purl.org/dc/terms/LicenseDocument""]",[],Violation,"[{""language"":""ko"",""text"":""로컬 격리 증거: 원문 PropertyShape에는 메시지가 없으며 sh:class 제약을 검증한다."",""source"":""local-evidence"",""predicate"":null}]",MOLIT 로컬 적용 가이드(upstream 원문 보충 설명): <http://purl.org/dc/terms/license>의 모든 값에 rdf:type <http://purl.org/dc/terms/LicenseDocument>를 명시한다. 원문 constraint 값은 변경하지 않는다.,DCAT-AP 3.0.1,"[""https://semiceu.github.io/DCAT-AP/releases/3.0.1#Distribution.licence""]",DCAT-AP 3.0.1의 sh:class 제약을 변경 없이 채택한다. named PropertyShape의 원문 direct quad를 그대로 채택했다. 추가한 sh:targetNode는 격리 시험용이며 규범 의미를 바꾸지 않는다.,https://semiceu.github.io/DCAT-AP/releases/3.0.1#dcat:DistributionShape/dbcf2adef675735c48b532392359af27af5e8b71,UPSTREAM-POS-UPSTREAM-DCATAP-6E174C9713FFDF55F7EE,UPSTREAM-NEG-UPSTREAM-DCATAP-6E174C9713FFDF55F7EE
UPSTREAM-DCATAP-6E74720DBE510188412D,"[""core"",""dataspace-offering"",""observation"",""quality""]","[""http://www.w3.org/ns/dcat#Catalog""]",http://purl.org/dc/terms/creator,MUST,,1,[],[],Violation,"[{""language"":""ko"",""text"":""로컬 격리 증거: 원문 PropertyShape에는 메시지가 없으며 sh:maxCount 제약을 검증한다."",""source"":""local-evidence"",""predicate"":null}]",MOLIT 로컬 적용 가이드(upstream 원문 보충 설명): <http://purl.org/dc/terms/creator> 값을 1개 이하로 줄인다. 원문 constraint 값은 변경하지 않는다.,DCAT-AP 3.0.1,"[""https://semiceu.github.io/DCAT-AP/releases/3.0.1#Catalogue.creator""]",DCAT-AP 3.0.1의 sh:maxCount 제약을 변경 없이 채택한다. named PropertyShape의 원문 direct quad를 그대로 채택했다. 추가한 sh:targetNode는 격리 시험용이며 규범 의미를 바꾸지 않는다.,https://semiceu.github.io/DCAT-AP/releases/3.0.1#dcat:CatalogShape/8772a17b46da88b8aa26c30e24bc3d9ef17fb940,UPSTREAM-POS-UPSTREAM-DCATAP-6E74720DBE510188412D,UPSTREAM-NEG-UPSTREAM-DCATAP-6E74720DBE510188412D
UPSTREAM-DCATAP-6ECAD89974E1C4900BBA,"[""core"",""dataspace-offering"",""observation"",""quality""]","[""http://www.w3.org/ns/dcat#DataService""]",http://xmlns.com/foaf/0.1/page,MUST,,,"[""http://www.w3.org/ns/shacl#BlankNodeOrIRI""]",[],Violation,"[{""language"":""ko"",""text"":""로컬 격리 증거: 원문 PropertyShape에는 메시지가 없으며 sh:nodeKind 제약을 검증한다."",""source"":""local-evidence"",""predicate"":null}]",MOLIT 로컬 적용 가이드(upstream 원문 보충 설명): <http://xmlns.com/foaf/0.1/page> 값을 <http://www.w3.org/ns/shacl#BlankNodeOrIRI> node kind로 바꾼다. 원문 constraint 값은 변경하지 않는다.,DCAT-AP 3.0.1,"[""https://semiceu.github.io/DCAT-AP/releases/3.0.1#DataService.documentation""]",DCAT-AP 3.0.1의 sh:nodeKind 제약을 변경 없이 채택한다. named PropertyShape의 원문 direct quad를 그대로 채택했다. 추가한 sh:targetNode는 격리 시험용이며 규범 의미를 바꾸지 않는다.,https://semiceu.github.io/DCAT-AP/releases/3.0.1#dcat:DataServiceShape/998ce689a5bcc3e2764ff84a05255e34d91e8102,UPSTREAM-POS-UPSTREAM-DCATAP-6ECAD89974E1C4900BBA,UPSTREAM-NEG-UPSTREAM-DCATAP-6ECAD89974E1C4900BBA
UPSTREAM-DCATAP-6FCD84316E9E8B598B76,"[""core"",""dataspace-offering"",""observation"",""quality""]","[""http://www.w3.org/ns/dcat#Catalog""]",http://purl.org/dc/terms/language,MUST,,,"[""http://www.w3.org/ns/shacl#BlankNodeOrIRI""]",[],Violation,"[{""language"":""ko"",""text"":""로컬 격리 증거: 원문 PropertyShape에는 메시지가 없으며 sh:nodeKind 제약을 검증한다."",""source"":""local-evidence"",""predicate"":null}]",MOLIT 로컬 적용 가이드(upstream 원문 보충 설명): <http://purl.org/dc/terms/language> 값을 <http://www.w3.org/ns/shacl#BlankNodeOrIRI> node kind로 바꾼다. 원문 constraint 값은 변경하지 않는다.,DCAT-AP 3.0.1,"[""https://semiceu.github.io/DCAT-AP/releases/3.0.1#Catalogue.language""]",DCAT-AP 3.0.1의 sh:nodeKind 제약을 변경 없이 채택한다. named PropertyShape의 원문 direct quad를 그대로 채택했다. 추가한 sh:targetNode는 격리 시험용이며 규범 의미를 바꾸지 않는다.,https://semiceu.github.io/DCAT-AP/releases/3.0.1#dcat:CatalogShape/db878f1cb93930f64561d0504123c66feacfad5a,UPSTREAM-POS-UPSTREAM-DCATAP-6FCD84316E9E8B598B76,UPSTREAM-NEG-UPSTREAM-DCATAP-6FCD84316E9E8B598B76
UPSTREAM-DCATAP-702BA8B543938899CC92,"[""core"",""dataspace-offering"",""observation"",""quality""]","[""http://www.w3.org/ns/dcat#Distribution""]",http://www.w3.org/ns/dcat#accessURL,MUST,1,,[],[],Violation,"[{""language"":""ko"",""text"":""로컬 격리 증거: 원문 PropertyShape에는 메시지가 없으며 sh:minCount 제약을 검증한다."",""source"":""local-evidence"",""predicate"":null}]",MOLIT 로컬 적용 가이드(upstream 원문 보충 설명): <http://www.w3.org/ns/dcat#accessURL> 값을 1개 이상 제공한다. 원문 constraint 값은 변경하지 않는다.,DCAT-AP 3.0.1,"[""https://semiceu.github.io/DCAT-AP/releases/3.0.1#Distribution.accessURL""]",DCAT-AP 3.0.1의 sh:minCount 제약을 변경 없이 채택한다. named PropertyShape의 원문 direct quad를 그대로 채택했다. 추가한 sh:targetNode는 격리 시험용이며 규범 의미를 바꾸지 않는다.,https://semiceu.github.io/DCAT-AP/releases/3.0.1#dcat:DistributionShape/e0065293221c5851ec508ae96cd4ad03ffdedd19,UPSTREAM-POS-UPSTREAM-DCATAP-702BA8B543938899CC92,UPSTREAM-NEG-UPSTREAM-DCATAP-702BA8B543938899CC92
UPSTREAM-DCATAP-7102323091A11B0BD1D2,"[""core"",""dataspace-offering"",""observation"",""quality""]","[""http://www.w3.org/ns/dcat#Dataset""]",http://purl.org/dc/terms/publisher,MUST,,,"[""http://www.w3.org/ns/shacl#BlankNodeOrIRI""]",[],Violation,"[{""language"":""ko"",""text"":""로컬 격리 증거: 원문 PropertyShape에는 메시지가 없으며 sh:nodeKind 제약을 검증한다."",""source"":""local-evidence"",""predicate"":null}]",MOLIT 로컬 적용 가이드(upstream 원문 보충 설명): <http://purl.org/dc/terms/publisher> 값을 <http://www.w3.org/ns/shacl#BlankNodeOrIRI> node kind로 바꾼다. 원문 constraint 값은 변경하지 않는다.,DCAT-AP 3.0.1,"[""https://semiceu.github.io/DCAT-AP/releases/3.0.1#Dataset.publisher""]",DCAT-AP 3.0.1의 sh:nodeKind 제약을 변경 없이 채택한다. named PropertyShape의 원문 direct quad를 그대로 채택했다. 추가한 sh:targetNode는 격리 시험용이며 규범 의미를 바꾸지 않는다.,https://semiceu.github.io/DCAT-AP/releases/3.0.1#dcat:DatasetShape/93f73e69bb03d2928fcf758a253ef316becdf9b9,UPSTREAM-POS-UPSTREAM-DCATAP-7102323091A11B0BD1D2,UPSTREAM-NEG-UPSTREAM-DCATAP-7102323091A11B0BD1D2
UPSTREAM-DCATAP-7230D3E4060485B729AE,"[""core"",""dataspace-offering"",""observation"",""quality""]","[""http://www.w3.org/ns/dcat#DatasetSeries""]",http://purl.org/dc/terms/accrualPeriodicity,MUST,,,"[""http://www.w3.org/ns/shacl#BlankNodeOrIRI""]",[],Violation,"[{""language"":""ko"",""text"":""로컬 격리 증거: 원문 PropertyShape에는 메시지가 없으며 sh:nodeKind 제약을 검증한다."",""source"":""local-evidence"",""predicate"":null}]",MOLIT 로컬 적용 가이드(upstream 원문 보충 설명): <http://purl.org/dc/terms/accrualPeriodicity> 값을 <http://www.w3.org/ns/shacl#BlankNodeOrIRI> node kind로 바꾼다. 원문 constraint 값은 변경하지 않는다.,DCAT-AP 3.0.1,"[""https://semiceu.github.io/DCAT-AP/releases/3.0.1#DatasetSeries.frequency""]",DCAT-AP 3.0.1의 sh:nodeKind 제약을 변경 없이 채택한다. named PropertyShape의 원문 direct quad를 그대로 채택했다. 추가한 sh:targetNode는 격리 시험용이며 규범 의미를 바꾸지 않는다.,https://semiceu.github.io/DCAT-AP/releases/3.0.1#dcat:DatasetSeriesShape/63a8cf23801ef605734507c621693524f22476dd,UPSTREAM-POS-UPSTREAM-DCATAP-7230D3E4060485B729AE,UPSTREAM-NEG-UPSTREAM-DCATAP-7230D3E4060485B729AE
UPSTREAM-DCATAP-7336E82769ED6A7C70F6,"[""core"",""dataspace-offering"",""observation"",""quality""]","[""http://www.w3.org/ns/dcat#Distribution""]",http://www.w3.org/ns/dcat#mediaType,MUST,,,"[""http://www.w3.org/ns/shacl#BlankNodeOrIRI""]",[],Violation,"[{""language"":""ko"",""text"":""로컬 격리 증거: 원문 PropertyShape에는 메시지가 없으며 sh:nodeKind 제약을 검증한다."",""source"":""local-evidence"",""predicate"":null}]",MOLIT 로컬 적용 가이드(upstream 원문 보충 설명): <http://www.w3.org/ns/dcat#mediaType> 값을 <http://www.w3.org/ns/shacl#BlankNodeOrIRI> node kind로 바꾼다. 원문 constraint 값은 변경하지 않는다.,DCAT-AP 3.0.1,"[""https://semiceu.github.io/DCAT-AP/releases/3.0.1#Distribution.mediatype""]",DCAT-AP 3.0.1의 sh:nodeKind 제약을 변경 없이 채택한다. named PropertyShape의 원문 direct quad를 그대로 채택했다. 추가한 sh:targetNode는 격리 시험용이며 규범 의미를 바꾸지 않는다.,https://semiceu.github.io/DCAT-AP/releases/3.0.1#dcat:DistributionShape/4546bd675f20c3ead3fabfd84682d9063fd2926a,UPSTREAM-POS-UPSTREAM-DCATAP-7336E82769ED6A7C70F6,UPSTREAM-NEG-UPSTREAM-DCATAP-7336E82769ED6A7C70F6
UPSTREAM-DCATAP-7357AF3AC721C571F363,"[""core"",""dataspace-offering"",""observation"",""quality""]","[""http://www.w3.org/ns/dcat#DatasetSeries""]",http://purl.org/dc/terms/modified,MUST,,,"[""http://www.w3.org/ns/shacl#Literal""]",[],Violation,"[{""language"":""ko"",""text"":""로컬 격리 증거: 원문 PropertyShape에는 메시지가 없으며 sh:nodeKind 제약을 검증한다."",""source"":""local-evidence"",""predicate"":null}]",MOLIT 로컬 적용 가이드(upstream 원문 보충 설명): <http://purl.org/dc/terms/modified> 값을 <http://www.w3.org/ns/shacl#Literal> node kind로 바꾼다. 원문 constraint 값은 변경하지 않는다.,DCAT-AP 3.0.1,"[""https://semiceu.github.io/DCAT-AP/releases/3.0.1#DatasetSeries.modificationdate""]",DCAT-AP 3.0.1의 sh:nodeKind 제약을 변경 없이 채택한다. named PropertyShape의 원문 direct quad를 그대로 채택했다. 추가한 sh:targetNode는 격리 시험용이며 규범 의미를 바꾸지 않는다.,https://semiceu.github.io/DCAT-AP/releases/3.0.1#dcat:DatasetSeriesShape/6b7242b6b89977700c05e4875131fbb975c4235e,UPSTREAM-POS-UPSTREAM-DCATAP-7357AF3AC721C571F363,UPSTREAM-NEG-UPSTREAM-DCATAP-7357AF3AC721C571F363
UPSTREAM-DCATAP-756D2F764B0E553B6F89,"[""core"",""dataspace-offering"",""observation"",""quality""]","[""http://www.w3.org/ns/dcat#Catalog""]",http://purl.org/dc/terms/creator,MUST,,,"[""http://www.w3.org/ns/shacl#BlankNodeOrIRI""]",[],Violation,"[{""language"":""ko"",""text"":""로컬 격리 증거: 원문 PropertyShape에는 메시지가 없으며 sh:nodeKind 제약을 검증한다."",""source"":""local-evidence"",""predicate"":null}]",MOLIT 로컬 적용 가이드(upstream 원문 보충 설명): <http://purl.org/dc/terms/creator> 값을 <http://www.w3.org/ns/shacl#BlankNodeOrIRI> node kind로 바꾼다. 원문 constraint 값은 변경하지 않는다.,DCAT-AP 3.0.1,"[""https://semiceu.github.io/DCAT-AP/releases/3.0.1#Catalogue.creator""]",DCAT-AP 3.0.1의 sh:nodeKind 제약을 변경 없이 채택한다. named PropertyShape의 원문 direct quad를 그대로 채택했다. 추가한 sh:targetNode는 격리 시험용이며 규범 의미를 바꾸지 않는다.,https://semiceu.github.io/DCAT-AP/releases/3.0.1#dcat:CatalogShape/7d4c667652f23f3a51353271e3800bca87ed3f68,UPSTREAM-POS-UPSTREAM-DCATAP-756D2F764B0E553B6F89,UPSTREAM-NEG-UPSTREAM-DCATAP-756D2F764B0E553B6F89
UPSTREAM-DCATAP-75C5A4794C765D5E1877,"[""core"",""dataspace-offering"",""observation"",""quality""]","[""http://www.w3.org/ns/dcat#Distribution""]",http://data.europa.eu/r5r/availability,MUST,,,"[""http://www.w3.org/2004/02/skos/core#Concept""]",[],Violation,"[{""language"":""ko"",""text"":""로컬 격리 증거: 원문 PropertyShape에는 메시지가 없으며 sh:class 제약을 검증한다."",""source"":""local-evidence"",""predicate"":null}]",MOLIT 로컬 적용 가이드(upstream 원문 보충 설명): <http://data.europa.eu/r5r/availability>의 모든 값에 rdf:type <http://www.w3.org/2004/02/skos/core#Concept>를 명시한다. 원문 constraint 값은 변경하지 않는다.,DCAT-AP 3.0.1,"[""https://semiceu.github.io/DCAT-AP/releases/3.0.1#Distribution.availability""]",DCAT-AP 3.0.1의 sh:class 제약을 변경 없이 채택한다. named PropertyShape의 원문 direct quad를 그대로 채택했다. 추가한 sh:targetNode는 격리 시험용이며 규범 의미를 바꾸지 않는다.,https://semiceu.github.io/DCAT-AP/releases/3.0.1#dcat:DistributionShape/9a496b0d6c38eb05e46fa6c5ad11981f19fbbce4,UPSTREAM-POS-UPSTREAM-DCATAP-75C5A4794C765D5E1877,UPSTREAM-NEG-UPSTREAM-DCATAP-75C5A4794C765D5E1877
UPSTREAM-DCATAP-760F72B008A5A9236089,"[""core"",""dataspace-offering"",""observation"",""quality""]","[""http://www.w3.org/ns/dcat#Dataset""]",http://purl.org/dc/terms/identifier,MUST,,,"[""http://www.w3.org/ns/shacl#Literal""]",[],Violation,"[{""language"":""ko"",""text"":""로컬 격리 증거: 원문 PropertyShape에는 메시지가 없으며 sh:nodeKind 제약을 검증한다."",""source"":""local-evidence"",""predicate"":null}]",MOLIT 로컬 적용 가이드(upstream 원문 보충 설명): <http://purl.org/dc/terms/identifier> 값을 <http://www.w3.org/ns/shacl#Literal> node kind로 바꾼다. 원문 constraint 값은 변경하지 않는다.,DCAT-AP 3.0.1,"[""https://semiceu.github.io/DCAT-AP/releases/3.0.1#Dataset.identifier""]",DCAT-AP 3.0.1의 sh:nodeKind 제약을 변경 없이 채택한다. named PropertyShape의 원문 direct quad를 그대로 채택했다. 추가한 sh:targetNode는 격리 시험용이며 규범 의미를 바꾸지 않는다.,https://semiceu.github.io/DCAT-AP/releases/3.0.1#dcat:DatasetShape/aadbd67a77a624f073be2076627fb9dc883cbe48,UPSTREAM-POS-UPSTREAM-DCATAP-760F72B008A5A9236089,UPSTREAM-NEG-UPSTREAM-DCATAP-760F72B008A5A9236089
UPSTREAM-DCATAP-76763680E01DBB45312D,"[""core"",""dataspace-offering"",""observation"",""quality""]","[""http://www.w3.org/ns/dcat#DataService""]",http://purl.org/dc/terms/conformsTo,MUST,,,"[""http://www.w3.org/ns/shacl#BlankNodeOrIRI""]",[],Violation,"[{""language"":""ko"",""text"":""로컬 격리 증거: 원문 PropertyShape에는 메시지가 없으며 sh:nodeKind 제약을 검증한다."",""source"":""local-evidence"",""predicate"":null}]",MOLIT 로컬 적용 가이드(upstream 원문 보충 설명): <http://purl.org/dc/terms/conformsTo> 값을 <http://www.w3.org/ns/shacl#BlankNodeOrIRI> node kind로 바꾼다. 원문 constraint 값은 변경하지 않는다.,DCAT-AP 3.0.1,"[""https://semiceu.github.io/DCAT-AP/releases/3.0.1#DataService.conformsto""]",DCAT-AP 3.0.1의 sh:nodeKind 제약을 변경 없이 채택한다. named PropertyShape의 원문 direct quad를 그대로 채택했다. 추가한 sh:targetNode는 격리 시험용이며 규범 의미를 바꾸지 않는다.,https://semiceu.github.io/DCAT-AP/releases/3.0.1#dcat:DataServiceShape/08118c51bfc41b71d11f3a58e9410da74e6480e6,UPSTREAM-POS-UPSTREAM-DCATAP-76763680E01DBB45312D,UPSTREAM-NEG-UPSTREAM-DCATAP-76763680E01DBB45312D
UPSTREAM-DCATAP-76B4FD58184A729A48E0,"[""core"",""dataspace-offering"",""observation"",""quality""]","[""http://www.w3.org/ns/dcat#Relationship""]",http://www.w3.org/ns/dcat#hadRole,MUST,1,,[],[],Violation,"[{""language"":""ko"",""text"":""로컬 격리 증거: 원문 PropertyShape에는 메시지가 없으며 sh:minCount 제약을 검증한다."",""source"":""local-evidence"",""predicate"":null}]",MOLIT 로컬 적용 가이드(upstream 원문 보충 설명): <http://www.w3.org/ns/dcat#hadRole> 값을 1개 이상 제공한다. 원문 constraint 값은 변경하지 않는다.,DCAT-AP 3.0.1,"[""https://semiceu.github.io/DCAT-AP/releases/3.0.1#Relationship.hadrole""]",DCAT-AP 3.0.1의 sh:minCount 제약을 변경 없이 채택한다. named PropertyShape의 원문 direct quad를 그대로 채택했다. 추가한 sh:targetNode는 격리 시험용이며 규범 의미를 바꾸지 않는다.,https://semiceu.github.io/DCAT-AP/releases/3.0.1#dcat:RelationshipShape/d171b3a7f68dcad152dc11b8200997a366513e00,UPSTREAM-POS-UPSTREAM-DCATAP-76B4FD58184A729A48E0,UPSTREAM-NEG-UPSTREAM-DCATAP-76B4FD58184A729A48E0
UPSTREAM-DCATAP-7A6D5891760D7D4DE206,"[""core"",""dataspace-offering"",""observation"",""quality""]","[""http://www.w3.org/ns/dcat#DataService""]",http://purl.org/dc/terms/accessRights,MUST,,,"[""http://purl.org/dc/terms/RightsStatement""]",[],Violation,"[{""language"":""ko"",""text"":""로컬 격리 증거: 원문 PropertyShape에는 메시지가 없으며 sh:class 제약을 검증한다."",""source"":""local-evidence"",""predicate"":null}]",MOLIT 로컬 적용 가이드(upstream 원문 보충 설명): <http://purl.org/dc/terms/accessRights>의 모든 값에 rdf:type <http://purl.org/dc/terms/RightsStatement>를 명시한다. 원문 constraint 값은 변경하지 않는다.,DCAT-AP 3.0.1,"[""https://semiceu.github.io/DCAT-AP/releases/3.0.1#DataService.accessrights""]",DCAT-AP 3.0.1의 sh:class 제약을 변경 없이 채택한다. named PropertyShape의 원문 direct quad를 그대로 채택했다. 추가한 sh:targetNode는 격리 시험용이며 규범 의미를 바꾸지 않는다.,https://semiceu.github.io/DCAT-AP/releases/3.0.1#dcat:DataServiceShape/ee60fdd4b8581460f5fc4077813b8bb3e3d77441,UPSTREAM-POS-UPSTREAM-DCATAP-7A6D5891760D7D4DE206,UPSTREAM-NEG-UPSTREAM-DCATAP-7A6D5891760D7D4DE206
UPSTREAM-DCATAP-7A9DFA2CE45CC9E1FF02,"[""core"",""dataspace-offering"",""observation"",""quality""]","[""http://www.w3.org/ns/dcat#Dataset""]",http://www.w3.org/ns/adms#versionNotes,MUST,,,"[""http://www.w3.org/ns/shacl#Literal""]",[],Violation,"[{""language"":""ko"",""text"":""로컬 격리 증거: 원문 PropertyShape에는 메시지가 없으며 sh:nodeKind 제약을 검증한다."",""source"":""local-evidence"",""predicate"":null}]",MOLIT 로컬 적용 가이드(upstream 원문 보충 설명): <http://www.w3.org/ns/adms#versionNotes> 값을 <http://www.w3.org/ns/shacl#Literal> node kind로 바꾼다. 원문 constraint 값은 변경하지 않는다.,DCAT-AP 3.0.1,"[""https://semiceu.github.io/DCAT-AP/releases/3.0.1#Dataset.versionnotes""]",DCAT-AP 3.0.1의 sh:nodeKind 제약을 변경 없이 채택한다. named PropertyShape의 원문 direct quad를 그대로 채택했다. 추가한 sh:targetNode는 격리 시험용이며 규범 의미를 바꾸지 않는다.,https://semiceu.github.io/DCAT-AP/releases/3.0.1#dcat:DatasetShape/5ad428d8500be9b1d9580021b00aa767c33402bb,UPSTREAM-POS-UPSTREAM-DCATAP-7A9DFA2CE45CC9E1FF02,UPSTREAM-NEG-UPSTREAM-DCATAP-7A9DFA2CE45CC9E1FF02
UPSTREAM-DCATAP-7AEC18986D3D4C7629B7,"[""core"",""dataspace-offering"",""observation"",""quality""]","[""http://www.w3.org/ns/dcat#Distribution""]",http://www.w3.org/ns/dcat#mediaType,MUST,,,"[""http://purl.org/dc/terms/MediaType""]",[],Violation,"[{""language"":""ko"",""text"":""로컬 격리 증거: 원문 PropertyShape에는 메시지가 없으며 sh:class 제약을 검증한다."",""source"":""local-evidence"",""predicate"":null}]",MOLIT 로컬 적용 가이드(upstream 원문 보충 설명): <http://www.w3.org/ns/dcat#mediaType>의 모든 값에 rdf:type <http://purl.org/dc/terms/MediaType>를 명시한다. 원문 constraint 값은 변경하지 않는다.,DCAT-AP 3.0.1,"[""https://semiceu.github.io/DCAT-AP/releases/3.0.1#Distribution.mediatype""]",DCAT-AP 3.0.1의 sh:class 제약을 변경 없이 채택한다. named PropertyShape의 원문 direct quad를 그대로 채택했다. 추가한 sh:targetNode는 격리 시험용이며 규범 의미를 바꾸지 않는다.,https://semiceu.github.io/DCAT-AP/releases/3.0.1#dcat:DistributionShape/06ed12d1071a78728d10628eb2d072781559eb75,UPSTREAM-POS-UPSTREAM-DCATAP-7AEC18986D3D4C7629B7,UPSTREAM-NEG-UPSTREAM-DCATAP-7AEC18986D3D4C7629B7
UPSTREAM-DCATAP-7BC2D87739C31704452F,"[""core"",""dataspace-offering"",""observation"",""quality""]","[""http://www.w3.org/ns/dcat#Dataset""]",http://purl.org/dc/terms/creator,MUST,,,"[""http://www.w3.org/ns/shacl#BlankNodeOrIRI""]",[],Violation,"[{""language"":""ko"",""text"":""로컬 격리 증거: 원문 PropertyShape에는 메시지가 없으며 sh:nodeKind 제약을 검증한다."",""source"":""local-evidence"",""predicate"":null}]",MOLIT 로컬 적용 가이드(upstream 원문 보충 설명): <http://purl.org/dc/terms/creator> 값을 <http://www.w3.org/ns/shacl#BlankNodeOrIRI> node kind로 바꾼다. 원문 constraint 값은 변경하지 않는다.,DCAT-AP 3.0.1,"[""https://semiceu.github.io/DCAT-AP/releases/3.0.1#Dataset.creator""]",DCAT-AP 3.0.1의 sh:nodeKind 제약을 변경 없이 채택한다. named PropertyShape의 원문 direct quad를 그대로 채택했다. 추가한 sh:targetNode는 격리 시험용이며 규범 의미를 바꾸지 않는다.,https://semiceu.github.io/DCAT-AP/releases/3.0.1#dcat:DatasetShape/7d4c667652f23f3a51353271e3800bca87ed3f68,UPSTREAM-POS-UPSTREAM-DCATAP-7BC2D87739C31704452F,UPSTREAM-NEG-UPSTREAM-DCATAP-7BC2D87739C31704452F
UPSTREAM-DCATAP-7CECCFE3EFBD5C77377B,"[""core"",""dataspace-offering"",""observation"",""quality""]","[""http://purl.org/dc/terms/PeriodOfTime""]",http://www.w3.org/ns/dcat#endDate,MUST,,,"[""http://www.w3.org/ns/shacl#Literal""]",[],Violation,"[{""language"":""ko"",""text"":""로컬 격리 증거: 원문 PropertyShape에는 메시지가 없으며 sh:nodeKind 제약을 검증한다."",""source"":""local-evidence"",""predicate"":null}]",MOLIT 로컬 적용 가이드(upstream 원문 보충 설명): <http://www.w3.org/ns/dcat#endDate> 값을 <http://www.w3.org/ns/shacl#Literal> node kind로 바꾼다. 원문 constraint 값은 변경하지 않는다.,DCAT-AP 3.0.1,"[""https://semiceu.github.io/DCAT-AP/releases/3.0.1#PeriodofTime.enddate""]",DCAT-AP 3.0.1의 sh:nodeKind 제약을 변경 없이 채택한다. named PropertyShape의 원문 direct quad를 그대로 채택했다. 추가한 sh:targetNode는 격리 시험용이며 규범 의미를 바꾸지 않는다.,https://semiceu.github.io/DCAT-AP/releases/3.0.1#dct:PeriodOfTimeShape/de859f6cb226ad795bc5b0dfa9777c0f6352efaf,UPSTREAM-POS-UPSTREAM-DCATAP-7CECCFE3EFBD5C77377B,UPSTREAM-NEG-UPSTREAM-DCATAP-7CECCFE3EFBD5C77377B
UPSTREAM-DCATAP-7D28E1A633366EAFAAE6,"[""core"",""dataspace-offering"",""observation"",""quality""]","[""http://xmlns.com/foaf/0.1/Agent""]",http://purl.org/dc/terms/type,MUST,,,"[""http://www.w3.org/2004/02/skos/core#Concept""]",[],Violation,"[{""language"":""ko"",""text"":""로컬 격리 증거: 원문 PropertyShape에는 메시지가 없으며 sh:class 제약을 검증한다."",""source"":""local-evidence"",""predicate"":null}]",MOLIT 로컬 적용 가이드(upstream 원문 보충 설명): <http://purl.org/dc/terms/type>의 모든 값에 rdf:type <http://www.w3.org/2004/02/skos/core#Concept>를 명시한다. 원문 constraint 값은 변경하지 않는다.,DCAT-AP 3.0.1,"[""https://semiceu.github.io/DCAT-AP/releases/3.0.1#Agent.type""]",DCAT-AP 3.0.1의 sh:class 제약을 변경 없이 채택한다. named PropertyShape의 원문 direct quad를 그대로 채택했다. 추가한 sh:targetNode는 격리 시험용이며 규범 의미를 바꾸지 않는다.,https://semiceu.github.io/DCAT-AP/releases/3.0.1#foaf:AgentShape/322371a77364a50f049d46180f6192532eea26dc,UPSTREAM-POS-UPSTREAM-DCATAP-7D28E1A633366EAFAAE6,UPSTREAM-NEG-UPSTREAM-DCATAP-7D28E1A633366EAFAAE6
UPSTREAM-DCATAP-7DDD49A913B584D6488A,"[""core"",""dataspace-offering"",""observation"",""quality""]","[""http://purl.org/dc/terms/PeriodOfTime""]",http://www.w3.org/2006/time#hasBeginning,MUST,,,"[""http://www.w3.org/2006/time#Instant""]",[],Violation,"[{""language"":""ko"",""text"":""로컬 격리 증거: 원문 PropertyShape에는 메시지가 없으며 sh:class 제약을 검증한다."",""source"":""local-evidence"",""predicate"":null}]",MOLIT 로컬 적용 가이드(upstream 원문 보충 설명): <http://www.w3.org/2006/time#hasBeginning>의 모든 값에 rdf:type <http://www.w3.org/2006/time#Instant>를 명시한다. 원문 constraint 값은 변경하지 않는다.,DCAT-AP 3.0.1,"[""https://semiceu.github.io/DCAT-AP/releases/3.0.1#PeriodofTime.beginning""]",DCAT-AP 3.0.1의 sh:class 제약을 변경 없이 채택한다. named PropertyShape의 원문 direct quad를 그대로 채택했다. 추가한 sh:targetNode는 격리 시험용이며 규범 의미를 바꾸지 않는다.,https://semiceu.github.io/DCAT-AP/releases/3.0.1#dct:PeriodOfTimeShape/eb883e24d5d0a294a30545021f24e485d59d1e47,UPSTREAM-POS-UPSTREAM-DCATAP-7DDD49A913B584D6488A,UPSTREAM-NEG-UPSTREAM-DCATAP-7DDD49A913B584D6488A
UPSTREAM-DCATAP-7E5985F79B939B551926,"[""core"",""dataspace-offering"",""observation"",""quality""]","[""http://www.w3.org/ns/dcat#Distribution""]",http://www.w3.org/ns/adms#status,MUST,,,"[""http://www.w3.org/ns/shacl#BlankNodeOrIRI""]",[],Violation,"[{""language"":""ko"",""text"":""로컬 격리 증거: 원문 PropertyShape에는 메시지가 없으며 sh:nodeKind 제약을 검증한다."",""source"":""local-evidence"",""predicate"":null}]",MOLIT 로컬 적용 가이드(upstream 원문 보충 설명): <http://www.w3.org/ns/adms#status> 값을 <http://www.w3.org/ns/shacl#BlankNodeOrIRI> node kind로 바꾼다. 원문 constraint 값은 변경하지 않는다.,DCAT-AP 3.0.1,"[""https://semiceu.github.io/DCAT-AP/releases/3.0.1#Distribution.status""]",DCAT-AP 3.0.1의 sh:nodeKind 제약을 변경 없이 채택한다. named PropertyShape의 원문 direct quad를 그대로 채택했다. 추가한 sh:targetNode는 격리 시험용이며 규범 의미를 바꾸지 않는다.,https://semiceu.github.io/DCAT-AP/releases/3.0.1#dcat:DistributionShape/3c1ab2e1170c5050c8b7742e97810027ddc104b1,UPSTREAM-POS-UPSTREAM-DCATAP-7E5985F79B939B551926,UPSTREAM-NEG-UPSTREAM-DCATAP-7E5985F79B939B551926
UPSTREAM-DCATAP-7EEB69336B8511472F5D,"[""core"",""dataspace-offering"",""observation"",""quality""]","[""http://purl.org/dc/terms/PeriodOfTime""]",http://www.w3.org/2006/time#hasBeginning,MUST,,,"[""http://www.w3.org/ns/shacl#BlankNodeOrIRI""]",[],Violation,"[{""language"":""ko"",""text"":""로컬 격리 증거: 원문 PropertyShape에는 메시지가 없으며 sh:nodeKind 제약을 검증한다."",""source"":""local-evidence"",""predicate"":null}]",MOLIT 로컬 적용 가이드(upstream 원문 보충 설명): <http://www.w3.org/2006/time#hasBeginning> 값을 <http://www.w3.org/ns/shacl#BlankNodeOrIRI> node kind로 바꾼다. 원문 constraint 값은 변경하지 않는다.,DCAT-AP 3.0.1,"[""https://semiceu.github.io/DCAT-AP/releases/3.0.1#PeriodofTime.beginning""]",DCAT-AP 3.0.1의 sh:nodeKind 제약을 변경 없이 채택한다. named PropertyShape의 원문 direct quad를 그대로 채택했다. 추가한 sh:targetNode는 격리 시험용이며 규범 의미를 바꾸지 않는다.,https://semiceu.github.io/DCAT-AP/releases/3.0.1#dct:PeriodOfTimeShape/343620e6c6e38873922b5acfdb46382ab0be183a,UPSTREAM-POS-UPSTREAM-DCATAP-7EEB69336B8511472F5D,UPSTREAM-NEG-UPSTREAM-DCATAP-7EEB69336B8511472F5D
UPSTREAM-DCATAP-7F67900E37F773BFF681,"[""core"",""dataspace-offering"",""observation"",""quality""]","[""http://www.w3.org/ns/dcat#Dataset""]",http://purl.org/dc/terms/provenance,MUST,,,"[""http://purl.org/dc/terms/ProvenanceStatement""]",[],Violation,"[{""language"":""ko"",""text"":""로컬 격리 증거: 원문 PropertyShape에는 메시지가 없으며 sh:class 제약을 검증한다."",""source"":""local-evidence"",""predicate"":null}]",MOLIT 로컬 적용 가이드(upstream 원문 보충 설명): <http://purl.org/dc/terms/provenance>의 모든 값에 rdf:type <http://purl.org/dc/terms/ProvenanceStatement>를 명시한다. 원문 constraint 값은 변경하지 않는다.,DCAT-AP 3.0.1,"[""https://semiceu.github.io/DCAT-AP/releases/3.0.1#Dataset.provenance""]",DCAT-AP 3.0.1의 sh:class 제약을 변경 없이 채택한다. named PropertyShape의 원문 direct quad를 그대로 채택했다. 추가한 sh:targetNode는 격리 시험용이며 규범 의미를 바꾸지 않는다.,https://semiceu.github.io/DCAT-AP/releases/3.0.1#dcat:DatasetShape/0bcb30d1f00a2e13ee04c77dbcb8018f2ef83d5b,UPSTREAM-POS-UPSTREAM-DCATAP-7F67900E37F773BFF681,UPSTREAM-NEG-UPSTREAM-DCATAP-7F67900E37F773BFF681
UPSTREAM-DCATAP-7FF407D356D78CC11533,"[""core"",""dataspace-offering"",""observation"",""quality""]","[""http://www.w3.org/ns/dcat#Distribution""]",http://spdx.org/rdf/terms#checksum,MUST,,1,[],[],Violation,"[{""language"":""ko"",""text"":""로컬 격리 증거: 원문 PropertyShape에는 메시지가 없으며 sh:maxCount 제약을 검증한다."",""source"":""local-evidence"",""predicate"":null}]",MOLIT 로컬 적용 가이드(upstream 원문 보충 설명): <http://spdx.org/rdf/terms#checksum> 값을 1개 이하로 줄인다. 원문 constraint 값은 변경하지 않는다.,DCAT-AP 3.0.1,"[""https://semiceu.github.io/DCAT-AP/releases/3.0.1#Distribution.checksum""]",DCAT-AP 3.0.1의 sh:maxCount 제약을 변경 없이 채택한다. named PropertyShape의 원문 direct quad를 그대로 채택했다. 추가한 sh:targetNode는 격리 시험용이며 규범 의미를 바꾸지 않는다.,https://semiceu.github.io/DCAT-AP/releases/3.0.1#dcat:DistributionShape/73765ca7a6e23ef17cf4e67a576e90a0c391f1c1,UPSTREAM-POS-UPSTREAM-DCATAP-7FF407D356D78CC11533,UPSTREAM-NEG-UPSTREAM-DCATAP-7FF407D356D78CC11533
UPSTREAM-DCATAP-80EEB4A66F48DCA84354,"[""core"",""dataspace-offering"",""observation"",""quality""]","[""http://www.w3.org/ns/dcat#Catalog""]",http://purl.org/dc/terms/hasPart,MUST,,,"[""http://www.w3.org/ns/shacl#BlankNodeOrIRI""]",[],Violation,"[{""language"":""ko"",""text"":""로컬 격리 증거: 원문 PropertyShape에는 메시지가 없으며 sh:nodeKind 제약을 검증한다."",""source"":""local-evidence"",""predicate"":null}]",MOLIT 로컬 적용 가이드(upstream 원문 보충 설명): <http://purl.org/dc/terms/hasPart> 값을 <http://www.w3.org/ns/shacl#BlankNodeOrIRI> node kind로 바꾼다. 원문 constraint 값은 변경하지 않는다.,DCAT-AP 3.0.1,"[""https://semiceu.github.io/DCAT-AP/releases/3.0.1#Catalogue.haspart""]",DCAT-AP 3.0.1의 sh:nodeKind 제약을 변경 없이 채택한다. named PropertyShape의 원문 direct quad를 그대로 채택했다. 추가한 sh:targetNode는 격리 시험용이며 규범 의미를 바꾸지 않는다.,https://semiceu.github.io/DCAT-AP/releases/3.0.1#dcat:CatalogShape/00ac10319099fe2cccabf6b6e38a4876211b79f7,UPSTREAM-POS-UPSTREAM-DCATAP-80EEB4A66F48DCA84354,UPSTREAM-NEG-UPSTREAM-DCATAP-80EEB4A66F48DCA84354
UPSTREAM-DCATAP-83C637F1151D6F2D2ECB,"[""core"",""dataspace-offering"",""observation"",""quality""]","[""http://www.w3.org/ns/dcat#Dataset""]",http://www.w3.org/ns/adms#sample,MUST,,,"[""http://www.w3.org/ns/dcat#Distribution""]",[],Violation,"[{""language"":""ko"",""text"":""로컬 격리 증거: 원문 PropertyShape에는 메시지가 없으며 sh:class 제약을 검증한다."",""source"":""local-evidence"",""predicate"":null}]",MOLIT 로컬 적용 가이드(upstream 원문 보충 설명): <http://www.w3.org/ns/adms#sample>의 모든 값에 rdf:type <http://www.w3.org/ns/dcat#Distribution>를 명시한다. 원문 constraint 값은 변경하지 않는다.,DCAT-AP 3.0.1,"[""https://semiceu.github.io/DCAT-AP/releases/3.0.1#Dataset.sample""]",DCAT-AP 3.0.1의 sh:class 제약을 변경 없이 채택한다. named PropertyShape의 원문 direct quad를 그대로 채택했다. 추가한 sh:targetNode는 격리 시험용이며 규범 의미를 바꾸지 않는다.,https://semiceu.github.io/DCAT-AP/releases/3.0.1#dcat:DatasetShape/5f12b6f065bf83b81d077ee38954b6ad5c4b2b6b,UPSTREAM-POS-UPSTREAM-DCATAP-83C637F1151D6F2D2ECB,UPSTREAM-NEG-UPSTREAM-DCATAP-83C637F1151D6F2D2ECB
UPSTREAM-DCATAP-849448361CBCAE46B7D4,"[""core"",""dataspace-offering"",""observation"",""quality""]","[""http://www.w3.org/ns/dcat#DatasetSeries""]",http://www.w3.org/ns/dcat#contactPoint,MUST,,,"[""http://www.w3.org/2006/vcard/ns#Kind""]",[],Violation,"[{""language"":""ko"",""text"":""로컬 격리 증거: 원문 PropertyShape에는 메시지가 없으며 sh:class 제약을 검증한다."",""source"":""local-evidence"",""predicate"":null}]",MOLIT 로컬 적용 가이드(upstream 원문 보충 설명): <http://www.w3.org/ns/dcat#contactPoint>의 모든 값에 rdf:type <http://www.w3.org/2006/vcard/ns#Kind>를 명시한다. 원문 constraint 값은 변경하지 않는다.,DCAT-AP 3.0.1,"[""https://semiceu.github.io/DCAT-AP/releases/3.0.1#DatasetSeries.contactpoint""]",DCAT-AP 3.0.1의 sh:class 제약을 변경 없이 채택한다. named PropertyShape의 원문 direct quad를 그대로 채택했다. 추가한 sh:targetNode는 격리 시험용이며 규범 의미를 바꾸지 않는다.,https://semiceu.github.io/DCAT-AP/releases/3.0.1#dcat:DatasetSeriesShape/7b6713c1f4a52e964f5db57eabef294b6d04e90e,UPSTREAM-POS-UPSTREAM-DCATAP-849448361CBCAE46B7D4,UPSTREAM-NEG-UPSTREAM-DCATAP-849448361CBCAE46B7D4
UPSTREAM-DCATAP-858E26689C3FA0F2138F,"[""core"",""dataspace-offering"",""observation"",""quality""]","[""http://www.w3.org/ns/dcat#Distribution""]",http://purl.org/dc/terms/language,MUST,,,"[""http://purl.org/dc/terms/LinguisticSystem""]",[],Violation,"[{""language"":""ko"",""text"":""로컬 격리 증거: 원문 PropertyShape에는 메시지가 없으며 sh:class 제약을 검증한다."",""source"":""local-evidence"",""predicate"":null}]",MOLIT 로컬 적용 가이드(upstream 원문 보충 설명): <http://purl.org/dc/terms/language>의 모든 값에 rdf:type <http://purl.org/dc/terms/LinguisticSystem>를 명시한다. 원문 constraint 값은 변경하지 않는다.,DCAT-AP 3.0.1,"[""https://semiceu.github.io/DCAT-AP/releases/3.0.1#Distribution.language""]",DCAT-AP 3.0.1의 sh:class 제약을 변경 없이 채택한다. named PropertyShape의 원문 direct quad를 그대로 채택했다. 추가한 sh:targetNode는 격리 시험용이며 규범 의미를 바꾸지 않는다.,https://semiceu.github.io/DCAT-AP/releases/3.0.1#dcat:DistributionShape/29ba27566ab1f32c8bb73f3492436d4bd868d3d2,UPSTREAM-POS-UPSTREAM-DCATAP-858E26689C3FA0F2138F,UPSTREAM-NEG-UPSTREAM-DCATAP-858E26689C3FA0F2138F
UPSTREAM-DCATAP-860A6A89A41A2ECB9C38,"[""core"",""dataspace-offering"",""observation"",""quality""]","[""http://www.w3.org/ns/dcat#Catalog""]",http://purl.org/dc/terms/publisher,MUST,,,"[""http://www.w3.org/ns/shacl#BlankNodeOrIRI""]",[],Violation,"[{""language"":""ko"",""text"":""로컬 격리 증거: 원문 PropertyShape에는 메시지가 없으며 sh:nodeKind 제약을 검증한다."",""source"":""local-evidence"",""predicate"":null}]",MOLIT 로컬 적용 가이드(upstream 원문 보충 설명): <http://purl.org/dc/terms/publisher> 값을 <http://www.w3.org/ns/shacl#BlankNodeOrIRI> node kind로 바꾼다. 원문 constraint 값은 변경하지 않는다.,DCAT-AP 3.0.1,"[""https://semiceu.github.io/DCAT-AP/releases/3.0.1#Catalogue.publisher""]",DCAT-AP 3.0.1의 sh:nodeKind 제약을 변경 없이 채택한다. named PropertyShape의 원문 direct quad를 그대로 채택했다. 추가한 sh:targetNode는 격리 시험용이며 규범 의미를 바꾸지 않는다.,https://semiceu.github.io/DCAT-AP/releases/3.0.1#dcat:CatalogShape/93f73e69bb03d2928fcf758a253ef316becdf9b9,UPSTREAM-POS-UPSTREAM-DCATAP-860A6A89A41A2ECB9C38,UPSTREAM-NEG-UPSTREAM-DCATAP-860A6A89A41A2ECB9C38
UPSTREAM-DCATAP-86DCE1716085B506D92E,"[""core"",""dataspace-offering"",""observation"",""quality""]","[""http://www.w3.org/ns/dcat#Dataset""]",http://www.w3.org/ns/adms#identifier,MUST,,,"[""http://www.w3.org/ns/shacl#BlankNodeOrIRI""]",[],Violation,"[{""language"":""ko"",""text"":""로컬 격리 증거: 원문 PropertyShape에는 메시지가 없으며 sh:nodeKind 제약을 검증한다."",""source"":""local-evidence"",""predicate"":null}]",MOLIT 로컬 적용 가이드(upstream 원문 보충 설명): <http://www.w3.org/ns/adms#identifier> 값을 <http://www.w3.org/ns/shacl#BlankNodeOrIRI> node kind로 바꾼다. 원문 constraint 값은 변경하지 않는다.,DCAT-AP 3.0.1,"[""https://semiceu.github.io/DCAT-AP/releases/3.0.1#Dataset.otheridentifier""]",DCAT-AP 3.0.1의 sh:nodeKind 제약을 변경 없이 채택한다. named PropertyShape의 원문 direct quad를 그대로 채택했다. 추가한 sh:targetNode는 격리 시험용이며 규범 의미를 바꾸지 않는다.,https://semiceu.github.io/DCAT-AP/releases/3.0.1#dcat:DatasetShape/016e621848f36eb558335ecb98b4b24cb2447d37,UPSTREAM-POS-UPSTREAM-DCATAP-86DCE1716085B506D92E,UPSTREAM-NEG-UPSTREAM-DCATAP-86DCE1716085B506D92E
UPSTREAM-DCATAP-870DD1EC44C342E1A221,"[""core"",""dataspace-offering"",""observation"",""quality""]","[""http://www.w3.org/ns/dcat#Dataset""]",http://www.w3.org/ns/dcat#qualifiedRelation,MUST,,,"[""http://www.w3.org/ns/shacl#BlankNodeOrIRI""]",[],Violation,"[{""language"":""ko"",""text"":""로컬 격리 증거: 원문 PropertyShape에는 메시지가 없으며 sh:nodeKind 제약을 검증한다."",""source"":""local-evidence"",""predicate"":null}]",MOLIT 로컬 적용 가이드(upstream 원문 보충 설명): <http://www.w3.org/ns/dcat#qualifiedRelation> 값을 <http://www.w3.org/ns/shacl#BlankNodeOrIRI> node kind로 바꾼다. 원문 constraint 값은 변경하지 않는다.,DCAT-AP 3.0.1,"[""https://semiceu.github.io/DCAT-AP/releases/3.0.1#Dataset.qualifiedrelation""]",DCAT-AP 3.0.1의 sh:nodeKind 제약을 변경 없이 채택한다. named PropertyShape의 원문 direct quad를 그대로 채택했다. 추가한 sh:targetNode는 격리 시험용이며 규범 의미를 바꾸지 않는다.,https://semiceu.github.io/DCAT-AP/releases/3.0.1#dcat:DatasetShape/41f263bb74ca0c94c6c7a50c981cace98f35802d,UPSTREAM-POS-UPSTREAM-DCATAP-870DD1EC44C342E1A221,UPSTREAM-NEG-UPSTREAM-DCATAP-870DD1EC44C342E1A221
UPSTREAM-DCATAP-88D16E060958FC65D4DB,"[""core"",""dataspace-offering"",""observation"",""quality""]","[""http://www.w3.org/ns/dcat#Distribution""]",http://data.europa.eu/r5r/applicableLegislation,MUST,,,"[""http://www.w3.org/ns/shacl#BlankNodeOrIRI""]",[],Violation,"[{""language"":""ko"",""text"":""로컬 격리 증거: 원문 PropertyShape에는 메시지가 없으며 sh:nodeKind 제약을 검증한다."",""source"":""local-evidence"",""predicate"":null}]",MOLIT 로컬 적용 가이드(upstream 원문 보충 설명): <http://data.europa.eu/r5r/applicableLegislation> 값을 <http://www.w3.org/ns/shacl#BlankNodeOrIRI> node kind로 바꾼다. 원문 constraint 값은 변경하지 않는다.,DCAT-AP 3.0.1,"[""https://semiceu.github.io/DCAT-AP/releases/3.0.1#Distribution.applicablelegislation""]",DCAT-AP 3.0.1의 sh:nodeKind 제약을 변경 없이 채택한다. named PropertyShape의 원문 direct quad를 그대로 채택했다. 추가한 sh:targetNode는 격리 시험용이며 규범 의미를 바꾸지 않는다.,https://semiceu.github.io/DCAT-AP/releases/3.0.1#dcat:DistributionShape/0a6f3bb11ed4ea12f852c78996b89c9a54ffc0fb,UPSTREAM-POS-UPSTREAM-DCATAP-88D16E060958FC65D4DB,UPSTREAM-NEG-UPSTREAM-DCATAP-88D16E060958FC65D4DB
UPSTREAM-DCATAP-88D1E58D450751DE637B,"[""core"",""dataspace-offering"",""observation"",""quality""]","[""http://www.w3.org/ns/dcat#DataService""]",http://purl.org/dc/terms/accessRights,MUST,,1,[],[],Violation,"[{""language"":""ko"",""text"":""로컬 격리 증거: 원문 PropertyShape에는 메시지가 없으며 sh:maxCount 제약을 검증한다."",""source"":""local-evidence"",""predicate"":null}]",MOLIT 로컬 적용 가이드(upstream 원문 보충 설명): <http://purl.org/dc/terms/accessRights> 값을 1개 이하로 줄인다. 원문 constraint 값은 변경하지 않는다.,DCAT-AP 3.0.1,"[""https://semiceu.github.io/DCAT-AP/releases/3.0.1#DataService.accessrights""]",DCAT-AP 3.0.1의 sh:maxCount 제약을 변경 없이 채택한다. named PropertyShape의 원문 direct quad를 그대로 채택했다. 추가한 sh:targetNode는 격리 시험용이며 규범 의미를 바꾸지 않는다.,https://semiceu.github.io/DCAT-AP/releases/3.0.1#dcat:DataServiceShape/7a20e2eb5f5549088fd53fa93fab0958019f267e,UPSTREAM-POS-UPSTREAM-DCATAP-88D1E58D450751DE637B,UPSTREAM-NEG-UPSTREAM-DCATAP-88D1E58D450751DE637B
UPSTREAM-DCATAP-8911137AA6989AB2778F,"[""core"",""dataspace-offering"",""observation"",""quality""]","[""http://www.w3.org/ns/dcat#Catalog""]",http://purl.org/dc/terms/modified,MUST,,1,[],[],Violation,"[{""language"":""ko"",""text"":""로컬 격리 증거: 원문 PropertyShape에는 메시지가 없으며 sh:maxCount 제약을 검증한다."",""source"":""local-evidence"",""predicate"":null}]",MOLIT 로컬 적용 가이드(upstream 원문 보충 설명): <http://purl.org/dc/terms/modified> 값을 1개 이하로 줄인다. 원문 constraint 값은 변경하지 않는다.,DCAT-AP 3.0.1,"[""https://semiceu.github.io/DCAT-AP/releases/3.0.1#Catalogue.modificationdate""]",DCAT-AP 3.0.1의 sh:maxCount 제약을 변경 없이 채택한다. named PropertyShape의 원문 direct quad를 그대로 채택했다. 추가한 sh:targetNode는 격리 시험용이며 규범 의미를 바꾸지 않는다.,https://semiceu.github.io/DCAT-AP/releases/3.0.1#dcat:CatalogShape/9e9d878c1c354206edc1d411f33c82d4d01e5a8f,UPSTREAM-POS-UPSTREAM-DCATAP-8911137AA6989AB2778F,UPSTREAM-NEG-UPSTREAM-DCATAP-8911137AA6989AB2778F
UPSTREAM-DCATAP-89D9F3D70285DB180504,"[""core"",""dataspace-offering"",""observation"",""quality""]","[""http://www.w3.org/ns/dcat#Catalog""]",http://purl.org/dc/terms/spatial,MUST,,,"[""http://purl.org/dc/terms/Location""]",[],Violation,"[{""language"":""ko"",""text"":""로컬 격리 증거: 원문 PropertyShape에는 메시지가 없으며 sh:class 제약을 검증한다."",""source"":""local-evidence"",""predicate"":null}]",MOLIT 로컬 적용 가이드(upstream 원문 보충 설명): <http://purl.org/dc/terms/spatial>의 모든 값에 rdf:type <http://purl.org/dc/terms/Location>를 명시한다. 원문 constraint 값은 변경하지 않는다.,DCAT-AP 3.0.1,"[""https://semiceu.github.io/DCAT-AP/releases/3.0.1#Catalogue.geographicalcoverage""]",DCAT-AP 3.0.1의 sh:class 제약을 변경 없이 채택한다. named PropertyShape의 원문 direct quad를 그대로 채택했다. 추가한 sh:targetNode는 격리 시험용이며 규범 의미를 바꾸지 않는다.,https://semiceu.github.io/DCAT-AP/releases/3.0.1#dcat:CatalogShape/00a99d55cbc03165373a8348d5a88402ea4f239a,UPSTREAM-POS-UPSTREAM-DCATAP-89D9F3D70285DB180504,UPSTREAM-NEG-UPSTREAM-DCATAP-89D9F3D70285DB180504
UPSTREAM-DCATAP-8A19FFFD40E5254A8631,"[""core"",""dataspace-offering"",""observation"",""quality""]","[""http://www.w3.org/ns/dcat#Dataset""]",http://www.w3.org/ns/dcat#hasVersion,MUST,,,"[""http://www.w3.org/ns/shacl#BlankNodeOrIRI""]",[],Violation,"[{""language"":""ko"",""text"":""로컬 격리 증거: 원문 PropertyShape에는 메시지가 없으며 sh:nodeKind 제약을 검증한다."",""source"":""local-evidence"",""predicate"":null}]",MOLIT 로컬 적용 가이드(upstream 원문 보충 설명): <http://www.w3.org/ns/dcat#hasVersion> 값을 <http://www.w3.org/ns/shacl#BlankNodeOrIRI> node kind로 바꾼다. 원문 constraint 값은 변경하지 않는다.,DCAT-AP 3.0.1,"[""https://semiceu.github.io/DCAT-AP/releases/3.0.1#Dataset.hasversion""]",DCAT-AP 3.0.1의 sh:nodeKind 제약을 변경 없이 채택한다. named PropertyShape의 원문 direct quad를 그대로 채택했다. 추가한 sh:targetNode는 격리 시험용이며 규범 의미를 바꾸지 않는다.,https://semiceu.github.io/DCAT-AP/releases/3.0.1#dcat:DatasetShape/cee351ca7e459eb55734fce188a2216ea0cc2b6a,UPSTREAM-POS-UPSTREAM-DCATAP-8A19FFFD40E5254A8631,UPSTREAM-NEG-UPSTREAM-DCATAP-8A19FFFD40E5254A8631
UPSTREAM-DCATAP-8A4BE8CBC4CD44759BFD,"[""core"",""dataspace-offering"",""observation"",""quality""]","[""http://www.w3.org/ns/dcat#DataService""]",http://www.w3.org/ns/dcat#theme,MUST,,,"[""http://www.w3.org/2004/02/skos/core#Concept""]",[],Violation,"[{""language"":""ko"",""text"":""로컬 격리 증거: 원문 PropertyShape에는 메시지가 없으며 sh:class 제약을 검증한다."",""source"":""local-evidence"",""predicate"":null}]",MOLIT 로컬 적용 가이드(upstream 원문 보충 설명): <http://www.w3.org/ns/dcat#theme>의 모든 값에 rdf:type <http://www.w3.org/2004/02/skos/core#Concept>를 명시한다. 원문 constraint 값은 변경하지 않는다.,DCAT-AP 3.0.1,"[""https://semiceu.github.io/DCAT-AP/releases/3.0.1#DataService.theme""]",DCAT-AP 3.0.1의 sh:class 제약을 변경 없이 채택한다. named PropertyShape의 원문 direct quad를 그대로 채택했다. 추가한 sh:targetNode는 격리 시험용이며 규범 의미를 바꾸지 않는다.,https://semiceu.github.io/DCAT-AP/releases/3.0.1#dcat:DataServiceShape/dede6a68a95ac0f43ca88def472d8fc001f86ebe,UPSTREAM-POS-UPSTREAM-DCATAP-8A4BE8CBC4CD44759BFD,UPSTREAM-NEG-UPSTREAM-DCATAP-8A4BE8CBC4CD44759BFD
UPSTREAM-DCATAP-8A6CD6208A6598ECFCBC,"[""core"",""dataspace-offering"",""observation"",""quality""]","[""http://www.w3.org/ns/dcat#Dataset""]",http://www.w3.org/ns/dcat#hasVersion,MUST,,,"[""http://www.w3.org/ns/dcat#Dataset""]",[],Violation,"[{""language"":""ko"",""text"":""로컬 격리 증거: 원문 PropertyShape에는 메시지가 없으며 sh:class 제약을 검증한다."",""source"":""local-evidence"",""predicate"":null}]",MOLIT 로컬 적용 가이드(upstream 원문 보충 설명): <http://www.w3.org/ns/dcat#hasVersion>의 모든 값에 rdf:type <http://www.w3.org/ns/dcat#Dataset>를 명시한다. 원문 constraint 값은 변경하지 않는다.,DCAT-AP 3.0.1,"[""https://semiceu.github.io/DCAT-AP/releases/3.0.1#Dataset.hasversion""]",DCAT-AP 3.0.1의 sh:class 제약을 변경 없이 채택한다. named PropertyShape의 원문 direct quad를 그대로 채택했다. 추가한 sh:targetNode는 격리 시험용이며 규범 의미를 바꾸지 않는다.,https://semiceu.github.io/DCAT-AP/releases/3.0.1#dcat:DatasetShape/495a2bdea22c8a156f1a7926737cdf33529871fd,UPSTREAM-POS-UPSTREAM-DCATAP-8A6CD6208A6598ECFCBC,UPSTREAM-NEG-UPSTREAM-DCATAP-8A6CD6208A6598ECFCBC
UPSTREAM-DCATAP-8AFBF1C21FD9B231CC4C,"[""core"",""dataspace-offering"",""observation"",""quality""]","[""http://www.w3.org/2004/02/skos/core#ConceptScheme""]",http://purl.org/dc/terms/title,MUST,1,,[],[],Violation,"[{""language"":""ko"",""text"":""로컬 격리 증거: 원문 PropertyShape에는 메시지가 없으며 sh:minCount 제약을 검증한다."",""source"":""local-evidence"",""predicate"":null}]",MOLIT 로컬 적용 가이드(upstream 원문 보충 설명): <http://purl.org/dc/terms/title> 값을 1개 이상 제공한다. 원문 constraint 값은 변경하지 않는다.,DCAT-AP 3.0.1,"[""https://semiceu.github.io/DCAT-AP/releases/3.0.1#ConceptScheme.title""]",DCAT-AP 3.0.1의 sh:minCount 제약을 변경 없이 채택한다. named PropertyShape의 원문 direct quad를 그대로 채택했다. 추가한 sh:targetNode는 격리 시험용이며 규범 의미를 바꾸지 않는다.,https://semiceu.github.io/DCAT-AP/releases/3.0.1#skos:ConceptSchemeShape/f8b02efd063b8089b72ce9677a1e4a3488eeb9a9,UPSTREAM-POS-UPSTREAM-DCATAP-8AFBF1C21FD9B231CC4C,UPSTREAM-NEG-UPSTREAM-DCATAP-8AFBF1C21FD9B231CC4C
UPSTREAM-DCATAP-8B3D5061A68103C802A7,"[""core"",""dataspace-offering"",""observation"",""quality""]","[""http://www.w3.org/ns/dcat#DataService""]",http://purl.org/dc/terms/title,MUST,1,,[],[],Violation,"[{""language"":""ko"",""text"":""로컬 격리 증거: 원문 PropertyShape에는 메시지가 없으며 sh:minCount 제약을 검증한다."",""source"":""local-evidence"",""predicate"":null}]",MOLIT 로컬 적용 가이드(upstream 원문 보충 설명): <http://purl.org/dc/terms/title> 값을 1개 이상 제공한다. 원문 constraint 값은 변경하지 않는다.,DCAT-AP 3.0.1,"[""https://semiceu.github.io/DCAT-AP/releases/3.0.1#DataService.title""]",DCAT-AP 3.0.1의 sh:minCount 제약을 변경 없이 채택한다. named PropertyShape의 원문 direct quad를 그대로 채택했다. 추가한 sh:targetNode는 격리 시험용이며 규범 의미를 바꾸지 않는다.,https://semiceu.github.io/DCAT-AP/releases/3.0.1#dcat:DataServiceShape/f8b02efd063b8089b72ce9677a1e4a3488eeb9a9,UPSTREAM-POS-UPSTREAM-DCATAP-8B3D5061A68103C802A7,UPSTREAM-NEG-UPSTREAM-DCATAP-8B3D5061A68103C802A7
UPSTREAM-DCATAP-8BF4D7D44C8FB235AD53,"[""core"",""dataspace-offering"",""observation"",""quality""]","[""http://www.w3.org/ns/dcat#Dataset""]",http://www.w3.org/ns/dcat#version,MUST,,,"[""http://www.w3.org/ns/shacl#Literal""]",[],Violation,"[{""language"":""ko"",""text"":""로컬 격리 증거: 원문 PropertyShape에는 메시지가 없으며 sh:nodeKind 제약을 검증한다."",""source"":""local-evidence"",""predicate"":null}]",MOLIT 로컬 적용 가이드(upstream 원문 보충 설명): <http://www.w3.org/ns/dcat#version> 값을 <http://www.w3.org/ns/shacl#Literal> node kind로 바꾼다. 원문 constraint 값은 변경하지 않는다.,DCAT-AP 3.0.1,"[""https://semiceu.github.io/DCAT-AP/releases/3.0.1#Dataset.version""]",DCAT-AP 3.0.1의 sh:nodeKind 제약을 변경 없이 채택한다. named PropertyShape의 원문 direct quad를 그대로 채택했다. 추가한 sh:targetNode는 격리 시험용이며 규범 의미를 바꾸지 않는다.,https://semiceu.github.io/DCAT-AP/releases/3.0.1#dcat:DatasetShape/bda64b6b9c27a850b8782b17019e888c5edd7ce0,UPSTREAM-POS-UPSTREAM-DCATAP-8BF4D7D44C8FB235AD53,UPSTREAM-NEG-UPSTREAM-DCATAP-8BF4D7D44C8FB235AD53
UPSTREAM-DCATAP-8E1446BB9FEDB3ECA1A1,"[""core"",""dataspace-offering"",""observation"",""quality""]","[""http://www.w3.org/ns/dcat#Dataset""]",http://purl.org/dc/terms/title,MUST,,,"[""http://www.w3.org/ns/shacl#Literal""]",[],Violation,"[{""language"":""ko"",""text"":""로컬 격리 증거: 원문 PropertyShape에는 메시지가 없으며 sh:nodeKind 제약을 검증한다."",""source"":""local-evidence"",""predicate"":null}]",MOLIT 로컬 적용 가이드(upstream 원문 보충 설명): <http://purl.org/dc/terms/title> 값을 <http://www.w3.org/ns/shacl#Literal> node kind로 바꾼다. 원문 constraint 값은 변경하지 않는다.,DCAT-AP 3.0.1,"[""https://semiceu.github.io/DCAT-AP/releases/3.0.1#Dataset.title""]",DCAT-AP 3.0.1의 sh:nodeKind 제약을 변경 없이 채택한다. named PropertyShape의 원문 direct quad를 그대로 채택했다. 추가한 sh:targetNode는 격리 시험용이며 규범 의미를 바꾸지 않는다.,https://semiceu.github.io/DCAT-AP/releases/3.0.1#dcat:DatasetShape/d5d74574f70f9a979535f3624608f88180dd0c97,UPSTREAM-POS-UPSTREAM-DCATAP-8E1446BB9FEDB3ECA1A1,UPSTREAM-NEG-UPSTREAM-DCATAP-8E1446BB9FEDB3ECA1A1
UPSTREAM-DCATAP-8EE61ED4DE53B99E00E7,"[""core"",""dataspace-offering"",""observation"",""quality""]","[""http://www.w3.org/ns/dcat#Distribution""]",http://www.w3.org/ns/dcat#spatialResolutionInMeters,MUST,,,"[""http://www.w3.org/ns/shacl#Literal""]",[],Violation,"[{""language"":""ko"",""text"":""로컬 격리 증거: 원문 PropertyShape에는 메시지가 없으며 sh:nodeKind 제약을 검증한다."",""source"":""local-evidence"",""predicate"":null}]",MOLIT 로컬 적용 가이드(upstream 원문 보충 설명): <http://www.w3.org/ns/dcat#spatialResolutionInMeters> 값을 <http://www.w3.org/ns/shacl#Literal> node kind로 바꾼다. 원문 constraint 값은 변경하지 않는다.,DCAT-AP 3.0.1,"[""https://semiceu.github.io/DCAT-AP/releases/3.0.1#Distribution.spatialresolution""]",DCAT-AP 3.0.1의 sh:nodeKind 제약을 변경 없이 채택한다. named PropertyShape의 원문 direct quad를 그대로 채택했다. 추가한 sh:targetNode는 격리 시험용이며 규범 의미를 바꾸지 않는다.,https://semiceu.github.io/DCAT-AP/releases/3.0.1#dcat:DistributionShape/46a60c7d3d828d3006937a12f82c1958b94e6f76,UPSTREAM-POS-UPSTREAM-DCATAP-8EE61ED4DE53B99E00E7,UPSTREAM-NEG-UPSTREAM-DCATAP-8EE61ED4DE53B99E00E7
UPSTREAM-DCATAP-8FC9F130174E7CB6C192,"[""core"",""dataspace-offering"",""observation"",""quality""]","[""http://purl.org/dc/terms/LicenseDocument""]",http://purl.org/dc/terms/type,MUST,,,"[""http://www.w3.org/2004/02/skos/core#Concept""]",[],Violation,"[{""language"":""ko"",""text"":""로컬 격리 증거: 원문 PropertyShape에는 메시지가 없으며 sh:class 제약을 검증한다."",""source"":""local-evidence"",""predicate"":null}]",MOLIT 로컬 적용 가이드(upstream 원문 보충 설명): <http://purl.org/dc/terms/type>의 모든 값에 rdf:type <http://www.w3.org/2004/02/skos/core#Concept>를 명시한다. 원문 constraint 값은 변경하지 않는다.,DCAT-AP 3.0.1,"[""https://semiceu.github.io/DCAT-AP/releases/3.0.1#LicenceDocument.type""]",DCAT-AP 3.0.1의 sh:class 제약을 변경 없이 채택한다. named PropertyShape의 원문 direct quad를 그대로 채택했다. 추가한 sh:targetNode는 격리 시험용이며 규범 의미를 바꾸지 않는다.,https://semiceu.github.io/DCAT-AP/releases/3.0.1#dct:LicenseDocumentShape/322371a77364a50f049d46180f6192532eea26dc,UPSTREAM-POS-UPSTREAM-DCATAP-8FC9F130174E7CB6C192,UPSTREAM-NEG-UPSTREAM-DCATAP-8FC9F130174E7CB6C192
UPSTREAM-DCATAP-91C309B238E8207FEE2B,"[""core"",""dataspace-offering"",""observation"",""quality""]","[""http://www.w3.org/ns/dcat#Distribution""]",http://spdx.org/rdf/terms#checksum,MUST,,,"[""http://spdx.org/rdf/terms#Checksum""]",[],Violation,"[{""language"":""ko"",""text"":""로컬 격리 증거: 원문 PropertyShape에는 메시지가 없으며 sh:class 제약을 검증한다."",""source"":""local-evidence"",""predicate"":null}]",MOLIT 로컬 적용 가이드(upstream 원문 보충 설명): <http://spdx.org/rdf/terms#checksum>의 모든 값에 rdf:type <http://spdx.org/rdf/terms#Checksum>를 명시한다. 원문 constraint 값은 변경하지 않는다.,DCAT-AP 3.0.1,"[""https://semiceu.github.io/DCAT-AP/releases/3.0.1#Distribution.checksum""]",DCAT-AP 3.0.1의 sh:class 제약을 변경 없이 채택한다. named PropertyShape의 원문 direct quad를 그대로 채택했다. 추가한 sh:targetNode는 격리 시험용이며 규범 의미를 바꾸지 않는다.,https://semiceu.github.io/DCAT-AP/releases/3.0.1#dcat:DistributionShape/6311ab0f528a12e90a9d4be09bdec4ff36578b32,UPSTREAM-POS-UPSTREAM-DCATAP-91C309B238E8207FEE2B,UPSTREAM-NEG-UPSTREAM-DCATAP-91C309B238E8207FEE2B
UPSTREAM-DCATAP-9453F394FFE6500CE6CC,"[""core"",""dataspace-offering"",""observation"",""quality""]","[""http://www.w3.org/ns/dcat#DataService""]",http://www.w3.org/ns/dcat#landingPage,MUST,,,"[""http://xmlns.com/foaf/0.1/Document""]",[],Violation,"[{""language"":""ko"",""text"":""로컬 격리 증거: 원문 PropertyShape에는 메시지가 없으며 sh:class 제약을 검증한다."",""source"":""local-evidence"",""predicate"":null}]",MOLIT 로컬 적용 가이드(upstream 원문 보충 설명): <http://www.w3.org/ns/dcat#landingPage>의 모든 값에 rdf:type <http://xmlns.com/foaf/0.1/Document>를 명시한다. 원문 constraint 값은 변경하지 않는다.,DCAT-AP 3.0.1,"[""https://semiceu.github.io/DCAT-AP/releases/3.0.1#DataService.landingpage""]",DCAT-AP 3.0.1의 sh:class 제약을 변경 없이 채택한다. named PropertyShape의 원문 direct quad를 그대로 채택했다. 추가한 sh:targetNode는 격리 시험용이며 규범 의미를 바꾸지 않는다.,https://semiceu.github.io/DCAT-AP/releases/3.0.1#dcat:DataServiceShape/ffbbcd28b1fd92213d8350e1b6418d3d998c7197,UPSTREAM-POS-UPSTREAM-DCATAP-9453F394FFE6500CE6CC,UPSTREAM-NEG-UPSTREAM-DCATAP-9453F394FFE6500CE6CC
UPSTREAM-DCATAP-94C72DDD6FD78D4CE8F0,"[""core"",""dataspace-offering"",""observation"",""quality""]","[""http://www.w3.org/ns/dcat#CatalogRecord""]",http://purl.org/dc/terms/issued,MUST,,1,[],[],Violation,"[{""language"":""ko"",""text"":""로컬 격리 증거: 원문 PropertyShape에는 메시지가 없으며 sh:maxCount 제약을 검증한다."",""source"":""local-evidence"",""predicate"":null}]",MOLIT 로컬 적용 가이드(upstream 원문 보충 설명): <http://purl.org/dc/terms/issued> 값을 1개 이하로 줄인다. 원문 constraint 값은 변경하지 않는다.,DCAT-AP 3.0.1,"[""https://semiceu.github.io/DCAT-AP/releases/3.0.1#CatalogueRecord.listingdate""]",DCAT-AP 3.0.1의 sh:maxCount 제약을 변경 없이 채택한다. named PropertyShape의 원문 direct quad를 그대로 채택했다. 추가한 sh:targetNode는 격리 시험용이며 규범 의미를 바꾸지 않는다.,https://semiceu.github.io/DCAT-AP/releases/3.0.1#dcat:CatalogRecordShape/4ffca05d8646c0f94e4b5dc1e15e7757e7dd2843,UPSTREAM-POS-UPSTREAM-DCATAP-94C72DDD6FD78D4CE8F0,UPSTREAM-NEG-UPSTREAM-DCATAP-94C72DDD6FD78D4CE8F0
UPSTREAM-DCATAP-993485CEA55A76389DAE,"[""core"",""dataspace-offering"",""observation"",""quality""]","[""http://www.w3.org/ns/dcat#Distribution""]",http://purl.org/dc/terms/language,MUST,,,"[""http://www.w3.org/ns/shacl#BlankNodeOrIRI""]",[],Violation,"[{""language"":""ko"",""text"":""로컬 격리 증거: 원문 PropertyShape에는 메시지가 없으며 sh:nodeKind 제약을 검증한다."",""source"":""local-evidence"",""predicate"":null}]",MOLIT 로컬 적용 가이드(upstream 원문 보충 설명): <http://purl.org/dc/terms/language> 값을 <http://www.w3.org/ns/shacl#BlankNodeOrIRI> node kind로 바꾼다. 원문 constraint 값은 변경하지 않는다.,DCAT-AP 3.0.1,"[""https://semiceu.github.io/DCAT-AP/releases/3.0.1#Distribution.language""]",DCAT-AP 3.0.1의 sh:nodeKind 제약을 변경 없이 채택한다. named PropertyShape의 원문 direct quad를 그대로 채택했다. 추가한 sh:targetNode는 격리 시험용이며 규범 의미를 바꾸지 않는다.,https://semiceu.github.io/DCAT-AP/releases/3.0.1#dcat:DistributionShape/db878f1cb93930f64561d0504123c66feacfad5a,UPSTREAM-POS-UPSTREAM-DCATAP-993485CEA55A76389DAE,UPSTREAM-NEG-UPSTREAM-DCATAP-993485CEA55A76389DAE
UPSTREAM-DCATAP-9A45E8A0AE31588EAE60,"[""core"",""dataspace-offering"",""observation"",""quality""]","[""http://www.w3.org/ns/dcat#Dataset""]",http://purl.org/dc/terms/isReferencedBy,MUST,,,"[""http://www.w3.org/ns/shacl#BlankNodeOrIRI""]",[],Violation,"[{""language"":""ko"",""text"":""로컬 격리 증거: 원문 PropertyShape에는 메시지가 없으며 sh:nodeKind 제약을 검증한다."",""source"":""local-evidence"",""predicate"":null}]",MOLIT 로컬 적용 가이드(upstream 원문 보충 설명): <http://purl.org/dc/terms/isReferencedBy> 값을 <http://www.w3.org/ns/shacl#BlankNodeOrIRI> node kind로 바꾼다. 원문 constraint 값은 변경하지 않는다.,DCAT-AP 3.0.1,"[""https://semiceu.github.io/DCAT-AP/releases/3.0.1#Dataset.isreferencedby""]",DCAT-AP 3.0.1의 sh:nodeKind 제약을 변경 없이 채택한다. named PropertyShape의 원문 direct quad를 그대로 채택했다. 추가한 sh:targetNode는 격리 시험용이며 규범 의미를 바꾸지 않는다.,https://semiceu.github.io/DCAT-AP/releases/3.0.1#dcat:DatasetShape/3f1fe87dc7be37001827234cfe37b5314b16efcc,UPSTREAM-POS-UPSTREAM-DCATAP-9A45E8A0AE31588EAE60,UPSTREAM-NEG-UPSTREAM-DCATAP-9A45E8A0AE31588EAE60
UPSTREAM-DCATAP-9D144B365B107E204458,"[""core"",""dataspace-offering"",""observation"",""quality""]","[""http://www.w3.org/ns/dcat#Distribution""]",http://purl.org/dc/terms/license,MUST,,1,[],[],Violation,"[{""language"":""ko"",""text"":""로컬 격리 증거: 원문 PropertyShape에는 메시지가 없으며 sh:maxCount 제약을 검증한다."",""source"":""local-evidence"",""predicate"":null}]",MOLIT 로컬 적용 가이드(upstream 원문 보충 설명): <http://purl.org/dc/terms/license> 값을 1개 이하로 줄인다. 원문 constraint 값은 변경하지 않는다.,DCAT-AP 3.0.1,"[""https://semiceu.github.io/DCAT-AP/releases/3.0.1#Distribution.licence""]",DCAT-AP 3.0.1의 sh:maxCount 제약을 변경 없이 채택한다. named PropertyShape의 원문 direct quad를 그대로 채택했다. 추가한 sh:targetNode는 격리 시험용이며 규범 의미를 바꾸지 않는다.,https://semiceu.github.io/DCAT-AP/releases/3.0.1#dcat:DistributionShape/9eaae476a881de13b9430537ace6e70da7327dbd,UPSTREAM-POS-UPSTREAM-DCATAP-9D144B365B107E204458,UPSTREAM-NEG-UPSTREAM-DCATAP-9D144B365B107E204458
UPSTREAM-DCATAP-9D8B00E1950E1F9CD172,"[""core"",""dataspace-offering"",""observation"",""quality""]","[""http://www.w3.org/ns/dcat#DatasetSeries""]",http://purl.org/dc/terms/issued,MUST,,,"[""http://www.w3.org/ns/shacl#Literal""]",[],Violation,"[{""language"":""ko"",""text"":""로컬 격리 증거: 원문 PropertyShape에는 메시지가 없으며 sh:nodeKind 제약을 검증한다."",""source"":""local-evidence"",""predicate"":null}]",MOLIT 로컬 적용 가이드(upstream 원문 보충 설명): <http://purl.org/dc/terms/issued> 값을 <http://www.w3.org/ns/shacl#Literal> node kind로 바꾼다. 원문 constraint 값은 변경하지 않는다.,DCAT-AP 3.0.1,"[""https://semiceu.github.io/DCAT-AP/releases/3.0.1#DatasetSeries.releasedate""]",DCAT-AP 3.0.1의 sh:nodeKind 제약을 변경 없이 채택한다. named PropertyShape의 원문 direct quad를 그대로 채택했다. 추가한 sh:targetNode는 격리 시험용이며 규범 의미를 바꾸지 않는다.,https://semiceu.github.io/DCAT-AP/releases/3.0.1#dcat:DatasetSeriesShape/4be37093e4c3ba0d5b5a18ef6b97778d6d689392,UPSTREAM-POS-UPSTREAM-DCATAP-9D8B00E1950E1F9CD172,UPSTREAM-NEG-UPSTREAM-DCATAP-9D8B00E1950E1F9CD172
UPSTREAM-DCATAP-9F2E7967F3F532C6B13E,"[""core"",""dataspace-offering"",""observation"",""quality""]","[""http://www.w3.org/ns/dcat#Dataset""]",http://www.w3.org/ns/dcat#theme,MUST,,,"[""http://www.w3.org/ns/shacl#BlankNodeOrIRI""]",[],Violation,"[{""language"":""ko"",""text"":""로컬 격리 증거: 원문 PropertyShape에는 메시지가 없으며 sh:nodeKind 제약을 검증한다."",""source"":""local-evidence"",""predicate"":null}]",MOLIT 로컬 적용 가이드(upstream 원문 보충 설명): <http://www.w3.org/ns/dcat#theme> 값을 <http://www.w3.org/ns/shacl#BlankNodeOrIRI> node kind로 바꾼다. 원문 constraint 값은 변경하지 않는다.,DCAT-AP 3.0.1,"[""https://semiceu.github.io/DCAT-AP/releases/3.0.1#Dataset.theme""]",DCAT-AP 3.0.1의 sh:nodeKind 제약을 변경 없이 채택한다. named PropertyShape의 원문 direct quad를 그대로 채택했다. 추가한 sh:targetNode는 격리 시험용이며 규범 의미를 바꾸지 않는다.,https://semiceu.github.io/DCAT-AP/releases/3.0.1#dcat:DatasetShape/9678e29dc284ba14312bf01cd0a581b960b77a08,UPSTREAM-POS-UPSTREAM-DCATAP-9F2E7967F3F532C6B13E,UPSTREAM-NEG-UPSTREAM-DCATAP-9F2E7967F3F532C6B13E
UPSTREAM-DCATAP-A0DF0E66F5FD1D9979E4,"[""core"",""dataspace-offering"",""observation"",""quality""]","[""http://www.w3.org/ns/dcat#DataService""]",http://www.w3.org/ns/dcat#endpointURL,MUST,,,"[""http://www.w3.org/2000/01/rdf-schema#Resource""]",[],Violation,"[{""language"":""ko"",""text"":""로컬 격리 증거: 원문 PropertyShape에는 메시지가 없으며 sh:class 제약을 검증한다."",""source"":""local-evidence"",""predicate"":null}]",MOLIT 로컬 적용 가이드(upstream 원문 보충 설명): <http://www.w3.org/ns/dcat#endpointURL>의 모든 값에 rdf:type <http://www.w3.org/2000/01/rdf-schema#Resource>를 명시한다. 원문 constraint 값은 변경하지 않는다.,DCAT-AP 3.0.1,"[""https://semiceu.github.io/DCAT-AP/releases/3.0.1#DataService.endpointURL""]",DCAT-AP 3.0.1의 sh:class 제약을 변경 없이 채택한다. named PropertyShape의 원문 direct quad를 그대로 채택했다. 추가한 sh:targetNode는 격리 시험용이며 규범 의미를 바꾸지 않는다.,https://semiceu.github.io/DCAT-AP/releases/3.0.1#dcat:DataServiceShape/eb3ac4e4fdde2e2588a9502c5956060a18c5c99f,UPSTREAM-POS-UPSTREAM-DCATAP-A0DF0E66F5FD1D9979E4,UPSTREAM-NEG-UPSTREAM-DCATAP-A0DF0E66F5FD1D9979E4
UPSTREAM-DCATAP-A266F3507204FAB8B2E7,"[""core"",""dataspace-offering"",""observation"",""quality""]","[""http://www.w3.org/ns/dcat#DataService""]",http://www.w3.org/ns/dcat#contactPoint,MUST,,,"[""http://www.w3.org/2006/vcard/ns#Kind""]",[],Violation,"[{""language"":""ko"",""text"":""로컬 격리 증거: 원문 PropertyShape에는 메시지가 없으며 sh:class 제약을 검증한다."",""source"":""local-evidence"",""predicate"":null}]",MOLIT 로컬 적용 가이드(upstream 원문 보충 설명): <http://www.w3.org/ns/dcat#contactPoint>의 모든 값에 rdf:type <http://www.w3.org/2006/vcard/ns#Kind>를 명시한다. 원문 constraint 값은 변경하지 않는다.,DCAT-AP 3.0.1,"[""https://semiceu.github.io/DCAT-AP/releases/3.0.1#DataService.contactpoint""]",DCAT-AP 3.0.1의 sh:class 제약을 변경 없이 채택한다. named PropertyShape의 원문 direct quad를 그대로 채택했다. 추가한 sh:targetNode는 격리 시험용이며 규범 의미를 바꾸지 않는다.,https://semiceu.github.io/DCAT-AP/releases/3.0.1#dcat:DataServiceShape/7b6713c1f4a52e964f5db57eabef294b6d04e90e,UPSTREAM-POS-UPSTREAM-DCATAP-A266F3507204FAB8B2E7,UPSTREAM-NEG-UPSTREAM-DCATAP-A266F3507204FAB8B2E7
UPSTREAM-DCATAP-A320AC07400464B18DAD,"[""core"",""dataspace-offering"",""observation"",""quality""]","[""http://www.w3.org/ns/dcat#Catalog""]",http://data.europa.eu/r5r/applicableLegislation,MUST,,,"[""http://data.europa.eu/eli/ontology#LegalResource""]",[],Violation,"[{""language"":""ko"",""text"":""로컬 격리 증거: 원문 PropertyShape에는 메시지가 없으며 sh:class 제약을 검증한다."",""source"":""local-evidence"",""predicate"":null}]",MOLIT 로컬 적용 가이드(upstream 원문 보충 설명): <http://data.europa.eu/r5r/applicableLegislation>의 모든 값에 rdf:type <http://data.europa.eu/eli/ontology#LegalResource>를 명시한다. 원문 constraint 값은 변경하지 않는다.,DCAT-AP 3.0.1,"[""https://semiceu.github.io/DCAT-AP/releases/3.0.1#Catalogue.applicablelegislation""]",DCAT-AP 3.0.1의 sh:class 제약을 변경 없이 채택한다. named PropertyShape의 원문 direct quad를 그대로 채택했다. 추가한 sh:targetNode는 격리 시험용이며 규범 의미를 바꾸지 않는다.,https://semiceu.github.io/DCAT-AP/releases/3.0.1#dcat:CatalogShape/73465b7fbd7f991a08ddd1b766c2e46fa9dfc14e,UPSTREAM-POS-UPSTREAM-DCATAP-A320AC07400464B18DAD,UPSTREAM-NEG-UPSTREAM-DCATAP-A320AC07400464B18DAD
UPSTREAM-DCATAP-A4B9A5F930485BD43DE9,"[""core"",""dataspace-offering"",""observation"",""quality""]","[""http://www.w3.org/ns/dcat#Distribution""]",http://data.europa.eu/r5r/availability,MUST,,,"[""http://www.w3.org/ns/shacl#BlankNodeOrIRI""]",[],Violation,"[{""language"":""ko"",""text"":""로컬 격리 증거: 원문 PropertyShape에는 메시지가 없으며 sh:nodeKind 제약을 검증한다."",""source"":""local-evidence"",""predicate"":null}]",MOLIT 로컬 적용 가이드(upstream 원문 보충 설명): <http://data.europa.eu/r5r/availability> 값을 <http://www.w3.org/ns/shacl#BlankNodeOrIRI> node kind로 바꾼다. 원문 constraint 값은 변경하지 않는다.,DCAT-AP 3.0.1,"[""https://semiceu.github.io/DCAT-AP/releases/3.0.1#Distribution.availability""]",DCAT-AP 3.0.1의 sh:nodeKind 제약을 변경 없이 채택한다. named PropertyShape의 원문 direct quad를 그대로 채택했다. 추가한 sh:targetNode는 격리 시험용이며 규범 의미를 바꾸지 않는다.,https://semiceu.github.io/DCAT-AP/releases/3.0.1#dcat:DistributionShape/0796df7f5520ac6500217e81e434f9a755f64afe,UPSTREAM-POS-UPSTREAM-DCATAP-A4B9A5F930485BD43DE9,UPSTREAM-NEG-UPSTREAM-DCATAP-A4B9A5F930485BD43DE9
UPSTREAM-DCATAP-A6CAB57AA33A7C0DF585,"[""core"",""dataspace-offering"",""observation"",""quality""]","[""http://purl.org/dc/terms/Location""]",http://www.w3.org/ns/locn#geometry,MUST,,1,[],[],Violation,"[{""language"":""ko"",""text"":""로컬 격리 증거: 원문 PropertyShape에는 메시지가 없으며 sh:maxCount 제약을 검증한다."",""source"":""local-evidence"",""predicate"":null}]",MOLIT 로컬 적용 가이드(upstream 원문 보충 설명): <http://www.w3.org/ns/locn#geometry> 값을 1개 이하로 줄인다. 원문 constraint 값은 변경하지 않는다.,DCAT-AP 3.0.1,"[""https://semiceu.github.io/DCAT-AP/releases/3.0.1#Location.geometry""]",DCAT-AP 3.0.1의 sh:maxCount 제약을 변경 없이 채택한다. named PropertyShape의 원문 direct quad를 그대로 채택했다. 추가한 sh:targetNode는 격리 시험용이며 규범 의미를 바꾸지 않는다.,https://semiceu.github.io/DCAT-AP/releases/3.0.1#dct:LocationShape/dde6f1d3b53e457ed56cd01d51f110aea62f5d72,UPSTREAM-POS-UPSTREAM-DCATAP-A6CAB57AA33A7C0DF585,UPSTREAM-NEG-UPSTREAM-DCATAP-A6CAB57AA33A7C0DF585
UPSTREAM-DCATAP-A6EBBE1CE297D476F559,"[""core"",""dataspace-offering"",""observation"",""quality""]","[""http://www.w3.org/ns/dcat#Dataset""]",http://www.w3.org/ns/dcat#version,MUST,,1,[],[],Violation,"[{""language"":""ko"",""text"":""로컬 격리 증거: 원문 PropertyShape에는 메시지가 없으며 sh:maxCount 제약을 검증한다."",""source"":""local-evidence"",""predicate"":null}]",MOLIT 로컬 적용 가이드(upstream 원문 보충 설명): <http://www.w3.org/ns/dcat#version> 값을 1개 이하로 줄인다. 원문 constraint 값은 변경하지 않는다.,DCAT-AP 3.0.1,"[""https://semiceu.github.io/DCAT-AP/releases/3.0.1#Dataset.version""]",DCAT-AP 3.0.1의 sh:maxCount 제약을 변경 없이 채택한다. named PropertyShape의 원문 direct quad를 그대로 채택했다. 추가한 sh:targetNode는 격리 시험용이며 규범 의미를 바꾸지 않는다.,https://semiceu.github.io/DCAT-AP/releases/3.0.1#dcat:DatasetShape/1e2ff89f72ca069b1668489d90cb44ba553353d5,UPSTREAM-POS-UPSTREAM-DCATAP-A6EBBE1CE297D476F559,UPSTREAM-NEG-UPSTREAM-DCATAP-A6EBBE1CE297D476F559
UPSTREAM-DCATAP-A70051CF16B35673D688,"[""core"",""dataspace-offering"",""observation"",""quality""]","[""http://www.w3.org/ns/dcat#Distribution""]",http://www.w3.org/ns/dcat#temporalResolution,MUST,,1,[],[],Violation,"[{""language"":""ko"",""text"":""로컬 격리 증거: 원문 PropertyShape에는 메시지가 없으며 sh:maxCount 제약을 검증한다."",""source"":""local-evidence"",""predicate"":null}]",MOLIT 로컬 적용 가이드(upstream 원문 보충 설명): <http://www.w3.org/ns/dcat#temporalResolution> 값을 1개 이하로 줄인다. 원문 constraint 값은 변경하지 않는다.,DCAT-AP 3.0.1,"[""https://semiceu.github.io/DCAT-AP/releases/3.0.1#Distribution.temporalresolution""]",DCAT-AP 3.0.1의 sh:maxCount 제약을 변경 없이 채택한다. named PropertyShape의 원문 direct quad를 그대로 채택했다. 추가한 sh:targetNode는 격리 시험용이며 규범 의미를 바꾸지 않는다.,https://semiceu.github.io/DCAT-AP/releases/3.0.1#dcat:DistributionShape/1522e6818f6f9d132e873991b42dd4567fccc6cf,UPSTREAM-POS-UPSTREAM-DCATAP-A70051CF16B35673D688,UPSTREAM-NEG-UPSTREAM-DCATAP-A70051CF16B35673D688
UPSTREAM-DCATAP-A87129BC1E69A1A749A5,"[""core"",""dataspace-offering"",""observation"",""quality""]","[""http://www.w3.org/ns/dcat#Dataset""]",http://www.w3.org/ns/dcat#distribution,MUST,,,"[""http://www.w3.org/ns/dcat#Distribution""]",[],Violation,"[{""language"":""ko"",""text"":""로컬 격리 증거: 원문 PropertyShape에는 메시지가 없으며 sh:class 제약을 검증한다."",""source"":""local-evidence"",""predicate"":null}]",MOLIT 로컬 적용 가이드(upstream 원문 보충 설명): <http://www.w3.org/ns/dcat#distribution>의 모든 값에 rdf:type <http://www.w3.org/ns/dcat#Distribution>를 명시한다. 원문 constraint 값은 변경하지 않는다.,DCAT-AP 3.0.1,"[""https://semiceu.github.io/DCAT-AP/releases/3.0.1#Dataset.datasetdistribution""]",DCAT-AP 3.0.1의 sh:class 제약을 변경 없이 채택한다. named PropertyShape의 원문 direct quad를 그대로 채택했다. 추가한 sh:targetNode는 격리 시험용이며 규범 의미를 바꾸지 않는다.,https://semiceu.github.io/DCAT-AP/releases/3.0.1#dcat:DatasetShape/2ab9813b47309d4af98fdfe34189ea24baecc8cd,UPSTREAM-POS-UPSTREAM-DCATAP-A87129BC1E69A1A749A5,UPSTREAM-NEG-UPSTREAM-DCATAP-A87129BC1E69A1A749A5
UPSTREAM-DCATAP-A9060CE5A0C872E3E9A3,"[""core"",""dataspace-offering"",""observation"",""quality""]","[""http://www.w3.org/ns/dcat#DataService""]",http://www.w3.org/ns/dcat#endpointURL,MUST,,,"[""http://www.w3.org/ns/shacl#BlankNodeOrIRI""]",[],Violation,"[{""language"":""ko"",""text"":""로컬 격리 증거: 원문 PropertyShape에는 메시지가 없으며 sh:nodeKind 제약을 검증한다."",""source"":""local-evidence"",""predicate"":null}]",MOLIT 로컬 적용 가이드(upstream 원문 보충 설명): <http://www.w3.org/ns/dcat#endpointURL> 값을 <http://www.w3.org/ns/shacl#BlankNodeOrIRI> node kind로 바꾼다. 원문 constraint 값은 변경하지 않는다.,DCAT-AP 3.0.1,"[""https://semiceu.github.io/DCAT-AP/releases/3.0.1#DataService.endpointURL""]",DCAT-AP 3.0.1의 sh:nodeKind 제약을 변경 없이 채택한다. named PropertyShape의 원문 direct quad를 그대로 채택했다. 추가한 sh:targetNode는 격리 시험용이며 규범 의미를 바꾸지 않는다.,https://semiceu.github.io/DCAT-AP/releases/3.0.1#dcat:DataServiceShape/3bde2663aaca96d953765ac2e525ef64710bf4d6,UPSTREAM-POS-UPSTREAM-DCATAP-A9060CE5A0C872E3E9A3,UPSTREAM-NEG-UPSTREAM-DCATAP-A9060CE5A0C872E3E9A3
UPSTREAM-DCATAP-AA29A72EB71487DAFA40,"[""core"",""dataspace-offering"",""observation"",""quality""]","[""http://www.w3.org/ns/dcat#DatasetSeries""]",http://purl.org/dc/terms/accrualPeriodicity,MUST,,,"[""http://purl.org/dc/terms/Frequency""]",[],Violation,"[{""language"":""ko"",""text"":""로컬 격리 증거: 원문 PropertyShape에는 메시지가 없으며 sh:class 제약을 검증한다."",""source"":""local-evidence"",""predicate"":null}]",MOLIT 로컬 적용 가이드(upstream 원문 보충 설명): <http://purl.org/dc/terms/accrualPeriodicity>의 모든 값에 rdf:type <http://purl.org/dc/terms/Frequency>를 명시한다. 원문 constraint 값은 변경하지 않는다.,DCAT-AP 3.0.1,"[""https://semiceu.github.io/DCAT-AP/releases/3.0.1#DatasetSeries.frequency""]",DCAT-AP 3.0.1의 sh:class 제약을 변경 없이 채택한다. named PropertyShape의 원문 direct quad를 그대로 채택했다. 추가한 sh:targetNode는 격리 시험용이며 규범 의미를 바꾸지 않는다.,https://semiceu.github.io/DCAT-AP/releases/3.0.1#dcat:DatasetSeriesShape/04d197dc40f01e87093bdd0446a9fdb1a9d44319,UPSTREAM-POS-UPSTREAM-DCATAP-AA29A72EB71487DAFA40,UPSTREAM-NEG-UPSTREAM-DCATAP-AA29A72EB71487DAFA40
UPSTREAM-DCATAP-AB5FD8958B67FC7C2C98,"[""core"",""dataspace-offering"",""observation"",""quality""]","[""http://purl.org/dc/terms/Location""]",http://www.w3.org/ns/locn#geometry,MUST,,,"[""http://www.w3.org/ns/locn#Geometry""]",[],Violation,"[{""language"":""ko"",""text"":""로컬 격리 증거: 원문 PropertyShape에는 메시지가 없으며 sh:class 제약을 검증한다."",""source"":""local-evidence"",""predicate"":null}]",MOLIT 로컬 적용 가이드(upstream 원문 보충 설명): <http://www.w3.org/ns/locn#geometry>의 모든 값에 rdf:type <http://www.w3.org/ns/locn#Geometry>를 명시한다. 원문 constraint 값은 변경하지 않는다.,DCAT-AP 3.0.1,"[""https://semiceu.github.io/DCAT-AP/releases/3.0.1#Location.geometry""]",DCAT-AP 3.0.1의 sh:class 제약을 변경 없이 채택한다. named PropertyShape의 원문 direct quad를 그대로 채택했다. 추가한 sh:targetNode는 격리 시험용이며 규범 의미를 바꾸지 않는다.,https://semiceu.github.io/DCAT-AP/releases/3.0.1#dct:LocationShape/53c8e9f0fc79ab4ed706e31129a2b3e02f7edd22,UPSTREAM-POS-UPSTREAM-DCATAP-AB5FD8958B67FC7C2C98,UPSTREAM-NEG-UPSTREAM-DCATAP-AB5FD8958B67FC7C2C98
UPSTREAM-DCATAP-ABD5721B30FBEC814EE6,"[""core"",""dataspace-offering"",""observation"",""quality""]","[""http://xmlns.com/foaf/0.1/Agent""]",http://purl.org/dc/terms/type,MUST,,,"[""http://www.w3.org/ns/shacl#BlankNodeOrIRI""]",[],Violation,"[{""language"":""ko"",""text"":""로컬 격리 증거: 원문 PropertyShape에는 메시지가 없으며 sh:nodeKind 제약을 검증한다."",""source"":""local-evidence"",""predicate"":null}]",MOLIT 로컬 적용 가이드(upstream 원문 보충 설명): <http://purl.org/dc/terms/type> 값을 <http://www.w3.org/ns/shacl#BlankNodeOrIRI> node kind로 바꾼다. 원문 constraint 값은 변경하지 않는다.,DCAT-AP 3.0.1,"[""https://semiceu.github.io/DCAT-AP/releases/3.0.1#Agent.type""]",DCAT-AP 3.0.1의 sh:nodeKind 제약을 변경 없이 채택한다. named PropertyShape의 원문 direct quad를 그대로 채택했다. 추가한 sh:targetNode는 격리 시험용이며 규범 의미를 바꾸지 않는다.,https://semiceu.github.io/DCAT-AP/releases/3.0.1#foaf:AgentShape/4f381639bb6e021939f65b4f41409d1edaeade9b,UPSTREAM-POS-UPSTREAM-DCATAP-ABD5721B30FBEC814EE6,UPSTREAM-NEG-UPSTREAM-DCATAP-ABD5721B30FBEC814EE6
UPSTREAM-DCATAP-ABF96B26DBBCE6EAA2B8,"[""core"",""dataspace-offering"",""observation"",""quality""]","[""http://www.w3.org/ns/dcat#Dataset""]",http://purl.org/dc/terms/spatial,MUST,,,"[""http://www.w3.org/ns/shacl#BlankNodeOrIRI""]",[],Violation,"[{""language"":""ko"",""text"":""로컬 격리 증거: 원문 PropertyShape에는 메시지가 없으며 sh:nodeKind 제약을 검증한다."",""source"":""local-evidence"",""predicate"":null}]",MOLIT 로컬 적용 가이드(upstream 원문 보충 설명): <http://purl.org/dc/terms/spatial> 값을 <http://www.w3.org/ns/shacl#BlankNodeOrIRI> node kind로 바꾼다. 원문 constraint 값은 변경하지 않는다.,DCAT-AP 3.0.1,"[""https://semiceu.github.io/DCAT-AP/releases/3.0.1#Dataset.geographicalcoverage""]",DCAT-AP 3.0.1의 sh:nodeKind 제약을 변경 없이 채택한다. named PropertyShape의 원문 direct quad를 그대로 채택했다. 추가한 sh:targetNode는 격리 시험용이며 규범 의미를 바꾸지 않는다.,https://semiceu.github.io/DCAT-AP/releases/3.0.1#dcat:DatasetShape/95015004529c652bcb276060d84ed7423c4a9b08,UPSTREAM-POS-UPSTREAM-DCATAP-ABF96B26DBBCE6EAA2B8,UPSTREAM-NEG-UPSTREAM-DCATAP-ABF96B26DBBCE6EAA2B8
UPSTREAM-DCATAP-ACA3D37B7E4E2817B47A,"[""core"",""dataspace-offering"",""observation"",""quality""]","[""http://www.w3.org/ns/dcat#Dataset""]",http://purl.org/dc/terms/issued,MUST,,1,[],[],Violation,"[{""language"":""ko"",""text"":""로컬 격리 증거: 원문 PropertyShape에는 메시지가 없으며 sh:maxCount 제약을 검증한다."",""source"":""local-evidence"",""predicate"":null}]",MOLIT 로컬 적용 가이드(upstream 원문 보충 설명): <http://purl.org/dc/terms/issued> 값을 1개 이하로 줄인다. 원문 constraint 값은 변경하지 않는다.,DCAT-AP 3.0.1,"[""https://semiceu.github.io/DCAT-AP/releases/3.0.1#Dataset.releasedate""]",DCAT-AP 3.0.1의 sh:maxCount 제약을 변경 없이 채택한다. named PropertyShape의 원문 direct quad를 그대로 채택했다. 추가한 sh:targetNode는 격리 시험용이며 규범 의미를 바꾸지 않는다.,https://semiceu.github.io/DCAT-AP/releases/3.0.1#dcat:DatasetShape/b362d2bdbbe8ba1c689e5554cca2bcbd295546de,UPSTREAM-POS-UPSTREAM-DCATAP-ACA3D37B7E4E2817B47A,UPSTREAM-NEG-UPSTREAM-DCATAP-ACA3D37B7E4E2817B47A
UPSTREAM-DCATAP-ADBBD60B1D36AF30D3C0,"[""core"",""dataspace-offering"",""observation"",""quality""]","[""http://www.w3.org/ns/dcat#Catalog""]",http://purl.org/dc/terms/publisher,MUST,,,"[""http://xmlns.com/foaf/0.1/Agent""]",[],Violation,"[{""language"":""ko"",""text"":""로컬 격리 증거: 원문 PropertyShape에는 메시지가 없으며 sh:class 제약을 검증한다."",""source"":""local-evidence"",""predicate"":null}]",MOLIT 로컬 적용 가이드(upstream 원문 보충 설명): <http://purl.org/dc/terms/publisher>의 모든 값에 rdf:type <http://xmlns.com/foaf/0.1/Agent>를 명시한다. 원문 constraint 값은 변경하지 않는다.,DCAT-AP 3.0.1,"[""https://semiceu.github.io/DCAT-AP/releases/3.0.1#Catalogue.publisher""]",DCAT-AP 3.0.1의 sh:class 제약을 변경 없이 채택한다. named PropertyShape의 원문 direct quad를 그대로 채택했다. 추가한 sh:targetNode는 격리 시험용이며 규범 의미를 바꾸지 않는다.,https://semiceu.github.io/DCAT-AP/releases/3.0.1#dcat:CatalogShape/b3ec0655204c62a2531244aaeab12f1a2c5e5b5d,UPSTREAM-POS-UPSTREAM-DCATAP-ADBBD60B1D36AF30D3C0,UPSTREAM-NEG-UPSTREAM-DCATAP-ADBBD60B1D36AF30D3C0
UPSTREAM-DCATAP-AE3D271115922AA485CC,"[""core"",""dataspace-offering"",""observation"",""quality""]","[""http://www.w3.org/ns/dcat#Dataset""]",http://www.w3.org/ns/dcat#theme,MUST,,,"[""http://www.w3.org/2004/02/skos/core#Concept""]",[],Violation,"[{""language"":""ko"",""text"":""로컬 격리 증거: 원문 PropertyShape에는 메시지가 없으며 sh:class 제약을 검증한다."",""source"":""local-evidence"",""predicate"":null}]",MOLIT 로컬 적용 가이드(upstream 원문 보충 설명): <http://www.w3.org/ns/dcat#theme>의 모든 값에 rdf:type <http://www.w3.org/2004/02/skos/core#Concept>를 명시한다. 원문 constraint 값은 변경하지 않는다.,DCAT-AP 3.0.1,"[""https://semiceu.github.io/DCAT-AP/releases/3.0.1#Dataset.theme""]",DCAT-AP 3.0.1의 sh:class 제약을 변경 없이 채택한다. named PropertyShape의 원문 direct quad를 그대로 채택했다. 추가한 sh:targetNode는 격리 시험용이며 규범 의미를 바꾸지 않는다.,https://semiceu.github.io/DCAT-AP/releases/3.0.1#dcat:DatasetShape/dede6a68a95ac0f43ca88def472d8fc001f86ebe,UPSTREAM-POS-UPSTREAM-DCATAP-AE3D271115922AA485CC,UPSTREAM-NEG-UPSTREAM-DCATAP-AE3D271115922AA485CC
UPSTREAM-DCATAP-AF2462D1533A9C4AE17D,"[""core"",""dataspace-offering"",""observation"",""quality""]","[""http://www.w3.org/ns/dcat#Dataset""]",http://www.w3.org/ns/prov#qualifiedAttribution,MUST,,,"[""http://www.w3.org/ns/prov#Attribution""]",[],Violation,"[{""language"":""ko"",""text"":""로컬 격리 증거: 원문 PropertyShape에는 메시지가 없으며 sh:class 제약을 검증한다."",""source"":""local-evidence"",""predicate"":null}]",MOLIT 로컬 적용 가이드(upstream 원문 보충 설명): <http://www.w3.org/ns/prov#qualifiedAttribution>의 모든 값에 rdf:type <http://www.w3.org/ns/prov#Attribution>를 명시한다. 원문 constraint 값은 변경하지 않는다.,DCAT-AP 3.0.1,"[""https://semiceu.github.io/DCAT-AP/releases/3.0.1#Dataset.qualifiedattribution""]",DCAT-AP 3.0.1의 sh:class 제약을 변경 없이 채택한다. named PropertyShape의 원문 direct quad를 그대로 채택했다. 추가한 sh:targetNode는 격리 시험용이며 규범 의미를 바꾸지 않는다.,https://semiceu.github.io/DCAT-AP/releases/3.0.1#dcat:DatasetShape/837b9dc79bed1a4d15f6f9094b596dd177944ab6,UPSTREAM-POS-UPSTREAM-DCATAP-AF2462D1533A9C4AE17D,UPSTREAM-NEG-UPSTREAM-DCATAP-AF2462D1533A9C4AE17D
UPSTREAM-DCATAP-AF385C3B42ABF0CFA737,"[""core"",""dataspace-offering"",""observation"",""quality""]","[""http://www.w3.org/ns/dcat#Catalog""]",http://purl.org/dc/terms/description,MUST,,,"[""http://www.w3.org/ns/shacl#Literal""]",[],Violation,"[{""language"":""ko"",""text"":""로컬 격리 증거: 원문 PropertyShape에는 메시지가 없으며 sh:nodeKind 제약을 검증한다."",""source"":""local-evidence"",""predicate"":null}]",MOLIT 로컬 적용 가이드(upstream 원문 보충 설명): <http://purl.org/dc/terms/description> 값을 <http://www.w3.org/ns/shacl#Literal> node kind로 바꾼다. 원문 constraint 값은 변경하지 않는다.,DCAT-AP 3.0.1,"[""https://semiceu.github.io/DCAT-AP/releases/3.0.1#Catalogue.description""]",DCAT-AP 3.0.1의 sh:nodeKind 제약을 변경 없이 채택한다. named PropertyShape의 원문 direct quad를 그대로 채택했다. 추가한 sh:targetNode는 격리 시험용이며 규범 의미를 바꾸지 않는다.,https://semiceu.github.io/DCAT-AP/releases/3.0.1#dcat:CatalogShape/6cae9880e515253132af1452a38a8a5827165149,UPSTREAM-POS-UPSTREAM-DCATAP-AF385C3B42ABF0CFA737,UPSTREAM-NEG-UPSTREAM-DCATAP-AF385C3B42ABF0CFA737
UPSTREAM-DCATAP-AF482F04D0D6ABD16A1C,"[""core"",""dataspace-offering"",""observation"",""quality""]","[""http://www.w3.org/ns/dcat#DataService""]",http://www.w3.org/ns/dcat#theme,MUST,,,"[""http://www.w3.org/ns/shacl#BlankNodeOrIRI""]",[],Violation,"[{""language"":""ko"",""text"":""로컬 격리 증거: 원문 PropertyShape에는 메시지가 없으며 sh:nodeKind 제약을 검증한다."",""source"":""local-evidence"",""predicate"":null}]",MOLIT 로컬 적용 가이드(upstream 원문 보충 설명): <http://www.w3.org/ns/dcat#theme> 값을 <http://www.w3.org/ns/shacl#BlankNodeOrIRI> node kind로 바꾼다. 원문 constraint 값은 변경하지 않는다.,DCAT-AP 3.0.1,"[""https://semiceu.github.io/DCAT-AP/releases/3.0.1#DataService.theme""]",DCAT-AP 3.0.1의 sh:nodeKind 제약을 변경 없이 채택한다. named PropertyShape의 원문 direct quad를 그대로 채택했다. 추가한 sh:targetNode는 격리 시험용이며 규범 의미를 바꾸지 않는다.,https://semiceu.github.io/DCAT-AP/releases/3.0.1#dcat:DataServiceShape/9678e29dc284ba14312bf01cd0a581b960b77a08,UPSTREAM-POS-UPSTREAM-DCATAP-AF482F04D0D6ABD16A1C,UPSTREAM-NEG-UPSTREAM-DCATAP-AF482F04D0D6ABD16A1C
UPSTREAM-DCATAP-B125BB785E14BA7BBF52,"[""core"",""dataspace-offering"",""observation"",""quality""]","[""http://www.w3.org/ns/dcat#Dataset""]",http://purl.org/dc/terms/temporal,MUST,,,"[""http://purl.org/dc/terms/PeriodOfTime""]",[],Violation,"[{""language"":""ko"",""text"":""로컬 격리 증거: 원문 PropertyShape에는 메시지가 없으며 sh:class 제약을 검증한다."",""source"":""local-evidence"",""predicate"":null}]",MOLIT 로컬 적용 가이드(upstream 원문 보충 설명): <http://purl.org/dc/terms/temporal>의 모든 값에 rdf:type <http://purl.org/dc/terms/PeriodOfTime>를 명시한다. 원문 constraint 값은 변경하지 않는다.,DCAT-AP 3.0.1,"[""https://semiceu.github.io/DCAT-AP/releases/3.0.1#Dataset.temporalcoverage""]",DCAT-AP 3.0.1의 sh:class 제약을 변경 없이 채택한다. named PropertyShape의 원문 direct quad를 그대로 채택했다. 추가한 sh:targetNode는 격리 시험용이며 규범 의미를 바꾸지 않는다.,https://semiceu.github.io/DCAT-AP/releases/3.0.1#dcat:DatasetShape/8e3b1c0888909beb09cd832b3145ad1f7abb1caa,UPSTREAM-POS-UPSTREAM-DCATAP-B125BB785E14BA7BBF52,UPSTREAM-NEG-UPSTREAM-DCATAP-B125BB785E14BA7BBF52
UPSTREAM-DCATAP-B148B18433FB80F078CE,"[""core"",""dataspace-offering"",""observation"",""quality""]","[""http://purl.org/dc/terms/Location""]",http://www.w3.org/ns/dcat#bbox,MUST,,1,[],[],Violation,"[{""language"":""ko"",""text"":""로컬 격리 증거: 원문 PropertyShape에는 메시지가 없으며 sh:maxCount 제약을 검증한다."",""source"":""local-evidence"",""predicate"":null}]",MOLIT 로컬 적용 가이드(upstream 원문 보충 설명): <http://www.w3.org/ns/dcat#bbox> 값을 1개 이하로 줄인다. 원문 constraint 값은 변경하지 않는다.,DCAT-AP 3.0.1,"[""https://semiceu.github.io/DCAT-AP/releases/3.0.1#Location.bbox""]",DCAT-AP 3.0.1의 sh:maxCount 제약을 변경 없이 채택한다. named PropertyShape의 원문 direct quad를 그대로 채택했다. 추가한 sh:targetNode는 격리 시험용이며 규범 의미를 바꾸지 않는다.,https://semiceu.github.io/DCAT-AP/releases/3.0.1#dct:LocationShape/d75cb3222eabce83fa3e236344cbf419e465f10e,UPSTREAM-POS-UPSTREAM-DCATAP-B148B18433FB80F078CE,UPSTREAM-NEG-UPSTREAM-DCATAP-B148B18433FB80F078CE
UPSTREAM-DCATAP-B1A6AD312DE0AE2A7B50,"[""core"",""dataspace-offering"",""observation"",""quality""]","[""http://www.w3.org/ns/dcat#DataService""]",http://purl.org/dc/terms/description,MUST,,,"[""http://www.w3.org/ns/shacl#Literal""]",[],Violation,"[{""language"":""ko"",""text"":""로컬 격리 증거: 원문 PropertyShape에는 메시지가 없으며 sh:nodeKind 제약을 검증한다."",""source"":""local-evidence"",""predicate"":null}]",MOLIT 로컬 적용 가이드(upstream 원문 보충 설명): <http://purl.org/dc/terms/description> 값을 <http://www.w3.org/ns/shacl#Literal> node kind로 바꾼다. 원문 constraint 값은 변경하지 않는다.,DCAT-AP 3.0.1,"[""https://semiceu.github.io/DCAT-AP/releases/3.0.1#DataService.description""]",DCAT-AP 3.0.1의 sh:nodeKind 제약을 변경 없이 채택한다. named PropertyShape의 원문 direct quad를 그대로 채택했다. 추가한 sh:targetNode는 격리 시험용이며 규범 의미를 바꾸지 않는다.,https://semiceu.github.io/DCAT-AP/releases/3.0.1#dcat:DataServiceShape/6cae9880e515253132af1452a38a8a5827165149,UPSTREAM-POS-UPSTREAM-DCATAP-B1A6AD312DE0AE2A7B50,UPSTREAM-NEG-UPSTREAM-DCATAP-B1A6AD312DE0AE2A7B50
UPSTREAM-DCATAP-B3ED503C6EBCF056251D,"[""core"",""dataspace-offering"",""observation"",""quality""]","[""http://www.w3.org/ns/dcat#DatasetSeries""]",http://purl.org/dc/terms/spatial,MUST,,,"[""http://www.w3.org/ns/shacl#BlankNodeOrIRI""]",[],Violation,"[{""language"":""ko"",""text"":""로컬 격리 증거: 원문 PropertyShape에는 메시지가 없으며 sh:nodeKind 제약을 검증한다."",""source"":""local-evidence"",""predicate"":null}]",MOLIT 로컬 적용 가이드(upstream 원문 보충 설명): <http://purl.org/dc/terms/spatial> 값을 <http://www.w3.org/ns/shacl#BlankNodeOrIRI> node kind로 바꾼다. 원문 constraint 값은 변경하지 않는다.,DCAT-AP 3.0.1,"[""https://semiceu.github.io/DCAT-AP/releases/3.0.1#DatasetSeries.geographicalcoverage""]",DCAT-AP 3.0.1의 sh:nodeKind 제약을 변경 없이 채택한다. named PropertyShape의 원문 direct quad를 그대로 채택했다. 추가한 sh:targetNode는 격리 시험용이며 규범 의미를 바꾸지 않는다.,https://semiceu.github.io/DCAT-AP/releases/3.0.1#dcat:DatasetSeriesShape/95015004529c652bcb276060d84ed7423c4a9b08,UPSTREAM-POS-UPSTREAM-DCATAP-B3ED503C6EBCF056251D,UPSTREAM-NEG-UPSTREAM-DCATAP-B3ED503C6EBCF056251D
UPSTREAM-DCATAP-B5C3CAC703682CF0EA4D,"[""core"",""dataspace-offering"",""observation"",""quality""]","[""http://www.w3.org/ns/dcat#Distribution""]",http://www.w3.org/ns/dcat#packageFormat,MUST,,,"[""http://purl.org/dc/terms/MediaType""]",[],Violation,"[{""language"":""ko"",""text"":""로컬 격리 증거: 원문 PropertyShape에는 메시지가 없으며 sh:class 제약을 검증한다."",""source"":""local-evidence"",""predicate"":null}]",MOLIT 로컬 적용 가이드(upstream 원문 보충 설명): <http://www.w3.org/ns/dcat#packageFormat>의 모든 값에 rdf:type <http://purl.org/dc/terms/MediaType>를 명시한다. 원문 constraint 값은 변경하지 않는다.,DCAT-AP 3.0.1,"[""https://semiceu.github.io/DCAT-AP/releases/3.0.1#Distribution.packagingformat""]",DCAT-AP 3.0.1의 sh:class 제약을 변경 없이 채택한다. named PropertyShape의 원문 direct quad를 그대로 채택했다. 추가한 sh:targetNode는 격리 시험용이며 규범 의미를 바꾸지 않는다.,https://semiceu.github.io/DCAT-AP/releases/3.0.1#dcat:DistributionShape/39da16eecfc16996eed6a010f4203cdcec7c388d,UPSTREAM-POS-UPSTREAM-DCATAP-B5C3CAC703682CF0EA4D,UPSTREAM-NEG-UPSTREAM-DCATAP-B5C3CAC703682CF0EA4D
UPSTREAM-DCATAP-B64C4B3184A933503BA0,"[""core"",""dataspace-offering"",""observation"",""quality""]","[""http://www.w3.org/ns/dcat#Dataset""]",http://purl.org/dc/terms/conformsTo,MUST,,,"[""http://purl.org/dc/terms/Standard""]",[],Violation,"[{""language"":""ko"",""text"":""로컬 격리 증거: 원문 PropertyShape에는 메시지가 없으며 sh:class 제약을 검증한다."",""source"":""local-evidence"",""predicate"":null}]",MOLIT 로컬 적용 가이드(upstream 원문 보충 설명): <http://purl.org/dc/terms/conformsTo>의 모든 값에 rdf:type <http://purl.org/dc/terms/Standard>를 명시한다. 원문 constraint 값은 변경하지 않는다.,DCAT-AP 3.0.1,"[""https://semiceu.github.io/DCAT-AP/releases/3.0.1#Dataset.conformsto""]",DCAT-AP 3.0.1의 sh:class 제약을 변경 없이 채택한다. named PropertyShape의 원문 direct quad를 그대로 채택했다. 추가한 sh:targetNode는 격리 시험용이며 규범 의미를 바꾸지 않는다.,https://semiceu.github.io/DCAT-AP/releases/3.0.1#dcat:DatasetShape/c84f7330b9538a899ebb875c44dc23c9882e74ac,UPSTREAM-POS-UPSTREAM-DCATAP-B64C4B3184A933503BA0,UPSTREAM-NEG-UPSTREAM-DCATAP-B64C4B3184A933503BA0
UPSTREAM-DCATAP-B75BFA789B69C304574D,"[""core"",""dataspace-offering"",""observation"",""quality""]","[""http://www.w3.org/ns/dcat#Dataset""]",http://purl.org/dc/terms/type,MUST,,,"[""http://www.w3.org/2004/02/skos/core#Concept""]",[],Violation,"[{""language"":""ko"",""text"":""로컬 격리 증거: 원문 PropertyShape에는 메시지가 없으며 sh:class 제약을 검증한다."",""source"":""local-evidence"",""predicate"":null}]",MOLIT 로컬 적용 가이드(upstream 원문 보충 설명): <http://purl.org/dc/terms/type>의 모든 값에 rdf:type <http://www.w3.org/2004/02/skos/core#Concept>를 명시한다. 원문 constraint 값은 변경하지 않는다.,DCAT-AP 3.0.1,"[""https://semiceu.github.io/DCAT-AP/releases/3.0.1#Dataset.type""]",DCAT-AP 3.0.1의 sh:class 제약을 변경 없이 채택한다. named PropertyShape의 원문 direct quad를 그대로 채택했다. 추가한 sh:targetNode는 격리 시험용이며 규범 의미를 바꾸지 않는다.,https://semiceu.github.io/DCAT-AP/releases/3.0.1#dcat:DatasetShape/322371a77364a50f049d46180f6192532eea26dc,UPSTREAM-POS-UPSTREAM-DCATAP-B75BFA789B69C304574D,UPSTREAM-NEG-UPSTREAM-DCATAP-B75BFA789B69C304574D
UPSTREAM-DCATAP-B91BC29AAFE1BED20E40,"[""core"",""dataspace-offering"",""observation"",""quality""]","[""http://www.w3.org/ns/dcat#Dataset""]",http://www.w3.org/ns/dcat#spatialResolutionInMeters,MUST,,,"[""http://www.w3.org/ns/shacl#Literal""]",[],Violation,"[{""language"":""ko"",""text"":""로컬 격리 증거: 원문 PropertyShape에는 메시지가 없으며 sh:nodeKind 제약을 검증한다."",""source"":""local-evidence"",""predicate"":null}]",MOLIT 로컬 적용 가이드(upstream 원문 보충 설명): <http://www.w3.org/ns/dcat#spatialResolutionInMeters> 값을 <http://www.w3.org/ns/shacl#Literal> node kind로 바꾼다. 원문 constraint 값은 변경하지 않는다.,DCAT-AP 3.0.1,"[""https://semiceu.github.io/DCAT-AP/releases/3.0.1#Dataset.spatialresolution""]",DCAT-AP 3.0.1의 sh:nodeKind 제약을 변경 없이 채택한다. named PropertyShape의 원문 direct quad를 그대로 채택했다. 추가한 sh:targetNode는 격리 시험용이며 규범 의미를 바꾸지 않는다.,https://semiceu.github.io/DCAT-AP/releases/3.0.1#dcat:DatasetShape/46a60c7d3d828d3006937a12f82c1958b94e6f76,UPSTREAM-POS-UPSTREAM-DCATAP-B91BC29AAFE1BED20E40,UPSTREAM-NEG-UPSTREAM-DCATAP-B91BC29AAFE1BED20E40
UPSTREAM-DCATAP-B98B1BAA35A6DB93F867,"[""core"",""dataspace-offering"",""observation"",""quality""]","[""http://www.w3.org/ns/dcat#Dataset""]",http://www.w3.org/ns/dcat#temporalResolution,MUST,,,"[""http://www.w3.org/ns/shacl#Literal""]",[],Violation,"[{""language"":""ko"",""text"":""로컬 격리 증거: 원문 PropertyShape에는 메시지가 없으며 sh:nodeKind 제약을 검증한다."",""source"":""local-evidence"",""predicate"":null}]",MOLIT 로컬 적용 가이드(upstream 원문 보충 설명): <http://www.w3.org/ns/dcat#temporalResolution> 값을 <http://www.w3.org/ns/shacl#Literal> node kind로 바꾼다. 원문 constraint 값은 변경하지 않는다.,DCAT-AP 3.0.1,"[""https://semiceu.github.io/DCAT-AP/releases/3.0.1#Dataset.temporalresolution""]",DCAT-AP 3.0.1의 sh:nodeKind 제약을 변경 없이 채택한다. named PropertyShape의 원문 direct quad를 그대로 채택했다. 추가한 sh:targetNode는 격리 시험용이며 규범 의미를 바꾸지 않는다.,https://semiceu.github.io/DCAT-AP/releases/3.0.1#dcat:DatasetShape/2961dd5b80e9c0f6242da8cf9eea53ad610d7602,UPSTREAM-POS-UPSTREAM-DCATAP-B98B1BAA35A6DB93F867,UPSTREAM-NEG-UPSTREAM-DCATAP-B98B1BAA35A6DB93F867
UPSTREAM-DCATAP-C084E938CE14AA3B60BB,"[""core"",""dataspace-offering"",""observation"",""quality""]","[""http://www.w3.org/ns/dcat#Dataset""]",http://www.w3.org/ns/prov#wasGeneratedBy,MUST,,,"[""http://www.w3.org/ns/prov#Activity""]",[],Violation,"[{""language"":""ko"",""text"":""로컬 격리 증거: 원문 PropertyShape에는 메시지가 없으며 sh:class 제약을 검증한다."",""source"":""local-evidence"",""predicate"":null}]",MOLIT 로컬 적용 가이드(upstream 원문 보충 설명): <http://www.w3.org/ns/prov#wasGeneratedBy>의 모든 값에 rdf:type <http://www.w3.org/ns/prov#Activity>를 명시한다. 원문 constraint 값은 변경하지 않는다.,DCAT-AP 3.0.1,"[""https://semiceu.github.io/DCAT-AP/releases/3.0.1#Dataset.wasgeneratedby""]",DCAT-AP 3.0.1의 sh:class 제약을 변경 없이 채택한다. named PropertyShape의 원문 direct quad를 그대로 채택했다. 추가한 sh:targetNode는 격리 시험용이며 규범 의미를 바꾸지 않는다.,https://semiceu.github.io/DCAT-AP/releases/3.0.1#dcat:DatasetShape/397755646b3e9ed0cfae7a2a581d26251329edb7,UPSTREAM-POS-UPSTREAM-DCATAP-C084E938CE14AA3B60BB,UPSTREAM-NEG-UPSTREAM-DCATAP-C084E938CE14AA3B60BB
UPSTREAM-DCATAP-C0CE87CB095AADE51BD1,"[""core"",""dataspace-offering"",""observation"",""quality""]","[""http://www.w3.org/ns/dcat#Catalog""]",http://purl.org/dc/terms/publisher,MUST,,1,[],[],Violation,"[{""language"":""ko"",""text"":""로컬 격리 증거: 원문 PropertyShape에는 메시지가 없으며 sh:maxCount 제약을 검증한다."",""source"":""local-evidence"",""predicate"":null}]",MOLIT 로컬 적용 가이드(upstream 원문 보충 설명): <http://purl.org/dc/terms/publisher> 값을 1개 이하로 줄인다. 원문 constraint 값은 변경하지 않는다.,DCAT-AP 3.0.1,"[""https://semiceu.github.io/DCAT-AP/releases/3.0.1#Catalogue.publisher""]",DCAT-AP 3.0.1의 sh:maxCount 제약을 변경 없이 채택한다. named PropertyShape의 원문 direct quad를 그대로 채택했다. 추가한 sh:targetNode는 격리 시험용이며 규범 의미를 바꾸지 않는다.,https://semiceu.github.io/DCAT-AP/releases/3.0.1#dcat:CatalogShape/67dcdb36167ca7969c0532898e11a98e9c2a80f5,UPSTREAM-POS-UPSTREAM-DCATAP-C0CE87CB095AADE51BD1,UPSTREAM-NEG-UPSTREAM-DCATAP-C0CE87CB095AADE51BD1
UPSTREAM-DCATAP-C15C813035C020A3B281,"[""core"",""dataspace-offering"",""observation"",""quality""]","[""http://purl.org/dc/terms/Location""]",http://www.w3.org/ns/dcat#bbox,MUST,,,"[""http://www.w3.org/ns/shacl#Literal""]",[],Violation,"[{""language"":""ko"",""text"":""로컬 격리 증거: 원문 PropertyShape에는 메시지가 없으며 sh:nodeKind 제약을 검증한다."",""source"":""local-evidence"",""predicate"":null}]",MOLIT 로컬 적용 가이드(upstream 원문 보충 설명): <http://www.w3.org/ns/dcat#bbox> 값을 <http://www.w3.org/ns/shacl#Literal> node kind로 바꾼다. 원문 constraint 값은 변경하지 않는다.,DCAT-AP 3.0.1,"[""https://semiceu.github.io/DCAT-AP/releases/3.0.1#Location.bbox""]",DCAT-AP 3.0.1의 sh:nodeKind 제약을 변경 없이 채택한다. named PropertyShape의 원문 direct quad를 그대로 채택했다. 추가한 sh:targetNode는 격리 시험용이며 규범 의미를 바꾸지 않는다.,https://semiceu.github.io/DCAT-AP/releases/3.0.1#dct:LocationShape/0ae2f89b0ca180c9b7eed510013f60fd9fa34f52,UPSTREAM-POS-UPSTREAM-DCATAP-C15C813035C020A3B281,UPSTREAM-NEG-UPSTREAM-DCATAP-C15C813035C020A3B281
UPSTREAM-DCATAP-C20D997F44E792D19EF8,"[""core"",""dataspace-offering"",""observation"",""quality""]","[""http://www.w3.org/ns/dcat#Catalog""]",http://purl.org/dc/terms/creator,MUST,,,"[""http://xmlns.com/foaf/0.1/Agent""]",[],Violation,"[{""language"":""ko"",""text"":""로컬 격리 증거: 원문 PropertyShape에는 메시지가 없으며 sh:class 제약을 검증한다."",""source"":""local-evidence"",""predicate"":null}]",MOLIT 로컬 적용 가이드(upstream 원문 보충 설명): <http://purl.org/dc/terms/creator>의 모든 값에 rdf:type <http://xmlns.com/foaf/0.1/Agent>를 명시한다. 원문 constraint 값은 변경하지 않는다.,DCAT-AP 3.0.1,"[""https://semiceu.github.io/DCAT-AP/releases/3.0.1#Catalogue.creator""]",DCAT-AP 3.0.1의 sh:class 제약을 변경 없이 채택한다. named PropertyShape의 원문 direct quad를 그대로 채택했다. 추가한 sh:targetNode는 격리 시험용이며 규범 의미를 바꾸지 않는다.,https://semiceu.github.io/DCAT-AP/releases/3.0.1#dcat:CatalogShape/c1d40f7102c8201949576e76be48b991b47958d9,UPSTREAM-POS-UPSTREAM-DCATAP-C20D997F44E792D19EF8,UPSTREAM-NEG-UPSTREAM-DCATAP-C20D997F44E792D19EF8
UPSTREAM-DCATAP-C21BBEAE24116A4C2E55,"[""core"",""dataspace-offering"",""observation"",""quality""]","[""http://www.w3.org/ns/dcat#Catalog""]",http://xmlns.com/foaf/0.1/homepage,MUST,,,"[""http://xmlns.com/foaf/0.1/Document""]",[],Violation,"[{""language"":""ko"",""text"":""로컬 격리 증거: 원문 PropertyShape에는 메시지가 없으며 sh:class 제약을 검증한다."",""source"":""local-evidence"",""predicate"":null}]",MOLIT 로컬 적용 가이드(upstream 원문 보충 설명): <http://xmlns.com/foaf/0.1/homepage>의 모든 값에 rdf:type <http://xmlns.com/foaf/0.1/Document>를 명시한다. 원문 constraint 값은 변경하지 않는다.,DCAT-AP 3.0.1,"[""https://semiceu.github.io/DCAT-AP/releases/3.0.1#Catalogue.homepage""]",DCAT-AP 3.0.1의 sh:class 제약을 변경 없이 채택한다. named PropertyShape의 원문 direct quad를 그대로 채택했다. 추가한 sh:targetNode는 격리 시험용이며 규범 의미를 바꾸지 않는다.,https://semiceu.github.io/DCAT-AP/releases/3.0.1#dcat:CatalogShape/fb8568b313de736f9184db23272b6317700e9e7e,UPSTREAM-POS-UPSTREAM-DCATAP-C21BBEAE24116A4C2E55,UPSTREAM-NEG-UPSTREAM-DCATAP-C21BBEAE24116A4C2E55
UPSTREAM-DCATAP-C29D8A30BA4CD66AA7AB,"[""core"",""dataspace-offering"",""observation"",""quality""]","[""http://www.w3.org/ns/dcat#Catalog""]",http://data.europa.eu/r5r/applicableLegislation,MUST,,,"[""http://www.w3.org/ns/shacl#BlankNodeOrIRI""]",[],Violation,"[{""language"":""ko"",""text"":""로컬 격리 증거: 원문 PropertyShape에는 메시지가 없으며 sh:nodeKind 제약을 검증한다."",""source"":""local-evidence"",""predicate"":null}]",MOLIT 로컬 적용 가이드(upstream 원문 보충 설명): <http://data.europa.eu/r5r/applicableLegislation> 값을 <http://www.w3.org/ns/shacl#BlankNodeOrIRI> node kind로 바꾼다. 원문 constraint 값은 변경하지 않는다.,DCAT-AP 3.0.1,"[""https://semiceu.github.io/DCAT-AP/releases/3.0.1#Catalogue.applicablelegislation""]",DCAT-AP 3.0.1의 sh:nodeKind 제약을 변경 없이 채택한다. named PropertyShape의 원문 direct quad를 그대로 채택했다. 추가한 sh:targetNode는 격리 시험용이며 규범 의미를 바꾸지 않는다.,https://semiceu.github.io/DCAT-AP/releases/3.0.1#dcat:CatalogShape/0a6f3bb11ed4ea12f852c78996b89c9a54ffc0fb,UPSTREAM-POS-UPSTREAM-DCATAP-C29D8A30BA4CD66AA7AB,UPSTREAM-NEG-UPSTREAM-DCATAP-C29D8A30BA4CD66AA7AB
UPSTREAM-DCATAP-C2E1B28701B40CFDDA1D,"[""core"",""dataspace-offering"",""observation"",""quality""]","[""http://www.w3.org/ns/dcat#Distribution""]",http://xmlns.com/foaf/0.1/page,MUST,,,"[""http://www.w3.org/ns/shacl#BlankNodeOrIRI""]",[],Violation,"[{""language"":""ko"",""text"":""로컬 격리 증거: 원문 PropertyShape에는 메시지가 없으며 sh:nodeKind 제약을 검증한다."",""source"":""local-evidence"",""predicate"":null}]",MOLIT 로컬 적용 가이드(upstream 원문 보충 설명): <http://xmlns.com/foaf/0.1/page> 값을 <http://www.w3.org/ns/shacl#BlankNodeOrIRI> node kind로 바꾼다. 원문 constraint 값은 변경하지 않는다.,DCAT-AP 3.0.1,"[""https://semiceu.github.io/DCAT-AP/releases/3.0.1#Distribution.documentation""]",DCAT-AP 3.0.1의 sh:nodeKind 제약을 변경 없이 채택한다. named PropertyShape의 원문 direct quad를 그대로 채택했다. 추가한 sh:targetNode는 격리 시험용이며 규범 의미를 바꾸지 않는다.,https://semiceu.github.io/DCAT-AP/releases/3.0.1#dcat:DistributionShape/998ce689a5bcc3e2764ff84a05255e34d91e8102,UPSTREAM-POS-UPSTREAM-DCATAP-C2E1B28701B40CFDDA1D,UPSTREAM-NEG-UPSTREAM-DCATAP-C2E1B28701B40CFDDA1D
UPSTREAM-DCATAP-C304FBA3BAE7ABDD45B3,"[""core"",""dataspace-offering"",""observation"",""quality""]","[""http://www.w3.org/ns/dcat#Dataset""]",http://purl.org/dc/terms/modified,MUST,,,"[""http://www.w3.org/ns/shacl#Literal""]",[],Violation,"[{""language"":""ko"",""text"":""로컬 격리 증거: 원문 PropertyShape에는 메시지가 없으며 sh:nodeKind 제약을 검증한다."",""source"":""local-evidence"",""predicate"":null}]",MOLIT 로컬 적용 가이드(upstream 원문 보충 설명): <http://purl.org/dc/terms/modified> 값을 <http://www.w3.org/ns/shacl#Literal> node kind로 바꾼다. 원문 constraint 값은 변경하지 않는다.,DCAT-AP 3.0.1,"[""https://semiceu.github.io/DCAT-AP/releases/3.0.1#Dataset.modificationdate""]",DCAT-AP 3.0.1의 sh:nodeKind 제약을 변경 없이 채택한다. named PropertyShape의 원문 direct quad를 그대로 채택했다. 추가한 sh:targetNode는 격리 시험용이며 규범 의미를 바꾸지 않는다.,https://semiceu.github.io/DCAT-AP/releases/3.0.1#dcat:DatasetShape/6b7242b6b89977700c05e4875131fbb975c4235e,UPSTREAM-POS-UPSTREAM-DCATAP-C304FBA3BAE7ABDD45B3,UPSTREAM-NEG-UPSTREAM-DCATAP-C304FBA3BAE7ABDD45B3
UPSTREAM-DCATAP-C42D049B44F1C2271CA8,"[""core"",""dataspace-offering"",""observation"",""quality""]","[""http://www.w3.org/ns/dcat#DataService""]",http://purl.org/dc/terms/publisher,MUST,,,"[""http://xmlns.com/foaf/0.1/Agent""]",[],Violation,"[{""language"":""ko"",""text"":""로컬 격리 증거: 원문 PropertyShape에는 메시지가 없으며 sh:class 제약을 검증한다."",""source"":""local-evidence"",""predicate"":null}]",MOLIT 로컬 적용 가이드(upstream 원문 보충 설명): <http://purl.org/dc/terms/publisher>의 모든 값에 rdf:type <http://xmlns.com/foaf/0.1/Agent>를 명시한다. 원문 constraint 값은 변경하지 않는다.,DCAT-AP 3.0.1,"[""https://semiceu.github.io/DCAT-AP/releases/3.0.1#DataService.publisher""]",DCAT-AP 3.0.1의 sh:class 제약을 변경 없이 채택한다. named PropertyShape의 원문 direct quad를 그대로 채택했다. 추가한 sh:targetNode는 격리 시험용이며 규범 의미를 바꾸지 않는다.,https://semiceu.github.io/DCAT-AP/releases/3.0.1#dcat:DataServiceShape/b3ec0655204c62a2531244aaeab12f1a2c5e5b5d,UPSTREAM-POS-UPSTREAM-DCATAP-C42D049B44F1C2271CA8,UPSTREAM-NEG-UPSTREAM-DCATAP-C42D049B44F1C2271CA8
UPSTREAM-DCATAP-C48FD07C63083D657649,"[""core"",""dataspace-offering"",""observation"",""quality""]","[""http://www.w3.org/ns/dcat#DatasetSeries""]",http://purl.org/dc/terms/publisher,MUST,,,"[""http://www.w3.org/ns/shacl#BlankNodeOrIRI""]",[],Violation,"[{""language"":""ko"",""text"":""로컬 격리 증거: 원문 PropertyShape에는 메시지가 없으며 sh:nodeKind 제약을 검증한다."",""source"":""local-evidence"",""predicate"":null}]",MOLIT 로컬 적용 가이드(upstream 원문 보충 설명): <http://purl.org/dc/terms/publisher> 값을 <http://www.w3.org/ns/shacl#BlankNodeOrIRI> node kind로 바꾼다. 원문 constraint 값은 변경하지 않는다.,DCAT-AP 3.0.1,"[""https://semiceu.github.io/DCAT-AP/releases/3.0.1#DatasetSeries.publisher""]",DCAT-AP 3.0.1의 sh:nodeKind 제약을 변경 없이 채택한다. named PropertyShape의 원문 direct quad를 그대로 채택했다. 추가한 sh:targetNode는 격리 시험용이며 규범 의미를 바꾸지 않는다.,https://semiceu.github.io/DCAT-AP/releases/3.0.1#dcat:DatasetSeriesShape/93f73e69bb03d2928fcf758a253ef316becdf9b9,UPSTREAM-POS-UPSTREAM-DCATAP-C48FD07C63083D657649,UPSTREAM-NEG-UPSTREAM-DCATAP-C48FD07C63083D657649
UPSTREAM-DCATAP-C519E816E84E5ACC8345,"[""core"",""dataspace-offering"",""observation"",""quality""]","[""http://www.w3.org/ns/dcat#Distribution""]",http://purl.org/dc/terms/conformsTo,MUST,,,"[""http://www.w3.org/ns/shacl#BlankNodeOrIRI""]",[],Violation,"[{""language"":""ko"",""text"":""로컬 격리 증거: 원문 PropertyShape에는 메시지가 없으며 sh:nodeKind 제약을 검증한다."",""source"":""local-evidence"",""predicate"":null}]",MOLIT 로컬 적용 가이드(upstream 원문 보충 설명): <http://purl.org/dc/terms/conformsTo> 값을 <http://www.w3.org/ns/shacl#BlankNodeOrIRI> node kind로 바꾼다. 원문 constraint 값은 변경하지 않는다.,DCAT-AP 3.0.1,"[""https://semiceu.github.io/DCAT-AP/releases/3.0.1#Distribution.linkedschemas""]",DCAT-AP 3.0.1의 sh:nodeKind 제약을 변경 없이 채택한다. named PropertyShape의 원문 direct quad를 그대로 채택했다. 추가한 sh:targetNode는 격리 시험용이며 규범 의미를 바꾸지 않는다.,https://semiceu.github.io/DCAT-AP/releases/3.0.1#dcat:DistributionShape/27b3b10cebe804356667d0cfca6f658b01f83fbb,UPSTREAM-POS-UPSTREAM-DCATAP-C519E816E84E5ACC8345,UPSTREAM-NEG-UPSTREAM-DCATAP-C519E816E84E5ACC8345
UPSTREAM-DCATAP-C5B1C124487109530B5B,"[""core"",""dataspace-offering"",""observation"",""quality""]","[""http://www.w3.org/ns/dcat#DataService""]",http://www.w3.org/ns/dcat#servesDataset,MUST,,,"[""http://www.w3.org/ns/dcat#Dataset""]",[],Violation,"[{""language"":""ko"",""text"":""로컬 격리 증거: 원문 PropertyShape에는 메시지가 없으며 sh:class 제약을 검증한다."",""source"":""local-evidence"",""predicate"":null}]",MOLIT 로컬 적용 가이드(upstream 원문 보충 설명): <http://www.w3.org/ns/dcat#servesDataset>의 모든 값에 rdf:type <http://www.w3.org/ns/dcat#Dataset>를 명시한다. 원문 constraint 값은 변경하지 않는다.,DCAT-AP 3.0.1,"[""https://semiceu.github.io/DCAT-AP/releases/3.0.1#DataService.servesdataset""]",DCAT-AP 3.0.1의 sh:class 제약을 변경 없이 채택한다. named PropertyShape의 원문 direct quad를 그대로 채택했다. 추가한 sh:targetNode는 격리 시험용이며 규범 의미를 바꾸지 않는다.,https://semiceu.github.io/DCAT-AP/releases/3.0.1#dcat:DataServiceShape/1a61f733fafb015548fe0e21203d559c9cb4d228,UPSTREAM-POS-UPSTREAM-DCATAP-C5B1C124487109530B5B,UPSTREAM-NEG-UPSTREAM-DCATAP-C5B1C124487109530B5B
UPSTREAM-DCATAP-C61BAC01767FB0C51A89,"[""core"",""dataspace-offering"",""observation"",""quality""]","[""http://www.w3.org/ns/dcat#Catalog""]",http://www.w3.org/ns/dcat#record,MUST,,,"[""http://www.w3.org/ns/dcat#CatalogRecord""]",[],Violation,"[{""language"":""ko"",""text"":""로컬 격리 증거: 원문 PropertyShape에는 메시지가 없으며 sh:class 제약을 검증한다."",""source"":""local-evidence"",""predicate"":null}]",MOLIT 로컬 적용 가이드(upstream 원문 보충 설명): <http://www.w3.org/ns/dcat#record>의 모든 값에 rdf:type <http://www.w3.org/ns/dcat#CatalogRecord>를 명시한다. 원문 constraint 값은 변경하지 않는다.,DCAT-AP 3.0.1,"[""https://semiceu.github.io/DCAT-AP/releases/3.0.1#Catalogue.record""]",DCAT-AP 3.0.1의 sh:class 제약을 변경 없이 채택한다. named PropertyShape의 원문 direct quad를 그대로 채택했다. 추가한 sh:targetNode는 격리 시험용이며 규범 의미를 바꾸지 않는다.,https://semiceu.github.io/DCAT-AP/releases/3.0.1#dcat:CatalogShape/337cf55721093cc585693a5397601643d59a4c46,UPSTREAM-POS-UPSTREAM-DCATAP-C61BAC01767FB0C51A89,UPSTREAM-NEG-UPSTREAM-DCATAP-C61BAC01767FB0C51A89
UPSTREAM-DCATAP-C6A414391DEDACD076D4,"[""core"",""dataspace-offering"",""observation"",""quality""]","[""http://www.w3.org/ns/dcat#Dataset""]",http://purl.org/dc/terms/accrualPeriodicity,MUST,,,"[""http://purl.org/dc/terms/Frequency""]",[],Violation,"[{""language"":""ko"",""text"":""로컬 격리 증거: 원문 PropertyShape에는 메시지가 없으며 sh:class 제약을 검증한다."",""source"":""local-evidence"",""predicate"":null}]",MOLIT 로컬 적용 가이드(upstream 원문 보충 설명): <http://purl.org/dc/terms/accrualPeriodicity>의 모든 값에 rdf:type <http://purl.org/dc/terms/Frequency>를 명시한다. 원문 constraint 값은 변경하지 않는다.,DCAT-AP 3.0.1,"[""https://semiceu.github.io/DCAT-AP/releases/3.0.1#Dataset.frequency""]",DCAT-AP 3.0.1의 sh:class 제약을 변경 없이 채택한다. named PropertyShape의 원문 direct quad를 그대로 채택했다. 추가한 sh:targetNode는 격리 시험용이며 규범 의미를 바꾸지 않는다.,https://semiceu.github.io/DCAT-AP/releases/3.0.1#dcat:DatasetShape/04d197dc40f01e87093bdd0446a9fdb1a9d44319,UPSTREAM-POS-UPSTREAM-DCATAP-C6A414391DEDACD076D4,UPSTREAM-NEG-UPSTREAM-DCATAP-C6A414391DEDACD076D4
UPSTREAM-DCATAP-C71B53D28CD3F8D3FB63,"[""core"",""dataspace-offering"",""observation"",""quality""]","[""http://www.w3.org/ns/dcat#Dataset""]",http://data.europa.eu/r5r/applicableLegislation,MUST,,,"[""http://data.europa.eu/eli/ontology#LegalResource""]",[],Violation,"[{""language"":""ko"",""text"":""로컬 격리 증거: 원문 PropertyShape에는 메시지가 없으며 sh:class 제약을 검증한다."",""source"":""local-evidence"",""predicate"":null}]",MOLIT 로컬 적용 가이드(upstream 원문 보충 설명): <http://data.europa.eu/r5r/applicableLegislation>의 모든 값에 rdf:type <http://data.europa.eu/eli/ontology#LegalResource>를 명시한다. 원문 constraint 값은 변경하지 않는다.,DCAT-AP 3.0.1,"[""https://semiceu.github.io/DCAT-AP/releases/3.0.1#Dataset.applicablelegislation""]",DCAT-AP 3.0.1의 sh:class 제약을 변경 없이 채택한다. named PropertyShape의 원문 direct quad를 그대로 채택했다. 추가한 sh:targetNode는 격리 시험용이며 규범 의미를 바꾸지 않는다.,https://semiceu.github.io/DCAT-AP/releases/3.0.1#dcat:DatasetShape/73465b7fbd7f991a08ddd1b766c2e46fa9dfc14e,UPSTREAM-POS-UPSTREAM-DCATAP-C71B53D28CD3F8D3FB63,UPSTREAM-NEG-UPSTREAM-DCATAP-C71B53D28CD3F8D3FB63
UPSTREAM-DCATAP-C9473F481531966D2F4E,"[""core"",""dataspace-offering"",""observation"",""quality""]","[""http://purl.org/dc/terms/PeriodOfTime""]",http://www.w3.org/ns/dcat#startDate,MUST,,1,[],[],Violation,"[{""language"":""ko"",""text"":""로컬 격리 증거: 원문 PropertyShape에는 메시지가 없으며 sh:maxCount 제약을 검증한다."",""source"":""local-evidence"",""predicate"":null}]",MOLIT 로컬 적용 가이드(upstream 원문 보충 설명): <http://www.w3.org/ns/dcat#startDate> 값을 1개 이하로 줄인다. 원문 constraint 값은 변경하지 않는다.,DCAT-AP 3.0.1,"[""https://semiceu.github.io/DCAT-AP/releases/3.0.1#PeriodofTime.startdate""]",DCAT-AP 3.0.1의 sh:maxCount 제약을 변경 없이 채택한다. named PropertyShape의 원문 direct quad를 그대로 채택했다. 추가한 sh:targetNode는 격리 시험용이며 규범 의미를 바꾸지 않는다.,https://semiceu.github.io/DCAT-AP/releases/3.0.1#dct:PeriodOfTimeShape/f72c3efebeb551122e98eb731aa0ec8af8b4c1b7,UPSTREAM-POS-UPSTREAM-DCATAP-C9473F481531966D2F4E,UPSTREAM-NEG-UPSTREAM-DCATAP-C9473F481531966D2F4E
UPSTREAM-DCATAP-C96531C14D61FB4BC021,"[""core"",""dataspace-offering"",""observation"",""quality""]","[""http://www.w3.org/ns/dcat#CatalogRecord""]",http://purl.org/dc/terms/source,MUST,,,"[""http://www.w3.org/ns/dcat#CatalogRecord""]",[],Violation,"[{""language"":""ko"",""text"":""로컬 격리 증거: 원문 PropertyShape에는 메시지가 없으며 sh:class 제약을 검증한다."",""source"":""local-evidence"",""predicate"":null}]",MOLIT 로컬 적용 가이드(upstream 원문 보충 설명): <http://purl.org/dc/terms/source>의 모든 값에 rdf:type <http://www.w3.org/ns/dcat#CatalogRecord>를 명시한다. 원문 constraint 값은 변경하지 않는다.,DCAT-AP 3.0.1,"[""https://semiceu.github.io/DCAT-AP/releases/3.0.1#CatalogueRecord.sourcemetadata""]",DCAT-AP 3.0.1의 sh:class 제약을 변경 없이 채택한다. named PropertyShape의 원문 direct quad를 그대로 채택했다. 추가한 sh:targetNode는 격리 시험용이며 규범 의미를 바꾸지 않는다.,https://semiceu.github.io/DCAT-AP/releases/3.0.1#dcat:CatalogRecordShape/95cb7d74c8710526cdd4a980d92ce3cf74d7a38f,UPSTREAM-POS-UPSTREAM-DCATAP-C96531C14D61FB4BC021,UPSTREAM-NEG-UPSTREAM-DCATAP-C96531C14D61FB4BC021
UPSTREAM-DCATAP-CB3B3E67A397400DC741,"[""core"",""dataspace-offering"",""observation"",""quality""]","[""http://www.w3.org/ns/dcat#Dataset""]",http://purl.org/dc/terms/accessRights,MUST,,1,[],[],Violation,"[{""language"":""ko"",""text"":""로컬 격리 증거: 원문 PropertyShape에는 메시지가 없으며 sh:maxCount 제약을 검증한다."",""source"":""local-evidence"",""predicate"":null}]",MOLIT 로컬 적용 가이드(upstream 원문 보충 설명): <http://purl.org/dc/terms/accessRights> 값을 1개 이하로 줄인다. 원문 constraint 값은 변경하지 않는다.,DCAT-AP 3.0.1,"[""https://semiceu.github.io/DCAT-AP/releases/3.0.1#Dataset.accessrights""]",DCAT-AP 3.0.1의 sh:maxCount 제약을 변경 없이 채택한다. named PropertyShape의 원문 direct quad를 그대로 채택했다. 추가한 sh:targetNode는 격리 시험용이며 규범 의미를 바꾸지 않는다.,https://semiceu.github.io/DCAT-AP/releases/3.0.1#dcat:DatasetShape/7a20e2eb5f5549088fd53fa93fab0958019f267e,UPSTREAM-POS-UPSTREAM-DCATAP-CB3B3E67A397400DC741,UPSTREAM-NEG-UPSTREAM-DCATAP-CB3B3E67A397400DC741
UPSTREAM-DCATAP-CBFAA211591BAB41B0E0,"[""core"",""dataspace-offering"",""observation"",""quality""]","[""http://www.w3.org/ns/dcat#Dataset""]",http://www.w3.org/ns/dcat#spatialResolutionInMeters,MUST,,,"[""http://www.w3.org/2001/XMLSchema#decimal""]",[],Violation,"[{""language"":""ko"",""text"":""로컬 격리 증거: 원문 PropertyShape에는 메시지가 없으며 sh:datatype 제약을 검증한다."",""source"":""local-evidence"",""predicate"":null}]",MOLIT 로컬 적용 가이드(upstream 원문 보충 설명): <http://www.w3.org/ns/dcat#spatialResolutionInMeters> 값을 <http://www.w3.org/2001/XMLSchema#decimal> datatype의 유효한 lexical literal로 직렬화한다. 원문 constraint 값은 변경하지 않는다.,DCAT-AP 3.0.1,"[""https://semiceu.github.io/DCAT-AP/releases/3.0.1#Dataset.spatialresolution""]",DCAT-AP 3.0.1의 sh:datatype 제약을 변경 없이 채택한다. named PropertyShape의 원문 direct quad를 그대로 채택했다. 추가한 sh:targetNode는 격리 시험용이며 규범 의미를 바꾸지 않는다.,https://semiceu.github.io/DCAT-AP/releases/3.0.1#dcat:DatasetShape/42110293925ce8bdb81f82dee95d1f78b2fca91c,UPSTREAM-POS-UPSTREAM-DCATAP-CBFAA211591BAB41B0E0,UPSTREAM-NEG-UPSTREAM-DCATAP-CBFAA211591BAB41B0E0
UPSTREAM-DCATAP-CC73074C9B7DD1F093E3,"[""core"",""dataspace-offering"",""observation"",""quality""]","[""http://www.w3.org/ns/dcat#Distribution""]",http://www.w3.org/ns/adms#status,MUST,,1,[],[],Violation,"[{""language"":""ko"",""text"":""로컬 격리 증거: 원문 PropertyShape에는 메시지가 없으며 sh:maxCount 제약을 검증한다."",""source"":""local-evidence"",""predicate"":null}]",MOLIT 로컬 적용 가이드(upstream 원문 보충 설명): <http://www.w3.org/ns/adms#status> 값을 1개 이하로 줄인다. 원문 constraint 값은 변경하지 않는다.,DCAT-AP 3.0.1,"[""https://semiceu.github.io/DCAT-AP/releases/3.0.1#Distribution.status""]",DCAT-AP 3.0.1의 sh:maxCount 제약을 변경 없이 채택한다. named PropertyShape의 원문 direct quad를 그대로 채택했다. 추가한 sh:targetNode는 격리 시험용이며 규범 의미를 바꾸지 않는다.,https://semiceu.github.io/DCAT-AP/releases/3.0.1#dcat:DistributionShape/2bc917d85a4ffccfa9de4268bf84b517c322ce2c,UPSTREAM-POS-UPSTREAM-DCATAP-CC73074C9B7DD1F093E3,UPSTREAM-NEG-UPSTREAM-DCATAP-CC73074C9B7DD1F093E3
UPSTREAM-DCATAP-CC9CA46EBCEAC81933D3,"[""core"",""dataspace-offering"",""observation"",""quality""]","[""http://www.w3.org/ns/dcat#DataService""]",http://purl.org/dc/terms/license,MUST,,,"[""http://purl.org/dc/terms/LicenseDocument""]",[],Violation,"[{""language"":""ko"",""text"":""로컬 격리 증거: 원문 PropertyShape에는 메시지가 없으며 sh:class 제약을 검증한다."",""source"":""local-evidence"",""predicate"":null}]",MOLIT 로컬 적용 가이드(upstream 원문 보충 설명): <http://purl.org/dc/terms/license>의 모든 값에 rdf:type <http://purl.org/dc/terms/LicenseDocument>를 명시한다. 원문 constraint 값은 변경하지 않는다.,DCAT-AP 3.0.1,"[""https://semiceu.github.io/DCAT-AP/releases/3.0.1#DataService.licence""]",DCAT-AP 3.0.1의 sh:class 제약을 변경 없이 채택한다. named PropertyShape의 원문 direct quad를 그대로 채택했다. 추가한 sh:targetNode는 격리 시험용이며 규범 의미를 바꾸지 않는다.,https://semiceu.github.io/DCAT-AP/releases/3.0.1#dcat:DataServiceShape/dbcf2adef675735c48b532392359af27af5e8b71,UPSTREAM-POS-UPSTREAM-DCATAP-CC9CA46EBCEAC81933D3,UPSTREAM-NEG-UPSTREAM-DCATAP-CC9CA46EBCEAC81933D3
UPSTREAM-DCATAP-CCFDD9D3037EBCC3EFBC,"[""core"",""dataspace-offering"",""observation"",""quality""]","[""http://www.w3.org/ns/dcat#DatasetSeries""]",http://data.europa.eu/r5r/applicableLegislation,MUST,,,"[""http://data.europa.eu/eli/ontology#LegalResource""]",[],Violation,"[{""language"":""ko"",""text"":""로컬 격리 증거: 원문 PropertyShape에는 메시지가 없으며 sh:class 제약을 검증한다."",""source"":""local-evidence"",""predicate"":null}]",MOLIT 로컬 적용 가이드(upstream 원문 보충 설명): <http://data.europa.eu/r5r/applicableLegislation>의 모든 값에 rdf:type <http://data.europa.eu/eli/ontology#LegalResource>를 명시한다. 원문 constraint 값은 변경하지 않는다.,DCAT-AP 3.0.1,"[""https://semiceu.github.io/DCAT-AP/releases/3.0.1#DatasetSeries.applicablelegislation""]",DCAT-AP 3.0.1의 sh:class 제약을 변경 없이 채택한다. named PropertyShape의 원문 direct quad를 그대로 채택했다. 추가한 sh:targetNode는 격리 시험용이며 규범 의미를 바꾸지 않는다.,https://semiceu.github.io/DCAT-AP/releases/3.0.1#dcat:DatasetSeriesShape/73465b7fbd7f991a08ddd1b766c2e46fa9dfc14e,UPSTREAM-POS-UPSTREAM-DCATAP-CCFDD9D3037EBCC3EFBC,UPSTREAM-NEG-UPSTREAM-DCATAP-CCFDD9D3037EBCC3EFBC
UPSTREAM-DCATAP-CDD03747032DAB1091BD,"[""core"",""dataspace-offering"",""observation"",""quality""]","[""http://spdx.org/rdf/terms#Checksum""]",http://spdx.org/rdf/terms#algorithm,MUST,,1,[],[],Violation,"[{""language"":""ko"",""text"":""로컬 격리 증거: 원문 PropertyShape에는 메시지가 없으며 sh:maxCount 제약을 검증한다."",""source"":""local-evidence"",""predicate"":null}]",MOLIT 로컬 적용 가이드(upstream 원문 보충 설명): <http://spdx.org/rdf/terms#algorithm> 값을 1개 이하로 줄인다. 원문 constraint 값은 변경하지 않는다.,DCAT-AP 3.0.1,"[""https://semiceu.github.io/DCAT-AP/releases/3.0.1#Checksum.algorithm""]",DCAT-AP 3.0.1의 sh:maxCount 제약을 변경 없이 채택한다. named PropertyShape의 원문 direct quad를 그대로 채택했다. 추가한 sh:targetNode는 격리 시험용이며 규범 의미를 바꾸지 않는다.,https://semiceu.github.io/DCAT-AP/releases/3.0.1#spdx:ChecksumShape/9eeeae00a6e87149f282ea21e521ffb5231213ec,UPSTREAM-POS-UPSTREAM-DCATAP-CDD03747032DAB1091BD,UPSTREAM-NEG-UPSTREAM-DCATAP-CDD03747032DAB1091BD
UPSTREAM-DCATAP-CDDF11FF59ACA838EDB2,"[""core"",""dataspace-offering"",""observation"",""quality""]","[""http://www.w3.org/ns/dcat#Catalog""]",http://purl.org/dc/terms/temporal,MUST,,,"[""http://www.w3.org/ns/shacl#BlankNodeOrIRI""]",[],Violation,"[{""language"":""ko"",""text"":""로컬 격리 증거: 원문 PropertyShape에는 메시지가 없으며 sh:nodeKind 제약을 검증한다."",""source"":""local-evidence"",""predicate"":null}]",MOLIT 로컬 적용 가이드(upstream 원문 보충 설명): <http://purl.org/dc/terms/temporal> 값을 <http://www.w3.org/ns/shacl#BlankNodeOrIRI> node kind로 바꾼다. 원문 constraint 값은 변경하지 않는다.,DCAT-AP 3.0.1,"[""https://semiceu.github.io/DCAT-AP/releases/3.0.1#Catalogue.temporalcoverage""]",DCAT-AP 3.0.1의 sh:nodeKind 제약을 변경 없이 채택한다. named PropertyShape의 원문 direct quad를 그대로 채택했다. 추가한 sh:targetNode는 격리 시험용이며 규범 의미를 바꾸지 않는다.,https://semiceu.github.io/DCAT-AP/releases/3.0.1#dcat:CatalogShape/81d9e81dce75ad228913796fb0f52470b14df56b,UPSTREAM-POS-UPSTREAM-DCATAP-CDDF11FF59ACA838EDB2,UPSTREAM-NEG-UPSTREAM-DCATAP-CDDF11FF59ACA838EDB2
UPSTREAM-DCATAP-CE37B6C839AFE8082F9C,"[""core"",""dataspace-offering"",""observation"",""quality""]","[""http://xmlns.com/foaf/0.1/Agent""]",http://xmlns.com/foaf/0.1/name,MUST,,,"[""http://www.w3.org/ns/shacl#Literal""]",[],Violation,"[{""language"":""ko"",""text"":""로컬 격리 증거: 원문 PropertyShape에는 메시지가 없으며 sh:nodeKind 제약을 검증한다."",""source"":""local-evidence"",""predicate"":null}]",MOLIT 로컬 적용 가이드(upstream 원문 보충 설명): <http://xmlns.com/foaf/0.1/name> 값을 <http://www.w3.org/ns/shacl#Literal> node kind로 바꾼다. 원문 constraint 값은 변경하지 않는다.,DCAT-AP 3.0.1,"[""https://semiceu.github.io/DCAT-AP/releases/3.0.1#Agent.name""]",DCAT-AP 3.0.1의 sh:nodeKind 제약을 변경 없이 채택한다. named PropertyShape의 원문 direct quad를 그대로 채택했다. 추가한 sh:targetNode는 격리 시험용이며 규범 의미를 바꾸지 않는다.,https://semiceu.github.io/DCAT-AP/releases/3.0.1#foaf:AgentShape/9caf9e629daa0e64ece77788576468821d7cff8c,UPSTREAM-POS-UPSTREAM-DCATAP-CE37B6C839AFE8082F9C,UPSTREAM-NEG-UPSTREAM-DCATAP-CE37B6C839AFE8082F9C
UPSTREAM-DCATAP-D2B9A5098ABA2AB11090,"[""core"",""dataspace-offering"",""observation"",""quality""]","[""http://www.w3.org/ns/dcat#DatasetSeries""]",http://purl.org/dc/terms/title,MUST,,,"[""http://www.w3.org/ns/shacl#Literal""]",[],Violation,"[{""language"":""ko"",""text"":""로컬 격리 증거: 원문 PropertyShape에는 메시지가 없으며 sh:nodeKind 제약을 검증한다."",""source"":""local-evidence"",""predicate"":null}]",MOLIT 로컬 적용 가이드(upstream 원문 보충 설명): <http://purl.org/dc/terms/title> 값을 <http://www.w3.org/ns/shacl#Literal> node kind로 바꾼다. 원문 constraint 값은 변경하지 않는다.,DCAT-AP 3.0.1,"[""https://semiceu.github.io/DCAT-AP/releases/3.0.1#DatasetSeries.title""]",DCAT-AP 3.0.1의 sh:nodeKind 제약을 변경 없이 채택한다. named PropertyShape의 원문 direct quad를 그대로 채택했다. 추가한 sh:targetNode는 격리 시험용이며 규범 의미를 바꾸지 않는다.,https://semiceu.github.io/DCAT-AP/releases/3.0.1#dcat:DatasetSeriesShape/d5d74574f70f9a979535f3624608f88180dd0c97,UPSTREAM-POS-UPSTREAM-DCATAP-D2B9A5098ABA2AB11090,UPSTREAM-NEG-UPSTREAM-DCATAP-D2B9A5098ABA2AB11090
UPSTREAM-DCATAP-D348DF738E1F4C01500E,"[""core"",""dataspace-offering"",""observation"",""quality""]","[""http://www.w3.org/ns/dcat#Distribution""]",http://purl.org/dc/terms/license,MUST,,,"[""http://www.w3.org/ns/shacl#BlankNodeOrIRI""]",[],Violation,"[{""language"":""ko"",""text"":""로컬 격리 증거: 원문 PropertyShape에는 메시지가 없으며 sh:nodeKind 제약을 검증한다."",""source"":""local-evidence"",""predicate"":null}]",MOLIT 로컬 적용 가이드(upstream 원문 보충 설명): <http://purl.org/dc/terms/license> 값을 <http://www.w3.org/ns/shacl#BlankNodeOrIRI> node kind로 바꾼다. 원문 constraint 값은 변경하지 않는다.,DCAT-AP 3.0.1,"[""https://semiceu.github.io/DCAT-AP/releases/3.0.1#Distribution.licence""]",DCAT-AP 3.0.1의 sh:nodeKind 제약을 변경 없이 채택한다. named PropertyShape의 원문 direct quad를 그대로 채택했다. 추가한 sh:targetNode는 격리 시험용이며 규범 의미를 바꾸지 않는다.,https://semiceu.github.io/DCAT-AP/releases/3.0.1#dcat:DistributionShape/f30149ffb6ec9d00dd5866b052105729fa27d02a,UPSTREAM-POS-UPSTREAM-DCATAP-D348DF738E1F4C01500E,UPSTREAM-NEG-UPSTREAM-DCATAP-D348DF738E1F4C01500E
UPSTREAM-DCATAP-D367CCFBD1063CB6E07A,"[""core"",""dataspace-offering"",""observation"",""quality""]","[""http://www.w3.org/ns/dcat#Dataset""]",http://www.w3.org/ns/dcat#temporalResolution,MUST,,1,[],[],Violation,"[{""language"":""ko"",""text"":""로컬 격리 증거: 원문 PropertyShape에는 메시지가 없으며 sh:maxCount 제약을 검증한다."",""source"":""local-evidence"",""predicate"":null}]",MOLIT 로컬 적용 가이드(upstream 원문 보충 설명): <http://www.w3.org/ns/dcat#temporalResolution> 값을 1개 이하로 줄인다. 원문 constraint 값은 변경하지 않는다.,DCAT-AP 3.0.1,"[""https://semiceu.github.io/DCAT-AP/releases/3.0.1#Dataset.temporalresolution""]",DCAT-AP 3.0.1의 sh:maxCount 제약을 변경 없이 채택한다. named PropertyShape의 원문 direct quad를 그대로 채택했다. 추가한 sh:targetNode는 격리 시험용이며 규범 의미를 바꾸지 않는다.,https://semiceu.github.io/DCAT-AP/releases/3.0.1#dcat:DatasetShape/1522e6818f6f9d132e873991b42dd4567fccc6cf,UPSTREAM-POS-UPSTREAM-DCATAP-D367CCFBD1063CB6E07A,UPSTREAM-NEG-UPSTREAM-DCATAP-D367CCFBD1063CB6E07A
UPSTREAM-DCATAP-D568218402285F5A8441,"[""core"",""dataspace-offering"",""observation"",""quality""]","[""http://www.w3.org/ns/dcat#CatalogRecord""]",http://xmlns.com/foaf/0.1/primaryTopic,MUST,,,"[""http://www.w3.org/ns/dcat#Resource""]",[],Violation,"[{""language"":""ko"",""text"":""로컬 격리 증거: 원문 PropertyShape에는 메시지가 없으며 sh:class 제약을 검증한다."",""source"":""local-evidence"",""predicate"":null}]",MOLIT 로컬 적용 가이드(upstream 원문 보충 설명): <http://xmlns.com/foaf/0.1/primaryTopic>의 모든 값에 rdf:type <http://www.w3.org/ns/dcat#Resource>를 명시한다. 원문 constraint 값은 변경하지 않는다.,DCAT-AP 3.0.1,"[""https://semiceu.github.io/DCAT-AP/releases/3.0.1#CatalogueRecord.primarytopic""]",DCAT-AP 3.0.1의 sh:class 제약을 변경 없이 채택한다. named PropertyShape의 원문 direct quad를 그대로 채택했다. 추가한 sh:targetNode는 격리 시험용이며 규범 의미를 바꾸지 않는다.,https://semiceu.github.io/DCAT-AP/releases/3.0.1#dcat:CatalogRecordShape/c65d45ed7195ead5f643ec8c8afd29c6dd9662bf,UPSTREAM-POS-UPSTREAM-DCATAP-D568218402285F5A8441,UPSTREAM-NEG-UPSTREAM-DCATAP-D568218402285F5A8441
UPSTREAM-DCATAP-D5E8DC58174A953CF42A,"[""core"",""dataspace-offering"",""observation"",""quality""]","[""http://www.w3.org/ns/dcat#DatasetSeries""]",http://data.europa.eu/r5r/applicableLegislation,MUST,,,"[""http://www.w3.org/ns/shacl#BlankNodeOrIRI""]",[],Violation,"[{""language"":""ko"",""text"":""로컬 격리 증거: 원문 PropertyShape에는 메시지가 없으며 sh:nodeKind 제약을 검증한다."",""source"":""local-evidence"",""predicate"":null}]",MOLIT 로컬 적용 가이드(upstream 원문 보충 설명): <http://data.europa.eu/r5r/applicableLegislation> 값을 <http://www.w3.org/ns/shacl#BlankNodeOrIRI> node kind로 바꾼다. 원문 constraint 값은 변경하지 않는다.,DCAT-AP 3.0.1,"[""https://semiceu.github.io/DCAT-AP/releases/3.0.1#DatasetSeries.applicablelegislation""]",DCAT-AP 3.0.1의 sh:nodeKind 제약을 변경 없이 채택한다. named PropertyShape의 원문 direct quad를 그대로 채택했다. 추가한 sh:targetNode는 격리 시험용이며 규범 의미를 바꾸지 않는다.,https://semiceu.github.io/DCAT-AP/releases/3.0.1#dcat:DatasetSeriesShape/0a6f3bb11ed4ea12f852c78996b89c9a54ffc0fb,UPSTREAM-POS-UPSTREAM-DCATAP-D5E8DC58174A953CF42A,UPSTREAM-NEG-UPSTREAM-DCATAP-D5E8DC58174A953CF42A
UPSTREAM-DCATAP-D7E3F20F2B1B177C7D56,"[""core"",""dataspace-offering"",""observation"",""quality""]","[""http://www.w3.org/ns/dcat#Distribution""]",http://data.europa.eu/r5r/availability,MUST,,1,[],[],Violation,"[{""language"":""ko"",""text"":""로컬 격리 증거: 원문 PropertyShape에는 메시지가 없으며 sh:maxCount 제약을 검증한다."",""source"":""local-evidence"",""predicate"":null}]",MOLIT 로컬 적용 가이드(upstream 원문 보충 설명): <http://data.europa.eu/r5r/availability> 값을 1개 이하로 줄인다. 원문 constraint 값은 변경하지 않는다.,DCAT-AP 3.0.1,"[""https://semiceu.github.io/DCAT-AP/releases/3.0.1#Distribution.availability""]",DCAT-AP 3.0.1의 sh:maxCount 제약을 변경 없이 채택한다. named PropertyShape의 원문 direct quad를 그대로 채택했다. 추가한 sh:targetNode는 격리 시험용이며 규범 의미를 바꾸지 않는다.,https://semiceu.github.io/DCAT-AP/releases/3.0.1#dcat:DistributionShape/b2f42c75fb59c422a82295439935cb6f63277c0b,UPSTREAM-POS-UPSTREAM-DCATAP-D7E3F20F2B1B177C7D56,UPSTREAM-NEG-UPSTREAM-DCATAP-D7E3F20F2B1B177C7D56
UPSTREAM-DCATAP-D826A78B213C9F6E6B6C,"[""core"",""dataspace-offering"",""observation"",""quality""]","[""http://www.w3.org/ns/dcat#Catalog""]",http://www.w3.org/ns/dcat#themeTaxonomy,MUST,,,"[""http://www.w3.org/ns/shacl#BlankNodeOrIRI""]",[],Violation,"[{""language"":""ko"",""text"":""로컬 격리 증거: 원문 PropertyShape에는 메시지가 없으며 sh:nodeKind 제약을 검증한다."",""source"":""local-evidence"",""predicate"":null}]",MOLIT 로컬 적용 가이드(upstream 원문 보충 설명): <http://www.w3.org/ns/dcat#themeTaxonomy> 값을 <http://www.w3.org/ns/shacl#BlankNodeOrIRI> node kind로 바꾼다. 원문 constraint 값은 변경하지 않는다.,DCAT-AP 3.0.1,"[""https://semiceu.github.io/DCAT-AP/releases/3.0.1#Catalogue.themes""]",DCAT-AP 3.0.1의 sh:nodeKind 제약을 변경 없이 채택한다. named PropertyShape의 원문 direct quad를 그대로 채택했다. 추가한 sh:targetNode는 격리 시험용이며 규범 의미를 바꾸지 않는다.,https://semiceu.github.io/DCAT-AP/releases/3.0.1#dcat:CatalogShape/077f69c4a4864ee33e52ce28b6ac87c96cdaea9d,UPSTREAM-POS-UPSTREAM-DCATAP-D826A78B213C9F6E6B6C,UPSTREAM-NEG-UPSTREAM-DCATAP-D826A78B213C9F6E6B6C
UPSTREAM-DCATAP-DA18F4588F24A6338676,"[""core"",""dataspace-offering"",""observation"",""quality""]","[""http://www.w3.org/ns/dcat#Catalog""]",http://purl.org/dc/terms/rights,MUST,,,"[""http://purl.org/dc/terms/RightsStatement""]",[],Violation,"[{""language"":""ko"",""text"":""로컬 격리 증거: 원문 PropertyShape에는 메시지가 없으며 sh:class 제약을 검증한다."",""source"":""local-evidence"",""predicate"":null}]",MOLIT 로컬 적용 가이드(upstream 원문 보충 설명): <http://purl.org/dc/terms/rights>의 모든 값에 rdf:type <http://purl.org/dc/terms/RightsStatement>를 명시한다. 원문 constraint 값은 변경하지 않는다.,DCAT-AP 3.0.1,"[""https://semiceu.github.io/DCAT-AP/releases/3.0.1#Catalogue.rights""]",DCAT-AP 3.0.1의 sh:class 제약을 변경 없이 채택한다. named PropertyShape의 원문 direct quad를 그대로 채택했다. 추가한 sh:targetNode는 격리 시험용이며 규범 의미를 바꾸지 않는다.,https://semiceu.github.io/DCAT-AP/releases/3.0.1#dcat:CatalogShape/99435c17158fbaa12d1d955b8886d5bf935ab016,UPSTREAM-POS-UPSTREAM-DCATAP-DA18F4588F24A6338676,UPSTREAM-NEG-UPSTREAM-DCATAP-DA18F4588F24A6338676
UPSTREAM-DCATAP-DA5312CA5D9217CCAFCD,"[""core"",""dataspace-offering"",""observation"",""quality""]","[""http://www.w3.org/ns/dcat#DataService""]",http://xmlns.com/foaf/0.1/page,MUST,,,"[""http://xmlns.com/foaf/0.1/Document""]",[],Violation,"[{""language"":""ko"",""text"":""로컬 격리 증거: 원문 PropertyShape에는 메시지가 없으며 sh:class 제약을 검증한다."",""source"":""local-evidence"",""predicate"":null}]",MOLIT 로컬 적용 가이드(upstream 원문 보충 설명): <http://xmlns.com/foaf/0.1/page>의 모든 값에 rdf:type <http://xmlns.com/foaf/0.1/Document>를 명시한다. 원문 constraint 값은 변경하지 않는다.,DCAT-AP 3.0.1,"[""https://semiceu.github.io/DCAT-AP/releases/3.0.1#DataService.documentation""]",DCAT-AP 3.0.1의 sh:class 제약을 변경 없이 채택한다. named PropertyShape의 원문 direct quad를 그대로 채택했다. 추가한 sh:targetNode는 격리 시험용이며 규범 의미를 바꾸지 않는다.,https://semiceu.github.io/DCAT-AP/releases/3.0.1#dcat:DataServiceShape/68388ec47b77212d80036e8a02e9956f5ba0e0f5,UPSTREAM-POS-UPSTREAM-DCATAP-DA5312CA5D9217CCAFCD,UPSTREAM-NEG-UPSTREAM-DCATAP-DA5312CA5D9217CCAFCD
UPSTREAM-DCATAP-DAE7716F79BAF711916D,"[""core"",""dataspace-offering"",""observation"",""quality""]","[""http://www.w3.org/ns/dcat#Distribution""]",http://www.w3.org/ns/adms#status,MUST,,,"[""http://www.w3.org/2004/02/skos/core#Concept""]",[],Violation,"[{""language"":""ko"",""text"":""로컬 격리 증거: 원문 PropertyShape에는 메시지가 없으며 sh:class 제약을 검증한다."",""source"":""local-evidence"",""predicate"":null}]",MOLIT 로컬 적용 가이드(upstream 원문 보충 설명): <http://www.w3.org/ns/adms#status>의 모든 값에 rdf:type <http://www.w3.org/2004/02/skos/core#Concept>를 명시한다. 원문 constraint 값은 변경하지 않는다.,DCAT-AP 3.0.1,"[""https://semiceu.github.io/DCAT-AP/releases/3.0.1#Distribution.status""]",DCAT-AP 3.0.1의 sh:class 제약을 변경 없이 채택한다. named PropertyShape의 원문 direct quad를 그대로 채택했다. 추가한 sh:targetNode는 격리 시험용이며 규범 의미를 바꾸지 않는다.,https://semiceu.github.io/DCAT-AP/releases/3.0.1#dcat:DistributionShape/0f6cb927d0d26f3819cba3fb903a075cd426180d,UPSTREAM-POS-UPSTREAM-DCATAP-DAE7716F79BAF711916D,UPSTREAM-NEG-UPSTREAM-DCATAP-DAE7716F79BAF711916D
UPSTREAM-DCATAP-DB2A9449D390FFDE8FCF,"[""core"",""dataspace-offering"",""observation"",""quality""]","[""http://www.w3.org/ns/dcat#CatalogRecord""]",http://www.w3.org/ns/adms#status,MUST,,,"[""http://www.w3.org/2004/02/skos/core#Concept""]",[],Violation,"[{""language"":""ko"",""text"":""로컬 격리 증거: 원문 PropertyShape에는 메시지가 없으며 sh:class 제약을 검증한다."",""source"":""local-evidence"",""predicate"":null}]",MOLIT 로컬 적용 가이드(upstream 원문 보충 설명): <http://www.w3.org/ns/adms#status>의 모든 값에 rdf:type <http://www.w3.org/2004/02/skos/core#Concept>를 명시한다. 원문 constraint 값은 변경하지 않는다.,DCAT-AP 3.0.1,"[""https://semiceu.github.io/DCAT-AP/releases/3.0.1#CatalogueRecord.changetype""]",DCAT-AP 3.0.1의 sh:class 제약을 변경 없이 채택한다. named PropertyShape의 원문 direct quad를 그대로 채택했다. 추가한 sh:targetNode는 격리 시험용이며 규범 의미를 바꾸지 않는다.,https://semiceu.github.io/DCAT-AP/releases/3.0.1#dcat:CatalogRecordShape/4b28ec6b7000fa7ccd38127f115952dd990d7d9c,UPSTREAM-POS-UPSTREAM-DCATAP-DB2A9449D390FFDE8FCF,UPSTREAM-NEG-UPSTREAM-DCATAP-DB2A9449D390FFDE8FCF
UPSTREAM-DCATAP-DC7063B19E6D53B3F484,"[""core"",""dataspace-offering"",""observation"",""quality""]","[""http://www.w3.org/ns/dcat#Dataset""]",http://www.w3.org/ns/dcat#distribution,MUST,,,"[""http://www.w3.org/ns/shacl#BlankNodeOrIRI""]",[],Violation,"[{""language"":""ko"",""text"":""로컬 격리 증거: 원문 PropertyShape에는 메시지가 없으며 sh:nodeKind 제약을 검증한다."",""source"":""local-evidence"",""predicate"":null}]",MOLIT 로컬 적용 가이드(upstream 원문 보충 설명): <http://www.w3.org/ns/dcat#distribution> 값을 <http://www.w3.org/ns/shacl#BlankNodeOrIRI> node kind로 바꾼다. 원문 constraint 값은 변경하지 않는다.,DCAT-AP 3.0.1,"[""https://semiceu.github.io/DCAT-AP/releases/3.0.1#Dataset.datasetdistribution""]",DCAT-AP 3.0.1의 sh:nodeKind 제약을 변경 없이 채택한다. named PropertyShape의 원문 direct quad를 그대로 채택했다. 추가한 sh:targetNode는 격리 시험용이며 규범 의미를 바꾸지 않는다.,https://semiceu.github.io/DCAT-AP/releases/3.0.1#dcat:DatasetShape/f6f077451f13ccf5d721838425fcc37f6cebfe48,UPSTREAM-POS-UPSTREAM-DCATAP-DC7063B19E6D53B3F484,UPSTREAM-NEG-UPSTREAM-DCATAP-DC7063B19E6D53B3F484
UPSTREAM-DCATAP-DD786081ED36F24FF818,"[""core"",""dataspace-offering"",""observation"",""quality""]","[""http://www.w3.org/ns/dcat#CatalogRecord""]",http://purl.org/dc/terms/source,MUST,,,"[""http://www.w3.org/ns/shacl#BlankNodeOrIRI""]",[],Violation,"[{""language"":""ko"",""text"":""로컬 격리 증거: 원문 PropertyShape에는 메시지가 없으며 sh:nodeKind 제약을 검증한다."",""source"":""local-evidence"",""predicate"":null}]",MOLIT 로컬 적용 가이드(upstream 원문 보충 설명): <http://purl.org/dc/terms/source> 값을 <http://www.w3.org/ns/shacl#BlankNodeOrIRI> node kind로 바꾼다. 원문 constraint 값은 변경하지 않는다.,DCAT-AP 3.0.1,"[""https://semiceu.github.io/DCAT-AP/releases/3.0.1#CatalogueRecord.sourcemetadata""]",DCAT-AP 3.0.1의 sh:nodeKind 제약을 변경 없이 채택한다. named PropertyShape의 원문 direct quad를 그대로 채택했다. 추가한 sh:targetNode는 격리 시험용이며 규범 의미를 바꾸지 않는다.,https://semiceu.github.io/DCAT-AP/releases/3.0.1#dcat:CatalogRecordShape/d1a2caf3f023345c142769faae4544a99834d255,UPSTREAM-POS-UPSTREAM-DCATAP-DD786081ED36F24FF818,UPSTREAM-NEG-UPSTREAM-DCATAP-DD786081ED36F24FF818
UPSTREAM-DCATAP-DE13C9B42D25847A6FEC,"[""core"",""dataspace-offering"",""observation"",""quality""]","[""http://www.w3.org/ns/dcat#Dataset""]",http://purl.org/dc/terms/issued,MUST,,,"[""http://www.w3.org/ns/shacl#Literal""]",[],Violation,"[{""language"":""ko"",""text"":""로컬 격리 증거: 원문 PropertyShape에는 메시지가 없으며 sh:nodeKind 제약을 검증한다."",""source"":""local-evidence"",""predicate"":null}]",MOLIT 로컬 적용 가이드(upstream 원문 보충 설명): <http://purl.org/dc/terms/issued> 값을 <http://www.w3.org/ns/shacl#Literal> node kind로 바꾼다. 원문 constraint 값은 변경하지 않는다.,DCAT-AP 3.0.1,"[""https://semiceu.github.io/DCAT-AP/releases/3.0.1#Dataset.releasedate""]",DCAT-AP 3.0.1의 sh:nodeKind 제약을 변경 없이 채택한다. named PropertyShape의 원문 direct quad를 그대로 채택했다. 추가한 sh:targetNode는 격리 시험용이며 규범 의미를 바꾸지 않는다.,https://semiceu.github.io/DCAT-AP/releases/3.0.1#dcat:DatasetShape/4be37093e4c3ba0d5b5a18ef6b97778d6d689392,UPSTREAM-POS-UPSTREAM-DCATAP-DE13C9B42D25847A6FEC,UPSTREAM-NEG-UPSTREAM-DCATAP-DE13C9B42D25847A6FEC
UPSTREAM-DCATAP-DEE934CEF01372975D3C,"[""core"",""dataspace-offering"",""observation"",""quality""]","[""http://www.w3.org/ns/dcat#Dataset""]",http://purl.org/dc/terms/accrualPeriodicity,MUST,,1,[],[],Violation,"[{""language"":""ko"",""text"":""로컬 격리 증거: 원문 PropertyShape에는 메시지가 없으며 sh:maxCount 제약을 검증한다."",""source"":""local-evidence"",""predicate"":null}]",MOLIT 로컬 적용 가이드(upstream 원문 보충 설명): <http://purl.org/dc/terms/accrualPeriodicity> 값을 1개 이하로 줄인다. 원문 constraint 값은 변경하지 않는다.,DCAT-AP 3.0.1,"[""https://semiceu.github.io/DCAT-AP/releases/3.0.1#Dataset.frequency""]",DCAT-AP 3.0.1의 sh:maxCount 제약을 변경 없이 채택한다. named PropertyShape의 원문 direct quad를 그대로 채택했다. 추가한 sh:targetNode는 격리 시험용이며 규범 의미를 바꾸지 않는다.,https://semiceu.github.io/DCAT-AP/releases/3.0.1#dcat:DatasetShape/84229f2224810ba9c70b4b27f756414cc0353324,UPSTREAM-POS-UPSTREAM-DCATAP-DEE934CEF01372975D3C,UPSTREAM-NEG-UPSTREAM-DCATAP-DEE934CEF01372975D3C
UPSTREAM-DCATAP-DF5484E9735F636394AD,"[""core"",""dataspace-offering"",""observation"",""quality""]","[""http://www.w3.org/ns/dcat#Distribution""]",http://www.w3.org/ns/dcat#accessService,MUST,,,"[""http://www.w3.org/ns/dcat#DataService""]",[],Violation,"[{""language"":""ko"",""text"":""로컬 격리 증거: 원문 PropertyShape에는 메시지가 없으며 sh:class 제약을 검증한다."",""source"":""local-evidence"",""predicate"":null}]",MOLIT 로컬 적용 가이드(upstream 원문 보충 설명): <http://www.w3.org/ns/dcat#accessService>의 모든 값에 rdf:type <http://www.w3.org/ns/dcat#DataService>를 명시한다. 원문 constraint 값은 변경하지 않는다.,DCAT-AP 3.0.1,"[""https://semiceu.github.io/DCAT-AP/releases/3.0.1#Distribution.accessservice""]",DCAT-AP 3.0.1의 sh:class 제약을 변경 없이 채택한다. named PropertyShape의 원문 direct quad를 그대로 채택했다. 추가한 sh:targetNode는 격리 시험용이며 규범 의미를 바꾸지 않는다.,https://semiceu.github.io/DCAT-AP/releases/3.0.1#dcat:DistributionShape/7434c99492683a2fb06dcdcf1f238671caf3d462,UPSTREAM-POS-UPSTREAM-DCATAP-DF5484E9735F636394AD,UPSTREAM-NEG-UPSTREAM-DCATAP-DF5484E9735F636394AD
UPSTREAM-DCATAP-E00EE16E34C207B096FD,"[""core"",""dataspace-offering"",""observation"",""quality""]","[""http://www.w3.org/ns/dcat#Catalog""]",http://www.w3.org/ns/dcat#catalog,MUST,,,"[""http://www.w3.org/ns/shacl#BlankNodeOrIRI""]",[],Violation,"[{""language"":""ko"",""text"":""로컬 격리 증거: 원문 PropertyShape에는 메시지가 없으며 sh:nodeKind 제약을 검증한다."",""source"":""local-evidence"",""predicate"":null}]",MOLIT 로컬 적용 가이드(upstream 원문 보충 설명): <http://www.w3.org/ns/dcat#catalog> 값을 <http://www.w3.org/ns/shacl#BlankNodeOrIRI> node kind로 바꾼다. 원문 constraint 값은 변경하지 않는다.,DCAT-AP 3.0.1,"[""https://semiceu.github.io/DCAT-AP/releases/3.0.1#Catalogue.catalogue""]",DCAT-AP 3.0.1의 sh:nodeKind 제약을 변경 없이 채택한다. named PropertyShape의 원문 direct quad를 그대로 채택했다. 추가한 sh:targetNode는 격리 시험용이며 규범 의미를 바꾸지 않는다.,https://semiceu.github.io/DCAT-AP/releases/3.0.1#dcat:CatalogShape/ba6ef1d6ab1be8f620759998659fb2e547832d82,UPSTREAM-POS-UPSTREAM-DCATAP-E00EE16E34C207B096FD,UPSTREAM-NEG-UPSTREAM-DCATAP-E00EE16E34C207B096FD
UPSTREAM-DCATAP-E19719E7723AA104E6B7,"[""core"",""dataspace-offering"",""observation"",""quality""]","[""http://www.w3.org/ns/dcat#DataService""]",http://www.w3.org/ns/dcat#contactPoint,MUST,,,"[""http://www.w3.org/ns/shacl#BlankNodeOrIRI""]",[],Violation,"[{""language"":""ko"",""text"":""로컬 격리 증거: 원문 PropertyShape에는 메시지가 없으며 sh:nodeKind 제약을 검증한다."",""source"":""local-evidence"",""predicate"":null}]",MOLIT 로컬 적용 가이드(upstream 원문 보충 설명): <http://www.w3.org/ns/dcat#contactPoint> 값을 <http://www.w3.org/ns/shacl#BlankNodeOrIRI> node kind로 바꾼다. 원문 constraint 값은 변경하지 않는다.,DCAT-AP 3.0.1,"[""https://semiceu.github.io/DCAT-AP/releases/3.0.1#DataService.contactpoint""]",DCAT-AP 3.0.1의 sh:nodeKind 제약을 변경 없이 채택한다. named PropertyShape의 원문 direct quad를 그대로 채택했다. 추가한 sh:targetNode는 격리 시험용이며 규범 의미를 바꾸지 않는다.,https://semiceu.github.io/DCAT-AP/releases/3.0.1#dcat:DataServiceShape/9adf9f5890592909cf3e67021ae7ab4f895a7745,UPSTREAM-POS-UPSTREAM-DCATAP-E19719E7723AA104E6B7,UPSTREAM-NEG-UPSTREAM-DCATAP-E19719E7723AA104E6B7
UPSTREAM-DCATAP-E398D4DDEFA296962C4F,"[""core"",""dataspace-offering"",""observation"",""quality""]","[""http://www.w3.org/ns/dcat#DatasetSeries""]",http://purl.org/dc/terms/modified,MUST,,1,[],[],Violation,"[{""language"":""ko"",""text"":""로컬 격리 증거: 원문 PropertyShape에는 메시지가 없으며 sh:maxCount 제약을 검증한다."",""source"":""local-evidence"",""predicate"":null}]",MOLIT 로컬 적용 가이드(upstream 원문 보충 설명): <http://purl.org/dc/terms/modified> 값을 1개 이하로 줄인다. 원문 constraint 값은 변경하지 않는다.,DCAT-AP 3.0.1,"[""https://semiceu.github.io/DCAT-AP/releases/3.0.1#DatasetSeries.modificationdate""]",DCAT-AP 3.0.1의 sh:maxCount 제약을 변경 없이 채택한다. named PropertyShape의 원문 direct quad를 그대로 채택했다. 추가한 sh:targetNode는 격리 시험용이며 규범 의미를 바꾸지 않는다.,https://semiceu.github.io/DCAT-AP/releases/3.0.1#dcat:DatasetSeriesShape/9e9d878c1c354206edc1d411f33c82d4d01e5a8f,UPSTREAM-POS-UPSTREAM-DCATAP-E398D4DDEFA296962C4F,UPSTREAM-NEG-UPSTREAM-DCATAP-E398D4DDEFA296962C4F
UPSTREAM-DCATAP-E39D06CA528F8D7124A5,"[""core"",""dataspace-offering"",""observation"",""quality""]","[""http://www.w3.org/ns/dcat#DataService""]",http://data.europa.eu/r5r/applicableLegislation,MUST,,,"[""http://www.w3.org/ns/shacl#BlankNodeOrIRI""]",[],Violation,"[{""language"":""ko"",""text"":""로컬 격리 증거: 원문 PropertyShape에는 메시지가 없으며 sh:nodeKind 제약을 검증한다."",""source"":""local-evidence"",""predicate"":null}]",MOLIT 로컬 적용 가이드(upstream 원문 보충 설명): <http://data.europa.eu/r5r/applicableLegislation> 값을 <http://www.w3.org/ns/shacl#BlankNodeOrIRI> node kind로 바꾼다. 원문 constraint 값은 변경하지 않는다.,DCAT-AP 3.0.1,"[""https://semiceu.github.io/DCAT-AP/releases/3.0.1#DataService.applicablelegislation""]",DCAT-AP 3.0.1의 sh:nodeKind 제약을 변경 없이 채택한다. named PropertyShape의 원문 direct quad를 그대로 채택했다. 추가한 sh:targetNode는 격리 시험용이며 규범 의미를 바꾸지 않는다.,https://semiceu.github.io/DCAT-AP/releases/3.0.1#dcat:DataServiceShape/0a6f3bb11ed4ea12f852c78996b89c9a54ffc0fb,UPSTREAM-POS-UPSTREAM-DCATAP-E39D06CA528F8D7124A5,UPSTREAM-NEG-UPSTREAM-DCATAP-E39D06CA528F8D7124A5
UPSTREAM-DCATAP-E3F8CBFBF185F00B6F7E,"[""core"",""dataspace-offering"",""observation"",""quality""]","[""http://spdx.org/rdf/terms#Checksum""]",http://spdx.org/rdf/terms#checksumValue,MUST,,1,[],[],Violation,"[{""language"":""ko"",""text"":""로컬 격리 증거: 원문 PropertyShape에는 메시지가 없으며 sh:maxCount 제약을 검증한다."",""source"":""local-evidence"",""predicate"":null}]",MOLIT 로컬 적용 가이드(upstream 원문 보충 설명): <http://spdx.org/rdf/terms#checksumValue> 값을 1개 이하로 줄인다. 원문 constraint 값은 변경하지 않는다.,DCAT-AP 3.0.1,"[""https://semiceu.github.io/DCAT-AP/releases/3.0.1#Checksum.checksumvalue""]",DCAT-AP 3.0.1의 sh:maxCount 제약을 변경 없이 채택한다. named PropertyShape의 원문 direct quad를 그대로 채택했다. 추가한 sh:targetNode는 격리 시험용이며 규범 의미를 바꾸지 않는다.,https://semiceu.github.io/DCAT-AP/releases/3.0.1#spdx:ChecksumShape/842b9830971c91bb7d9da12b52e0b63ac999367d,UPSTREAM-POS-UPSTREAM-DCATAP-E3F8CBFBF185F00B6F7E,UPSTREAM-NEG-UPSTREAM-DCATAP-E3F8CBFBF185F00B6F7E
UPSTREAM-DCATAP-E727F2DAD08F731237CB,"[""core"",""dataspace-offering"",""observation"",""quality""]","[""http://www.w3.org/ns/dcat#Dataset""]",http://www.w3.org/ns/dcat#contactPoint,MUST,,,"[""http://www.w3.org/2006/vcard/ns#Kind""]",[],Violation,"[{""language"":""ko"",""text"":""로컬 격리 증거: 원문 PropertyShape에는 메시지가 없으며 sh:class 제약을 검증한다."",""source"":""local-evidence"",""predicate"":null}]",MOLIT 로컬 적용 가이드(upstream 원문 보충 설명): <http://www.w3.org/ns/dcat#contactPoint>의 모든 값에 rdf:type <http://www.w3.org/2006/vcard/ns#Kind>를 명시한다. 원문 constraint 값은 변경하지 않는다.,DCAT-AP 3.0.1,"[""https://semiceu.github.io/DCAT-AP/releases/3.0.1#Dataset.contactpoint""]",DCAT-AP 3.0.1의 sh:class 제약을 변경 없이 채택한다. named PropertyShape의 원문 direct quad를 그대로 채택했다. 추가한 sh:targetNode는 격리 시험용이며 규범 의미를 바꾸지 않는다.,https://semiceu.github.io/DCAT-AP/releases/3.0.1#dcat:DatasetShape/7b6713c1f4a52e964f5db57eabef294b6d04e90e,UPSTREAM-POS-UPSTREAM-DCATAP-E727F2DAD08F731237CB,UPSTREAM-NEG-UPSTREAM-DCATAP-E727F2DAD08F731237CB
UPSTREAM-DCATAP-E8206D8893C355ADF695,"[""core"",""dataspace-offering"",""observation"",""quality""]","[""http://www.w3.org/ns/dcat#Distribution""]",http://www.w3.org/ns/dcat#mediaType,MUST,,1,[],[],Violation,"[{""language"":""ko"",""text"":""로컬 격리 증거: 원문 PropertyShape에는 메시지가 없으며 sh:maxCount 제약을 검증한다."",""source"":""local-evidence"",""predicate"":null}]",MOLIT 로컬 적용 가이드(upstream 원문 보충 설명): <http://www.w3.org/ns/dcat#mediaType> 값을 1개 이하로 줄인다. 원문 constraint 값은 변경하지 않는다.,DCAT-AP 3.0.1,"[""https://semiceu.github.io/DCAT-AP/releases/3.0.1#Distribution.mediatype""]",DCAT-AP 3.0.1의 sh:maxCount 제약을 변경 없이 채택한다. named PropertyShape의 원문 direct quad를 그대로 채택했다. 추가한 sh:targetNode는 격리 시험용이며 규범 의미를 바꾸지 않는다.,https://semiceu.github.io/DCAT-AP/releases/3.0.1#dcat:DistributionShape/69c8fdb6db25c5ad1f8a47366c19adb834924ae0,UPSTREAM-POS-UPSTREAM-DCATAP-E8206D8893C355ADF695,UPSTREAM-NEG-UPSTREAM-DCATAP-E8206D8893C355ADF695
UPSTREAM-DCATAP-E90808960159C618B39F,"[""core"",""dataspace-offering"",""observation"",""quality""]","[""http://www.w3.org/ns/dcat#Catalog""]",http://xmlns.com/foaf/0.1/homepage,MUST,,1,[],[],Violation,"[{""language"":""ko"",""text"":""로컬 격리 증거: 원문 PropertyShape에는 메시지가 없으며 sh:maxCount 제약을 검증한다."",""source"":""local-evidence"",""predicate"":null}]",MOLIT 로컬 적용 가이드(upstream 원문 보충 설명): <http://xmlns.com/foaf/0.1/homepage> 값을 1개 이하로 줄인다. 원문 constraint 값은 변경하지 않는다.,DCAT-AP 3.0.1,"[""https://semiceu.github.io/DCAT-AP/releases/3.0.1#Catalogue.homepage""]",DCAT-AP 3.0.1의 sh:maxCount 제약을 변경 없이 채택한다. named PropertyShape의 원문 direct quad를 그대로 채택했다. 추가한 sh:targetNode는 격리 시험용이며 규범 의미를 바꾸지 않는다.,https://semiceu.github.io/DCAT-AP/releases/3.0.1#dcat:CatalogShape/da28472666d298998330cb159b2c1e90b4446250,UPSTREAM-POS-UPSTREAM-DCATAP-E90808960159C618B39F,UPSTREAM-NEG-UPSTREAM-DCATAP-E90808960159C618B39F
UPSTREAM-DCATAP-E973185F0F707018FDD3,"[""core"",""dataspace-offering"",""observation"",""quality""]","[""http://www.w3.org/ns/dcat#Catalog""]",http://purl.org/dc/terms/license,MUST,,,"[""http://purl.org/dc/terms/LicenseDocument""]",[],Violation,"[{""language"":""ko"",""text"":""로컬 격리 증거: 원문 PropertyShape에는 메시지가 없으며 sh:class 제약을 검증한다."",""source"":""local-evidence"",""predicate"":null}]",MOLIT 로컬 적용 가이드(upstream 원문 보충 설명): <http://purl.org/dc/terms/license>의 모든 값에 rdf:type <http://purl.org/dc/terms/LicenseDocument>를 명시한다. 원문 constraint 값은 변경하지 않는다.,DCAT-AP 3.0.1,"[""https://semiceu.github.io/DCAT-AP/releases/3.0.1#Catalogue.licence""]",DCAT-AP 3.0.1의 sh:class 제약을 변경 없이 채택한다. named PropertyShape의 원문 direct quad를 그대로 채택했다. 추가한 sh:targetNode는 격리 시험용이며 규범 의미를 바꾸지 않는다.,https://semiceu.github.io/DCAT-AP/releases/3.0.1#dcat:CatalogShape/dbcf2adef675735c48b532392359af27af5e8b71,UPSTREAM-POS-UPSTREAM-DCATAP-E973185F0F707018FDD3,UPSTREAM-NEG-UPSTREAM-DCATAP-E973185F0F707018FDD3
UPSTREAM-DCATAP-EAC44702CB4D18D9B43B,"[""core"",""dataspace-offering"",""observation"",""quality""]","[""http://www.w3.org/ns/dcat#DataService""]",http://www.w3.org/ns/dcat#servesDataset,MUST,,,"[""http://www.w3.org/ns/shacl#BlankNodeOrIRI""]",[],Violation,"[{""language"":""ko"",""text"":""로컬 격리 증거: 원문 PropertyShape에는 메시지가 없으며 sh:nodeKind 제약을 검증한다."",""source"":""local-evidence"",""predicate"":null}]",MOLIT 로컬 적용 가이드(upstream 원문 보충 설명): <http://www.w3.org/ns/dcat#servesDataset> 값을 <http://www.w3.org/ns/shacl#BlankNodeOrIRI> node kind로 바꾼다. 원문 constraint 값은 변경하지 않는다.,DCAT-AP 3.0.1,"[""https://semiceu.github.io/DCAT-AP/releases/3.0.1#DataService.servesdataset""]",DCAT-AP 3.0.1의 sh:nodeKind 제약을 변경 없이 채택한다. named PropertyShape의 원문 direct quad를 그대로 채택했다. 추가한 sh:targetNode는 격리 시험용이며 규범 의미를 바꾸지 않는다.,https://semiceu.github.io/DCAT-AP/releases/3.0.1#dcat:DataServiceShape/ca2bd10c893237fa342edb75240b08731acda92f,UPSTREAM-POS-UPSTREAM-DCATAP-EAC44702CB4D18D9B43B,UPSTREAM-NEG-UPSTREAM-DCATAP-EAC44702CB4D18D9B43B
UPSTREAM-DCATAP-EC54A52350948DAEF9FD,"[""core"",""dataspace-offering"",""observation"",""quality""]","[""http://purl.org/dc/terms/Location""]",http://www.w3.org/ns/dcat#centroid,MUST,,1,[],[],Violation,"[{""language"":""ko"",""text"":""로컬 격리 증거: 원문 PropertyShape에는 메시지가 없으며 sh:maxCount 제약을 검증한다."",""source"":""local-evidence"",""predicate"":null}]",MOLIT 로컬 적용 가이드(upstream 원문 보충 설명): <http://www.w3.org/ns/dcat#centroid> 값을 1개 이하로 줄인다. 원문 constraint 값은 변경하지 않는다.,DCAT-AP 3.0.1,"[""https://semiceu.github.io/DCAT-AP/releases/3.0.1#Location.centroid""]",DCAT-AP 3.0.1의 sh:maxCount 제약을 변경 없이 채택한다. named PropertyShape의 원문 direct quad를 그대로 채택했다. 추가한 sh:targetNode는 격리 시험용이며 규범 의미를 바꾸지 않는다.,https://semiceu.github.io/DCAT-AP/releases/3.0.1#dct:LocationShape/caa9d15ad38096046fd527702c7620800aea178b,UPSTREAM-POS-UPSTREAM-DCATAP-EC54A52350948DAEF9FD,UPSTREAM-NEG-UPSTREAM-DCATAP-EC54A52350948DAEF9FD
UPSTREAM-DCATAP-EC5D6960C6687B71D535,"[""core"",""dataspace-offering"",""observation"",""quality""]","[""http://www.w3.org/ns/dcat#DataService""]",http://purl.org/dc/terms/publisher,MUST,,1,[],[],Violation,"[{""language"":""ko"",""text"":""로컬 격리 증거: 원문 PropertyShape에는 메시지가 없으며 sh:maxCount 제약을 검증한다."",""source"":""local-evidence"",""predicate"":null}]",MOLIT 로컬 적용 가이드(upstream 원문 보충 설명): <http://purl.org/dc/terms/publisher> 값을 1개 이하로 줄인다. 원문 constraint 값은 변경하지 않는다.,DCAT-AP 3.0.1,"[""https://semiceu.github.io/DCAT-AP/releases/3.0.1#DataService.publisher""]",DCAT-AP 3.0.1의 sh:maxCount 제약을 변경 없이 채택한다. named PropertyShape의 원문 direct quad를 그대로 채택했다. 추가한 sh:targetNode는 격리 시험용이며 규범 의미를 바꾸지 않는다.,https://semiceu.github.io/DCAT-AP/releases/3.0.1#dcat:DataServiceShape/67dcdb36167ca7969c0532898e11a98e9c2a80f5,UPSTREAM-POS-UPSTREAM-DCATAP-EC5D6960C6687B71D535,UPSTREAM-NEG-UPSTREAM-DCATAP-EC5D6960C6687B71D535
UPSTREAM-DCATAP-EE0612D3A1345D1A3F57,"[""core"",""dataspace-offering"",""observation"",""quality""]","[""http://www.w3.org/ns/dcat#DataService""]",http://purl.org/dc/terms/accessRights,MUST,,,"[""http://www.w3.org/ns/shacl#BlankNodeOrIRI""]",[],Violation,"[{""language"":""ko"",""text"":""로컬 격리 증거: 원문 PropertyShape에는 메시지가 없으며 sh:nodeKind 제약을 검증한다."",""source"":""local-evidence"",""predicate"":null}]",MOLIT 로컬 적용 가이드(upstream 원문 보충 설명): <http://purl.org/dc/terms/accessRights> 값을 <http://www.w3.org/ns/shacl#BlankNodeOrIRI> node kind로 바꾼다. 원문 constraint 값은 변경하지 않는다.,DCAT-AP 3.0.1,"[""https://semiceu.github.io/DCAT-AP/releases/3.0.1#DataService.accessrights""]",DCAT-AP 3.0.1의 sh:nodeKind 제약을 변경 없이 채택한다. named PropertyShape의 원문 direct quad를 그대로 채택했다. 추가한 sh:targetNode는 격리 시험용이며 규범 의미를 바꾸지 않는다.,https://semiceu.github.io/DCAT-AP/releases/3.0.1#dcat:DataServiceShape/10c0ca4deadefb51c529f56ee01caf9bd2639ef4,UPSTREAM-POS-UPSTREAM-DCATAP-EE0612D3A1345D1A3F57,UPSTREAM-NEG-UPSTREAM-DCATAP-EE0612D3A1345D1A3F57
UPSTREAM-DCATAP-EE151B985B57334300D8,"[""core"",""dataspace-offering"",""observation"",""quality""]","[""http://www.w3.org/ns/dcat#Dataset""]",http://purl.org/dc/terms/source,MUST,,,"[""http://www.w3.org/ns/shacl#BlankNodeOrIRI""]",[],Violation,"[{""language"":""ko"",""text"":""로컬 격리 증거: 원문 PropertyShape에는 메시지가 없으며 sh:nodeKind 제약을 검증한다."",""source"":""local-evidence"",""predicate"":null}]",MOLIT 로컬 적용 가이드(upstream 원문 보충 설명): <http://purl.org/dc/terms/source> 값을 <http://www.w3.org/ns/shacl#BlankNodeOrIRI> node kind로 바꾼다. 원문 constraint 값은 변경하지 않는다.,DCAT-AP 3.0.1,"[""https://semiceu.github.io/DCAT-AP/releases/3.0.1#Dataset.source""]",DCAT-AP 3.0.1의 sh:nodeKind 제약을 변경 없이 채택한다. named PropertyShape의 원문 direct quad를 그대로 채택했다. 추가한 sh:targetNode는 격리 시험용이며 규범 의미를 바꾸지 않는다.,https://semiceu.github.io/DCAT-AP/releases/3.0.1#dcat:DatasetShape/8178a43200b0efd5b41e7309efb017f24bb8ef41,UPSTREAM-POS-UPSTREAM-DCATAP-EE151B985B57334300D8,UPSTREAM-NEG-UPSTREAM-DCATAP-EE151B985B57334300D8
UPSTREAM-DCATAP-EE98578740883538C34B,"[""core"",""dataspace-offering"",""observation"",""quality""]","[""http://www.w3.org/ns/dcat#DatasetSeries""]",http://www.w3.org/ns/dcat#contactPoint,MUST,,,"[""http://www.w3.org/ns/shacl#BlankNodeOrIRI""]",[],Violation,"[{""language"":""ko"",""text"":""로컬 격리 증거: 원문 PropertyShape에는 메시지가 없으며 sh:nodeKind 제약을 검증한다."",""source"":""local-evidence"",""predicate"":null}]",MOLIT 로컬 적용 가이드(upstream 원문 보충 설명): <http://www.w3.org/ns/dcat#contactPoint> 값을 <http://www.w3.org/ns/shacl#BlankNodeOrIRI> node kind로 바꾼다. 원문 constraint 값은 변경하지 않는다.,DCAT-AP 3.0.1,"[""https://semiceu.github.io/DCAT-AP/releases/3.0.1#DatasetSeries.contactpoint""]",DCAT-AP 3.0.1의 sh:nodeKind 제약을 변경 없이 채택한다. named PropertyShape의 원문 direct quad를 그대로 채택했다. 추가한 sh:targetNode는 격리 시험용이며 규범 의미를 바꾸지 않는다.,https://semiceu.github.io/DCAT-AP/releases/3.0.1#dcat:DatasetSeriesShape/9adf9f5890592909cf3e67021ae7ab4f895a7745,UPSTREAM-POS-UPSTREAM-DCATAP-EE98578740883538C34B,UPSTREAM-NEG-UPSTREAM-DCATAP-EE98578740883538C34B
UPSTREAM-DCATAP-EF136199B669B5BBEBAD,"[""core"",""dataspace-offering"",""observation"",""quality""]","[""http://www.w3.org/ns/dcat#CatalogRecord""]",http://xmlns.com/foaf/0.1/primaryTopic,MUST,,,"[""http://www.w3.org/ns/shacl#BlankNodeOrIRI""]",[],Violation,"[{""language"":""ko"",""text"":""로컬 격리 증거: 원문 PropertyShape에는 메시지가 없으며 sh:nodeKind 제약을 검증한다."",""source"":""local-evidence"",""predicate"":null}]",MOLIT 로컬 적용 가이드(upstream 원문 보충 설명): <http://xmlns.com/foaf/0.1/primaryTopic> 값을 <http://www.w3.org/ns/shacl#BlankNodeOrIRI> node kind로 바꾼다. 원문 constraint 값은 변경하지 않는다.,DCAT-AP 3.0.1,"[""https://semiceu.github.io/DCAT-AP/releases/3.0.1#CatalogueRecord.primarytopic""]",DCAT-AP 3.0.1의 sh:nodeKind 제약을 변경 없이 채택한다. named PropertyShape의 원문 direct quad를 그대로 채택했다. 추가한 sh:targetNode는 격리 시험용이며 규범 의미를 바꾸지 않는다.,https://semiceu.github.io/DCAT-AP/releases/3.0.1#dcat:CatalogRecordShape/387c76a64757677cc2b899f0c4a20803263a0449,UPSTREAM-POS-UPSTREAM-DCATAP-EF136199B669B5BBEBAD,UPSTREAM-NEG-UPSTREAM-DCATAP-EF136199B669B5BBEBAD
UPSTREAM-DCATAP-EF85E5D6262E48A3759F,"[""core"",""dataspace-offering"",""observation"",""quality""]","[""http://www.w3.org/ns/dcat#DataService""]",http://www.w3.org/ns/dcat#endpointDescription,MUST,,,"[""http://www.w3.org/ns/shacl#BlankNodeOrIRI""]",[],Violation,"[{""language"":""ko"",""text"":""로컬 격리 증거: 원문 PropertyShape에는 메시지가 없으며 sh:nodeKind 제약을 검증한다."",""source"":""local-evidence"",""predicate"":null}]",MOLIT 로컬 적용 가이드(upstream 원문 보충 설명): <http://www.w3.org/ns/dcat#endpointDescription> 값을 <http://www.w3.org/ns/shacl#BlankNodeOrIRI> node kind로 바꾼다. 원문 constraint 값은 변경하지 않는다.,DCAT-AP 3.0.1,"[""https://semiceu.github.io/DCAT-AP/releases/3.0.1#DataService.endpointdescription""]",DCAT-AP 3.0.1의 sh:nodeKind 제약을 변경 없이 채택한다. named PropertyShape의 원문 direct quad를 그대로 채택했다. 추가한 sh:targetNode는 격리 시험용이며 규범 의미를 바꾸지 않는다.,https://semiceu.github.io/DCAT-AP/releases/3.0.1#dcat:DataServiceShape/63240e11f1eb66f636413d1dbb134f0ff9066a7c,UPSTREAM-POS-UPSTREAM-DCATAP-EF85E5D6262E48A3759F,UPSTREAM-NEG-UPSTREAM-DCATAP-EF85E5D6262E48A3759F
UPSTREAM-DCATAP-F0245A45245485D9B5FC,"[""core"",""dataspace-offering"",""observation"",""quality""]","[""http://www.w3.org/ns/dcat#Dataset""]",http://purl.org/dc/terms/conformsTo,MUST,,,"[""http://www.w3.org/ns/shacl#BlankNodeOrIRI""]",[],Violation,"[{""language"":""ko"",""text"":""로컬 격리 증거: 원문 PropertyShape에는 메시지가 없으며 sh:nodeKind 제약을 검증한다."",""source"":""local-evidence"",""predicate"":null}]",MOLIT 로컬 적용 가이드(upstream 원문 보충 설명): <http://purl.org/dc/terms/conformsTo> 값을 <http://www.w3.org/ns/shacl#BlankNodeOrIRI> node kind로 바꾼다. 원문 constraint 값은 변경하지 않는다.,DCAT-AP 3.0.1,"[""https://semiceu.github.io/DCAT-AP/releases/3.0.1#Dataset.conformsto""]",DCAT-AP 3.0.1의 sh:nodeKind 제약을 변경 없이 채택한다. named PropertyShape의 원문 direct quad를 그대로 채택했다. 추가한 sh:targetNode는 격리 시험용이며 규범 의미를 바꾸지 않는다.,https://semiceu.github.io/DCAT-AP/releases/3.0.1#dcat:DatasetShape/08118c51bfc41b71d11f3a58e9410da74e6480e6,UPSTREAM-POS-UPSTREAM-DCATAP-F0245A45245485D9B5FC,UPSTREAM-NEG-UPSTREAM-DCATAP-F0245A45245485D9B5FC
UPSTREAM-DCATAP-F07DA248D3807443A61C,"[""core"",""dataspace-offering"",""observation"",""quality""]","[""http://www.w3.org/ns/dcat#Distribution""]",http://www.w3.org/ns/odrl/2/hasPolicy,MUST,,1,[],[],Violation,"[{""language"":""ko"",""text"":""로컬 격리 증거: 원문 PropertyShape에는 메시지가 없으며 sh:maxCount 제약을 검증한다."",""source"":""local-evidence"",""predicate"":null}]",MOLIT 로컬 적용 가이드(upstream 원문 보충 설명): <http://www.w3.org/ns/odrl/2/hasPolicy> 값을 1개 이하로 줄인다. 원문 constraint 값은 변경하지 않는다.,DCAT-AP 3.0.1,"[""https://semiceu.github.io/DCAT-AP/releases/3.0.1#Distribution.haspolicy""]",DCAT-AP 3.0.1의 sh:maxCount 제약을 변경 없이 채택한다. named PropertyShape의 원문 direct quad를 그대로 채택했다. 추가한 sh:targetNode는 격리 시험용이며 규범 의미를 바꾸지 않는다.,https://semiceu.github.io/DCAT-AP/releases/3.0.1#dcat:DistributionShape/36b68d0f06c0eacbbddd0d2891379c6d005dc861,UPSTREAM-POS-UPSTREAM-DCATAP-F07DA248D3807443A61C,UPSTREAM-NEG-UPSTREAM-DCATAP-F07DA248D3807443A61C
UPSTREAM-DCATAP-F2CF9A2E0C83FBE53608,"[""core"",""dataspace-offering"",""observation"",""quality""]","[""http://www.w3.org/ns/adms#Identifier""]",http://www.w3.org/2004/02/skos/core#notation,MUST,1,,[],[],Violation,"[{""language"":""ko"",""text"":""로컬 격리 증거: 원문 PropertyShape에는 메시지가 없으며 sh:minCount 제약을 검증한다."",""source"":""local-evidence"",""predicate"":null}]",MOLIT 로컬 적용 가이드(upstream 원문 보충 설명): <http://www.w3.org/2004/02/skos/core#notation> 값을 1개 이상 제공한다. 원문 constraint 값은 변경하지 않는다.,DCAT-AP 3.0.1,"[""https://semiceu.github.io/DCAT-AP/releases/3.0.1#Identifier.notation""]",DCAT-AP 3.0.1의 sh:minCount 제약을 변경 없이 채택한다. named PropertyShape의 원문 direct quad를 그대로 채택했다. 추가한 sh:targetNode는 격리 시험용이며 규범 의미를 바꾸지 않는다.,https://semiceu.github.io/DCAT-AP/releases/3.0.1#adms:IdentifierShape/3b534bf26cc294dd6e8dc80832da269189e4cbf3,UPSTREAM-POS-UPSTREAM-DCATAP-F2CF9A2E0C83FBE53608,UPSTREAM-NEG-UPSTREAM-DCATAP-F2CF9A2E0C83FBE53608
UPSTREAM-DCATAP-F6CBC80986415252B07A,"[""core"",""dataspace-offering"",""observation"",""quality""]","[""http://www.w3.org/ns/dcat#Distribution""]",http://purl.org/dc/terms/description,MUST,,,"[""http://www.w3.org/ns/shacl#Literal""]",[],Violation,"[{""language"":""ko"",""text"":""로컬 격리 증거: 원문 PropertyShape에는 메시지가 없으며 sh:nodeKind 제약을 검증한다."",""source"":""local-evidence"",""predicate"":null}]",MOLIT 로컬 적용 가이드(upstream 원문 보충 설명): <http://purl.org/dc/terms/description> 값을 <http://www.w3.org/ns/shacl#Literal> node kind로 바꾼다. 원문 constraint 값은 변경하지 않는다.,DCAT-AP 3.0.1,"[""https://semiceu.github.io/DCAT-AP/releases/3.0.1#Distribution.description""]",DCAT-AP 3.0.1의 sh:nodeKind 제약을 변경 없이 채택한다. named PropertyShape의 원문 direct quad를 그대로 채택했다. 추가한 sh:targetNode는 격리 시험용이며 규범 의미를 바꾸지 않는다.,https://semiceu.github.io/DCAT-AP/releases/3.0.1#dcat:DistributionShape/6cae9880e515253132af1452a38a8a5827165149,UPSTREAM-POS-UPSTREAM-DCATAP-F6CBC80986415252B07A,UPSTREAM-NEG-UPSTREAM-DCATAP-F6CBC80986415252B07A
UPSTREAM-DCATAP-F6F930D65F2A7DB0AACF,"[""core"",""dataspace-offering"",""observation"",""quality""]","[""http://www.w3.org/ns/dcat#Catalog""]",http://purl.org/dc/terms/hasPart,MUST,,,"[""http://www.w3.org/ns/dcat#Catalog""]",[],Violation,"[{""language"":""ko"",""text"":""로컬 격리 증거: 원문 PropertyShape에는 메시지가 없으며 sh:class 제약을 검증한다."",""source"":""local-evidence"",""predicate"":null}]",MOLIT 로컬 적용 가이드(upstream 원문 보충 설명): <http://purl.org/dc/terms/hasPart>의 모든 값에 rdf:type <http://www.w3.org/ns/dcat#Catalog>를 명시한다. 원문 constraint 값은 변경하지 않는다.,DCAT-AP 3.0.1,"[""https://semiceu.github.io/DCAT-AP/releases/3.0.1#Catalogue.haspart""]",DCAT-AP 3.0.1의 sh:class 제약을 변경 없이 채택한다. named PropertyShape의 원문 direct quad를 그대로 채택했다. 추가한 sh:targetNode는 격리 시험용이며 규범 의미를 바꾸지 않는다.,https://semiceu.github.io/DCAT-AP/releases/3.0.1#dcat:CatalogShape/c8cbca0f9dd8797f331150a9e22d9e3ca53ab372,UPSTREAM-POS-UPSTREAM-DCATAP-F6F930D65F2A7DB0AACF,UPSTREAM-NEG-UPSTREAM-DCATAP-F6F930D65F2A7DB0AACF
UPSTREAM-DCATAP-F711A1291C5201A982A6,"[""core"",""dataspace-offering"",""observation"",""quality""]","[""http://www.w3.org/ns/dcat#Distribution""]",http://www.w3.org/ns/dcat#downloadURL,MUST,,,"[""http://www.w3.org/ns/shacl#BlankNodeOrIRI""]",[],Violation,"[{""language"":""ko"",""text"":""로컬 격리 증거: 원문 PropertyShape에는 메시지가 없으며 sh:nodeKind 제약을 검증한다."",""source"":""local-evidence"",""predicate"":null}]",MOLIT 로컬 적용 가이드(upstream 원문 보충 설명): <http://www.w3.org/ns/dcat#downloadURL> 값을 <http://www.w3.org/ns/shacl#BlankNodeOrIRI> node kind로 바꾼다. 원문 constraint 값은 변경하지 않는다.,DCAT-AP 3.0.1,"[""https://semiceu.github.io/DCAT-AP/releases/3.0.1#Distribution.downloadURL""]",DCAT-AP 3.0.1의 sh:nodeKind 제약을 변경 없이 채택한다. named PropertyShape의 원문 direct quad를 그대로 채택했다. 추가한 sh:targetNode는 격리 시험용이며 규범 의미를 바꾸지 않는다.,https://semiceu.github.io/DCAT-AP/releases/3.0.1#dcat:DistributionShape/27ee30c66ff3cd2714f73a4b488a5e0f6b64b7f6,UPSTREAM-POS-UPSTREAM-DCATAP-F711A1291C5201A982A6,UPSTREAM-NEG-UPSTREAM-DCATAP-F711A1291C5201A982A6
UPSTREAM-DCATAP-F760F0BE6E9AB809F455,"[""core"",""dataspace-offering"",""observation"",""quality""]","[""http://www.w3.org/ns/dcat#DataService""]",http://www.w3.org/ns/dcat#keyword,MUST,,,"[""http://www.w3.org/ns/shacl#Literal""]",[],Violation,"[{""language"":""ko"",""text"":""로컬 격리 증거: 원문 PropertyShape에는 메시지가 없으며 sh:nodeKind 제약을 검증한다."",""source"":""local-evidence"",""predicate"":null}]",MOLIT 로컬 적용 가이드(upstream 원문 보충 설명): <http://www.w3.org/ns/dcat#keyword> 값을 <http://www.w3.org/ns/shacl#Literal> node kind로 바꾼다. 원문 constraint 값은 변경하지 않는다.,DCAT-AP 3.0.1,"[""https://semiceu.github.io/DCAT-AP/releases/3.0.1#DataService.keyword""]",DCAT-AP 3.0.1의 sh:nodeKind 제약을 변경 없이 채택한다. named PropertyShape의 원문 direct quad를 그대로 채택했다. 추가한 sh:targetNode는 격리 시험용이며 규범 의미를 바꾸지 않는다.,https://semiceu.github.io/DCAT-AP/releases/3.0.1#dcat:DataServiceShape/5bc739112726cd993c279f81380611cafc3a9857,UPSTREAM-POS-UPSTREAM-DCATAP-F760F0BE6E9AB809F455,UPSTREAM-NEG-UPSTREAM-DCATAP-F760F0BE6E9AB809F455
UPSTREAM-DCATAP-F8E1D7C0B74B392D490D,"[""core"",""dataspace-offering"",""observation"",""quality""]","[""http://spdx.org/rdf/terms#Checksum""]",http://spdx.org/rdf/terms#checksumValue,MUST,,,"[""http://www.w3.org/2001/XMLSchema#hexBinary""]",[],Violation,"[{""language"":""ko"",""text"":""로컬 격리 증거: 원문 PropertyShape에는 메시지가 없으며 sh:datatype 제약을 검증한다."",""source"":""local-evidence"",""predicate"":null}]",MOLIT 로컬 적용 가이드(upstream 원문 보충 설명): <http://spdx.org/rdf/terms#checksumValue> 값을 <http://www.w3.org/2001/XMLSchema#hexBinary> datatype의 유효한 lexical literal로 직렬화한다. 원문 constraint 값은 변경하지 않는다.,DCAT-AP 3.0.1,"[""https://semiceu.github.io/DCAT-AP/releases/3.0.1#Checksum.checksumvalue""]",DCAT-AP 3.0.1의 sh:datatype 제약을 변경 없이 채택한다. named PropertyShape의 원문 direct quad를 그대로 채택했다. 추가한 sh:targetNode는 격리 시험용이며 규범 의미를 바꾸지 않는다.,https://semiceu.github.io/DCAT-AP/releases/3.0.1#spdx:ChecksumShape/3eab73d86ca644be3c17cec9470a00ee097d8515,UPSTREAM-POS-UPSTREAM-DCATAP-F8E1D7C0B74B392D490D,UPSTREAM-NEG-UPSTREAM-DCATAP-F8E1D7C0B74B392D490D
UPSTREAM-DCATAP-F9D418DB847AB1FB5DE1,"[""core"",""dataspace-offering"",""observation"",""quality""]","[""http://www.w3.org/ns/dcat#DataService""]",http://www.w3.org/ns/dcat#endpointURL,MUST,1,,[],[],Violation,"[{""language"":""ko"",""text"":""로컬 격리 증거: 원문 PropertyShape에는 메시지가 없으며 sh:minCount 제약을 검증한다."",""source"":""local-evidence"",""predicate"":null}]",MOLIT 로컬 적용 가이드(upstream 원문 보충 설명): <http://www.w3.org/ns/dcat#endpointURL> 값을 1개 이상 제공한다. 원문 constraint 값은 변경하지 않는다.,DCAT-AP 3.0.1,"[""https://semiceu.github.io/DCAT-AP/releases/3.0.1#DataService.endpointURL""]",DCAT-AP 3.0.1의 sh:minCount 제약을 변경 없이 채택한다. named PropertyShape의 원문 direct quad를 그대로 채택했다. 추가한 sh:targetNode는 격리 시험용이며 규범 의미를 바꾸지 않는다.,https://semiceu.github.io/DCAT-AP/releases/3.0.1#dcat:DataServiceShape/83ad7325cc6681e43e44550c269847065a95a14f,UPSTREAM-POS-UPSTREAM-DCATAP-F9D418DB847AB1FB5DE1,UPSTREAM-NEG-UPSTREAM-DCATAP-F9D418DB847AB1FB5DE1
UPSTREAM-DCATAP-FA29D44B1857E733B010,"[""core"",""dataspace-offering"",""observation"",""quality""]","[""http://www.w3.org/ns/dcat#Dataset""]",http://purl.org/dc/terms/temporal,MUST,,,"[""http://www.w3.org/ns/shacl#BlankNodeOrIRI""]",[],Violation,"[{""language"":""ko"",""text"":""로컬 격리 증거: 원문 PropertyShape에는 메시지가 없으며 sh:nodeKind 제약을 검증한다."",""source"":""local-evidence"",""predicate"":null}]",MOLIT 로컬 적용 가이드(upstream 원문 보충 설명): <http://purl.org/dc/terms/temporal> 값을 <http://www.w3.org/ns/shacl#BlankNodeOrIRI> node kind로 바꾼다. 원문 constraint 값은 변경하지 않는다.,DCAT-AP 3.0.1,"[""https://semiceu.github.io/DCAT-AP/releases/3.0.1#Dataset.temporalcoverage""]",DCAT-AP 3.0.1의 sh:nodeKind 제약을 변경 없이 채택한다. named PropertyShape의 원문 direct quad를 그대로 채택했다. 추가한 sh:targetNode는 격리 시험용이며 규범 의미를 바꾸지 않는다.,https://semiceu.github.io/DCAT-AP/releases/3.0.1#dcat:DatasetShape/81d9e81dce75ad228913796fb0f52470b14df56b,UPSTREAM-POS-UPSTREAM-DCATAP-FA29D44B1857E733B010,UPSTREAM-NEG-UPSTREAM-DCATAP-FA29D44B1857E733B010
UPSTREAM-DCATAP-FB0A119C078569B3F157,"[""core"",""dataspace-offering"",""observation"",""quality""]","[""http://www.w3.org/ns/dcat#Dataset""]",http://www.w3.org/ns/dcat#inSeries,MUST,,,"[""http://www.w3.org/ns/shacl#BlankNodeOrIRI""]",[],Violation,"[{""language"":""ko"",""text"":""로컬 격리 증거: 원문 PropertyShape에는 메시지가 없으며 sh:nodeKind 제약을 검증한다."",""source"":""local-evidence"",""predicate"":null}]",MOLIT 로컬 적용 가이드(upstream 원문 보충 설명): <http://www.w3.org/ns/dcat#inSeries> 값을 <http://www.w3.org/ns/shacl#BlankNodeOrIRI> node kind로 바꾼다. 원문 constraint 값은 변경하지 않는다.,DCAT-AP 3.0.1,"[""https://semiceu.github.io/DCAT-AP/releases/3.0.1#Dataset.inseries""]",DCAT-AP 3.0.1의 sh:nodeKind 제약을 변경 없이 채택한다. named PropertyShape의 원문 direct quad를 그대로 채택했다. 추가한 sh:targetNode는 격리 시험용이며 규범 의미를 바꾸지 않는다.,https://semiceu.github.io/DCAT-AP/releases/3.0.1#dcat:DatasetShape/8335ef1071b18fbd6dac863013c6a9de3d057ab0,UPSTREAM-POS-UPSTREAM-DCATAP-FB0A119C078569B3F157,UPSTREAM-NEG-UPSTREAM-DCATAP-FB0A119C078569B3F157
UPSTREAM-DCATAP-FCB7EC18BD50F7B28422,"[""core"",""dataspace-offering"",""observation"",""quality""]","[""http://www.w3.org/ns/dcat#Distribution""]",http://spdx.org/rdf/terms#checksum,MUST,,,"[""http://www.w3.org/ns/shacl#BlankNodeOrIRI""]",[],Violation,"[{""language"":""ko"",""text"":""로컬 격리 증거: 원문 PropertyShape에는 메시지가 없으며 sh:nodeKind 제약을 검증한다."",""source"":""local-evidence"",""predicate"":null}]",MOLIT 로컬 적용 가이드(upstream 원문 보충 설명): <http://spdx.org/rdf/terms#checksum> 값을 <http://www.w3.org/ns/shacl#BlankNodeOrIRI> node kind로 바꾼다. 원문 constraint 값은 변경하지 않는다.,DCAT-AP 3.0.1,"[""https://semiceu.github.io/DCAT-AP/releases/3.0.1#Distribution.checksum""]",DCAT-AP 3.0.1의 sh:nodeKind 제약을 변경 없이 채택한다. named PropertyShape의 원문 direct quad를 그대로 채택했다. 추가한 sh:targetNode는 격리 시험용이며 규범 의미를 바꾸지 않는다.,https://semiceu.github.io/DCAT-AP/releases/3.0.1#dcat:DistributionShape/dc17e7a798aea475507009807c87717284c17830,UPSTREAM-POS-UPSTREAM-DCATAP-FCB7EC18BD50F7B28422,UPSTREAM-NEG-UPSTREAM-DCATAP-FCB7EC18BD50F7B28422
UPSTREAM-DCATAP-FE437505ADA9D0CF6751,"[""core"",""dataspace-offering"",""observation"",""quality""]","[""http://www.w3.org/ns/dcat#Distribution""]",http://www.w3.org/ns/dcat#accessURL,MUST,,,"[""http://www.w3.org/ns/shacl#BlankNodeOrIRI""]",[],Violation,"[{""language"":""ko"",""text"":""로컬 격리 증거: 원문 PropertyShape에는 메시지가 없으며 sh:nodeKind 제약을 검증한다."",""source"":""local-evidence"",""predicate"":null}]",MOLIT 로컬 적용 가이드(upstream 원문 보충 설명): <http://www.w3.org/ns/dcat#accessURL> 값을 <http://www.w3.org/ns/shacl#BlankNodeOrIRI> node kind로 바꾼다. 원문 constraint 값은 변경하지 않는다.,DCAT-AP 3.0.1,"[""https://semiceu.github.io/DCAT-AP/releases/3.0.1#Distribution.accessURL""]",DCAT-AP 3.0.1의 sh:nodeKind 제약을 변경 없이 채택한다. named PropertyShape의 원문 direct quad를 그대로 채택했다. 추가한 sh:targetNode는 격리 시험용이며 규범 의미를 바꾸지 않는다.,https://semiceu.github.io/DCAT-AP/releases/3.0.1#dcat:DistributionShape/a490981ff58636ec8601ca500e67bd9c575eaed9,UPSTREAM-POS-UPSTREAM-DCATAP-FE437505ADA9D0CF6751,UPSTREAM-NEG-UPSTREAM-DCATAP-FE437505ADA9D0CF6751
UPSTREAM-DCATAP-FEC38394DB259AFE2C04,"[""core"",""dataspace-offering"",""observation"",""quality""]","[""http://www.w3.org/ns/dcat#CatalogRecord""]",http://xmlns.com/foaf/0.1/primaryTopic,MUST,1,,[],[],Violation,"[{""language"":""ko"",""text"":""로컬 격리 증거: 원문 PropertyShape에는 메시지가 없으며 sh:minCount 제약을 검증한다."",""source"":""local-evidence"",""predicate"":null}]",MOLIT 로컬 적용 가이드(upstream 원문 보충 설명): <http://xmlns.com/foaf/0.1/primaryTopic> 값을 1개 이상 제공한다. 원문 constraint 값은 변경하지 않는다.,DCAT-AP 3.0.1,"[""https://semiceu.github.io/DCAT-AP/releases/3.0.1#CatalogueRecord.primarytopic""]",DCAT-AP 3.0.1의 sh:minCount 제약을 변경 없이 채택한다. named PropertyShape의 원문 direct quad를 그대로 채택했다. 추가한 sh:targetNode는 격리 시험용이며 규범 의미를 바꾸지 않는다.,https://semiceu.github.io/DCAT-AP/releases/3.0.1#dcat:CatalogRecordShape/65eafe0643a998b84fc2d253de401f9ad8355770,UPSTREAM-POS-UPSTREAM-DCATAP-FEC38394DB259AFE2C04,UPSTREAM-NEG-UPSTREAM-DCATAP-FEC38394DB259AFE2C04
UPSTREAM-DCATAP-FFDC768066985E8115FC,"[""core"",""dataspace-offering"",""observation"",""quality""]","[""http://www.w3.org/ns/dcat#Distribution""]",http://purl.org/dc/terms/title,MUST,,,"[""http://www.w3.org/ns/shacl#Literal""]",[],Violation,"[{""language"":""ko"",""text"":""로컬 격리 증거: 원문 PropertyShape에는 메시지가 없으며 sh:nodeKind 제약을 검증한다."",""source"":""local-evidence"",""predicate"":null}]",MOLIT 로컬 적용 가이드(upstream 원문 보충 설명): <http://purl.org/dc/terms/title> 값을 <http://www.w3.org/ns/shacl#Literal> node kind로 바꾼다. 원문 constraint 값은 변경하지 않는다.,DCAT-AP 3.0.1,"[""https://semiceu.github.io/DCAT-AP/releases/3.0.1#Distribution.title""]",DCAT-AP 3.0.1의 sh:nodeKind 제약을 변경 없이 채택한다. named PropertyShape의 원문 direct quad를 그대로 채택했다. 추가한 sh:targetNode는 격리 시험용이며 규범 의미를 바꾸지 않는다.,https://semiceu.github.io/DCAT-AP/releases/3.0.1#dcat:DistributionShape/d5d74574f70f9a979535f3624608f88180dd0c97,UPSTREAM-POS-UPSTREAM-DCATAP-FFDC768066985E8115FC,UPSTREAM-NEG-UPSTREAM-DCATAP-FFDC768066985E8115FC
UPSTREAM-DCATAP-FFE3FFA14B310EEEB94F,"[""core"",""dataspace-offering"",""observation"",""quality""]","[""http://purl.org/dc/terms/PeriodOfTime""]",http://www.w3.org/ns/dcat#startDate,MUST,,,"[""http://www.w3.org/ns/shacl#Literal""]",[],Violation,"[{""language"":""ko"",""text"":""로컬 격리 증거: 원문 PropertyShape에는 메시지가 없으며 sh:nodeKind 제약을 검증한다."",""source"":""local-evidence"",""predicate"":null}]",MOLIT 로컬 적용 가이드(upstream 원문 보충 설명): <http://www.w3.org/ns/dcat#startDate> 값을 <http://www.w3.org/ns/shacl#Literal> node kind로 바꾼다. 원문 constraint 값은 변경하지 않는다.,DCAT-AP 3.0.1,"[""https://semiceu.github.io/DCAT-AP/releases/3.0.1#PeriodofTime.startdate""]",DCAT-AP 3.0.1의 sh:nodeKind 제약을 변경 없이 채택한다. named PropertyShape의 원문 direct quad를 그대로 채택했다. 추가한 sh:targetNode는 격리 시험용이며 규범 의미를 바꾸지 않는다.,https://semiceu.github.io/DCAT-AP/releases/3.0.1#dct:PeriodOfTimeShape/59fdfa4abfd9413716ffbdf9a27b9fdbf23d7772,UPSTREAM-POS-UPSTREAM-DCATAP-FFE3FFA14B310EEEB94F,UPSTREAM-NEG-UPSTREAM-DCATAP-FFE3FFA14B310EEEB94F
UPSTREAM-GEODCATAP-0013D9282AF95AA294C0,"[""geo"",""network""]","[""http://www.w3.org/ns/dcat#Dataset""]",http://www.w3.org/ns/prov#wasUsedBy,MUST,,,"[""http://www.w3.org/ns/shacl#BlankNodeOrIRI""]",[],Violation,"[{""language"":""ko"",""text"":""로컬 격리 증거: 원문 PropertyShape에는 메시지가 없으며 sh:nodeKind 제약을 검증한다."",""source"":""local-evidence"",""predicate"":null}]",MOLIT 로컬 적용 가이드(upstream 원문 보충 설명): <http://www.w3.org/ns/prov#wasUsedBy> 값을 <http://www.w3.org/ns/shacl#BlankNodeOrIRI> node kind로 바꾼다. 원문 constraint 값은 변경하지 않는다.,GeoDCAT-AP 3.1.0,"[""https://semiceu.github.io/GeoDCAT-AP/releases/3.1.0#Dataset.wasusedby""]",GeoDCAT-AP 3.1.0의 sh:nodeKind 제약을 변경 없이 채택한다. named PropertyShape의 원문 direct quad를 그대로 채택했다. 추가한 sh:targetNode는 격리 시험용이며 규범 의미를 바꾸지 않는다.,https://semiceu.github.io/GeoDCAT-AP/releases/3.1.0#dcat:DatasetShape/b0ccd926f364c1ae79f5ea36fa0146188fcec226,UPSTREAM-POS-UPSTREAM-GEODCATAP-0013D9282AF95AA294C0,UPSTREAM-NEG-UPSTREAM-GEODCATAP-0013D9282AF95AA294C0
UPSTREAM-GEODCATAP-0077D03489916445D39F,"[""geo"",""network""]","[""http://www.w3.org/ns/dcat#Distribution""]",http://purl.org/dc/terms/issued,MUST,,1,[],[],Violation,"[{""language"":""ko"",""text"":""로컬 격리 증거: 원문 PropertyShape에는 메시지가 없으며 sh:maxCount 제약을 검증한다."",""source"":""local-evidence"",""predicate"":null}]",MOLIT 로컬 적용 가이드(upstream 원문 보충 설명): <http://purl.org/dc/terms/issued> 값을 1개 이하로 줄인다. 원문 constraint 값은 변경하지 않는다.,GeoDCAT-AP 3.1.0,"[""https://semiceu.github.io/GeoDCAT-AP/releases/3.1.0#Distribution.releasedate""]",GeoDCAT-AP 3.1.0의 sh:maxCount 제약을 변경 없이 채택한다. named PropertyShape의 원문 direct quad를 그대로 채택했다. 추가한 sh:targetNode는 격리 시험용이며 규범 의미를 바꾸지 않는다.,https://semiceu.github.io/GeoDCAT-AP/releases/3.1.0#dcat:DistributionShape/b362d2bdbbe8ba1c689e5554cca2bcbd295546de,UPSTREAM-POS-UPSTREAM-GEODCATAP-0077D03489916445D39F,UPSTREAM-NEG-UPSTREAM-GEODCATAP-0077D03489916445D39F
UPSTREAM-GEODCATAP-00C5460F415FF67694C9,"[""geo"",""network""]","[""http://www.w3.org/ns/dcat#Dataset""]",http://data.europa.eu/930/custodian,MUST,,,"[""http://www.w3.org/ns/shacl#BlankNodeOrIRI""]",[],Violation,"[{""language"":""ko"",""text"":""로컬 격리 증거: 원문 PropertyShape에는 메시지가 없으며 sh:nodeKind 제약을 검증한다."",""source"":""local-evidence"",""predicate"":null}]",MOLIT 로컬 적용 가이드(upstream 원문 보충 설명): <http://data.europa.eu/930/custodian> 값을 <http://www.w3.org/ns/shacl#BlankNodeOrIRI> node kind로 바꾼다. 원문 constraint 값은 변경하지 않는다.,GeoDCAT-AP 3.1.0,"[""https://semiceu.github.io/GeoDCAT-AP/releases/3.1.0#Dataset.custodian""]",GeoDCAT-AP 3.1.0의 sh:nodeKind 제약을 변경 없이 채택한다. named PropertyShape의 원문 direct quad를 그대로 채택했다. 추가한 sh:targetNode는 격리 시험용이며 규범 의미를 바꾸지 않는다.,https://semiceu.github.io/GeoDCAT-AP/releases/3.1.0#dcat:DatasetShape/26fb54e0c953f5aa1e4db5b7bf3b6e6698f4ac4e,UPSTREAM-POS-UPSTREAM-GEODCATAP-00C5460F415FF67694C9,UPSTREAM-NEG-UPSTREAM-GEODCATAP-00C5460F415FF67694C9
UPSTREAM-GEODCATAP-010B6BEE34CE27B73312,"[""geo"",""network""]","[""http://purl.org/dc/terms/Standard""]",http://purl.org/dc/terms/title,MUST,,,"[""http://www.w3.org/ns/shacl#Literal""]",[],Violation,"[{""language"":""ko"",""text"":""로컬 격리 증거: 원문 PropertyShape에는 메시지가 없으며 sh:nodeKind 제약을 검증한다."",""source"":""local-evidence"",""predicate"":null}]",MOLIT 로컬 적용 가이드(upstream 원문 보충 설명): <http://purl.org/dc/terms/title> 값을 <http://www.w3.org/ns/shacl#Literal> node kind로 바꾼다. 원문 constraint 값은 변경하지 않는다.,GeoDCAT-AP 3.1.0,"[""https://semiceu.github.io/GeoDCAT-AP/releases/3.1.0#Standard.title""]",GeoDCAT-AP 3.1.0의 sh:nodeKind 제약을 변경 없이 채택한다. named PropertyShape의 원문 direct quad를 그대로 채택했다. 추가한 sh:targetNode는 격리 시험용이며 규범 의미를 바꾸지 않는다.,https://semiceu.github.io/GeoDCAT-AP/releases/3.1.0#dct:StandardShape/d5d74574f70f9a979535f3624608f88180dd0c97,UPSTREAM-POS-UPSTREAM-GEODCATAP-010B6BEE34CE27B73312,UPSTREAM-NEG-UPSTREAM-GEODCATAP-010B6BEE34CE27B73312
UPSTREAM-GEODCATAP-012F8C182AE4AA9EBCB0,"[""geo"",""network""]","[""http://www.w3.org/ns/dcat#DataService""]",http://data.europa.eu/930/serviceCategory,MUST,,,"[""http://www.w3.org/ns/shacl#BlankNodeOrIRI""]",[],Violation,"[{""language"":""ko"",""text"":""로컬 격리 증거: 원문 PropertyShape에는 메시지가 없으며 sh:nodeKind 제약을 검증한다."",""source"":""local-evidence"",""predicate"":null}]",MOLIT 로컬 적용 가이드(upstream 원문 보충 설명): <http://data.europa.eu/930/serviceCategory> 값을 <http://www.w3.org/ns/shacl#BlankNodeOrIRI> node kind로 바꾼다. 원문 constraint 값은 변경하지 않는다.,GeoDCAT-AP 3.1.0,"[""https://semiceu.github.io/GeoDCAT-AP/releases/3.1.0#DataService.servicecategory""]",GeoDCAT-AP 3.1.0의 sh:nodeKind 제약을 변경 없이 채택한다. named PropertyShape의 원문 direct quad를 그대로 채택했다. 추가한 sh:targetNode는 격리 시험용이며 규범 의미를 바꾸지 않는다.,https://semiceu.github.io/GeoDCAT-AP/releases/3.1.0#dcat:DataServiceShape/dff0c56f0cec9925018c7e667c9e5308e1e6c92b,UPSTREAM-POS-UPSTREAM-GEODCATAP-012F8C182AE4AA9EBCB0,UPSTREAM-NEG-UPSTREAM-GEODCATAP-012F8C182AE4AA9EBCB0
UPSTREAM-GEODCATAP-019C5A9A3F0400191141,"[""geo"",""network""]","[""http://www.w3.org/ns/dcat#DataService""]",http://data.europa.eu/930/distributor,MUST,,,"[""http://xmlns.com/foaf/0.1/Agent""]",[],Violation,"[{""language"":""ko"",""text"":""로컬 격리 증거: 원문 PropertyShape에는 메시지가 없으며 sh:class 제약을 검증한다."",""source"":""local-evidence"",""predicate"":null}]",MOLIT 로컬 적용 가이드(upstream 원문 보충 설명): <http://data.europa.eu/930/distributor>의 모든 값에 rdf:type <http://xmlns.com/foaf/0.1/Agent>를 명시한다. 원문 constraint 값은 변경하지 않는다.,GeoDCAT-AP 3.1.0,"[""https://semiceu.github.io/GeoDCAT-AP/releases/3.1.0#DataService.distributor""]",GeoDCAT-AP 3.1.0의 sh:class 제약을 변경 없이 채택한다. named PropertyShape의 원문 direct quad를 그대로 채택했다. 추가한 sh:targetNode는 격리 시험용이며 규범 의미를 바꾸지 않는다.,https://semiceu.github.io/GeoDCAT-AP/releases/3.1.0#dcat:DataServiceShape/c6582cc6dd81abe7073c1f822d33efc41ecab36d,UPSTREAM-POS-UPSTREAM-GEODCATAP-019C5A9A3F0400191141,UPSTREAM-NEG-UPSTREAM-GEODCATAP-019C5A9A3F0400191141
UPSTREAM-GEODCATAP-01A3C8BB2255A729AFF5,"[""geo"",""network""]","[""http://www.w3.org/ns/dcat#Catalog""]",http://www.w3.org/ns/dcat#dataset,MUST,,,"[""http://www.w3.org/ns/dcat#Dataset""]",[],Violation,"[{""language"":""ko"",""text"":""로컬 격리 증거: 원문 PropertyShape에는 메시지가 없으며 sh:class 제약을 검증한다."",""source"":""local-evidence"",""predicate"":null}]",MOLIT 로컬 적용 가이드(upstream 원문 보충 설명): <http://www.w3.org/ns/dcat#dataset>의 모든 값에 rdf:type <http://www.w3.org/ns/dcat#Dataset>를 명시한다. 원문 constraint 값은 변경하지 않는다.,GeoDCAT-AP 3.1.0,"[""https://semiceu.github.io/GeoDCAT-AP/releases/3.1.0#Catalogue.dataset""]",GeoDCAT-AP 3.1.0의 sh:class 제약을 변경 없이 채택한다. named PropertyShape의 원문 direct quad를 그대로 채택했다. 추가한 sh:targetNode는 격리 시험용이며 규범 의미를 바꾸지 않는다.,https://semiceu.github.io/GeoDCAT-AP/releases/3.1.0#dcat:CatalogShape/7b94c69361e00163d16d78016cd994668c7fccda,UPSTREAM-POS-UPSTREAM-GEODCATAP-01A3C8BB2255A729AFF5,UPSTREAM-NEG-UPSTREAM-GEODCATAP-01A3C8BB2255A729AFF5
UPSTREAM-GEODCATAP-01C427F025ED10C7A7E2,"[""geo"",""network""]","[""http://xmlns.com/foaf/0.1/Agent""]",http://xmlns.com/foaf/0.1/workplaceHomepage,MUST,,1,[],[],Violation,"[{""language"":""ko"",""text"":""로컬 격리 증거: 원문 PropertyShape에는 메시지가 없으며 sh:maxCount 제약을 검증한다."",""source"":""local-evidence"",""predicate"":null}]",MOLIT 로컬 적용 가이드(upstream 원문 보충 설명): <http://xmlns.com/foaf/0.1/workplaceHomepage> 값을 1개 이하로 줄인다. 원문 constraint 값은 변경하지 않는다.,GeoDCAT-AP 3.1.0,"[""https://semiceu.github.io/GeoDCAT-AP/releases/3.1.0#Agent.URL""]",GeoDCAT-AP 3.1.0의 sh:maxCount 제약을 변경 없이 채택한다. named PropertyShape의 원문 direct quad를 그대로 채택했다. 추가한 sh:targetNode는 격리 시험용이며 규범 의미를 바꾸지 않는다.,https://semiceu.github.io/GeoDCAT-AP/releases/3.1.0#foaf:AgentShape/a2e6e9bdd65aa92e5ccaffbfd9ab975564e2676a,UPSTREAM-POS-UPSTREAM-GEODCATAP-01C427F025ED10C7A7E2,UPSTREAM-NEG-UPSTREAM-GEODCATAP-01C427F025ED10C7A7E2
UPSTREAM-GEODCATAP-025392AC18046893CEDA,"[""geo"",""network""]","[""http://www.w3.org/ns/dcat#Dataset""]",http://www.w3.org/ns/dcat#landingPage,MUST,,,"[""http://www.w3.org/ns/shacl#BlankNodeOrIRI""]",[],Violation,"[{""language"":""ko"",""text"":""로컬 격리 증거: 원문 PropertyShape에는 메시지가 없으며 sh:nodeKind 제약을 검증한다."",""source"":""local-evidence"",""predicate"":null}]",MOLIT 로컬 적용 가이드(upstream 원문 보충 설명): <http://www.w3.org/ns/dcat#landingPage> 값을 <http://www.w3.org/ns/shacl#BlankNodeOrIRI> node kind로 바꾼다. 원문 constraint 값은 변경하지 않는다.,GeoDCAT-AP 3.1.0,"[""https://semiceu.github.io/GeoDCAT-AP/releases/3.1.0#Dataset.landingpage""]",GeoDCAT-AP 3.1.0의 sh:nodeKind 제약을 변경 없이 채택한다. named PropertyShape의 원문 direct quad를 그대로 채택했다. 추가한 sh:targetNode는 격리 시험용이며 규범 의미를 바꾸지 않는다.,https://semiceu.github.io/GeoDCAT-AP/releases/3.1.0#dcat:DatasetShape/30e78cd98aa6cd5dbc31678289abb5e0cc0b55c7,UPSTREAM-POS-UPSTREAM-GEODCATAP-025392AC18046893CEDA,UPSTREAM-NEG-UPSTREAM-GEODCATAP-025392AC18046893CEDA
UPSTREAM-GEODCATAP-02FEBBFD50AE78E21812,"[""geo"",""network""]","[""http://www.w3.org/ns/dcat#Dataset""]",http://purl.org/dc/terms/rights,MUST,,,"[""http://www.w3.org/ns/shacl#BlankNodeOrIRI""]",[],Violation,"[{""language"":""ko"",""text"":""로컬 격리 증거: 원문 PropertyShape에는 메시지가 없으며 sh:nodeKind 제약을 검증한다."",""source"":""local-evidence"",""predicate"":null}]",MOLIT 로컬 적용 가이드(upstream 원문 보충 설명): <http://purl.org/dc/terms/rights> 값을 <http://www.w3.org/ns/shacl#BlankNodeOrIRI> node kind로 바꾼다. 원문 constraint 값은 변경하지 않는다.,GeoDCAT-AP 3.1.0,"[""https://semiceu.github.io/GeoDCAT-AP/releases/3.1.0#Dataset.rights""]",GeoDCAT-AP 3.1.0의 sh:nodeKind 제약을 변경 없이 채택한다. named PropertyShape의 원문 direct quad를 그대로 채택했다. 추가한 sh:targetNode는 격리 시험용이며 규범 의미를 바꾸지 않는다.,https://semiceu.github.io/GeoDCAT-AP/releases/3.1.0#dcat:DatasetShape/b4c4138f0581e7240ec4dd866004c56407b3705a,UPSTREAM-POS-UPSTREAM-GEODCATAP-02FEBBFD50AE78E21812,UPSTREAM-NEG-UPSTREAM-GEODCATAP-02FEBBFD50AE78E21812
UPSTREAM-GEODCATAP-030788B7D345ADB56399,"[""geo"",""network""]","[""http://www.w3.org/ns/dcat#CatalogRecord""]",http://purl.org/dc/terms/creator,MUST,,,"[""http://www.w3.org/ns/shacl#BlankNodeOrIRI""]",[],Violation,"[{""language"":""ko"",""text"":""로컬 격리 증거: 원문 PropertyShape에는 메시지가 없으며 sh:nodeKind 제약을 검증한다."",""source"":""local-evidence"",""predicate"":null}]",MOLIT 로컬 적용 가이드(upstream 원문 보충 설명): <http://purl.org/dc/terms/creator> 값을 <http://www.w3.org/ns/shacl#BlankNodeOrIRI> node kind로 바꾼다. 원문 constraint 값은 변경하지 않는다.,GeoDCAT-AP 3.1.0,"[""https://semiceu.github.io/GeoDCAT-AP/releases/3.1.0#CatalogueRecord.creator""]",GeoDCAT-AP 3.1.0의 sh:nodeKind 제약을 변경 없이 채택한다. named PropertyShape의 원문 direct quad를 그대로 채택했다. 추가한 sh:targetNode는 격리 시험용이며 규범 의미를 바꾸지 않는다.,https://semiceu.github.io/GeoDCAT-AP/releases/3.1.0#dcat:CatalogRecordShape/7d4c667652f23f3a51353271e3800bca87ed3f68,UPSTREAM-POS-UPSTREAM-GEODCATAP-030788B7D345ADB56399,UPSTREAM-NEG-UPSTREAM-GEODCATAP-030788B7D345ADB56399
UPSTREAM-GEODCATAP-030B9B7A58C782AAA02D,"[""geo"",""network""]","[""http://www.w3.org/ns/dcat#DatasetSeries""]",http://www.w3.org/ns/dcat#landingPage,MUST,,,"[""http://www.w3.org/ns/shacl#BlankNodeOrIRI""]",[],Violation,"[{""language"":""ko"",""text"":""로컬 격리 증거: 원문 PropertyShape에는 메시지가 없으며 sh:nodeKind 제약을 검증한다."",""source"":""local-evidence"",""predicate"":null}]",MOLIT 로컬 적용 가이드(upstream 원문 보충 설명): <http://www.w3.org/ns/dcat#landingPage> 값을 <http://www.w3.org/ns/shacl#BlankNodeOrIRI> node kind로 바꾼다. 원문 constraint 값은 변경하지 않는다.,GeoDCAT-AP 3.1.0,"[""https://semiceu.github.io/GeoDCAT-AP/releases/3.1.0#DatasetSeries.landingpage""]",GeoDCAT-AP 3.1.0의 sh:nodeKind 제약을 변경 없이 채택한다. named PropertyShape의 원문 direct quad를 그대로 채택했다. 추가한 sh:targetNode는 격리 시험용이며 규범 의미를 바꾸지 않는다.,https://semiceu.github.io/GeoDCAT-AP/releases/3.1.0#dcat:DatasetSeriesShape/30e78cd98aa6cd5dbc31678289abb5e0cc0b55c7,UPSTREAM-POS-UPSTREAM-GEODCATAP-030B9B7A58C782AAA02D,UPSTREAM-NEG-UPSTREAM-GEODCATAP-030B9B7A58C782AAA02D
UPSTREAM-GEODCATAP-03240AFBC856BC772B3F,"[""geo"",""network""]","[""http://www.w3.org/ns/dcat#DatasetSeries""]",http://www.w3.org/ns/dqv#hasQualityMeasurement,MUST,,,"[""http://www.w3.org/ns/dqv#QualityMeasurement""]",[],Violation,"[{""language"":""ko"",""text"":""로컬 격리 증거: 원문 PropertyShape에는 메시지가 없으며 sh:class 제약을 검증한다."",""source"":""local-evidence"",""predicate"":null}]",MOLIT 로컬 적용 가이드(upstream 원문 보충 설명): <http://www.w3.org/ns/dqv#hasQualityMeasurement>의 모든 값에 rdf:type <http://www.w3.org/ns/dqv#QualityMeasurement>를 명시한다. 원문 constraint 값은 변경하지 않는다.,GeoDCAT-AP 3.1.0,"[""https://semiceu.github.io/GeoDCAT-AP/releases/3.1.0#DatasetSeries.spatialresolution""]",GeoDCAT-AP 3.1.0의 sh:class 제약을 변경 없이 채택한다. named PropertyShape의 원문 direct quad를 그대로 채택했다. 추가한 sh:targetNode는 격리 시험용이며 규범 의미를 바꾸지 않는다.,https://semiceu.github.io/GeoDCAT-AP/releases/3.1.0#dcat:DatasetSeriesShape/42110293925ce8bdb81f82dee95d1f78b2fca91c,UPSTREAM-POS-UPSTREAM-GEODCATAP-03240AFBC856BC772B3F,UPSTREAM-NEG-UPSTREAM-GEODCATAP-03240AFBC856BC772B3F
UPSTREAM-GEODCATAP-04BF0D07273D128031D1,"[""geo"",""network""]","[""http://www.w3.org/ns/dcat#Catalog""]",http://purl.org/dc/terms/accessRights,MUST,,,"[""http://purl.org/dc/terms/RightsStatement""]",[],Violation,"[{""language"":""ko"",""text"":""로컬 격리 증거: 원문 PropertyShape에는 메시지가 없으며 sh:class 제약을 검증한다."",""source"":""local-evidence"",""predicate"":null}]",MOLIT 로컬 적용 가이드(upstream 원문 보충 설명): <http://purl.org/dc/terms/accessRights>의 모든 값에 rdf:type <http://purl.org/dc/terms/RightsStatement>를 명시한다. 원문 constraint 값은 변경하지 않는다.,GeoDCAT-AP 3.1.0,"[""https://semiceu.github.io/GeoDCAT-AP/releases/3.1.0#Catalogue.accessrights""]",GeoDCAT-AP 3.1.0의 sh:class 제약을 변경 없이 채택한다. named PropertyShape의 원문 direct quad를 그대로 채택했다. 추가한 sh:targetNode는 격리 시험용이며 규범 의미를 바꾸지 않는다.,https://semiceu.github.io/GeoDCAT-AP/releases/3.1.0#dcat:CatalogShape/ee60fdd4b8581460f5fc4077813b8bb3e3d77441,UPSTREAM-POS-UPSTREAM-GEODCATAP-04BF0D07273D128031D1,UPSTREAM-NEG-UPSTREAM-GEODCATAP-04BF0D07273D128031D1
UPSTREAM-GEODCATAP-04C315B6D62B90B5EB3B,"[""geo"",""network""]","[""http://www.w3.org/ns/dcat#CatalogRecord""]",http://data.europa.eu/930/custodian,MUST,,,"[""http://xmlns.com/foaf/0.1/Agent""]",[],Violation,"[{""language"":""ko"",""text"":""로컬 격리 증거: 원문 PropertyShape에는 메시지가 없으며 sh:class 제약을 검증한다."",""source"":""local-evidence"",""predicate"":null}]",MOLIT 로컬 적용 가이드(upstream 원문 보충 설명): <http://data.europa.eu/930/custodian>의 모든 값에 rdf:type <http://xmlns.com/foaf/0.1/Agent>를 명시한다. 원문 constraint 값은 변경하지 않는다.,GeoDCAT-AP 3.1.0,"[""https://semiceu.github.io/GeoDCAT-AP/releases/3.1.0#CatalogueRecord.custodian""]",GeoDCAT-AP 3.1.0의 sh:class 제약을 변경 없이 채택한다. named PropertyShape의 원문 direct quad를 그대로 채택했다. 추가한 sh:targetNode는 격리 시험용이며 규범 의미를 바꾸지 않는다.,https://semiceu.github.io/GeoDCAT-AP/releases/3.1.0#dcat:CatalogRecordShape/79c0c2e1bcab213fd06ca4c1782849db4a11225f,UPSTREAM-POS-UPSTREAM-GEODCATAP-04C315B6D62B90B5EB3B,UPSTREAM-NEG-UPSTREAM-GEODCATAP-04C315B6D62B90B5EB3B
UPSTREAM-GEODCATAP-051EC4F5EF77EC1FA6DB,"[""geo"",""network""]","[""http://www.w3.org/2006/vcard/ns#Address""]",http://www.w3.org/2006/vcard/ns#region,MUST,,,"[""http://www.w3.org/ns/shacl#Literal""]",[],Violation,"[{""language"":""ko"",""text"":""로컬 격리 증거: 원문 PropertyShape에는 메시지가 없으며 sh:nodeKind 제약을 검증한다."",""source"":""local-evidence"",""predicate"":null}]",MOLIT 로컬 적용 가이드(upstream 원문 보충 설명): <http://www.w3.org/2006/vcard/ns#region> 값을 <http://www.w3.org/ns/shacl#Literal> node kind로 바꾼다. 원문 constraint 값은 변경하지 않는다.,GeoDCAT-AP 3.1.0,"[""https://semiceu.github.io/GeoDCAT-AP/releases/3.1.0#Address(vCard).administrativearea""]",GeoDCAT-AP 3.1.0의 sh:nodeKind 제약을 변경 없이 채택한다. named PropertyShape의 원문 direct quad를 그대로 채택했다. 추가한 sh:targetNode는 격리 시험용이며 규범 의미를 바꾸지 않는다.,https://semiceu.github.io/GeoDCAT-AP/releases/3.1.0#vcard:AddressShape/76f52e1760b9529a53a110a32ab67d39af5ee8c5,UPSTREAM-POS-UPSTREAM-GEODCATAP-051EC4F5EF77EC1FA6DB,UPSTREAM-NEG-UPSTREAM-GEODCATAP-051EC4F5EF77EC1FA6DB
UPSTREAM-GEODCATAP-0530F01C2FED070BF4AB,"[""geo"",""network""]","[""http://www.w3.org/ns/dcat#DataService""]",http://purl.org/dc/terms/identifier,MUST,,,"[""http://www.w3.org/ns/shacl#Literal""]",[],Violation,"[{""language"":""ko"",""text"":""로컬 격리 증거: 원문 PropertyShape에는 메시지가 없으며 sh:nodeKind 제약을 검증한다."",""source"":""local-evidence"",""predicate"":null}]",MOLIT 로컬 적용 가이드(upstream 원문 보충 설명): <http://purl.org/dc/terms/identifier> 값을 <http://www.w3.org/ns/shacl#Literal> node kind로 바꾼다. 원문 constraint 값은 변경하지 않는다.,GeoDCAT-AP 3.1.0,"[""https://semiceu.github.io/GeoDCAT-AP/releases/3.1.0#DataService.identifier""]",GeoDCAT-AP 3.1.0의 sh:nodeKind 제약을 변경 없이 채택한다. named PropertyShape의 원문 direct quad를 그대로 채택했다. 추가한 sh:targetNode는 격리 시험용이며 규범 의미를 바꾸지 않는다.,https://semiceu.github.io/GeoDCAT-AP/releases/3.1.0#dcat:DataServiceShape/aadbd67a77a624f073be2076627fb9dc883cbe48,UPSTREAM-POS-UPSTREAM-GEODCATAP-0530F01C2FED070BF4AB,UPSTREAM-NEG-UPSTREAM-GEODCATAP-0530F01C2FED070BF4AB
UPSTREAM-GEODCATAP-0567FF9F78EE2E7657FE,"[""geo"",""network""]","[""http://www.w3.org/ns/dcat#DatasetSeries""]",http://data.europa.eu/930/principalInvestigator,MUST,,,"[""http://xmlns.com/foaf/0.1/Agent""]",[],Violation,"[{""language"":""ko"",""text"":""로컬 격리 증거: 원문 PropertyShape에는 메시지가 없으며 sh:class 제약을 검증한다."",""source"":""local-evidence"",""predicate"":null}]",MOLIT 로컬 적용 가이드(upstream 원문 보충 설명): <http://data.europa.eu/930/principalInvestigator>의 모든 값에 rdf:type <http://xmlns.com/foaf/0.1/Agent>를 명시한다. 원문 constraint 값은 변경하지 않는다.,GeoDCAT-AP 3.1.0,"[""https://semiceu.github.io/GeoDCAT-AP/releases/3.1.0#DatasetSeries.principalinvestigator""]",GeoDCAT-AP 3.1.0의 sh:class 제약을 변경 없이 채택한다. named PropertyShape의 원문 direct quad를 그대로 채택했다. 추가한 sh:targetNode는 격리 시험용이며 규범 의미를 바꾸지 않는다.,https://semiceu.github.io/GeoDCAT-AP/releases/3.1.0#dcat:DatasetSeriesShape/180fd65179a52d6fe70f2febfc53b2b9dba03682,UPSTREAM-POS-UPSTREAM-GEODCATAP-0567FF9F78EE2E7657FE,UPSTREAM-NEG-UPSTREAM-GEODCATAP-0567FF9F78EE2E7657FE
UPSTREAM-GEODCATAP-059C3892A1FE92C2A772,"[""geo"",""network""]","[""http://www.w3.org/ns/dcat#DataService""]",http://www.w3.org/ns/dcat#contactPoint,MUST,,,"[""http://www.w3.org/ns/shacl#BlankNodeOrIRI""]",[],Violation,"[{""language"":""ko"",""text"":""로컬 격리 증거: 원문 PropertyShape에는 메시지가 없으며 sh:nodeKind 제약을 검증한다."",""source"":""local-evidence"",""predicate"":null}]",MOLIT 로컬 적용 가이드(upstream 원문 보충 설명): <http://www.w3.org/ns/dcat#contactPoint> 값을 <http://www.w3.org/ns/shacl#BlankNodeOrIRI> node kind로 바꾼다. 원문 constraint 값은 변경하지 않는다.,GeoDCAT-AP 3.1.0,"[""https://semiceu.github.io/GeoDCAT-AP/releases/3.1.0#DataService.contactpoint""]",GeoDCAT-AP 3.1.0의 sh:nodeKind 제약을 변경 없이 채택한다. named PropertyShape의 원문 direct quad를 그대로 채택했다. 추가한 sh:targetNode는 격리 시험용이며 규범 의미를 바꾸지 않는다.,https://semiceu.github.io/GeoDCAT-AP/releases/3.1.0#dcat:DataServiceShape/9adf9f5890592909cf3e67021ae7ab4f895a7745,UPSTREAM-POS-UPSTREAM-GEODCATAP-059C3892A1FE92C2A772,UPSTREAM-NEG-UPSTREAM-GEODCATAP-059C3892A1FE92C2A772
UPSTREAM-GEODCATAP-06370C53AC23EDA1C913,"[""geo"",""network""]","[""http://www.w3.org/ns/dcat#Distribution""]",http://purl.org/dc/terms/format,MUST,,1,[],[],Violation,"[{""language"":""ko"",""text"":""로컬 격리 증거: 원문 PropertyShape에는 메시지가 없으며 sh:maxCount 제약을 검증한다."",""source"":""local-evidence"",""predicate"":null}]",MOLIT 로컬 적용 가이드(upstream 원문 보충 설명): <http://purl.org/dc/terms/format> 값을 1개 이하로 줄인다. 원문 constraint 값은 변경하지 않는다.,GeoDCAT-AP 3.1.0,"[""https://semiceu.github.io/GeoDCAT-AP/releases/3.1.0#Distribution.format""]",GeoDCAT-AP 3.1.0의 sh:maxCount 제약을 변경 없이 채택한다. named PropertyShape의 원문 direct quad를 그대로 채택했다. 추가한 sh:targetNode는 격리 시험용이며 규범 의미를 바꾸지 않는다.,https://semiceu.github.io/GeoDCAT-AP/releases/3.1.0#dcat:DistributionShape/9484b608420ccb732e39ca34b588c57868c81181,UPSTREAM-POS-UPSTREAM-GEODCATAP-06370C53AC23EDA1C913,UPSTREAM-NEG-UPSTREAM-GEODCATAP-06370C53AC23EDA1C913
UPSTREAM-GEODCATAP-07287C1EFBD5204DB84A,"[""geo"",""network""]","[""http://www.w3.org/ns/dcat#Dataset""]",http://www.w3.org/ns/dcat#theme,MUST,,,"[""http://www.w3.org/ns/shacl#BlankNodeOrIRI""]",[],Violation,"[{""language"":""ko"",""text"":""로컬 격리 증거: 원문 PropertyShape에는 메시지가 없으며 sh:nodeKind 제약을 검증한다."",""source"":""local-evidence"",""predicate"":null}]",MOLIT 로컬 적용 가이드(upstream 원문 보충 설명): <http://www.w3.org/ns/dcat#theme> 값을 <http://www.w3.org/ns/shacl#BlankNodeOrIRI> node kind로 바꾼다. 원문 constraint 값은 변경하지 않는다.,GeoDCAT-AP 3.1.0,"[""https://semiceu.github.io/GeoDCAT-AP/releases/3.1.0#Dataset.theme""]",GeoDCAT-AP 3.1.0의 sh:nodeKind 제약을 변경 없이 채택한다. named PropertyShape의 원문 direct quad를 그대로 채택했다. 추가한 sh:targetNode는 격리 시험용이며 규범 의미를 바꾸지 않는다.,https://semiceu.github.io/GeoDCAT-AP/releases/3.1.0#dcat:DatasetShape/9678e29dc284ba14312bf01cd0a581b960b77a08,UPSTREAM-POS-UPSTREAM-GEODCATAP-07287C1EFBD5204DB84A,UPSTREAM-NEG-UPSTREAM-GEODCATAP-07287C1EFBD5204DB84A
UPSTREAM-GEODCATAP-075748C0B24C7A2E368C,"[""geo"",""network""]","[""http://www.w3.org/ns/dcat#DataService""]",http://data.europa.eu/930/purpose,MUST,,,"[""http://www.w3.org/ns/shacl#Literal""]",[],Violation,"[{""language"":""ko"",""text"":""로컬 격리 증거: 원문 PropertyShape에는 메시지가 없으며 sh:nodeKind 제약을 검증한다."",""source"":""local-evidence"",""predicate"":null}]",MOLIT 로컬 적용 가이드(upstream 원문 보충 설명): <http://data.europa.eu/930/purpose> 값을 <http://www.w3.org/ns/shacl#Literal> node kind로 바꾼다. 원문 constraint 값은 변경하지 않는다.,GeoDCAT-AP 3.1.0,"[""https://semiceu.github.io/GeoDCAT-AP/releases/3.1.0#DataService.purpose""]",GeoDCAT-AP 3.1.0의 sh:nodeKind 제약을 변경 없이 채택한다. named PropertyShape의 원문 direct quad를 그대로 채택했다. 추가한 sh:targetNode는 격리 시험용이며 규범 의미를 바꾸지 않는다.,https://semiceu.github.io/GeoDCAT-AP/releases/3.1.0#dcat:DataServiceShape/8932cdc11dcea78a104fe961daef62e126485fc3,UPSTREAM-POS-UPSTREAM-GEODCATAP-075748C0B24C7A2E368C,UPSTREAM-NEG-UPSTREAM-GEODCATAP-075748C0B24C7A2E368C
UPSTREAM-GEODCATAP-07B76B1D039AE421E565,"[""geo"",""network""]","[""http://www.w3.org/ns/dcat#Distribution""]",http://purl.org/dc/terms/format,MUST,,,"[""http://purl.org/dc/terms/MediaTypeOrExtent""]",[],Violation,"[{""language"":""ko"",""text"":""로컬 격리 증거: 원문 PropertyShape에는 메시지가 없으며 sh:class 제약을 검증한다."",""source"":""local-evidence"",""predicate"":null}]",MOLIT 로컬 적용 가이드(upstream 원문 보충 설명): <http://purl.org/dc/terms/format>의 모든 값에 rdf:type <http://purl.org/dc/terms/MediaTypeOrExtent>를 명시한다. 원문 constraint 값은 변경하지 않는다.,GeoDCAT-AP 3.1.0,"[""https://semiceu.github.io/GeoDCAT-AP/releases/3.1.0#Distribution.format""]",GeoDCAT-AP 3.1.0의 sh:class 제약을 변경 없이 채택한다. named PropertyShape의 원문 direct quad를 그대로 채택했다. 추가한 sh:targetNode는 격리 시험용이며 규범 의미를 바꾸지 않는다.,https://semiceu.github.io/GeoDCAT-AP/releases/3.1.0#dcat:DistributionShape/737cd5f1c9f0e13c35eb82b7f0d2b2f76a9a82c7,UPSTREAM-POS-UPSTREAM-GEODCATAP-07B76B1D039AE421E565,UPSTREAM-NEG-UPSTREAM-GEODCATAP-07B76B1D039AE421E565
UPSTREAM-GEODCATAP-07C9CB3BF2643CC437C6,"[""geo"",""network""]","[""http://www.w3.org/ns/dqv#QualityMeasurement""]",http://purl.org/linked-data/sdmx/2009/attribute#unitMeasure,MUST,,,"[""http://www.w3.org/ns/shacl#BlankNodeOrIRI""]",[],Violation,"[{""language"":""ko"",""text"":""로컬 격리 증거: 원문 PropertyShape에는 메시지가 없으며 sh:nodeKind 제약을 검증한다."",""source"":""local-evidence"",""predicate"":null}]",MOLIT 로컬 적용 가이드(upstream 원문 보충 설명): <http://purl.org/linked-data/sdmx/2009/attribute#unitMeasure> 값을 <http://www.w3.org/ns/shacl#BlankNodeOrIRI> node kind로 바꾼다. 원문 constraint 값은 변경하지 않는다.,GeoDCAT-AP 3.1.0,"[""https://semiceu.github.io/GeoDCAT-AP/releases/3.1.0#QualityMeasurement.unitofmeasure""]",GeoDCAT-AP 3.1.0의 sh:nodeKind 제약을 변경 없이 채택한다. named PropertyShape의 원문 direct quad를 그대로 채택했다. 추가한 sh:targetNode는 격리 시험용이며 규범 의미를 바꾸지 않는다.,https://semiceu.github.io/GeoDCAT-AP/releases/3.1.0#dqv:QualityMeasurementShape/7c3ee5af46729edb0af95bb9cbc80d7adef70766,UPSTREAM-POS-UPSTREAM-GEODCATAP-07C9CB3BF2643CC437C6,UPSTREAM-NEG-UPSTREAM-GEODCATAP-07C9CB3BF2643CC437C6
UPSTREAM-GEODCATAP-07F898D72A179A25821D,"[""geo"",""network""]","[""http://www.w3.org/ns/dcat#Dataset""]",http://purl.org/dc/terms/temporal,MUST,,,"[""http://purl.org/dc/terms/PeriodOfTime""]",[],Violation,"[{""language"":""ko"",""text"":""로컬 격리 증거: 원문 PropertyShape에는 메시지가 없으며 sh:class 제약을 검증한다."",""source"":""local-evidence"",""predicate"":null}]",MOLIT 로컬 적용 가이드(upstream 원문 보충 설명): <http://purl.org/dc/terms/temporal>의 모든 값에 rdf:type <http://purl.org/dc/terms/PeriodOfTime>를 명시한다. 원문 constraint 값은 변경하지 않는다.,GeoDCAT-AP 3.1.0,"[""https://semiceu.github.io/GeoDCAT-AP/releases/3.1.0#Dataset.temporalcoverage""]",GeoDCAT-AP 3.1.0의 sh:class 제약을 변경 없이 채택한다. named PropertyShape의 원문 direct quad를 그대로 채택했다. 추가한 sh:targetNode는 격리 시험용이며 규범 의미를 바꾸지 않는다.,https://semiceu.github.io/GeoDCAT-AP/releases/3.1.0#dcat:DatasetShape/8e3b1c0888909beb09cd832b3145ad1f7abb1caa,UPSTREAM-POS-UPSTREAM-GEODCATAP-07F898D72A179A25821D,UPSTREAM-NEG-UPSTREAM-GEODCATAP-07F898D72A179A25821D
UPSTREAM-GEODCATAP-07F9FFEAF6C0615FF5FE,"[""geo"",""network""]","[""http://www.w3.org/ns/dcat#Dataset""]",http://www.w3.org/ns/dcat#version,MUST,,,"[""http://www.w3.org/ns/shacl#Literal""]",[],Violation,"[{""language"":""ko"",""text"":""로컬 격리 증거: 원문 PropertyShape에는 메시지가 없으며 sh:nodeKind 제약을 검증한다."",""source"":""local-evidence"",""predicate"":null}]",MOLIT 로컬 적용 가이드(upstream 원문 보충 설명): <http://www.w3.org/ns/dcat#version> 값을 <http://www.w3.org/ns/shacl#Literal> node kind로 바꾼다. 원문 constraint 값은 변경하지 않는다.,GeoDCAT-AP 3.1.0,"[""https://semiceu.github.io/GeoDCAT-AP/releases/3.1.0#Dataset.version""]",GeoDCAT-AP 3.1.0의 sh:nodeKind 제약을 변경 없이 채택한다. named PropertyShape의 원문 direct quad를 그대로 채택했다. 추가한 sh:targetNode는 격리 시험용이며 규범 의미를 바꾸지 않는다.,https://semiceu.github.io/GeoDCAT-AP/releases/3.1.0#dcat:DatasetShape/bda64b6b9c27a850b8782b17019e888c5edd7ce0,UPSTREAM-POS-UPSTREAM-GEODCATAP-07F9FFEAF6C0615FF5FE,UPSTREAM-NEG-UPSTREAM-GEODCATAP-07F9FFEAF6C0615FF5FE
UPSTREAM-GEODCATAP-08A4ED839370996AA547,"[""geo"",""network""]","[""http://www.w3.org/ns/dcat#Distribution""]",http://data.europa.eu/r5r/availability,MUST,,1,[],[],Violation,"[{""language"":""ko"",""text"":""로컬 격리 증거: 원문 PropertyShape에는 메시지가 없으며 sh:maxCount 제약을 검증한다."",""source"":""local-evidence"",""predicate"":null}]",MOLIT 로컬 적용 가이드(upstream 원문 보충 설명): <http://data.europa.eu/r5r/availability> 값을 1개 이하로 줄인다. 원문 constraint 값은 변경하지 않는다.,GeoDCAT-AP 3.1.0,"[""https://semiceu.github.io/GeoDCAT-AP/releases/3.1.0#Distribution.availability""]",GeoDCAT-AP 3.1.0의 sh:maxCount 제약을 변경 없이 채택한다. named PropertyShape의 원문 direct quad를 그대로 채택했다. 추가한 sh:targetNode는 격리 시험용이며 규범 의미를 바꾸지 않는다.,https://semiceu.github.io/GeoDCAT-AP/releases/3.1.0#dcat:DistributionShape/b2f42c75fb59c422a82295439935cb6f63277c0b,UPSTREAM-POS-UPSTREAM-GEODCATAP-08A4ED839370996AA547,UPSTREAM-NEG-UPSTREAM-GEODCATAP-08A4ED839370996AA547
UPSTREAM-GEODCATAP-08D89E283C4E516A741E,"[""geo"",""network""]","[""http://www.w3.org/ns/dcat#DatasetSeries""]",http://www.w3.org/ns/adms#identifier,MUST,,,"[""http://www.w3.org/ns/shacl#BlankNodeOrIRI""]",[],Violation,"[{""language"":""ko"",""text"":""로컬 격리 증거: 원문 PropertyShape에는 메시지가 없으며 sh:nodeKind 제약을 검증한다."",""source"":""local-evidence"",""predicate"":null}]",MOLIT 로컬 적용 가이드(upstream 원문 보충 설명): <http://www.w3.org/ns/adms#identifier> 값을 <http://www.w3.org/ns/shacl#BlankNodeOrIRI> node kind로 바꾼다. 원문 constraint 값은 변경하지 않는다.,GeoDCAT-AP 3.1.0,"[""https://semiceu.github.io/GeoDCAT-AP/releases/3.1.0#DatasetSeries.otheridentifier""]",GeoDCAT-AP 3.1.0의 sh:nodeKind 제약을 변경 없이 채택한다. named PropertyShape의 원문 direct quad를 그대로 채택했다. 추가한 sh:targetNode는 격리 시험용이며 규범 의미를 바꾸지 않는다.,https://semiceu.github.io/GeoDCAT-AP/releases/3.1.0#dcat:DatasetSeriesShape/016e621848f36eb558335ecb98b4b24cb2447d37,UPSTREAM-POS-UPSTREAM-GEODCATAP-08D89E283C4E516A741E,UPSTREAM-NEG-UPSTREAM-GEODCATAP-08D89E283C4E516A741E
UPSTREAM-GEODCATAP-099A3BD9348063F6A7D0,"[""geo"",""network""]","[""http://www.w3.org/ns/dcat#DataService""]",http://purl.org/dc/terms/rightsHolder,MUST,,,"[""http://www.w3.org/ns/shacl#BlankNodeOrIRI""]",[],Violation,"[{""language"":""ko"",""text"":""로컬 격리 증거: 원문 PropertyShape에는 메시지가 없으며 sh:nodeKind 제약을 검증한다."",""source"":""local-evidence"",""predicate"":null}]",MOLIT 로컬 적용 가이드(upstream 원문 보충 설명): <http://purl.org/dc/terms/rightsHolder> 값을 <http://www.w3.org/ns/shacl#BlankNodeOrIRI> node kind로 바꾼다. 원문 constraint 값은 변경하지 않는다.,GeoDCAT-AP 3.1.0,"[""https://semiceu.github.io/GeoDCAT-AP/releases/3.1.0#DataService.rightsholder""]",GeoDCAT-AP 3.1.0의 sh:nodeKind 제약을 변경 없이 채택한다. named PropertyShape의 원문 direct quad를 그대로 채택했다. 추가한 sh:targetNode는 격리 시험용이며 규범 의미를 바꾸지 않는다.,https://semiceu.github.io/GeoDCAT-AP/releases/3.1.0#dcat:DataServiceShape/5247ab8155663a32970621a13083ea5813ec3ab7,UPSTREAM-POS-UPSTREAM-GEODCATAP-099A3BD9348063F6A7D0,UPSTREAM-NEG-UPSTREAM-GEODCATAP-099A3BD9348063F6A7D0
UPSTREAM-GEODCATAP-09BAF22C55AF6A5F25F2,"[""geo"",""network""]","[""http://xmlns.com/foaf/0.1/Agent""]",http://xmlns.com/foaf/0.1/workplaceHomepage,MUST,,,"[""http://xmlns.com/foaf/0.1/Document""]",[],Violation,"[{""language"":""ko"",""text"":""로컬 격리 증거: 원문 PropertyShape에는 메시지가 없으며 sh:class 제약을 검증한다."",""source"":""local-evidence"",""predicate"":null}]",MOLIT 로컬 적용 가이드(upstream 원문 보충 설명): <http://xmlns.com/foaf/0.1/workplaceHomepage>의 모든 값에 rdf:type <http://xmlns.com/foaf/0.1/Document>를 명시한다. 원문 constraint 값은 변경하지 않는다.,GeoDCAT-AP 3.1.0,"[""https://semiceu.github.io/GeoDCAT-AP/releases/3.1.0#Agent.URL""]",GeoDCAT-AP 3.1.0의 sh:class 제약을 변경 없이 채택한다. named PropertyShape의 원문 direct quad를 그대로 채택했다. 추가한 sh:targetNode는 격리 시험용이며 규범 의미를 바꾸지 않는다.,https://semiceu.github.io/GeoDCAT-AP/releases/3.1.0#foaf:AgentShape/73ac04d23d41d598457f7d519aa7fbeb74f18317,UPSTREAM-POS-UPSTREAM-GEODCATAP-09BAF22C55AF6A5F25F2,UPSTREAM-NEG-UPSTREAM-GEODCATAP-09BAF22C55AF6A5F25F2
UPSTREAM-GEODCATAP-09BF0E13EC1876AF0236,"[""geo"",""network""]","[""http://www.w3.org/ns/dcat#Catalog""]",http://data.europa.eu/r5r/applicableLegislation,MUST,,,"[""http://www.w3.org/ns/shacl#BlankNodeOrIRI""]",[],Violation,"[{""language"":""ko"",""text"":""로컬 격리 증거: 원문 PropertyShape에는 메시지가 없으며 sh:nodeKind 제약을 검증한다."",""source"":""local-evidence"",""predicate"":null}]",MOLIT 로컬 적용 가이드(upstream 원문 보충 설명): <http://data.europa.eu/r5r/applicableLegislation> 값을 <http://www.w3.org/ns/shacl#BlankNodeOrIRI> node kind로 바꾼다. 원문 constraint 값은 변경하지 않는다.,GeoDCAT-AP 3.1.0,"[""https://semiceu.github.io/GeoDCAT-AP/releases/3.1.0#Catalogue.applicablelegislation""]",GeoDCAT-AP 3.1.0의 sh:nodeKind 제약을 변경 없이 채택한다. named PropertyShape의 원문 direct quad를 그대로 채택했다. 추가한 sh:targetNode는 격리 시험용이며 규범 의미를 바꾸지 않는다.,https://semiceu.github.io/GeoDCAT-AP/releases/3.1.0#dcat:CatalogShape/0a6f3bb11ed4ea12f852c78996b89c9a54ffc0fb,UPSTREAM-POS-UPSTREAM-GEODCATAP-09BF0E13EC1876AF0236,UPSTREAM-NEG-UPSTREAM-GEODCATAP-09BF0E13EC1876AF0236
UPSTREAM-GEODCATAP-09E3EF6640F6139C29F6,"[""geo"",""network""]","[""http://www.w3.org/ns/prov#Plan""]",http://www.w3.org/ns/prov#wasDerivedFrom,MUST,,,"[""http://www.w3.org/ns/prov#Entity""]",[],Violation,"[{""language"":""ko"",""text"":""로컬 격리 증거: 원문 PropertyShape에는 메시지가 없으며 sh:class 제약을 검증한다."",""source"":""local-evidence"",""predicate"":null}]",MOLIT 로컬 적용 가이드(upstream 원문 보충 설명): <http://www.w3.org/ns/prov#wasDerivedFrom>의 모든 값에 rdf:type <http://www.w3.org/ns/prov#Entity>를 명시한다. 원문 constraint 값은 변경하지 않는다.,GeoDCAT-AP 3.1.0,"[""https://semiceu.github.io/GeoDCAT-AP/releases/3.1.0#TestPlan.wasderivedfrom""]",GeoDCAT-AP 3.1.0의 sh:class 제약을 변경 없이 채택한다. named PropertyShape의 원문 direct quad를 그대로 채택했다. 추가한 sh:targetNode는 격리 시험용이며 규범 의미를 바꾸지 않는다.,https://semiceu.github.io/GeoDCAT-AP/releases/3.1.0#prov:PlanShape/fc258d438279f03ee4f64dacc19890d4d0b90a3d,UPSTREAM-POS-UPSTREAM-GEODCATAP-09E3EF6640F6139C29F6,UPSTREAM-NEG-UPSTREAM-GEODCATAP-09E3EF6640F6139C29F6
UPSTREAM-GEODCATAP-0A113C56DEE91C0CEB4A,"[""geo"",""network""]","[""http://www.w3.org/ns/dcat#Dataset""]",http://purl.org/dc/terms/conformsTo,MUST,,,"[""http://purl.org/dc/terms/Standard""]",[],Violation,"[{""language"":""ko"",""text"":""로컬 격리 증거: 원문 PropertyShape에는 메시지가 없으며 sh:class 제약을 검증한다."",""source"":""local-evidence"",""predicate"":null}]",MOLIT 로컬 적용 가이드(upstream 원문 보충 설명): <http://purl.org/dc/terms/conformsTo>의 모든 값에 rdf:type <http://purl.org/dc/terms/Standard>를 명시한다. 원문 constraint 값은 변경하지 않는다.,GeoDCAT-AP 3.1.0,"[""https://semiceu.github.io/GeoDCAT-AP/releases/3.1.0#Dataset.conformsto""]",GeoDCAT-AP 3.1.0의 sh:class 제약을 변경 없이 채택한다. named PropertyShape의 원문 direct quad를 그대로 채택했다. 추가한 sh:targetNode는 격리 시험용이며 규범 의미를 바꾸지 않는다.,https://semiceu.github.io/GeoDCAT-AP/releases/3.1.0#dcat:DatasetShape/c84f7330b9538a899ebb875c44dc23c9882e74ac,UPSTREAM-POS-UPSTREAM-GEODCATAP-0A113C56DEE91C0CEB4A,UPSTREAM-NEG-UPSTREAM-GEODCATAP-0A113C56DEE91C0CEB4A
UPSTREAM-GEODCATAP-0B3146BF587694B4EAD6,"[""geo"",""network""]","[""http://www.w3.org/ns/dcat#Catalog""]",http://purl.org/dc/terms/issued,MUST,,1,[],[],Violation,"[{""language"":""ko"",""text"":""로컬 격리 증거: 원문 PropertyShape에는 메시지가 없으며 sh:maxCount 제약을 검증한다."",""source"":""local-evidence"",""predicate"":null}]",MOLIT 로컬 적용 가이드(upstream 원문 보충 설명): <http://purl.org/dc/terms/issued> 값을 1개 이하로 줄인다. 원문 constraint 값은 변경하지 않는다.,GeoDCAT-AP 3.1.0,"[""https://semiceu.github.io/GeoDCAT-AP/releases/3.1.0#Catalogue.releasedate""]",GeoDCAT-AP 3.1.0의 sh:maxCount 제약을 변경 없이 채택한다. named PropertyShape의 원문 direct quad를 그대로 채택했다. 추가한 sh:targetNode는 격리 시험용이며 규범 의미를 바꾸지 않는다.,https://semiceu.github.io/GeoDCAT-AP/releases/3.1.0#dcat:CatalogShape/b362d2bdbbe8ba1c689e5554cca2bcbd295546de,UPSTREAM-POS-UPSTREAM-GEODCATAP-0B3146BF587694B4EAD6,UPSTREAM-NEG-UPSTREAM-GEODCATAP-0B3146BF587694B4EAD6
UPSTREAM-GEODCATAP-0BA1396BB62F96D5F22B,"[""geo"",""network""]","[""http://www.w3.org/ns/dcat#DataService""]",http://purl.org/dc/terms/issued,MUST,,1,[],[],Violation,"[{""language"":""ko"",""text"":""로컬 격리 증거: 원문 PropertyShape에는 메시지가 없으며 sh:maxCount 제약을 검증한다."",""source"":""local-evidence"",""predicate"":null}]",MOLIT 로컬 적용 가이드(upstream 원문 보충 설명): <http://purl.org/dc/terms/issued> 값을 1개 이하로 줄인다. 원문 constraint 값은 변경하지 않는다.,GeoDCAT-AP 3.1.0,"[""https://semiceu.github.io/GeoDCAT-AP/releases/3.1.0#DataService.releasedate""]",GeoDCAT-AP 3.1.0의 sh:maxCount 제약을 변경 없이 채택한다. named PropertyShape의 원문 direct quad를 그대로 채택했다. 추가한 sh:targetNode는 격리 시험용이며 규범 의미를 바꾸지 않는다.,https://semiceu.github.io/GeoDCAT-AP/releases/3.1.0#dcat:DataServiceShape/b362d2bdbbe8ba1c689e5554cca2bcbd295546de,UPSTREAM-POS-UPSTREAM-GEODCATAP-0BA1396BB62F96D5F22B,UPSTREAM-NEG-UPSTREAM-GEODCATAP-0BA1396BB62F96D5F22B
UPSTREAM-GEODCATAP-0BD425E7FCABC8346F59,"[""geo"",""network""]","[""http://www.w3.org/ns/prov#Activity""]",http://www.w3.org/ns/prov#qualifiedAssociation,MUST,,,"[""http://www.w3.org/ns/shacl#BlankNodeOrIRI""]",[],Violation,"[{""language"":""ko"",""text"":""로컬 격리 증거: 원문 PropertyShape에는 메시지가 없으며 sh:nodeKind 제약을 검증한다."",""source"":""local-evidence"",""predicate"":null}]",MOLIT 로컬 적용 가이드(upstream 원문 보충 설명): <http://www.w3.org/ns/prov#qualifiedAssociation> 값을 <http://www.w3.org/ns/shacl#BlankNodeOrIRI> node kind로 바꾼다. 원문 constraint 값은 변경하지 않는다.,GeoDCAT-AP 3.1.0,"[""https://semiceu.github.io/GeoDCAT-AP/releases/3.1.0#Activity.qualifiedassociation""]",GeoDCAT-AP 3.1.0의 sh:nodeKind 제약을 변경 없이 채택한다. named PropertyShape의 원문 direct quad를 그대로 채택했다. 추가한 sh:targetNode는 격리 시험용이며 규범 의미를 바꾸지 않는다.,https://semiceu.github.io/GeoDCAT-AP/releases/3.1.0#prov:ActivityShape/3ccdc77e5093f106847bf5c643da1a307497b8b8,UPSTREAM-POS-UPSTREAM-GEODCATAP-0BD425E7FCABC8346F59,UPSTREAM-NEG-UPSTREAM-GEODCATAP-0BD425E7FCABC8346F59
UPSTREAM-GEODCATAP-0BD8EA1ACA157F420CA9,"[""geo"",""network""]","[""http://www.w3.org/ns/dcat#DatasetSeries""]",http://purl.org/dc/terms/source,MUST,,,"[""http://www.w3.org/ns/shacl#BlankNodeOrIRI""]",[],Violation,"[{""language"":""ko"",""text"":""로컬 격리 증거: 원문 PropertyShape에는 메시지가 없으며 sh:nodeKind 제약을 검증한다."",""source"":""local-evidence"",""predicate"":null}]",MOLIT 로컬 적용 가이드(upstream 원문 보충 설명): <http://purl.org/dc/terms/source> 값을 <http://www.w3.org/ns/shacl#BlankNodeOrIRI> node kind로 바꾼다. 원문 constraint 값은 변경하지 않는다.,GeoDCAT-AP 3.1.0,"[""https://semiceu.github.io/GeoDCAT-AP/releases/3.1.0#DatasetSeries.source""]",GeoDCAT-AP 3.1.0의 sh:nodeKind 제약을 변경 없이 채택한다. named PropertyShape의 원문 direct quad를 그대로 채택했다. 추가한 sh:targetNode는 격리 시험용이며 규범 의미를 바꾸지 않는다.,https://semiceu.github.io/GeoDCAT-AP/releases/3.1.0#dcat:DatasetSeriesShape/8178a43200b0efd5b41e7309efb017f24bb8ef41,UPSTREAM-POS-UPSTREAM-GEODCATAP-0BD8EA1ACA157F420CA9,UPSTREAM-NEG-UPSTREAM-GEODCATAP-0BD8EA1ACA157F420CA9
UPSTREAM-GEODCATAP-0C8ADEADD4CC502616E4,"[""geo"",""network""]","[""http://www.w3.org/ns/dcat#DataService""]",http://www.w3.org/ns/dcat#theme,MUST,,,"[""http://www.w3.org/2004/02/skos/core#Concept""]",[],Violation,"[{""language"":""ko"",""text"":""로컬 격리 증거: 원문 PropertyShape에는 메시지가 없으며 sh:class 제약을 검증한다."",""source"":""local-evidence"",""predicate"":null}]",MOLIT 로컬 적용 가이드(upstream 원문 보충 설명): <http://www.w3.org/ns/dcat#theme>의 모든 값에 rdf:type <http://www.w3.org/2004/02/skos/core#Concept>를 명시한다. 원문 constraint 값은 변경하지 않는다.,GeoDCAT-AP 3.1.0,"[""https://semiceu.github.io/GeoDCAT-AP/releases/3.1.0#DataService.theme""]",GeoDCAT-AP 3.1.0의 sh:class 제약을 변경 없이 채택한다. named PropertyShape의 원문 direct quad를 그대로 채택했다. 추가한 sh:targetNode는 격리 시험용이며 규범 의미를 바꾸지 않는다.,https://semiceu.github.io/GeoDCAT-AP/releases/3.1.0#dcat:DataServiceShape/dede6a68a95ac0f43ca88def472d8fc001f86ebe,UPSTREAM-POS-UPSTREAM-GEODCATAP-0C8ADEADD4CC502616E4,UPSTREAM-NEG-UPSTREAM-GEODCATAP-0C8ADEADD4CC502616E4
UPSTREAM-GEODCATAP-0D0C6E6BFF1E8318A9FA,"[""geo"",""network""]","[""http://www.w3.org/ns/dqv#QualityMeasurement""]",http://www.w3.org/ns/dqv#isMeasurementOf,MUST,,,"[""http://www.w3.org/ns/dqv#Metric""]",[],Violation,"[{""language"":""ko"",""text"":""로컬 격리 증거: 원문 PropertyShape에는 메시지가 없으며 sh:class 제약을 검증한다."",""source"":""local-evidence"",""predicate"":null}]",MOLIT 로컬 적용 가이드(upstream 원문 보충 설명): <http://www.w3.org/ns/dqv#isMeasurementOf>의 모든 값에 rdf:type <http://www.w3.org/ns/dqv#Metric>를 명시한다. 원문 constraint 값은 변경하지 않는다.,GeoDCAT-AP 3.1.0,"[""https://semiceu.github.io/GeoDCAT-AP/releases/3.1.0#QualityMeasurement.ismeasurementof""]",GeoDCAT-AP 3.1.0의 sh:class 제약을 변경 없이 채택한다. named PropertyShape의 원문 direct quad를 그대로 채택했다. 추가한 sh:targetNode는 격리 시험용이며 규범 의미를 바꾸지 않는다.,https://semiceu.github.io/GeoDCAT-AP/releases/3.1.0#dqv:QualityMeasurementShape/b9b84d3fcf45532943c6b752c2b14e428bc83959,UPSTREAM-POS-UPSTREAM-GEODCATAP-0D0C6E6BFF1E8318A9FA,UPSTREAM-NEG-UPSTREAM-GEODCATAP-0D0C6E6BFF1E8318A9FA
UPSTREAM-GEODCATAP-0E524F3077587B7B9B41,"[""geo"",""network""]","[""http://purl.org/dc/terms/Location""]",http://www.w3.org/ns/locn#geometry,MUST,,,"[""http://www.w3.org/ns/locn#Geometry""]",[],Violation,"[{""language"":""ko"",""text"":""로컬 격리 증거: 원문 PropertyShape에는 메시지가 없으며 sh:class 제약을 검증한다."",""source"":""local-evidence"",""predicate"":null}]",MOLIT 로컬 적용 가이드(upstream 원문 보충 설명): <http://www.w3.org/ns/locn#geometry>의 모든 값에 rdf:type <http://www.w3.org/ns/locn#Geometry>를 명시한다. 원문 constraint 값은 변경하지 않는다.,GeoDCAT-AP 3.1.0,"[""https://semiceu.github.io/GeoDCAT-AP/releases/3.1.0#Location.geometry""]",GeoDCAT-AP 3.1.0의 sh:class 제약을 변경 없이 채택한다. named PropertyShape의 원문 direct quad를 그대로 채택했다. 추가한 sh:targetNode는 격리 시험용이며 규범 의미를 바꾸지 않는다.,https://semiceu.github.io/GeoDCAT-AP/releases/3.1.0#dct:LocationShape/53c8e9f0fc79ab4ed706e31129a2b3e02f7edd22,UPSTREAM-POS-UPSTREAM-GEODCATAP-0E524F3077587B7B9B41,UPSTREAM-NEG-UPSTREAM-GEODCATAP-0E524F3077587B7B9B41
UPSTREAM-GEODCATAP-0E9A80C8158ECC188EA6,"[""geo"",""network""]","[""http://purl.org/dc/terms/PeriodOfTime""]",http://www.w3.org/2006/time#hasEnd,MUST,,1,[],[],Violation,"[{""language"":""ko"",""text"":""로컬 격리 증거: 원문 PropertyShape에는 메시지가 없으며 sh:maxCount 제약을 검증한다."",""source"":""local-evidence"",""predicate"":null}]",MOLIT 로컬 적용 가이드(upstream 원문 보충 설명): <http://www.w3.org/2006/time#hasEnd> 값을 1개 이하로 줄인다. 원문 constraint 값은 변경하지 않는다.,GeoDCAT-AP 3.1.0,"[""https://semiceu.github.io/GeoDCAT-AP/releases/3.1.0#PeriodofTime.end""]",GeoDCAT-AP 3.1.0의 sh:maxCount 제약을 변경 없이 채택한다. named PropertyShape의 원문 direct quad를 그대로 채택했다. 추가한 sh:targetNode는 격리 시험용이며 규범 의미를 바꾸지 않는다.,https://semiceu.github.io/GeoDCAT-AP/releases/3.1.0#dct:PeriodOfTimeShape/3648a78b9b0570b660934474f131e41284725cd8,UPSTREAM-POS-UPSTREAM-GEODCATAP-0E9A80C8158ECC188EA6,UPSTREAM-NEG-UPSTREAM-GEODCATAP-0E9A80C8158ECC188EA6
UPSTREAM-GEODCATAP-0EC2CAECFE1942475E8D,"[""geo"",""network""]","[""http://www.w3.org/ns/dcat#Distribution""]",http://www.w3.org/ns/adms#status,MUST,,1,[],[],Violation,"[{""language"":""ko"",""text"":""로컬 격리 증거: 원문 PropertyShape에는 메시지가 없으며 sh:maxCount 제약을 검증한다."",""source"":""local-evidence"",""predicate"":null}]",MOLIT 로컬 적용 가이드(upstream 원문 보충 설명): <http://www.w3.org/ns/adms#status> 값을 1개 이하로 줄인다. 원문 constraint 값은 변경하지 않는다.,GeoDCAT-AP 3.1.0,"[""https://semiceu.github.io/GeoDCAT-AP/releases/3.1.0#Distribution.status""]",GeoDCAT-AP 3.1.0의 sh:maxCount 제약을 변경 없이 채택한다. named PropertyShape의 원문 direct quad를 그대로 채택했다. 추가한 sh:targetNode는 격리 시험용이며 규범 의미를 바꾸지 않는다.,https://semiceu.github.io/GeoDCAT-AP/releases/3.1.0#dcat:DistributionShape/2bc917d85a4ffccfa9de4268bf84b517c322ce2c,UPSTREAM-POS-UPSTREAM-GEODCATAP-0EC2CAECFE1942475E8D,UPSTREAM-NEG-UPSTREAM-GEODCATAP-0EC2CAECFE1942475E8D
UPSTREAM-GEODCATAP-0F4591FD338EC443E978,"[""geo"",""network""]","[""http://www.w3.org/ns/dcat#CatalogRecord""]",http://purl.org/dc/terms/conformsTo,MUST,,,"[""http://www.w3.org/ns/shacl#BlankNodeOrIRI""]",[],Violation,"[{""language"":""ko"",""text"":""로컬 격리 증거: 원문 PropertyShape에는 메시지가 없으며 sh:nodeKind 제약을 검증한다."",""source"":""local-evidence"",""predicate"":null}]",MOLIT 로컬 적용 가이드(upstream 원문 보충 설명): <http://purl.org/dc/terms/conformsTo> 값을 <http://www.w3.org/ns/shacl#BlankNodeOrIRI> node kind로 바꾼다. 원문 constraint 값은 변경하지 않는다.,GeoDCAT-AP 3.1.0,"[""https://semiceu.github.io/GeoDCAT-AP/releases/3.1.0#CatalogueRecord.applicationprofile""]",GeoDCAT-AP 3.1.0의 sh:nodeKind 제약을 변경 없이 채택한다. named PropertyShape의 원문 direct quad를 그대로 채택했다. 추가한 sh:targetNode는 격리 시험용이며 규범 의미를 바꾸지 않는다.,https://semiceu.github.io/GeoDCAT-AP/releases/3.1.0#dcat:CatalogRecordShape/97b367051882750fe2df0bc6fff5dd50ff0c94bd,UPSTREAM-POS-UPSTREAM-GEODCATAP-0F4591FD338EC443E978,UPSTREAM-NEG-UPSTREAM-GEODCATAP-0F4591FD338EC443E978
UPSTREAM-GEODCATAP-10A06DB91EA97AD09798,"[""geo"",""network""]","[""http://purl.org/dc/terms/PeriodOfTime""]",http://www.w3.org/ns/dcat#endDate,MUST,,,"[""http://www.w3.org/ns/shacl#Literal""]",[],Violation,"[{""language"":""ko"",""text"":""로컬 격리 증거: 원문 PropertyShape에는 메시지가 없으며 sh:nodeKind 제약을 검증한다."",""source"":""local-evidence"",""predicate"":null}]",MOLIT 로컬 적용 가이드(upstream 원문 보충 설명): <http://www.w3.org/ns/dcat#endDate> 값을 <http://www.w3.org/ns/shacl#Literal> node kind로 바꾼다. 원문 constraint 값은 변경하지 않는다.,GeoDCAT-AP 3.1.0,"[""https://semiceu.github.io/GeoDCAT-AP/releases/3.1.0#PeriodofTime.enddate""]",GeoDCAT-AP 3.1.0의 sh:nodeKind 제약을 변경 없이 채택한다. named PropertyShape의 원문 direct quad를 그대로 채택했다. 추가한 sh:targetNode는 격리 시험용이며 규범 의미를 바꾸지 않는다.,https://semiceu.github.io/GeoDCAT-AP/releases/3.1.0#dct:PeriodOfTimeShape/de859f6cb226ad795bc5b0dfa9777c0f6352efaf,UPSTREAM-POS-UPSTREAM-GEODCATAP-10A06DB91EA97AD09798,UPSTREAM-NEG-UPSTREAM-GEODCATAP-10A06DB91EA97AD09798
UPSTREAM-GEODCATAP-10A224C155060C412924,"[""geo"",""network""]","[""http://www.w3.org/ns/dcat#Catalog""]",http://data.europa.eu/930/processor,MUST,,,"[""http://www.w3.org/ns/shacl#BlankNodeOrIRI""]",[],Violation,"[{""language"":""ko"",""text"":""로컬 격리 증거: 원문 PropertyShape에는 메시지가 없으며 sh:nodeKind 제약을 검증한다."",""source"":""local-evidence"",""predicate"":null}]",MOLIT 로컬 적용 가이드(upstream 원문 보충 설명): <http://data.europa.eu/930/processor> 값을 <http://www.w3.org/ns/shacl#BlankNodeOrIRI> node kind로 바꾼다. 원문 constraint 값은 변경하지 않는다.,GeoDCAT-AP 3.1.0,"[""https://semiceu.github.io/GeoDCAT-AP/releases/3.1.0#Catalogue.processor""]",GeoDCAT-AP 3.1.0의 sh:nodeKind 제약을 변경 없이 채택한다. named PropertyShape의 원문 direct quad를 그대로 채택했다. 추가한 sh:targetNode는 격리 시험용이며 규범 의미를 바꾸지 않는다.,https://semiceu.github.io/GeoDCAT-AP/releases/3.1.0#dcat:CatalogShape/6c19a6337121f15029388b949ea0dab772437b2a,UPSTREAM-POS-UPSTREAM-GEODCATAP-10A224C155060C412924,UPSTREAM-NEG-UPSTREAM-GEODCATAP-10A224C155060C412924
UPSTREAM-GEODCATAP-10ED031A6EBCC146C981,"[""geo"",""network""]","[""http://www.w3.org/ns/adms#Identifier""]",http://www.w3.org/2004/02/skos/core#notation,MUST,,1,[],[],Violation,"[{""language"":""ko"",""text"":""로컬 격리 증거: 원문 PropertyShape에는 메시지가 없으며 sh:maxCount 제약을 검증한다."",""source"":""local-evidence"",""predicate"":null}]",MOLIT 로컬 적용 가이드(upstream 원문 보충 설명): <http://www.w3.org/2004/02/skos/core#notation> 값을 1개 이하로 줄인다. 원문 constraint 값은 변경하지 않는다.,GeoDCAT-AP 3.1.0,"[""https://semiceu.github.io/GeoDCAT-AP/releases/3.1.0#Identifier.notation""]",GeoDCAT-AP 3.1.0의 sh:maxCount 제약을 변경 없이 채택한다. named PropertyShape의 원문 direct quad를 그대로 채택했다. 추가한 sh:targetNode는 격리 시험용이며 규범 의미를 바꾸지 않는다.,https://semiceu.github.io/GeoDCAT-AP/releases/3.1.0#adms:IdentifierShape/e02208f9fa32c429dc5023f2799d03368703b974,UPSTREAM-POS-UPSTREAM-GEODCATAP-10ED031A6EBCC146C981,UPSTREAM-NEG-UPSTREAM-GEODCATAP-10ED031A6EBCC146C981
UPSTREAM-GEODCATAP-11A23BFF2EB7C0DD2F07,"[""geo"",""network""]","[""http://www.w3.org/ns/dcat#DatasetSeries""]",http://www.w3.org/ns/dcat#inSeries,MUST,,,"[""http://www.w3.org/ns/shacl#BlankNodeOrIRI""]",[],Violation,"[{""language"":""ko"",""text"":""로컬 격리 증거: 원문 PropertyShape에는 메시지가 없으며 sh:nodeKind 제약을 검증한다."",""source"":""local-evidence"",""predicate"":null}]",MOLIT 로컬 적용 가이드(upstream 원문 보충 설명): <http://www.w3.org/ns/dcat#inSeries> 값을 <http://www.w3.org/ns/shacl#BlankNodeOrIRI> node kind로 바꾼다. 원문 constraint 값은 변경하지 않는다.,GeoDCAT-AP 3.1.0,"[""https://semiceu.github.io/GeoDCAT-AP/releases/3.1.0#DatasetSeries.inseries""]",GeoDCAT-AP 3.1.0의 sh:nodeKind 제약을 변경 없이 채택한다. named PropertyShape의 원문 direct quad를 그대로 채택했다. 추가한 sh:targetNode는 격리 시험용이며 규범 의미를 바꾸지 않는다.,https://semiceu.github.io/GeoDCAT-AP/releases/3.1.0#dcat:DatasetSeriesShape/8335ef1071b18fbd6dac863013c6a9de3d057ab0,UPSTREAM-POS-UPSTREAM-GEODCATAP-11A23BFF2EB7C0DD2F07,UPSTREAM-NEG-UPSTREAM-GEODCATAP-11A23BFF2EB7C0DD2F07
UPSTREAM-GEODCATAP-120049541FBDD7176E6F,"[""geo"",""network""]","[""http://www.w3.org/ns/dcat#DataService""]",http://data.europa.eu/930/user,MUST,,,"[""http://www.w3.org/ns/shacl#BlankNodeOrIRI""]",[],Violation,"[{""language"":""ko"",""text"":""로컬 격리 증거: 원문 PropertyShape에는 메시지가 없으며 sh:nodeKind 제약을 검증한다."",""source"":""local-evidence"",""predicate"":null}]",MOLIT 로컬 적용 가이드(upstream 원문 보충 설명): <http://data.europa.eu/930/user> 값을 <http://www.w3.org/ns/shacl#BlankNodeOrIRI> node kind로 바꾼다. 원문 constraint 값은 변경하지 않는다.,GeoDCAT-AP 3.1.0,"[""https://semiceu.github.io/GeoDCAT-AP/releases/3.1.0#DataService.user""]",GeoDCAT-AP 3.1.0의 sh:nodeKind 제약을 변경 없이 채택한다. named PropertyShape의 원문 direct quad를 그대로 채택했다. 추가한 sh:targetNode는 격리 시험용이며 규범 의미를 바꾸지 않는다.,https://semiceu.github.io/GeoDCAT-AP/releases/3.1.0#dcat:DataServiceShape/ba3b4487b5271499cada905fb8fb4869a540fbb2,UPSTREAM-POS-UPSTREAM-GEODCATAP-120049541FBDD7176E6F,UPSTREAM-NEG-UPSTREAM-GEODCATAP-120049541FBDD7176E6F
UPSTREAM-GEODCATAP-126994AEEBF43A1FC7A6,"[""geo"",""network""]","[""http://www.w3.org/ns/dcat#Dataset""]",http://www.w3.org/ns/prov#wasGeneratedBy,MUST,,,"[""http://www.w3.org/ns/prov#Activity""]",[],Violation,"[{""language"":""ko"",""text"":""로컬 격리 증거: 원문 PropertyShape에는 메시지가 없으며 sh:class 제약을 검증한다."",""source"":""local-evidence"",""predicate"":null}]",MOLIT 로컬 적용 가이드(upstream 원문 보충 설명): <http://www.w3.org/ns/prov#wasGeneratedBy>의 모든 값에 rdf:type <http://www.w3.org/ns/prov#Activity>를 명시한다. 원문 constraint 값은 변경하지 않는다.,GeoDCAT-AP 3.1.0,"[""https://semiceu.github.io/GeoDCAT-AP/releases/3.1.0#Dataset.wasgeneratedby""]",GeoDCAT-AP 3.1.0의 sh:class 제약을 변경 없이 채택한다. named PropertyShape의 원문 direct quad를 그대로 채택했다. 추가한 sh:targetNode는 격리 시험용이며 규범 의미를 바꾸지 않는다.,https://semiceu.github.io/GeoDCAT-AP/releases/3.1.0#dcat:DatasetShape/397755646b3e9ed0cfae7a2a581d26251329edb7,UPSTREAM-POS-UPSTREAM-GEODCATAP-126994AEEBF43A1FC7A6,UPSTREAM-NEG-UPSTREAM-GEODCATAP-126994AEEBF43A1FC7A6
UPSTREAM-GEODCATAP-12940FF18F4D3411F3EF,"[""geo"",""network""]","[""http://www.w3.org/ns/dcat#Distribution""]",http://www.w3.org/ns/dcat#byteSize,MUST,,,"[""http://www.w3.org/2001/XMLSchema#nonNegativeInteger""]",[],Violation,"[{""language"":""ko"",""text"":""로컬 격리 증거: 원문 PropertyShape에는 메시지가 없으며 sh:datatype 제약을 검증한다."",""source"":""local-evidence"",""predicate"":null}]",MOLIT 로컬 적용 가이드(upstream 원문 보충 설명): <http://www.w3.org/ns/dcat#byteSize> 값을 <http://www.w3.org/2001/XMLSchema#nonNegativeInteger> datatype의 유효한 lexical literal로 직렬화한다. 원문 constraint 값은 변경하지 않는다.,GeoDCAT-AP 3.1.0,"[""https://semiceu.github.io/GeoDCAT-AP/releases/3.1.0#Distribution.bytesize""]",GeoDCAT-AP 3.1.0의 sh:datatype 제약을 변경 없이 채택한다. named PropertyShape의 원문 direct quad를 그대로 채택했다. 추가한 sh:targetNode는 격리 시험용이며 규범 의미를 바꾸지 않는다.,https://semiceu.github.io/GeoDCAT-AP/releases/3.1.0#dcat:DistributionShape/ed8e40725c55813428b73d8e5042c6affe821ea2,UPSTREAM-POS-UPSTREAM-GEODCATAP-12940FF18F4D3411F3EF,UPSTREAM-NEG-UPSTREAM-GEODCATAP-12940FF18F4D3411F3EF
UPSTREAM-GEODCATAP-12BBFFC3FBD4D9FBD862,"[""geo"",""network""]","[""http://www.w3.org/ns/dcat#DatasetSeries""]",http://data.europa.eu/930/user,MUST,,,"[""http://www.w3.org/ns/shacl#BlankNodeOrIRI""]",[],Violation,"[{""language"":""ko"",""text"":""로컬 격리 증거: 원문 PropertyShape에는 메시지가 없으며 sh:nodeKind 제약을 검증한다."",""source"":""local-evidence"",""predicate"":null}]",MOLIT 로컬 적용 가이드(upstream 원문 보충 설명): <http://data.europa.eu/930/user> 값을 <http://www.w3.org/ns/shacl#BlankNodeOrIRI> node kind로 바꾼다. 원문 constraint 값은 변경하지 않는다.,GeoDCAT-AP 3.1.0,"[""https://semiceu.github.io/GeoDCAT-AP/releases/3.1.0#DatasetSeries.user""]",GeoDCAT-AP 3.1.0의 sh:nodeKind 제약을 변경 없이 채택한다. named PropertyShape의 원문 direct quad를 그대로 채택했다. 추가한 sh:targetNode는 격리 시험용이며 규범 의미를 바꾸지 않는다.,https://semiceu.github.io/GeoDCAT-AP/releases/3.1.0#dcat:DatasetSeriesShape/ba3b4487b5271499cada905fb8fb4869a540fbb2,UPSTREAM-POS-UPSTREAM-GEODCATAP-12BBFFC3FBD4D9FBD862,UPSTREAM-NEG-UPSTREAM-GEODCATAP-12BBFFC3FBD4D9FBD862
UPSTREAM-GEODCATAP-13C75146E58CA2BFD704,"[""geo"",""network""]","[""http://www.w3.org/2006/vcard/ns#Kind""]",http://www.w3.org/2006/vcard/ns#hasURL,MUST,,,"[""http://www.w3.org/2000/01/rdf-schema#Resource""]",[],Violation,"[{""language"":""ko"",""text"":""로컬 격리 증거: 원문 PropertyShape에는 메시지가 없으며 sh:class 제약을 검증한다."",""source"":""local-evidence"",""predicate"":null}]",MOLIT 로컬 적용 가이드(upstream 원문 보충 설명): <http://www.w3.org/2006/vcard/ns#hasURL>의 모든 값에 rdf:type <http://www.w3.org/2000/01/rdf-schema#Resource>를 명시한다. 원문 constraint 값은 변경하지 않는다.,GeoDCAT-AP 3.1.0,"[""https://semiceu.github.io/GeoDCAT-AP/releases/3.1.0#Kind.URL""]",GeoDCAT-AP 3.1.0의 sh:class 제약을 변경 없이 채택한다. named PropertyShape의 원문 direct quad를 그대로 채택했다. 추가한 sh:targetNode는 격리 시험용이며 규범 의미를 바꾸지 않는다.,https://semiceu.github.io/GeoDCAT-AP/releases/3.1.0#vcard:KindShape/73ac04d23d41d598457f7d519aa7fbeb74f18317,UPSTREAM-POS-UPSTREAM-GEODCATAP-13C75146E58CA2BFD704,UPSTREAM-NEG-UPSTREAM-GEODCATAP-13C75146E58CA2BFD704
UPSTREAM-GEODCATAP-14AF88194639CA57A67E,"[""geo"",""network""]","[""http://www.w3.org/ns/dcat#CatalogRecord""]",http://purl.org/dc/terms/publisher,MUST,,,"[""http://www.w3.org/ns/shacl#BlankNodeOrIRI""]",[],Violation,"[{""language"":""ko"",""text"":""로컬 격리 증거: 원문 PropertyShape에는 메시지가 없으며 sh:nodeKind 제약을 검증한다."",""source"":""local-evidence"",""predicate"":null}]",MOLIT 로컬 적용 가이드(upstream 원문 보충 설명): <http://purl.org/dc/terms/publisher> 값을 <http://www.w3.org/ns/shacl#BlankNodeOrIRI> node kind로 바꾼다. 원문 constraint 값은 변경하지 않는다.,GeoDCAT-AP 3.1.0,"[""https://semiceu.github.io/GeoDCAT-AP/releases/3.1.0#CatalogueRecord.publisher""]",GeoDCAT-AP 3.1.0의 sh:nodeKind 제약을 변경 없이 채택한다. named PropertyShape의 원문 direct quad를 그대로 채택했다. 추가한 sh:targetNode는 격리 시험용이며 규범 의미를 바꾸지 않는다.,https://semiceu.github.io/GeoDCAT-AP/releases/3.1.0#dcat:CatalogRecordShape/93f73e69bb03d2928fcf758a253ef316becdf9b9,UPSTREAM-POS-UPSTREAM-GEODCATAP-14AF88194639CA57A67E,UPSTREAM-NEG-UPSTREAM-GEODCATAP-14AF88194639CA57A67E
UPSTREAM-GEODCATAP-14BB4ACCF616B7E57ACD,"[""geo"",""network""]","[""http://purl.org/dc/terms/LicenseDocument""]",http://purl.org/dc/terms/type,MUST,,,"[""http://www.w3.org/2004/02/skos/core#Concept""]",[],Violation,"[{""language"":""ko"",""text"":""로컬 격리 증거: 원문 PropertyShape에는 메시지가 없으며 sh:class 제약을 검증한다."",""source"":""local-evidence"",""predicate"":null}]",MOLIT 로컬 적용 가이드(upstream 원문 보충 설명): <http://purl.org/dc/terms/type>의 모든 값에 rdf:type <http://www.w3.org/2004/02/skos/core#Concept>를 명시한다. 원문 constraint 값은 변경하지 않는다.,GeoDCAT-AP 3.1.0,"[""https://semiceu.github.io/GeoDCAT-AP/releases/3.1.0#LicenceDocument.type""]",GeoDCAT-AP 3.1.0의 sh:class 제약을 변경 없이 채택한다. named PropertyShape의 원문 direct quad를 그대로 채택했다. 추가한 sh:targetNode는 격리 시험용이며 규범 의미를 바꾸지 않는다.,https://semiceu.github.io/GeoDCAT-AP/releases/3.1.0#dct:LicenseDocumentShape/322371a77364a50f049d46180f6192532eea26dc,UPSTREAM-POS-UPSTREAM-GEODCATAP-14BB4ACCF616B7E57ACD,UPSTREAM-NEG-UPSTREAM-GEODCATAP-14BB4ACCF616B7E57ACD
UPSTREAM-GEODCATAP-151ECE025590C5AA37EC,"[""geo"",""network""]","[""http://www.w3.org/ns/dcat#DatasetSeries""]",http://data.europa.eu/930/resourceProvider,MUST,,,"[""http://xmlns.com/foaf/0.1/Agent""]",[],Violation,"[{""language"":""ko"",""text"":""로컬 격리 증거: 원문 PropertyShape에는 메시지가 없으며 sh:class 제약을 검증한다."",""source"":""local-evidence"",""predicate"":null}]",MOLIT 로컬 적용 가이드(upstream 원문 보충 설명): <http://data.europa.eu/930/resourceProvider>의 모든 값에 rdf:type <http://xmlns.com/foaf/0.1/Agent>를 명시한다. 원문 constraint 값은 변경하지 않는다.,GeoDCAT-AP 3.1.0,"[""https://semiceu.github.io/GeoDCAT-AP/releases/3.1.0#DatasetSeries.resourceprovider""]",GeoDCAT-AP 3.1.0의 sh:class 제약을 변경 없이 채택한다. named PropertyShape의 원문 direct quad를 그대로 채택했다. 추가한 sh:targetNode는 격리 시험용이며 규범 의미를 바꾸지 않는다.,https://semiceu.github.io/GeoDCAT-AP/releases/3.1.0#dcat:DatasetSeriesShape/9169149cf5b5a794cac331851a3a1a92ff279293,UPSTREAM-POS-UPSTREAM-GEODCATAP-151ECE025590C5AA37EC,UPSTREAM-NEG-UPSTREAM-GEODCATAP-151ECE025590C5AA37EC
UPSTREAM-GEODCATAP-1552B90BAABF4FA71C2F,"[""geo"",""network""]","[""http://www.w3.org/ns/dcat#CatalogRecord""]",http://purl.org/dc/terms/rightsHolder,MUST,,,"[""http://www.w3.org/ns/shacl#BlankNodeOrIRI""]",[],Violation,"[{""language"":""ko"",""text"":""로컬 격리 증거: 원문 PropertyShape에는 메시지가 없으며 sh:nodeKind 제약을 검증한다."",""source"":""local-evidence"",""predicate"":null}]",MOLIT 로컬 적용 가이드(upstream 원문 보충 설명): <http://purl.org/dc/terms/rightsHolder> 값을 <http://www.w3.org/ns/shacl#BlankNodeOrIRI> node kind로 바꾼다. 원문 constraint 값은 변경하지 않는다.,GeoDCAT-AP 3.1.0,"[""https://semiceu.github.io/GeoDCAT-AP/releases/3.1.0#CatalogueRecord.rightsholder""]",GeoDCAT-AP 3.1.0의 sh:nodeKind 제약을 변경 없이 채택한다. named PropertyShape의 원문 direct quad를 그대로 채택했다. 추가한 sh:targetNode는 격리 시험용이며 규범 의미를 바꾸지 않는다.,https://semiceu.github.io/GeoDCAT-AP/releases/3.1.0#dcat:CatalogRecordShape/5247ab8155663a32970621a13083ea5813ec3ab7,UPSTREAM-POS-UPSTREAM-GEODCATAP-1552B90BAABF4FA71C2F,UPSTREAM-NEG-UPSTREAM-GEODCATAP-1552B90BAABF4FA71C2F
UPSTREAM-GEODCATAP-1554D660CEA1D3C1586C,"[""geo"",""network""]","[""http://www.w3.org/ns/dcat#Catalog""]",http://www.w3.org/ns/prov#qualifiedAttribution,MUST,,,"[""http://www.w3.org/ns/shacl#BlankNodeOrIRI""]",[],Violation,"[{""language"":""ko"",""text"":""로컬 격리 증거: 원문 PropertyShape에는 메시지가 없으며 sh:nodeKind 제약을 검증한다."",""source"":""local-evidence"",""predicate"":null}]",MOLIT 로컬 적용 가이드(upstream 원문 보충 설명): <http://www.w3.org/ns/prov#qualifiedAttribution> 값을 <http://www.w3.org/ns/shacl#BlankNodeOrIRI> node kind로 바꾼다. 원문 constraint 값은 변경하지 않는다.,GeoDCAT-AP 3.1.0,"[""https://semiceu.github.io/GeoDCAT-AP/releases/3.1.0#Catalogue.qualifiedattribution""]",GeoDCAT-AP 3.1.0의 sh:nodeKind 제약을 변경 없이 채택한다. named PropertyShape의 원문 direct quad를 그대로 채택했다. 추가한 sh:targetNode는 격리 시험용이며 규범 의미를 바꾸지 않는다.,https://semiceu.github.io/GeoDCAT-AP/releases/3.1.0#dcat:CatalogShape/baaa3d4a8f33f8b2b8c1d19c8d2817a75377145d,UPSTREAM-POS-UPSTREAM-GEODCATAP-1554D660CEA1D3C1586C,UPSTREAM-NEG-UPSTREAM-GEODCATAP-1554D660CEA1D3C1586C
UPSTREAM-GEODCATAP-15B3747D2D79155E2344,"[""geo"",""network""]","[""http://www.w3.org/ns/dcat#DataService""]",http://purl.org/dc/terms/temporal,MUST,,,"[""http://purl.org/dc/terms/PeriodOfTime""]",[],Violation,"[{""language"":""ko"",""text"":""로컬 격리 증거: 원문 PropertyShape에는 메시지가 없으며 sh:class 제약을 검증한다."",""source"":""local-evidence"",""predicate"":null}]",MOLIT 로컬 적용 가이드(upstream 원문 보충 설명): <http://purl.org/dc/terms/temporal>의 모든 값에 rdf:type <http://purl.org/dc/terms/PeriodOfTime>를 명시한다. 원문 constraint 값은 변경하지 않는다.,GeoDCAT-AP 3.1.0,"[""https://semiceu.github.io/GeoDCAT-AP/releases/3.1.0#DataService.temporalcoverage""]",GeoDCAT-AP 3.1.0의 sh:class 제약을 변경 없이 채택한다. named PropertyShape의 원문 direct quad를 그대로 채택했다. 추가한 sh:targetNode는 격리 시험용이며 규범 의미를 바꾸지 않는다.,https://semiceu.github.io/GeoDCAT-AP/releases/3.1.0#dcat:DataServiceShape/8e3b1c0888909beb09cd832b3145ad1f7abb1caa,UPSTREAM-POS-UPSTREAM-GEODCATAP-15B3747D2D79155E2344,UPSTREAM-NEG-UPSTREAM-GEODCATAP-15B3747D2D79155E2344
UPSTREAM-GEODCATAP-15F57C10001BECFCE67F,"[""geo"",""network""]","[""http://www.w3.org/ns/dcat#Dataset""]",http://www.w3.org/ns/adms#versionNotes,MUST,,,"[""http://www.w3.org/ns/shacl#Literal""]",[],Violation,"[{""language"":""ko"",""text"":""로컬 격리 증거: 원문 PropertyShape에는 메시지가 없으며 sh:nodeKind 제약을 검증한다."",""source"":""local-evidence"",""predicate"":null}]",MOLIT 로컬 적용 가이드(upstream 원문 보충 설명): <http://www.w3.org/ns/adms#versionNotes> 값을 <http://www.w3.org/ns/shacl#Literal> node kind로 바꾼다. 원문 constraint 값은 변경하지 않는다.,GeoDCAT-AP 3.1.0,"[""https://semiceu.github.io/GeoDCAT-AP/releases/3.1.0#Dataset.versionnotes""]",GeoDCAT-AP 3.1.0의 sh:nodeKind 제약을 변경 없이 채택한다. named PropertyShape의 원문 direct quad를 그대로 채택했다. 추가한 sh:targetNode는 격리 시험용이며 규범 의미를 바꾸지 않는다.,https://semiceu.github.io/GeoDCAT-AP/releases/3.1.0#dcat:DatasetShape/5ad428d8500be9b1d9580021b00aa767c33402bb,UPSTREAM-POS-UPSTREAM-GEODCATAP-15F57C10001BECFCE67F,UPSTREAM-NEG-UPSTREAM-GEODCATAP-15F57C10001BECFCE67F
UPSTREAM-GEODCATAP-161CE620C864C7BB7A11,"[""geo"",""network""]","[""http://www.w3.org/ns/dcat#Distribution""]",http://www.w3.org/ns/dcat#compressFormat,MUST,,1,[],[],Violation,"[{""language"":""ko"",""text"":""로컬 격리 증거: 원문 PropertyShape에는 메시지가 없으며 sh:maxCount 제약을 검증한다."",""source"":""local-evidence"",""predicate"":null}]",MOLIT 로컬 적용 가이드(upstream 원문 보충 설명): <http://www.w3.org/ns/dcat#compressFormat> 값을 1개 이하로 줄인다. 원문 constraint 값은 변경하지 않는다.,GeoDCAT-AP 3.1.0,"[""https://semiceu.github.io/GeoDCAT-AP/releases/3.1.0#Distribution.compressionformat""]",GeoDCAT-AP 3.1.0의 sh:maxCount 제약을 변경 없이 채택한다. named PropertyShape의 원문 direct quad를 그대로 채택했다. 추가한 sh:targetNode는 격리 시험용이며 규범 의미를 바꾸지 않는다.,https://semiceu.github.io/GeoDCAT-AP/releases/3.1.0#dcat:DistributionShape/205ef114fb269b0d7632e25b317a3e579ffc3954,UPSTREAM-POS-UPSTREAM-GEODCATAP-161CE620C864C7BB7A11,UPSTREAM-NEG-UPSTREAM-GEODCATAP-161CE620C864C7BB7A11
UPSTREAM-GEODCATAP-1712B02C9CD601A6E8E9,"[""geo"",""network""]","[""http://www.w3.org/ns/dcat#Dataset""]",http://purl.org/dc/terms/modified,MUST,,1,[],[],Violation,"[{""language"":""ko"",""text"":""로컬 격리 증거: 원문 PropertyShape에는 메시지가 없으며 sh:maxCount 제약을 검증한다."",""source"":""local-evidence"",""predicate"":null}]",MOLIT 로컬 적용 가이드(upstream 원문 보충 설명): <http://purl.org/dc/terms/modified> 값을 1개 이하로 줄인다. 원문 constraint 값은 변경하지 않는다.,GeoDCAT-AP 3.1.0,"[""https://semiceu.github.io/GeoDCAT-AP/releases/3.1.0#Dataset.modificationdate""]",GeoDCAT-AP 3.1.0의 sh:maxCount 제약을 변경 없이 채택한다. named PropertyShape의 원문 direct quad를 그대로 채택했다. 추가한 sh:targetNode는 격리 시험용이며 규범 의미를 바꾸지 않는다.,https://semiceu.github.io/GeoDCAT-AP/releases/3.1.0#dcat:DatasetShape/9e9d878c1c354206edc1d411f33c82d4d01e5a8f,UPSTREAM-POS-UPSTREAM-GEODCATAP-1712B02C9CD601A6E8E9,UPSTREAM-NEG-UPSTREAM-GEODCATAP-1712B02C9CD601A6E8E9
UPSTREAM-GEODCATAP-1731DB88C4A07873F9B9,"[""geo"",""network""]","[""http://www.w3.org/ns/locn#Address""]",http://www.w3.org/ns/locn#thoroughfare,MUST,,,"[""http://www.w3.org/ns/shacl#Literal""]",[],Violation,"[{""language"":""ko"",""text"":""로컬 격리 증거: 원문 PropertyShape에는 메시지가 없으며 sh:nodeKind 제약을 검증한다."",""source"":""local-evidence"",""predicate"":null}]",MOLIT 로컬 적용 가이드(upstream 원문 보충 설명): <http://www.w3.org/ns/locn#thoroughfare> 값을 <http://www.w3.org/ns/shacl#Literal> node kind로 바꾼다. 원문 constraint 값은 변경하지 않는다.,GeoDCAT-AP 3.1.0,"[""https://semiceu.github.io/GeoDCAT-AP/releases/3.1.0#Address(CoreLocation).streetaddress""]",GeoDCAT-AP 3.1.0의 sh:nodeKind 제약을 변경 없이 채택한다. named PropertyShape의 원문 direct quad를 그대로 채택했다. 추가한 sh:targetNode는 격리 시험용이며 규범 의미를 바꾸지 않는다.,https://semiceu.github.io/GeoDCAT-AP/releases/3.1.0#locn:AddressShape/3600d16af075596ea231283d76b3fd39021d34d6,UPSTREAM-POS-UPSTREAM-GEODCATAP-1731DB88C4A07873F9B9,UPSTREAM-NEG-UPSTREAM-GEODCATAP-1731DB88C4A07873F9B9
UPSTREAM-GEODCATAP-17A118C4D135434FFDBD,"[""geo"",""network""]","[""http://www.w3.org/ns/dcat#DataService""]",http://www.w3.org/ns/prov#qualifiedAttribution,MUST,,,"[""http://www.w3.org/ns/prov#Attribution""]",[],Violation,"[{""language"":""ko"",""text"":""로컬 격리 증거: 원문 PropertyShape에는 메시지가 없으며 sh:class 제약을 검증한다."",""source"":""local-evidence"",""predicate"":null}]",MOLIT 로컬 적용 가이드(upstream 원문 보충 설명): <http://www.w3.org/ns/prov#qualifiedAttribution>의 모든 값에 rdf:type <http://www.w3.org/ns/prov#Attribution>를 명시한다. 원문 constraint 값은 변경하지 않는다.,GeoDCAT-AP 3.1.0,"[""https://semiceu.github.io/GeoDCAT-AP/releases/3.1.0#DataService.qualifiedattribution""]",GeoDCAT-AP 3.1.0의 sh:class 제약을 변경 없이 채택한다. named PropertyShape의 원문 direct quad를 그대로 채택했다. 추가한 sh:targetNode는 격리 시험용이며 규범 의미를 바꾸지 않는다.,https://semiceu.github.io/GeoDCAT-AP/releases/3.1.0#dcat:DataServiceShape/837b9dc79bed1a4d15f6f9094b596dd177944ab6,UPSTREAM-POS-UPSTREAM-GEODCATAP-17A118C4D135434FFDBD,UPSTREAM-NEG-UPSTREAM-GEODCATAP-17A118C4D135434FFDBD
UPSTREAM-GEODCATAP-17D2328FFEAE651021CF,"[""geo"",""network""]","[""http://www.w3.org/ns/dcat#Distribution""]",http://www.w3.org/ns/dcat#accessService,MUST,,,"[""http://www.w3.org/ns/shacl#BlankNodeOrIRI""]",[],Violation,"[{""language"":""ko"",""text"":""로컬 격리 증거: 원문 PropertyShape에는 메시지가 없으며 sh:nodeKind 제약을 검증한다."",""source"":""local-evidence"",""predicate"":null}]",MOLIT 로컬 적용 가이드(upstream 원문 보충 설명): <http://www.w3.org/ns/dcat#accessService> 값을 <http://www.w3.org/ns/shacl#BlankNodeOrIRI> node kind로 바꾼다. 원문 constraint 값은 변경하지 않는다.,GeoDCAT-AP 3.1.0,"[""https://semiceu.github.io/GeoDCAT-AP/releases/3.1.0#Distribution.accessservice""]",GeoDCAT-AP 3.1.0의 sh:nodeKind 제약을 변경 없이 채택한다. named PropertyShape의 원문 direct quad를 그대로 채택했다. 추가한 sh:targetNode는 격리 시험용이며 규범 의미를 바꾸지 않는다.,https://semiceu.github.io/GeoDCAT-AP/releases/3.1.0#dcat:DistributionShape/23d4c038584493decec780192681ef61694bff7c,UPSTREAM-POS-UPSTREAM-GEODCATAP-17D2328FFEAE651021CF,UPSTREAM-NEG-UPSTREAM-GEODCATAP-17D2328FFEAE651021CF
UPSTREAM-GEODCATAP-18997A05ABBABAE07D89,"[""geo"",""network""]","[""http://www.w3.org/ns/dcat#Dataset""]",http://purl.org/dc/terms/isReferencedBy,MUST,,,"[""http://www.w3.org/ns/shacl#BlankNodeOrIRI""]",[],Violation,"[{""language"":""ko"",""text"":""로컬 격리 증거: 원문 PropertyShape에는 메시지가 없으며 sh:nodeKind 제약을 검증한다."",""source"":""local-evidence"",""predicate"":null}]",MOLIT 로컬 적용 가이드(upstream 원문 보충 설명): <http://purl.org/dc/terms/isReferencedBy> 값을 <http://www.w3.org/ns/shacl#BlankNodeOrIRI> node kind로 바꾼다. 원문 constraint 값은 변경하지 않는다.,GeoDCAT-AP 3.1.0,"[""https://semiceu.github.io/GeoDCAT-AP/releases/3.1.0#Dataset.isreferencedby""]",GeoDCAT-AP 3.1.0의 sh:nodeKind 제약을 변경 없이 채택한다. named PropertyShape의 원문 direct quad를 그대로 채택했다. 추가한 sh:targetNode는 격리 시험용이며 규범 의미를 바꾸지 않는다.,https://semiceu.github.io/GeoDCAT-AP/releases/3.1.0#dcat:DatasetShape/3f1fe87dc7be37001827234cfe37b5314b16efcc,UPSTREAM-POS-UPSTREAM-GEODCATAP-18997A05ABBABAE07D89,UPSTREAM-NEG-UPSTREAM-GEODCATAP-18997A05ABBABAE07D89
UPSTREAM-GEODCATAP-18F10B63D5FEC4149092,"[""geo"",""network""]","[""http://purl.org/dc/terms/Standard""]",http://purl.org/dc/terms/created,MUST,,,"[""http://www.w3.org/ns/shacl#Literal""]",[],Violation,"[{""language"":""ko"",""text"":""로컬 격리 증거: 원문 PropertyShape에는 메시지가 없으며 sh:nodeKind 제약을 검증한다."",""source"":""local-evidence"",""predicate"":null}]",MOLIT 로컬 적용 가이드(upstream 원문 보충 설명): <http://purl.org/dc/terms/created> 값을 <http://www.w3.org/ns/shacl#Literal> node kind로 바꾼다. 원문 constraint 값은 변경하지 않는다.,GeoDCAT-AP 3.1.0,"[""https://semiceu.github.io/GeoDCAT-AP/releases/3.1.0#Standard.creationdate""]",GeoDCAT-AP 3.1.0의 sh:nodeKind 제약을 변경 없이 채택한다. named PropertyShape의 원문 direct quad를 그대로 채택했다. 추가한 sh:targetNode는 격리 시험용이며 규범 의미를 바꾸지 않는다.,https://semiceu.github.io/GeoDCAT-AP/releases/3.1.0#dct:StandardShape/9ebdae98241e4f451997ba6a4a2252e28ea561d9,UPSTREAM-POS-UPSTREAM-GEODCATAP-18F10B63D5FEC4149092,UPSTREAM-NEG-UPSTREAM-GEODCATAP-18F10B63D5FEC4149092
UPSTREAM-GEODCATAP-190A70A074B73FE849A0,"[""geo"",""network""]","[""http://www.w3.org/ns/dcat#DatasetSeries""]",http://purl.org/dc/terms/created,MUST,,,"[""http://www.w3.org/ns/shacl#Literal""]",[],Violation,"[{""language"":""ko"",""text"":""로컬 격리 증거: 원문 PropertyShape에는 메시지가 없으며 sh:nodeKind 제약을 검증한다."",""source"":""local-evidence"",""predicate"":null}]",MOLIT 로컬 적용 가이드(upstream 원문 보충 설명): <http://purl.org/dc/terms/created> 값을 <http://www.w3.org/ns/shacl#Literal> node kind로 바꾼다. 원문 constraint 값은 변경하지 않는다.,GeoDCAT-AP 3.1.0,"[""https://semiceu.github.io/GeoDCAT-AP/releases/3.1.0#DatasetSeries.creationdate""]",GeoDCAT-AP 3.1.0의 sh:nodeKind 제약을 변경 없이 채택한다. named PropertyShape의 원문 direct quad를 그대로 채택했다. 추가한 sh:targetNode는 격리 시험용이며 규범 의미를 바꾸지 않는다.,https://semiceu.github.io/GeoDCAT-AP/releases/3.1.0#dcat:DatasetSeriesShape/9ebdae98241e4f451997ba6a4a2252e28ea561d9,UPSTREAM-POS-UPSTREAM-GEODCATAP-190A70A074B73FE849A0,UPSTREAM-NEG-UPSTREAM-GEODCATAP-190A70A074B73FE849A0
UPSTREAM-GEODCATAP-19265E945ED1DE4D05B0,"[""geo"",""network""]","[""http://www.w3.org/ns/dcat#DatasetSeries""]",http://purl.org/dc/terms/isReferencedBy,MUST,,,"[""http://www.w3.org/ns/shacl#BlankNodeOrIRI""]",[],Violation,"[{""language"":""ko"",""text"":""로컬 격리 증거: 원문 PropertyShape에는 메시지가 없으며 sh:nodeKind 제약을 검증한다."",""source"":""local-evidence"",""predicate"":null}]",MOLIT 로컬 적용 가이드(upstream 원문 보충 설명): <http://purl.org/dc/terms/isReferencedBy> 값을 <http://www.w3.org/ns/shacl#BlankNodeOrIRI> node kind로 바꾼다. 원문 constraint 값은 변경하지 않는다.,GeoDCAT-AP 3.1.0,"[""https://semiceu.github.io/GeoDCAT-AP/releases/3.1.0#DatasetSeries.isreferencedby""]",GeoDCAT-AP 3.1.0의 sh:nodeKind 제약을 변경 없이 채택한다. named PropertyShape의 원문 direct quad를 그대로 채택했다. 추가한 sh:targetNode는 격리 시험용이며 규범 의미를 바꾸지 않는다.,https://semiceu.github.io/GeoDCAT-AP/releases/3.1.0#dcat:DatasetSeriesShape/3f1fe87dc7be37001827234cfe37b5314b16efcc,UPSTREAM-POS-UPSTREAM-GEODCATAP-19265E945ED1DE4D05B0,UPSTREAM-NEG-UPSTREAM-GEODCATAP-19265E945ED1DE4D05B0
UPSTREAM-GEODCATAP-1CCBAAB990437C0E98F2,"[""geo"",""network""]","[""http://www.w3.org/ns/dcat#DatasetSeries""]",http://www.w3.org/ns/dcat#contactPoint,MUST,,,"[""http://www.w3.org/ns/shacl#BlankNodeOrIRI""]",[],Violation,"[{""language"":""ko"",""text"":""로컬 격리 증거: 원문 PropertyShape에는 메시지가 없으며 sh:nodeKind 제약을 검증한다."",""source"":""local-evidence"",""predicate"":null}]",MOLIT 로컬 적용 가이드(upstream 원문 보충 설명): <http://www.w3.org/ns/dcat#contactPoint> 값을 <http://www.w3.org/ns/shacl#BlankNodeOrIRI> node kind로 바꾼다. 원문 constraint 값은 변경하지 않는다.,GeoDCAT-AP 3.1.0,"[""https://semiceu.github.io/GeoDCAT-AP/releases/3.1.0#DatasetSeries.contactpoint""]",GeoDCAT-AP 3.1.0의 sh:nodeKind 제약을 변경 없이 채택한다. named PropertyShape의 원문 direct quad를 그대로 채택했다. 추가한 sh:targetNode는 격리 시험용이며 규범 의미를 바꾸지 않는다.,https://semiceu.github.io/GeoDCAT-AP/releases/3.1.0#dcat:DatasetSeriesShape/9adf9f5890592909cf3e67021ae7ab4f895a7745,UPSTREAM-POS-UPSTREAM-GEODCATAP-1CCBAAB990437C0E98F2,UPSTREAM-NEG-UPSTREAM-GEODCATAP-1CCBAAB990437C0E98F2
UPSTREAM-GEODCATAP-1D223179EACC80DBCFC9,"[""geo"",""network""]","[""http://www.w3.org/ns/dcat#DataService""]",http://www.w3.org/ns/dcat#landingPage,MUST,,,"[""http://www.w3.org/ns/shacl#BlankNodeOrIRI""]",[],Violation,"[{""language"":""ko"",""text"":""로컬 격리 증거: 원문 PropertyShape에는 메시지가 없으며 sh:nodeKind 제약을 검증한다."",""source"":""local-evidence"",""predicate"":null}]",MOLIT 로컬 적용 가이드(upstream 원문 보충 설명): <http://www.w3.org/ns/dcat#landingPage> 값을 <http://www.w3.org/ns/shacl#BlankNodeOrIRI> node kind로 바꾼다. 원문 constraint 값은 변경하지 않는다.,GeoDCAT-AP 3.1.0,"[""https://semiceu.github.io/GeoDCAT-AP/releases/3.1.0#DataService.landingpage""]",GeoDCAT-AP 3.1.0의 sh:nodeKind 제약을 변경 없이 채택한다. named PropertyShape의 원문 direct quad를 그대로 채택했다. 추가한 sh:targetNode는 격리 시험용이며 규범 의미를 바꾸지 않는다.,https://semiceu.github.io/GeoDCAT-AP/releases/3.1.0#dcat:DataServiceShape/30e78cd98aa6cd5dbc31678289abb5e0cc0b55c7,UPSTREAM-POS-UPSTREAM-GEODCATAP-1D223179EACC80DBCFC9,UPSTREAM-NEG-UPSTREAM-GEODCATAP-1D223179EACC80DBCFC9
UPSTREAM-GEODCATAP-1D4A6376855752EDC7D6,"[""geo"",""network""]","[""http://www.w3.org/ns/dcat#Dataset""]",http://purl.org/dc/terms/created,MUST,,,"[""http://www.w3.org/ns/shacl#Literal""]",[],Violation,"[{""language"":""ko"",""text"":""로컬 격리 증거: 원문 PropertyShape에는 메시지가 없으며 sh:nodeKind 제약을 검증한다."",""source"":""local-evidence"",""predicate"":null}]",MOLIT 로컬 적용 가이드(upstream 원문 보충 설명): <http://purl.org/dc/terms/created> 값을 <http://www.w3.org/ns/shacl#Literal> node kind로 바꾼다. 원문 constraint 값은 변경하지 않는다.,GeoDCAT-AP 3.1.0,"[""https://semiceu.github.io/GeoDCAT-AP/releases/3.1.0#Dataset.creationdate""]",GeoDCAT-AP 3.1.0의 sh:nodeKind 제약을 변경 없이 채택한다. named PropertyShape의 원문 direct quad를 그대로 채택했다. 추가한 sh:targetNode는 격리 시험용이며 규범 의미를 바꾸지 않는다.,https://semiceu.github.io/GeoDCAT-AP/releases/3.1.0#dcat:DatasetShape/9ebdae98241e4f451997ba6a4a2252e28ea561d9,UPSTREAM-POS-UPSTREAM-GEODCATAP-1D4A6376855752EDC7D6,UPSTREAM-NEG-UPSTREAM-GEODCATAP-1D4A6376855752EDC7D6
UPSTREAM-GEODCATAP-1D7DF8108C0A1EFBCCA6,"[""geo"",""network""]","[""http://www.w3.org/ns/dcat#DataService""]",http://purl.org/dc/terms/conformsTo,MUST,,,"[""http://www.w3.org/ns/shacl#BlankNodeOrIRI""]",[],Violation,"[{""language"":""ko"",""text"":""로컬 격리 증거: 원문 PropertyShape에는 메시지가 없으며 sh:nodeKind 제약을 검증한다."",""source"":""local-evidence"",""predicate"":null}]",MOLIT 로컬 적용 가이드(upstream 원문 보충 설명): <http://purl.org/dc/terms/conformsTo> 값을 <http://www.w3.org/ns/shacl#BlankNodeOrIRI> node kind로 바꾼다. 원문 constraint 값은 변경하지 않는다.,GeoDCAT-AP 3.1.0,"[""https://semiceu.github.io/GeoDCAT-AP/releases/3.1.0#DataService.conformsto""]",GeoDCAT-AP 3.1.0의 sh:nodeKind 제약을 변경 없이 채택한다. named PropertyShape의 원문 direct quad를 그대로 채택했다. 추가한 sh:targetNode는 격리 시험용이며 규범 의미를 바꾸지 않는다.,https://semiceu.github.io/GeoDCAT-AP/releases/3.1.0#dcat:DataServiceShape/08118c51bfc41b71d11f3a58e9410da74e6480e6,UPSTREAM-POS-UPSTREAM-GEODCATAP-1D7DF8108C0A1EFBCCA6,UPSTREAM-NEG-UPSTREAM-GEODCATAP-1D7DF8108C0A1EFBCCA6
UPSTREAM-GEODCATAP-1DBE17471E7862044DB5,"[""geo"",""network""]","[""http://www.w3.org/ns/dcat#DataService""]",http://purl.org/dc/terms/publisher,MUST,,,"[""http://xmlns.com/foaf/0.1/Agent""]",[],Violation,"[{""language"":""ko"",""text"":""로컬 격리 증거: 원문 PropertyShape에는 메시지가 없으며 sh:class 제약을 검증한다."",""source"":""local-evidence"",""predicate"":null}]",MOLIT 로컬 적용 가이드(upstream 원문 보충 설명): <http://purl.org/dc/terms/publisher>의 모든 값에 rdf:type <http://xmlns.com/foaf/0.1/Agent>를 명시한다. 원문 constraint 값은 변경하지 않는다.,GeoDCAT-AP 3.1.0,"[""https://semiceu.github.io/GeoDCAT-AP/releases/3.1.0#DataService.publisher""]",GeoDCAT-AP 3.1.0의 sh:class 제약을 변경 없이 채택한다. named PropertyShape의 원문 direct quad를 그대로 채택했다. 추가한 sh:targetNode는 격리 시험용이며 규범 의미를 바꾸지 않는다.,https://semiceu.github.io/GeoDCAT-AP/releases/3.1.0#dcat:DataServiceShape/b3ec0655204c62a2531244aaeab12f1a2c5e5b5d,UPSTREAM-POS-UPSTREAM-GEODCATAP-1DBE17471E7862044DB5,UPSTREAM-NEG-UPSTREAM-GEODCATAP-1DBE17471E7862044DB5
UPSTREAM-GEODCATAP-1DF6F0C4189FE729E3D8,"[""geo"",""network""]","[""http://purl.org/dc/terms/Standard""]",http://purl.org/dc/terms/issued,MUST,,1,[],[],Violation,"[{""language"":""ko"",""text"":""로컬 격리 증거: 원문 PropertyShape에는 메시지가 없으며 sh:maxCount 제약을 검증한다."",""source"":""local-evidence"",""predicate"":null}]",MOLIT 로컬 적용 가이드(upstream 원문 보충 설명): <http://purl.org/dc/terms/issued> 값을 1개 이하로 줄인다. 원문 constraint 값은 변경하지 않는다.,GeoDCAT-AP 3.1.0,"[""https://semiceu.github.io/GeoDCAT-AP/releases/3.1.0#Standard.releasedate""]",GeoDCAT-AP 3.1.0의 sh:maxCount 제약을 변경 없이 채택한다. named PropertyShape의 원문 direct quad를 그대로 채택했다. 추가한 sh:targetNode는 격리 시험용이며 규범 의미를 바꾸지 않는다.,https://semiceu.github.io/GeoDCAT-AP/releases/3.1.0#dct:StandardShape/b362d2bdbbe8ba1c689e5554cca2bcbd295546de,UPSTREAM-POS-UPSTREAM-GEODCATAP-1DF6F0C4189FE729E3D8,UPSTREAM-NEG-UPSTREAM-GEODCATAP-1DF6F0C4189FE729E3D8
UPSTREAM-GEODCATAP-1F2246B9E93BBDCFFDA7,"[""geo"",""network""]","[""http://www.w3.org/ns/dcat#Dataset""]",http://purl.org/dc/terms/title,MUST,1,,[],[],Violation,"[{""language"":""ko"",""text"":""로컬 격리 증거: 원문 PropertyShape에는 메시지가 없으며 sh:minCount 제약을 검증한다."",""source"":""local-evidence"",""predicate"":null}]",MOLIT 로컬 적용 가이드(upstream 원문 보충 설명): <http://purl.org/dc/terms/title> 값을 1개 이상 제공한다. 원문 constraint 값은 변경하지 않는다.,GeoDCAT-AP 3.1.0,"[""https://semiceu.github.io/GeoDCAT-AP/releases/3.1.0#Dataset.title""]",GeoDCAT-AP 3.1.0의 sh:minCount 제약을 변경 없이 채택한다. named PropertyShape의 원문 direct quad를 그대로 채택했다. 추가한 sh:targetNode는 격리 시험용이며 규범 의미를 바꾸지 않는다.,https://semiceu.github.io/GeoDCAT-AP/releases/3.1.0#dcat:DatasetShape/f8b02efd063b8089b72ce9677a1e4a3488eeb9a9,UPSTREAM-POS-UPSTREAM-GEODCATAP-1F2246B9E93BBDCFFDA7,UPSTREAM-NEG-UPSTREAM-GEODCATAP-1F2246B9E93BBDCFFDA7
UPSTREAM-GEODCATAP-1F48FEB6E6FE2657A7D8,"[""geo"",""network""]","[""http://xmlns.com/foaf/0.1/Agent""]",http://purl.org/dc/terms/type,MUST,,,"[""http://www.w3.org/ns/shacl#BlankNodeOrIRI""]",[],Violation,"[{""language"":""ko"",""text"":""로컬 격리 증거: 원문 PropertyShape에는 메시지가 없으며 sh:nodeKind 제약을 검증한다."",""source"":""local-evidence"",""predicate"":null}]",MOLIT 로컬 적용 가이드(upstream 원문 보충 설명): <http://purl.org/dc/terms/type> 값을 <http://www.w3.org/ns/shacl#BlankNodeOrIRI> node kind로 바꾼다. 원문 constraint 값은 변경하지 않는다.,GeoDCAT-AP 3.1.0,"[""https://semiceu.github.io/GeoDCAT-AP/releases/3.1.0#Agent.type""]",GeoDCAT-AP 3.1.0의 sh:nodeKind 제약을 변경 없이 채택한다. named PropertyShape의 원문 direct quad를 그대로 채택했다. 추가한 sh:targetNode는 격리 시험용이며 규범 의미를 바꾸지 않는다.,https://semiceu.github.io/GeoDCAT-AP/releases/3.1.0#foaf:AgentShape/4f381639bb6e021939f65b4f41409d1edaeade9b,UPSTREAM-POS-UPSTREAM-GEODCATAP-1F48FEB6E6FE2657A7D8,UPSTREAM-NEG-UPSTREAM-GEODCATAP-1F48FEB6E6FE2657A7D8
UPSTREAM-GEODCATAP-1F5E1205FE6D928CB805,"[""geo"",""network""]","[""http://www.w3.org/ns/dcat#Dataset""]",http://data.europa.eu/930/user,MUST,,,"[""http://www.w3.org/ns/shacl#BlankNodeOrIRI""]",[],Violation,"[{""language"":""ko"",""text"":""로컬 격리 증거: 원문 PropertyShape에는 메시지가 없으며 sh:nodeKind 제약을 검증한다."",""source"":""local-evidence"",""predicate"":null}]",MOLIT 로컬 적용 가이드(upstream 원문 보충 설명): <http://data.europa.eu/930/user> 값을 <http://www.w3.org/ns/shacl#BlankNodeOrIRI> node kind로 바꾼다. 원문 constraint 값은 변경하지 않는다.,GeoDCAT-AP 3.1.0,"[""https://semiceu.github.io/GeoDCAT-AP/releases/3.1.0#Dataset.user""]",GeoDCAT-AP 3.1.0의 sh:nodeKind 제약을 변경 없이 채택한다. named PropertyShape의 원문 direct quad를 그대로 채택했다. 추가한 sh:targetNode는 격리 시험용이며 규범 의미를 바꾸지 않는다.,https://semiceu.github.io/GeoDCAT-AP/releases/3.1.0#dcat:DatasetShape/ba3b4487b5271499cada905fb8fb4869a540fbb2,UPSTREAM-POS-UPSTREAM-GEODCATAP-1F5E1205FE6D928CB805,UPSTREAM-NEG-UPSTREAM-GEODCATAP-1F5E1205FE6D928CB805
UPSTREAM-GEODCATAP-2003EBEF33D6EF80E292,"[""geo"",""network""]","[""http://www.w3.org/ns/dcat#DatasetSeries""]",http://purl.org/dc/terms/issued,MUST,,,"[""http://www.w3.org/ns/shacl#Literal""]",[],Violation,"[{""language"":""ko"",""text"":""로컬 격리 증거: 원문 PropertyShape에는 메시지가 없으며 sh:nodeKind 제약을 검증한다."",""source"":""local-evidence"",""predicate"":null}]",MOLIT 로컬 적용 가이드(upstream 원문 보충 설명): <http://purl.org/dc/terms/issued> 값을 <http://www.w3.org/ns/shacl#Literal> node kind로 바꾼다. 원문 constraint 값은 변경하지 않는다.,GeoDCAT-AP 3.1.0,"[""https://semiceu.github.io/GeoDCAT-AP/releases/3.1.0#DatasetSeries.releasedate""]",GeoDCAT-AP 3.1.0의 sh:nodeKind 제약을 변경 없이 채택한다. named PropertyShape의 원문 direct quad를 그대로 채택했다. 추가한 sh:targetNode는 격리 시험용이며 규범 의미를 바꾸지 않는다.,https://semiceu.github.io/GeoDCAT-AP/releases/3.1.0#dcat:DatasetSeriesShape/4be37093e4c3ba0d5b5a18ef6b97778d6d689392,UPSTREAM-POS-UPSTREAM-GEODCATAP-2003EBEF33D6EF80E292,UPSTREAM-NEG-UPSTREAM-GEODCATAP-2003EBEF33D6EF80E292
UPSTREAM-GEODCATAP-20A8B2C2ADB8741C50B7,"[""geo"",""network""]","[""http://www.w3.org/2006/vcard/ns#Kind""]",http://www.w3.org/2006/vcard/ns#hasAddress,MUST,,,"[""http://www.w3.org/ns/shacl#BlankNodeOrIRI""]",[],Violation,"[{""language"":""ko"",""text"":""로컬 격리 증거: 원문 PropertyShape에는 메시지가 없으며 sh:nodeKind 제약을 검증한다."",""source"":""local-evidence"",""predicate"":null}]",MOLIT 로컬 적용 가이드(upstream 원문 보충 설명): <http://www.w3.org/2006/vcard/ns#hasAddress> 값을 <http://www.w3.org/ns/shacl#BlankNodeOrIRI> node kind로 바꾼다. 원문 constraint 값은 변경하지 않는다.,GeoDCAT-AP 3.1.0,"[""https://semiceu.github.io/GeoDCAT-AP/releases/3.1.0#Kind.address""]",GeoDCAT-AP 3.1.0의 sh:nodeKind 제약을 변경 없이 채택한다. named PropertyShape의 원문 direct quad를 그대로 채택했다. 추가한 sh:targetNode는 격리 시험용이며 규범 의미를 바꾸지 않는다.,https://semiceu.github.io/GeoDCAT-AP/releases/3.1.0#vcard:KindShape/2c7d994dd540f92c116cac913e2aa5d588945f1f,UPSTREAM-POS-UPSTREAM-GEODCATAP-20A8B2C2ADB8741C50B7,UPSTREAM-NEG-UPSTREAM-GEODCATAP-20A8B2C2ADB8741C50B7
UPSTREAM-GEODCATAP-20CE9AD0DA9A788221DA,"[""geo"",""network""]","[""http://www.w3.org/ns/dcat#DataService""]",http://purl.org/dc/terms/modified,MUST,,,"[""http://www.w3.org/ns/shacl#Literal""]",[],Violation,"[{""language"":""ko"",""text"":""로컬 격리 증거: 원문 PropertyShape에는 메시지가 없으며 sh:nodeKind 제약을 검증한다."",""source"":""local-evidence"",""predicate"":null}]",MOLIT 로컬 적용 가이드(upstream 원문 보충 설명): <http://purl.org/dc/terms/modified> 값을 <http://www.w3.org/ns/shacl#Literal> node kind로 바꾼다. 원문 constraint 값은 변경하지 않는다.,GeoDCAT-AP 3.1.0,"[""https://semiceu.github.io/GeoDCAT-AP/releases/3.1.0#DataService.modificationdate""]",GeoDCAT-AP 3.1.0의 sh:nodeKind 제약을 변경 없이 채택한다. named PropertyShape의 원문 direct quad를 그대로 채택했다. 추가한 sh:targetNode는 격리 시험용이며 규범 의미를 바꾸지 않는다.,https://semiceu.github.io/GeoDCAT-AP/releases/3.1.0#dcat:DataServiceShape/6b7242b6b89977700c05e4875131fbb975c4235e,UPSTREAM-POS-UPSTREAM-GEODCATAP-20CE9AD0DA9A788221DA,UPSTREAM-NEG-UPSTREAM-GEODCATAP-20CE9AD0DA9A788221DA
UPSTREAM-GEODCATAP-20FDFEC58538F3FDB8F4,"[""geo"",""network""]","[""http://www.w3.org/ns/dcat#Catalog""]",http://data.europa.eu/930/user,MUST,,,"[""http://xmlns.com/foaf/0.1/Agent""]",[],Violation,"[{""language"":""ko"",""text"":""로컬 격리 증거: 원문 PropertyShape에는 메시지가 없으며 sh:class 제약을 검증한다."",""source"":""local-evidence"",""predicate"":null}]",MOLIT 로컬 적용 가이드(upstream 원문 보충 설명): <http://data.europa.eu/930/user>의 모든 값에 rdf:type <http://xmlns.com/foaf/0.1/Agent>를 명시한다. 원문 constraint 값은 변경하지 않는다.,GeoDCAT-AP 3.1.0,"[""https://semiceu.github.io/GeoDCAT-AP/releases/3.1.0#Catalogue.user""]",GeoDCAT-AP 3.1.0의 sh:class 제약을 변경 없이 채택한다. named PropertyShape의 원문 direct quad를 그대로 채택했다. 추가한 sh:targetNode는 격리 시험용이며 규범 의미를 바꾸지 않는다.,https://semiceu.github.io/GeoDCAT-AP/releases/3.1.0#dcat:CatalogShape/ca4e7adcf7fe2a967e2808cac6e379bc9877c1e8,UPSTREAM-POS-UPSTREAM-GEODCATAP-20FDFEC58538F3FDB8F4,UPSTREAM-NEG-UPSTREAM-GEODCATAP-20FDFEC58538F3FDB8F4
UPSTREAM-GEODCATAP-22C68C29FAAD084DACFC,"[""geo"",""network""]","[""http://www.w3.org/ns/dcat#Catalog""]",http://purl.org/dc/terms/license,MUST,,,"[""http://www.w3.org/ns/shacl#BlankNodeOrIRI""]",[],Violation,"[{""language"":""ko"",""text"":""로컬 격리 증거: 원문 PropertyShape에는 메시지가 없으며 sh:nodeKind 제약을 검증한다."",""source"":""local-evidence"",""predicate"":null}]",MOLIT 로컬 적용 가이드(upstream 원문 보충 설명): <http://purl.org/dc/terms/license> 값을 <http://www.w3.org/ns/shacl#BlankNodeOrIRI> node kind로 바꾼다. 원문 constraint 값은 변경하지 않는다.,GeoDCAT-AP 3.1.0,"[""https://semiceu.github.io/GeoDCAT-AP/releases/3.1.0#Catalogue.licence""]",GeoDCAT-AP 3.1.0의 sh:nodeKind 제약을 변경 없이 채택한다. named PropertyShape의 원문 direct quad를 그대로 채택했다. 추가한 sh:targetNode는 격리 시험용이며 규범 의미를 바꾸지 않는다.,https://semiceu.github.io/GeoDCAT-AP/releases/3.1.0#dcat:CatalogShape/f30149ffb6ec9d00dd5866b052105729fa27d02a,UPSTREAM-POS-UPSTREAM-GEODCATAP-22C68C29FAAD084DACFC,UPSTREAM-NEG-UPSTREAM-GEODCATAP-22C68C29FAAD084DACFC
UPSTREAM-GEODCATAP-231F007BEDA24965D766,"[""geo"",""network""]","[""http://www.w3.org/ns/dcat#Dataset""]",http://www.w3.org/ns/dcat#contactPoint,MUST,,,"[""http://www.w3.org/ns/shacl#BlankNodeOrIRI""]",[],Violation,"[{""language"":""ko"",""text"":""로컬 격리 증거: 원문 PropertyShape에는 메시지가 없으며 sh:nodeKind 제약을 검증한다."",""source"":""local-evidence"",""predicate"":null}]",MOLIT 로컬 적용 가이드(upstream 원문 보충 설명): <http://www.w3.org/ns/dcat#contactPoint> 값을 <http://www.w3.org/ns/shacl#BlankNodeOrIRI> node kind로 바꾼다. 원문 constraint 값은 변경하지 않는다.,GeoDCAT-AP 3.1.0,"[""https://semiceu.github.io/GeoDCAT-AP/releases/3.1.0#Dataset.contactpoint""]",GeoDCAT-AP 3.1.0의 sh:nodeKind 제약을 변경 없이 채택한다. named PropertyShape의 원문 direct quad를 그대로 채택했다. 추가한 sh:targetNode는 격리 시험용이며 규범 의미를 바꾸지 않는다.,https://semiceu.github.io/GeoDCAT-AP/releases/3.1.0#dcat:DatasetShape/9adf9f5890592909cf3e67021ae7ab4f895a7745,UPSTREAM-POS-UPSTREAM-GEODCATAP-231F007BEDA24965D766,UPSTREAM-NEG-UPSTREAM-GEODCATAP-231F007BEDA24965D766
UPSTREAM-GEODCATAP-233EBD8D0E98D9C5E501,"[""geo"",""network""]","[""http://www.w3.org/2006/vcard/ns#Address""]",http://www.w3.org/2006/vcard/ns#country-name,MUST,,1,[],[],Violation,"[{""language"":""ko"",""text"":""로컬 격리 증거: 원문 PropertyShape에는 메시지가 없으며 sh:maxCount 제약을 검증한다."",""source"":""local-evidence"",""predicate"":null}]",MOLIT 로컬 적용 가이드(upstream 원문 보충 설명): <http://www.w3.org/2006/vcard/ns#country-name> 값을 1개 이하로 줄인다. 원문 constraint 값은 변경하지 않는다.,GeoDCAT-AP 3.1.0,"[""https://semiceu.github.io/GeoDCAT-AP/releases/3.1.0#Address(vCard).country""]",GeoDCAT-AP 3.1.0의 sh:maxCount 제약을 변경 없이 채택한다. named PropertyShape의 원문 direct quad를 그대로 채택했다. 추가한 sh:targetNode는 격리 시험용이며 규범 의미를 바꾸지 않는다.,https://semiceu.github.io/GeoDCAT-AP/releases/3.1.0#vcard:AddressShape/21fd2e018915cd010aee64c9aa451a414a1ad052,UPSTREAM-POS-UPSTREAM-GEODCATAP-233EBD8D0E98D9C5E501,UPSTREAM-NEG-UPSTREAM-GEODCATAP-233EBD8D0E98D9C5E501
UPSTREAM-GEODCATAP-23EF5C4C880E7C67D48E,"[""geo"",""network""]","[""http://www.w3.org/ns/dcat#CatalogRecord""]",http://purl.org/dc/terms/modified,MUST,,1,[],[],Violation,"[{""language"":""ko"",""text"":""로컬 격리 증거: 원문 PropertyShape에는 메시지가 없으며 sh:maxCount 제약을 검증한다."",""source"":""local-evidence"",""predicate"":null}]",MOLIT 로컬 적용 가이드(upstream 원문 보충 설명): <http://purl.org/dc/terms/modified> 값을 1개 이하로 줄인다. 원문 constraint 값은 변경하지 않는다.,GeoDCAT-AP 3.1.0,"[""https://semiceu.github.io/GeoDCAT-AP/releases/3.1.0#CatalogueRecord.modificationdate""]",GeoDCAT-AP 3.1.0의 sh:maxCount 제약을 변경 없이 채택한다. named PropertyShape의 원문 direct quad를 그대로 채택했다. 추가한 sh:targetNode는 격리 시험용이며 규범 의미를 바꾸지 않는다.,https://semiceu.github.io/GeoDCAT-AP/releases/3.1.0#dcat:CatalogRecordShape/9e9d878c1c354206edc1d411f33c82d4d01e5a8f,UPSTREAM-POS-UPSTREAM-GEODCATAP-23EF5C4C880E7C67D48E,UPSTREAM-NEG-UPSTREAM-GEODCATAP-23EF5C4C880E7C67D48E
UPSTREAM-GEODCATAP-23F3DB8054FC7322B39B,"[""geo"",""network""]","[""http://www.w3.org/ns/dcat#Dataset""]",http://data.europa.eu/930/spatialResolutionAsText,MUST,,,"[""http://www.w3.org/ns/shacl#Literal""]",[],Violation,"[{""language"":""ko"",""text"":""로컬 격리 증거: 원문 PropertyShape에는 메시지가 없으며 sh:nodeKind 제약을 검증한다."",""source"":""local-evidence"",""predicate"":null}]",MOLIT 로컬 적용 가이드(upstream 원문 보충 설명): <http://data.europa.eu/930/spatialResolutionAsText> 값을 <http://www.w3.org/ns/shacl#Literal> node kind로 바꾼다. 원문 constraint 값은 변경하지 않는다.,GeoDCAT-AP 3.1.0,"[""https://semiceu.github.io/GeoDCAT-AP/releases/3.1.0#Dataset.spatialresolutionastext""]",GeoDCAT-AP 3.1.0의 sh:nodeKind 제약을 변경 없이 채택한다. named PropertyShape의 원문 direct quad를 그대로 채택했다. 추가한 sh:targetNode는 격리 시험용이며 규범 의미를 바꾸지 않는다.,https://semiceu.github.io/GeoDCAT-AP/releases/3.1.0#dcat:DatasetShape/8800b7f9f5c99f91633b1231bc40964e69b021de,UPSTREAM-POS-UPSTREAM-GEODCATAP-23F3DB8054FC7322B39B,UPSTREAM-NEG-UPSTREAM-GEODCATAP-23F3DB8054FC7322B39B
UPSTREAM-GEODCATAP-24A3E301447F8D169D52,"[""geo"",""network""]","[""http://www.w3.org/ns/dcat#Catalog""]",http://purl.org/dc/terms/rightsHolder,MUST,,,"[""http://xmlns.com/foaf/0.1/Agent""]",[],Violation,"[{""language"":""ko"",""text"":""로컬 격리 증거: 원문 PropertyShape에는 메시지가 없으며 sh:class 제약을 검증한다."",""source"":""local-evidence"",""predicate"":null}]",MOLIT 로컬 적용 가이드(upstream 원문 보충 설명): <http://purl.org/dc/terms/rightsHolder>의 모든 값에 rdf:type <http://xmlns.com/foaf/0.1/Agent>를 명시한다. 원문 constraint 값은 변경하지 않는다.,GeoDCAT-AP 3.1.0,"[""https://semiceu.github.io/GeoDCAT-AP/releases/3.1.0#Catalogue.rightsholder""]",GeoDCAT-AP 3.1.0의 sh:class 제약을 변경 없이 채택한다. named PropertyShape의 원문 direct quad를 그대로 채택했다. 추가한 sh:targetNode는 격리 시험용이며 규범 의미를 바꾸지 않는다.,https://semiceu.github.io/GeoDCAT-AP/releases/3.1.0#dcat:CatalogShape/35ed9ae46f019b6d5aea75addba75b4c87cb6fc5,UPSTREAM-POS-UPSTREAM-GEODCATAP-24A3E301447F8D169D52,UPSTREAM-NEG-UPSTREAM-GEODCATAP-24A3E301447F8D169D52
UPSTREAM-GEODCATAP-24C301E71E69D9A0B56F,"[""geo"",""network""]","[""http://purl.org/dc/terms/PeriodOfTime""]",http://www.w3.org/ns/dcat#endDate,MUST,,1,[],[],Violation,"[{""language"":""ko"",""text"":""로컬 격리 증거: 원문 PropertyShape에는 메시지가 없으며 sh:maxCount 제약을 검증한다."",""source"":""local-evidence"",""predicate"":null}]",MOLIT 로컬 적용 가이드(upstream 원문 보충 설명): <http://www.w3.org/ns/dcat#endDate> 값을 1개 이하로 줄인다. 원문 constraint 값은 변경하지 않는다.,GeoDCAT-AP 3.1.0,"[""https://semiceu.github.io/GeoDCAT-AP/releases/3.1.0#PeriodofTime.enddate""]",GeoDCAT-AP 3.1.0의 sh:maxCount 제약을 변경 없이 채택한다. named PropertyShape의 원문 direct quad를 그대로 채택했다. 추가한 sh:targetNode는 격리 시험용이며 규범 의미를 바꾸지 않는다.,https://semiceu.github.io/GeoDCAT-AP/releases/3.1.0#dct:PeriodOfTimeShape/734ca37cb57eb7386e624ca5375d566ae94864ef,UPSTREAM-POS-UPSTREAM-GEODCATAP-24C301E71E69D9A0B56F,UPSTREAM-NEG-UPSTREAM-GEODCATAP-24C301E71E69D9A0B56F
UPSTREAM-GEODCATAP-24DFEB7B3E24A4BCCFD8,"[""geo"",""network""]","[""http://www.w3.org/ns/prov#Plan""]",http://www.w3.org/ns/prov#wasDerivedFrom,MUST,,,"[""http://www.w3.org/ns/shacl#BlankNodeOrIRI""]",[],Violation,"[{""language"":""ko"",""text"":""로컬 격리 증거: 원문 PropertyShape에는 메시지가 없으며 sh:nodeKind 제약을 검증한다."",""source"":""local-evidence"",""predicate"":null}]",MOLIT 로컬 적용 가이드(upstream 원문 보충 설명): <http://www.w3.org/ns/prov#wasDerivedFrom> 값을 <http://www.w3.org/ns/shacl#BlankNodeOrIRI> node kind로 바꾼다. 원문 constraint 값은 변경하지 않는다.,GeoDCAT-AP 3.1.0,"[""https://semiceu.github.io/GeoDCAT-AP/releases/3.1.0#TestPlan.wasderivedfrom""]",GeoDCAT-AP 3.1.0의 sh:nodeKind 제약을 변경 없이 채택한다. named PropertyShape의 원문 direct quad를 그대로 채택했다. 추가한 sh:targetNode는 격리 시험용이며 규범 의미를 바꾸지 않는다.,https://semiceu.github.io/GeoDCAT-AP/releases/3.1.0#prov:PlanShape/ce37d8e2fe42017819f28e245fc2fc97474d1f1a,UPSTREAM-POS-UPSTREAM-GEODCATAP-24DFEB7B3E24A4BCCFD8,UPSTREAM-NEG-UPSTREAM-GEODCATAP-24DFEB7B3E24A4BCCFD8
UPSTREAM-GEODCATAP-250E4E289A76BA519DB1,"[""geo"",""network""]","[""http://www.w3.org/2006/vcard/ns#Address""]",http://www.w3.org/2006/vcard/ns#street-address,MUST,,1,[],[],Violation,"[{""language"":""ko"",""text"":""로컬 격리 증거: 원문 PropertyShape에는 메시지가 없으며 sh:maxCount 제약을 검증한다."",""source"":""local-evidence"",""predicate"":null}]",MOLIT 로컬 적용 가이드(upstream 원문 보충 설명): <http://www.w3.org/2006/vcard/ns#street-address> 값을 1개 이하로 줄인다. 원문 constraint 값은 변경하지 않는다.,GeoDCAT-AP 3.1.0,"[""https://semiceu.github.io/GeoDCAT-AP/releases/3.1.0#Address(vCard).streetaddress""]",GeoDCAT-AP 3.1.0의 sh:maxCount 제약을 변경 없이 채택한다. named PropertyShape의 원문 direct quad를 그대로 채택했다. 추가한 sh:targetNode는 격리 시험용이며 규범 의미를 바꾸지 않는다.,https://semiceu.github.io/GeoDCAT-AP/releases/3.1.0#vcard:AddressShape/c053bb4ab74094ab01d8385a0428c50994b3b5a6,UPSTREAM-POS-UPSTREAM-GEODCATAP-250E4E289A76BA519DB1,UPSTREAM-NEG-UPSTREAM-GEODCATAP-250E4E289A76BA519DB1
UPSTREAM-GEODCATAP-256AAD0D4AB5F11EB406,"[""geo"",""network""]","[""http://www.w3.org/ns/dcat#DataService""]",http://purl.org/dc/terms/accessRights,MUST,,,"[""http://purl.org/dc/terms/RightsStatement""]",[],Violation,"[{""language"":""ko"",""text"":""로컬 격리 증거: 원문 PropertyShape에는 메시지가 없으며 sh:class 제약을 검증한다."",""source"":""local-evidence"",""predicate"":null}]",MOLIT 로컬 적용 가이드(upstream 원문 보충 설명): <http://purl.org/dc/terms/accessRights>의 모든 값에 rdf:type <http://purl.org/dc/terms/RightsStatement>를 명시한다. 원문 constraint 값은 변경하지 않는다.,GeoDCAT-AP 3.1.0,"[""https://semiceu.github.io/GeoDCAT-AP/releases/3.1.0#DataService.accessrights""]",GeoDCAT-AP 3.1.0의 sh:class 제약을 변경 없이 채택한다. named PropertyShape의 원문 direct quad를 그대로 채택했다. 추가한 sh:targetNode는 격리 시험용이며 규범 의미를 바꾸지 않는다.,https://semiceu.github.io/GeoDCAT-AP/releases/3.1.0#dcat:DataServiceShape/ee60fdd4b8581460f5fc4077813b8bb3e3d77441,UPSTREAM-POS-UPSTREAM-GEODCATAP-256AAD0D4AB5F11EB406,UPSTREAM-NEG-UPSTREAM-GEODCATAP-256AAD0D4AB5F11EB406
UPSTREAM-GEODCATAP-25DAF35F7DDC03A0AA34,"[""geo"",""network""]","[""http://www.w3.org/ns/dcat#DataService""]",http://www.w3.org/ns/dcat#theme,MUST,,,"[""http://www.w3.org/ns/shacl#BlankNodeOrIRI""]",[],Violation,"[{""language"":""ko"",""text"":""로컬 격리 증거: 원문 PropertyShape에는 메시지가 없으며 sh:nodeKind 제약을 검증한다."",""source"":""local-evidence"",""predicate"":null}]",MOLIT 로컬 적용 가이드(upstream 원문 보충 설명): <http://www.w3.org/ns/dcat#theme> 값을 <http://www.w3.org/ns/shacl#BlankNodeOrIRI> node kind로 바꾼다. 원문 constraint 값은 변경하지 않는다.,GeoDCAT-AP 3.1.0,"[""https://semiceu.github.io/GeoDCAT-AP/releases/3.1.0#DataService.theme""]",GeoDCAT-AP 3.1.0의 sh:nodeKind 제약을 변경 없이 채택한다. named PropertyShape의 원문 direct quad를 그대로 채택했다. 추가한 sh:targetNode는 격리 시험용이며 규범 의미를 바꾸지 않는다.,https://semiceu.github.io/GeoDCAT-AP/releases/3.1.0#dcat:DataServiceShape/9678e29dc284ba14312bf01cd0a581b960b77a08,UPSTREAM-POS-UPSTREAM-GEODCATAP-25DAF35F7DDC03A0AA34,UPSTREAM-NEG-UPSTREAM-GEODCATAP-25DAF35F7DDC03A0AA34
UPSTREAM-GEODCATAP-26549132D7132C661D8F,"[""geo"",""network""]","[""http://www.w3.org/ns/dcat#Dataset""]",http://www.w3.org/ns/dcat#hasVersion,MUST,,,"[""http://www.w3.org/ns/shacl#BlankNodeOrIRI""]",[],Violation,"[{""language"":""ko"",""text"":""로컬 격리 증거: 원문 PropertyShape에는 메시지가 없으며 sh:nodeKind 제약을 검증한다."",""source"":""local-evidence"",""predicate"":null}]",MOLIT 로컬 적용 가이드(upstream 원문 보충 설명): <http://www.w3.org/ns/dcat#hasVersion> 값을 <http://www.w3.org/ns/shacl#BlankNodeOrIRI> node kind로 바꾼다. 원문 constraint 값은 변경하지 않는다.,GeoDCAT-AP 3.1.0,"[""https://semiceu.github.io/GeoDCAT-AP/releases/3.1.0#Dataset.hasversion""]",GeoDCAT-AP 3.1.0의 sh:nodeKind 제약을 변경 없이 채택한다. named PropertyShape의 원문 direct quad를 그대로 채택했다. 추가한 sh:targetNode는 격리 시험용이며 규범 의미를 바꾸지 않는다.,https://semiceu.github.io/GeoDCAT-AP/releases/3.1.0#dcat:DatasetShape/cee351ca7e459eb55734fce188a2216ea0cc2b6a,UPSTREAM-POS-UPSTREAM-GEODCATAP-26549132D7132C661D8F,UPSTREAM-NEG-UPSTREAM-GEODCATAP-26549132D7132C661D8F
UPSTREAM-GEODCATAP-268B0FC753C234D30F0A,"[""geo"",""network""]","[""http://www.w3.org/ns/dcat#DataService""]",http://data.europa.eu/930/topicCategory,MUST,,,"[""http://www.w3.org/ns/shacl#BlankNodeOrIRI""]",[],Violation,"[{""language"":""ko"",""text"":""로컬 격리 증거: 원문 PropertyShape에는 메시지가 없으며 sh:nodeKind 제약을 검증한다."",""source"":""local-evidence"",""predicate"":null}]",MOLIT 로컬 적용 가이드(upstream 원문 보충 설명): <http://data.europa.eu/930/topicCategory> 값을 <http://www.w3.org/ns/shacl#BlankNodeOrIRI> node kind로 바꾼다. 원문 constraint 값은 변경하지 않는다.,GeoDCAT-AP 3.1.0,"[""https://semiceu.github.io/GeoDCAT-AP/releases/3.1.0#DataService.topiccategory""]",GeoDCAT-AP 3.1.0의 sh:nodeKind 제약을 변경 없이 채택한다. named PropertyShape의 원문 direct quad를 그대로 채택했다. 추가한 sh:targetNode는 격리 시험용이며 규범 의미를 바꾸지 않는다.,https://semiceu.github.io/GeoDCAT-AP/releases/3.1.0#dcat:DataServiceShape/0e5c385ece75dfd05b0a7b0b8009a08bed49ebed,UPSTREAM-POS-UPSTREAM-GEODCATAP-268B0FC753C234D30F0A,UPSTREAM-NEG-UPSTREAM-GEODCATAP-268B0FC753C234D30F0A
UPSTREAM-GEODCATAP-26E4D72BFF17A9D0D7BC,"[""geo"",""network""]","[""http://www.w3.org/ns/dcat#Dataset""]",http://data.europa.eu/930/topicCategory,MUST,,,"[""http://www.w3.org/2004/02/skos/core#Concept""]",[],Violation,"[{""language"":""ko"",""text"":""로컬 격리 증거: 원문 PropertyShape에는 메시지가 없으며 sh:class 제약을 검증한다."",""source"":""local-evidence"",""predicate"":null}]",MOLIT 로컬 적용 가이드(upstream 원문 보충 설명): <http://data.europa.eu/930/topicCategory>의 모든 값에 rdf:type <http://www.w3.org/2004/02/skos/core#Concept>를 명시한다. 원문 constraint 값은 변경하지 않는다.,GeoDCAT-AP 3.1.0,"[""https://semiceu.github.io/GeoDCAT-AP/releases/3.1.0#Dataset.topiccategory""]",GeoDCAT-AP 3.1.0의 sh:class 제약을 변경 없이 채택한다. named PropertyShape의 원문 direct quad를 그대로 채택했다. 추가한 sh:targetNode는 격리 시험용이며 규범 의미를 바꾸지 않는다.,https://semiceu.github.io/GeoDCAT-AP/releases/3.1.0#dcat:DatasetShape/7e81f1a1332766b4be433580d64a6ec4b1530493,UPSTREAM-POS-UPSTREAM-GEODCATAP-26E4D72BFF17A9D0D7BC,UPSTREAM-NEG-UPSTREAM-GEODCATAP-26E4D72BFF17A9D0D7BC
UPSTREAM-GEODCATAP-26F51A24FD0A21FC102F,"[""geo"",""network""]","[""http://www.w3.org/ns/dcat#DatasetSeries""]",http://purl.org/dc/terms/identifier,MUST,,,"[""http://www.w3.org/ns/shacl#Literal""]",[],Violation,"[{""language"":""ko"",""text"":""로컬 격리 증거: 원문 PropertyShape에는 메시지가 없으며 sh:nodeKind 제약을 검증한다."",""source"":""local-evidence"",""predicate"":null}]",MOLIT 로컬 적용 가이드(upstream 원문 보충 설명): <http://purl.org/dc/terms/identifier> 값을 <http://www.w3.org/ns/shacl#Literal> node kind로 바꾼다. 원문 constraint 값은 변경하지 않는다.,GeoDCAT-AP 3.1.0,"[""https://semiceu.github.io/GeoDCAT-AP/releases/3.1.0#DatasetSeries.identifier""]",GeoDCAT-AP 3.1.0의 sh:nodeKind 제약을 변경 없이 채택한다. named PropertyShape의 원문 direct quad를 그대로 채택했다. 추가한 sh:targetNode는 격리 시험용이며 규범 의미를 바꾸지 않는다.,https://semiceu.github.io/GeoDCAT-AP/releases/3.1.0#dcat:DatasetSeriesShape/aadbd67a77a624f073be2076627fb9dc883cbe48,UPSTREAM-POS-UPSTREAM-GEODCATAP-26F51A24FD0A21FC102F,UPSTREAM-NEG-UPSTREAM-GEODCATAP-26F51A24FD0A21FC102F
UPSTREAM-GEODCATAP-274D27EF539DE30D5480,"[""geo"",""network""]","[""http://spdx.org/rdf/terms#Checksum""]",http://spdx.org/rdf/terms#checksumValue,MUST,1,,[],[],Violation,"[{""language"":""ko"",""text"":""로컬 격리 증거: 원문 PropertyShape에는 메시지가 없으며 sh:minCount 제약을 검증한다."",""source"":""local-evidence"",""predicate"":null}]",MOLIT 로컬 적용 가이드(upstream 원문 보충 설명): <http://spdx.org/rdf/terms#checksumValue> 값을 1개 이상 제공한다. 원문 constraint 값은 변경하지 않는다.,GeoDCAT-AP 3.1.0,"[""https://semiceu.github.io/GeoDCAT-AP/releases/3.1.0#Checksum.checksumvalue""]",GeoDCAT-AP 3.1.0의 sh:minCount 제약을 변경 없이 채택한다. named PropertyShape의 원문 direct quad를 그대로 채택했다. 추가한 sh:targetNode는 격리 시험용이며 규범 의미를 바꾸지 않는다.,https://semiceu.github.io/GeoDCAT-AP/releases/3.1.0#spdx:ChecksumShape/c0f60a484249a358c0632ef47551529f01cd5833,UPSTREAM-POS-UPSTREAM-GEODCATAP-274D27EF539DE30D5480,UPSTREAM-NEG-UPSTREAM-GEODCATAP-274D27EF539DE30D5480
UPSTREAM-GEODCATAP-275DC0AB9B6BAA4664B9,"[""geo"",""network""]","[""http://www.w3.org/ns/dcat#Distribution""]",http://data.europa.eu/r5r/availability,MUST,,,"[""http://www.w3.org/2004/02/skos/core#Concept""]",[],Violation,"[{""language"":""ko"",""text"":""로컬 격리 증거: 원문 PropertyShape에는 메시지가 없으며 sh:class 제약을 검증한다."",""source"":""local-evidence"",""predicate"":null}]",MOLIT 로컬 적용 가이드(upstream 원문 보충 설명): <http://data.europa.eu/r5r/availability>의 모든 값에 rdf:type <http://www.w3.org/2004/02/skos/core#Concept>를 명시한다. 원문 constraint 값은 변경하지 않는다.,GeoDCAT-AP 3.1.0,"[""https://semiceu.github.io/GeoDCAT-AP/releases/3.1.0#Distribution.availability""]",GeoDCAT-AP 3.1.0의 sh:class 제약을 변경 없이 채택한다. named PropertyShape의 원문 direct quad를 그대로 채택했다. 추가한 sh:targetNode는 격리 시험용이며 규범 의미를 바꾸지 않는다.,https://semiceu.github.io/GeoDCAT-AP/releases/3.1.0#dcat:DistributionShape/9a496b0d6c38eb05e46fa6c5ad11981f19fbbce4,UPSTREAM-POS-UPSTREAM-GEODCATAP-275DC0AB9B6BAA4664B9,UPSTREAM-NEG-UPSTREAM-GEODCATAP-275DC0AB9B6BAA4664B9
UPSTREAM-GEODCATAP-28A77A0DF11701DAA776,"[""geo"",""network""]","[""http://www.w3.org/ns/dcat#Distribution""]",http://xmlns.com/foaf/0.1/page,MUST,,,"[""http://xmlns.com/foaf/0.1/Document""]",[],Violation,"[{""language"":""ko"",""text"":""로컬 격리 증거: 원문 PropertyShape에는 메시지가 없으며 sh:class 제약을 검증한다."",""source"":""local-evidence"",""predicate"":null}]",MOLIT 로컬 적용 가이드(upstream 원문 보충 설명): <http://xmlns.com/foaf/0.1/page>의 모든 값에 rdf:type <http://xmlns.com/foaf/0.1/Document>를 명시한다. 원문 constraint 값은 변경하지 않는다.,GeoDCAT-AP 3.1.0,"[""https://semiceu.github.io/GeoDCAT-AP/releases/3.1.0#Distribution.documentation""]",GeoDCAT-AP 3.1.0의 sh:class 제약을 변경 없이 채택한다. named PropertyShape의 원문 direct quad를 그대로 채택했다. 추가한 sh:targetNode는 격리 시험용이며 규범 의미를 바꾸지 않는다.,https://semiceu.github.io/GeoDCAT-AP/releases/3.1.0#dcat:DistributionShape/68388ec47b77212d80036e8a02e9956f5ba0e0f5,UPSTREAM-POS-UPSTREAM-GEODCATAP-28A77A0DF11701DAA776,UPSTREAM-NEG-UPSTREAM-GEODCATAP-28A77A0DF11701DAA776
UPSTREAM-GEODCATAP-296E34316C8B088C4DC4,"[""geo"",""network""]","[""http://www.w3.org/ns/dcat#Distribution""]",http://www.w3.org/ns/dcat#byteSize,MUST,,1,[],[],Violation,"[{""language"":""ko"",""text"":""로컬 격리 증거: 원문 PropertyShape에는 메시지가 없으며 sh:maxCount 제약을 검증한다."",""source"":""local-evidence"",""predicate"":null}]",MOLIT 로컬 적용 가이드(upstream 원문 보충 설명): <http://www.w3.org/ns/dcat#byteSize> 값을 1개 이하로 줄인다. 원문 constraint 값은 변경하지 않는다.,GeoDCAT-AP 3.1.0,"[""https://semiceu.github.io/GeoDCAT-AP/releases/3.1.0#Distribution.bytesize""]",GeoDCAT-AP 3.1.0의 sh:maxCount 제약을 변경 없이 채택한다. named PropertyShape의 원문 direct quad를 그대로 채택했다. 추가한 sh:targetNode는 격리 시험용이며 규범 의미를 바꾸지 않는다.,https://semiceu.github.io/GeoDCAT-AP/releases/3.1.0#dcat:DistributionShape/f635b26fbf54b0114a70dd22929ed87f5f34b230,UPSTREAM-POS-UPSTREAM-GEODCATAP-296E34316C8B088C4DC4,UPSTREAM-NEG-UPSTREAM-GEODCATAP-296E34316C8B088C4DC4
UPSTREAM-GEODCATAP-29E014445F2750E15B73,"[""geo"",""network""]","[""http://www.w3.org/ns/dcat#Dataset""]",http://data.europa.eu/930/resourceType,MUST,,,"[""http://www.w3.org/2004/02/skos/core#Concept""]",[],Violation,"[{""language"":""ko"",""text"":""로컬 격리 증거: 원문 PropertyShape에는 메시지가 없으며 sh:class 제약을 검증한다."",""source"":""local-evidence"",""predicate"":null}]",MOLIT 로컬 적용 가이드(upstream 원문 보충 설명): <http://data.europa.eu/930/resourceType>의 모든 값에 rdf:type <http://www.w3.org/2004/02/skos/core#Concept>를 명시한다. 원문 constraint 값은 변경하지 않는다.,GeoDCAT-AP 3.1.0,"[""https://semiceu.github.io/GeoDCAT-AP/releases/3.1.0#Dataset.resourcetype""]",GeoDCAT-AP 3.1.0의 sh:class 제약을 변경 없이 채택한다. named PropertyShape의 원문 direct quad를 그대로 채택했다. 추가한 sh:targetNode는 격리 시험용이며 규범 의미를 바꾸지 않는다.,https://semiceu.github.io/GeoDCAT-AP/releases/3.1.0#dcat:DatasetShape/00bd195f813949c75d02f8a5916b9697bb4eb89f,UPSTREAM-POS-UPSTREAM-GEODCATAP-29E014445F2750E15B73,UPSTREAM-NEG-UPSTREAM-GEODCATAP-29E014445F2750E15B73
UPSTREAM-GEODCATAP-2ACC25173986FC2392A1,"[""geo"",""network""]","[""http://www.w3.org/ns/dcat#Dataset""]",http://purl.org/dc/terms/source,MUST,,,"[""http://www.w3.org/ns/dcat#Dataset""]",[],Violation,"[{""language"":""ko"",""text"":""로컬 격리 증거: 원문 PropertyShape에는 메시지가 없으며 sh:class 제약을 검증한다."",""source"":""local-evidence"",""predicate"":null}]",MOLIT 로컬 적용 가이드(upstream 원문 보충 설명): <http://purl.org/dc/terms/source>의 모든 값에 rdf:type <http://www.w3.org/ns/dcat#Dataset>를 명시한다. 원문 constraint 값은 변경하지 않는다.,GeoDCAT-AP 3.1.0,"[""https://semiceu.github.io/GeoDCAT-AP/releases/3.1.0#Dataset.source""]",GeoDCAT-AP 3.1.0의 sh:class 제약을 변경 없이 채택한다. named PropertyShape의 원문 direct quad를 그대로 채택했다. 추가한 sh:targetNode는 격리 시험용이며 규범 의미를 바꾸지 않는다.,https://semiceu.github.io/GeoDCAT-AP/releases/3.1.0#dcat:DatasetShape/2d388ed1a94fa93a83fb179a4ecb339b2566b790,UPSTREAM-POS-UPSTREAM-GEODCATAP-2ACC25173986FC2392A1,UPSTREAM-NEG-UPSTREAM-GEODCATAP-2ACC25173986FC2392A1
UPSTREAM-GEODCATAP-2BE774F884A80644DDE5,"[""geo"",""network""]","[""http://www.w3.org/ns/dcat#CatalogRecord""]",http://purl.org/dc/terms/conformsTo,MUST,,,"[""http://purl.org/dc/terms/Standard""]",[],Violation,"[{""language"":""ko"",""text"":""로컬 격리 증거: 원문 PropertyShape에는 메시지가 없으며 sh:class 제약을 검증한다."",""source"":""local-evidence"",""predicate"":null}]",MOLIT 로컬 적용 가이드(upstream 원문 보충 설명): <http://purl.org/dc/terms/conformsTo>의 모든 값에 rdf:type <http://purl.org/dc/terms/Standard>를 명시한다. 원문 constraint 값은 변경하지 않는다.,GeoDCAT-AP 3.1.0,"[""https://semiceu.github.io/GeoDCAT-AP/releases/3.1.0#CatalogueRecord.applicationprofile""]",GeoDCAT-AP 3.1.0의 sh:class 제약을 변경 없이 채택한다. named PropertyShape의 원문 direct quad를 그대로 채택했다. 추가한 sh:targetNode는 격리 시험용이며 규범 의미를 바꾸지 않는다.,https://semiceu.github.io/GeoDCAT-AP/releases/3.1.0#dcat:CatalogRecordShape/31d5e2e3aa43e34f78e4557b9a8c4e7507c4948b,UPSTREAM-POS-UPSTREAM-GEODCATAP-2BE774F884A80644DDE5,UPSTREAM-NEG-UPSTREAM-GEODCATAP-2BE774F884A80644DDE5
UPSTREAM-GEODCATAP-2C33CADCE6B7B1829C89,"[""geo"",""network""]","[""http://www.w3.org/ns/dcat#Dataset""]",http://www.w3.org/ns/adms#identifier,MUST,,,"[""http://www.w3.org/ns/shacl#BlankNodeOrIRI""]",[],Violation,"[{""language"":""ko"",""text"":""로컬 격리 증거: 원문 PropertyShape에는 메시지가 없으며 sh:nodeKind 제약을 검증한다."",""source"":""local-evidence"",""predicate"":null}]",MOLIT 로컬 적용 가이드(upstream 원문 보충 설명): <http://www.w3.org/ns/adms#identifier> 값을 <http://www.w3.org/ns/shacl#BlankNodeOrIRI> node kind로 바꾼다. 원문 constraint 값은 변경하지 않는다.,GeoDCAT-AP 3.1.0,"[""https://semiceu.github.io/GeoDCAT-AP/releases/3.1.0#Dataset.otheridentifier""]",GeoDCAT-AP 3.1.0의 sh:nodeKind 제약을 변경 없이 채택한다. named PropertyShape의 원문 direct quad를 그대로 채택했다. 추가한 sh:targetNode는 격리 시험용이며 규범 의미를 바꾸지 않는다.,https://semiceu.github.io/GeoDCAT-AP/releases/3.1.0#dcat:DatasetShape/016e621848f36eb558335ecb98b4b24cb2447d37,UPSTREAM-POS-UPSTREAM-GEODCATAP-2C33CADCE6B7B1829C89,UPSTREAM-NEG-UPSTREAM-GEODCATAP-2C33CADCE6B7B1829C89
UPSTREAM-GEODCATAP-2DEDD9803EFCD985ED1D,"[""geo"",""network""]","[""http://www.w3.org/ns/dcat#CatalogRecord""]",http://xmlns.com/foaf/0.1/primaryTopic,MUST,,,"[""http://www.w3.org/ns/shacl#BlankNodeOrIRI""]",[],Violation,"[{""language"":""ko"",""text"":""로컬 격리 증거: 원문 PropertyShape에는 메시지가 없으며 sh:nodeKind 제약을 검증한다."",""source"":""local-evidence"",""predicate"":null}]",MOLIT 로컬 적용 가이드(upstream 원문 보충 설명): <http://xmlns.com/foaf/0.1/primaryTopic> 값을 <http://www.w3.org/ns/shacl#BlankNodeOrIRI> node kind로 바꾼다. 원문 constraint 값은 변경하지 않는다.,GeoDCAT-AP 3.1.0,"[""https://semiceu.github.io/GeoDCAT-AP/releases/3.1.0#CatalogueRecord.primarytopic""]",GeoDCAT-AP 3.1.0의 sh:nodeKind 제약을 변경 없이 채택한다. named PropertyShape의 원문 direct quad를 그대로 채택했다. 추가한 sh:targetNode는 격리 시험용이며 규범 의미를 바꾸지 않는다.,https://semiceu.github.io/GeoDCAT-AP/releases/3.1.0#dcat:CatalogRecordShape/387c76a64757677cc2b899f0c4a20803263a0449,UPSTREAM-POS-UPSTREAM-GEODCATAP-2DEDD9803EFCD985ED1D,UPSTREAM-NEG-UPSTREAM-GEODCATAP-2DEDD9803EFCD985ED1D
UPSTREAM-GEODCATAP-2E0519649CA52F12B846,"[""geo"",""network""]","[""http://www.w3.org/ns/dcat#DatasetSeries""]",http://purl.org/dc/terms/title,MUST,,,"[""http://www.w3.org/ns/shacl#Literal""]",[],Violation,"[{""language"":""ko"",""text"":""로컬 격리 증거: 원문 PropertyShape에는 메시지가 없으며 sh:nodeKind 제약을 검증한다."",""source"":""local-evidence"",""predicate"":null}]",MOLIT 로컬 적용 가이드(upstream 원문 보충 설명): <http://purl.org/dc/terms/title> 값을 <http://www.w3.org/ns/shacl#Literal> node kind로 바꾼다. 원문 constraint 값은 변경하지 않는다.,GeoDCAT-AP 3.1.0,"[""https://semiceu.github.io/GeoDCAT-AP/releases/3.1.0#DatasetSeries.title""]",GeoDCAT-AP 3.1.0의 sh:nodeKind 제약을 변경 없이 채택한다. named PropertyShape의 원문 direct quad를 그대로 채택했다. 추가한 sh:targetNode는 격리 시험용이며 규범 의미를 바꾸지 않는다.,https://semiceu.github.io/GeoDCAT-AP/releases/3.1.0#dcat:DatasetSeriesShape/d5d74574f70f9a979535f3624608f88180dd0c97,UPSTREAM-POS-UPSTREAM-GEODCATAP-2E0519649CA52F12B846,UPSTREAM-NEG-UPSTREAM-GEODCATAP-2E0519649CA52F12B846
UPSTREAM-GEODCATAP-2E0814D284E0D5490CBA,"[""geo"",""network""]","[""http://purl.org/dc/terms/Standard""]",http://purl.org/dc/terms/identifier,MUST,,,"[""http://www.w3.org/ns/shacl#Literal""]",[],Violation,"[{""language"":""ko"",""text"":""로컬 격리 증거: 원문 PropertyShape에는 메시지가 없으며 sh:nodeKind 제약을 검증한다."",""source"":""local-evidence"",""predicate"":null}]",MOLIT 로컬 적용 가이드(upstream 원문 보충 설명): <http://purl.org/dc/terms/identifier> 값을 <http://www.w3.org/ns/shacl#Literal> node kind로 바꾼다. 원문 constraint 값은 변경하지 않는다.,GeoDCAT-AP 3.1.0,"[""https://semiceu.github.io/GeoDCAT-AP/releases/3.1.0#Standard.identifier""]",GeoDCAT-AP 3.1.0의 sh:nodeKind 제약을 변경 없이 채택한다. named PropertyShape의 원문 direct quad를 그대로 채택했다. 추가한 sh:targetNode는 격리 시험용이며 규범 의미를 바꾸지 않는다.,https://semiceu.github.io/GeoDCAT-AP/releases/3.1.0#dct:StandardShape/aadbd67a77a624f073be2076627fb9dc883cbe48,UPSTREAM-POS-UPSTREAM-GEODCATAP-2E0814D284E0D5490CBA,UPSTREAM-NEG-UPSTREAM-GEODCATAP-2E0814D284E0D5490CBA
UPSTREAM-GEODCATAP-2E40654F15C872044C6D,"[""geo"",""network""]","[""http://purl.org/dc/terms/Location""]",http://www.w3.org/ns/locn#geometry,MUST,,,"[""http://www.w3.org/ns/shacl#BlankNodeOrIRI""]",[],Violation,"[{""language"":""ko"",""text"":""로컬 격리 증거: 원문 PropertyShape에는 메시지가 없으며 sh:nodeKind 제약을 검증한다."",""source"":""local-evidence"",""predicate"":null}]",MOLIT 로컬 적용 가이드(upstream 원문 보충 설명): <http://www.w3.org/ns/locn#geometry> 값을 <http://www.w3.org/ns/shacl#BlankNodeOrIRI> node kind로 바꾼다. 원문 constraint 값은 변경하지 않는다.,GeoDCAT-AP 3.1.0,"[""https://semiceu.github.io/GeoDCAT-AP/releases/3.1.0#Location.geometry""]",GeoDCAT-AP 3.1.0의 sh:nodeKind 제약을 변경 없이 채택한다. named PropertyShape의 원문 direct quad를 그대로 채택했다. 추가한 sh:targetNode는 격리 시험용이며 규범 의미를 바꾸지 않는다.,https://semiceu.github.io/GeoDCAT-AP/releases/3.1.0#dct:LocationShape/d0b958cd33e8ef1bc031edaf2859b44db128a644,UPSTREAM-POS-UPSTREAM-GEODCATAP-2E40654F15C872044C6D,UPSTREAM-NEG-UPSTREAM-GEODCATAP-2E40654F15C872044C6D
UPSTREAM-GEODCATAP-2E774CFC66DF70020F94,"[""geo"",""network""]","[""http://www.w3.org/2004/02/skos/core#ConceptScheme""]",http://purl.org/dc/terms/title,MUST,1,,[],[],Violation,"[{""language"":""ko"",""text"":""로컬 격리 증거: 원문 PropertyShape에는 메시지가 없으며 sh:minCount 제약을 검증한다."",""source"":""local-evidence"",""predicate"":null}]",MOLIT 로컬 적용 가이드(upstream 원문 보충 설명): <http://purl.org/dc/terms/title> 값을 1개 이상 제공한다. 원문 constraint 값은 변경하지 않는다.,GeoDCAT-AP 3.1.0,"[""https://semiceu.github.io/GeoDCAT-AP/releases/3.1.0#ConceptScheme.title""]",GeoDCAT-AP 3.1.0의 sh:minCount 제약을 변경 없이 채택한다. named PropertyShape의 원문 direct quad를 그대로 채택했다. 추가한 sh:targetNode는 격리 시험용이며 규범 의미를 바꾸지 않는다.,https://semiceu.github.io/GeoDCAT-AP/releases/3.1.0#skos:ConceptSchemeShape/f8b02efd063b8089b72ce9677a1e4a3488eeb9a9,UPSTREAM-POS-UPSTREAM-GEODCATAP-2E774CFC66DF70020F94,UPSTREAM-NEG-UPSTREAM-GEODCATAP-2E774CFC66DF70020F94
UPSTREAM-GEODCATAP-2F01FE22B7D3DC8FAB01,"[""geo"",""network""]","[""http://www.w3.org/ns/dcat#Dataset""]",http://purl.org/dc/terms/language,MUST,,,"[""http://www.w3.org/ns/shacl#BlankNodeOrIRI""]",[],Violation,"[{""language"":""ko"",""text"":""로컬 격리 증거: 원문 PropertyShape에는 메시지가 없으며 sh:nodeKind 제약을 검증한다."",""source"":""local-evidence"",""predicate"":null}]",MOLIT 로컬 적용 가이드(upstream 원문 보충 설명): <http://purl.org/dc/terms/language> 값을 <http://www.w3.org/ns/shacl#BlankNodeOrIRI> node kind로 바꾼다. 원문 constraint 값은 변경하지 않는다.,GeoDCAT-AP 3.1.0,"[""https://semiceu.github.io/GeoDCAT-AP/releases/3.1.0#Dataset.language""]",GeoDCAT-AP 3.1.0의 sh:nodeKind 제약을 변경 없이 채택한다. named PropertyShape의 원문 direct quad를 그대로 채택했다. 추가한 sh:targetNode는 격리 시험용이며 규범 의미를 바꾸지 않는다.,https://semiceu.github.io/GeoDCAT-AP/releases/3.1.0#dcat:DatasetShape/db878f1cb93930f64561d0504123c66feacfad5a,UPSTREAM-POS-UPSTREAM-GEODCATAP-2F01FE22B7D3DC8FAB01,UPSTREAM-NEG-UPSTREAM-GEODCATAP-2F01FE22B7D3DC8FAB01
UPSTREAM-GEODCATAP-2F24366E5A7501FEBBC4,"[""geo"",""network""]","[""http://www.w3.org/ns/dcat#Catalog""]",http://purl.org/dc/terms/publisher,MUST,,,"[""http://www.w3.org/ns/shacl#BlankNodeOrIRI""]",[],Violation,"[{""language"":""ko"",""text"":""로컬 격리 증거: 원문 PropertyShape에는 메시지가 없으며 sh:nodeKind 제약을 검증한다."",""source"":""local-evidence"",""predicate"":null}]",MOLIT 로컬 적용 가이드(upstream 원문 보충 설명): <http://purl.org/dc/terms/publisher> 값을 <http://www.w3.org/ns/shacl#BlankNodeOrIRI> node kind로 바꾼다. 원문 constraint 값은 변경하지 않는다.,GeoDCAT-AP 3.1.0,"[""https://semiceu.github.io/GeoDCAT-AP/releases/3.1.0#Catalogue.publisher""]",GeoDCAT-AP 3.1.0의 sh:nodeKind 제약을 변경 없이 채택한다. named PropertyShape의 원문 direct quad를 그대로 채택했다. 추가한 sh:targetNode는 격리 시험용이며 규범 의미를 바꾸지 않는다.,https://semiceu.github.io/GeoDCAT-AP/releases/3.1.0#dcat:CatalogShape/93f73e69bb03d2928fcf758a253ef316becdf9b9,UPSTREAM-POS-UPSTREAM-GEODCATAP-2F24366E5A7501FEBBC4,UPSTREAM-NEG-UPSTREAM-GEODCATAP-2F24366E5A7501FEBBC4
UPSTREAM-GEODCATAP-2F8EA8BFF01097B6595F,"[""geo"",""network""]","[""http://www.w3.org/ns/dcat#Dataset""]",http://purl.org/dc/terms/publisher,MUST,,,"[""http://xmlns.com/foaf/0.1/Agent""]",[],Violation,"[{""language"":""ko"",""text"":""로컬 격리 증거: 원문 PropertyShape에는 메시지가 없으며 sh:class 제약을 검증한다."",""source"":""local-evidence"",""predicate"":null}]",MOLIT 로컬 적용 가이드(upstream 원문 보충 설명): <http://purl.org/dc/terms/publisher>의 모든 값에 rdf:type <http://xmlns.com/foaf/0.1/Agent>를 명시한다. 원문 constraint 값은 변경하지 않는다.,GeoDCAT-AP 3.1.0,"[""https://semiceu.github.io/GeoDCAT-AP/releases/3.1.0#Dataset.publisher""]",GeoDCAT-AP 3.1.0의 sh:class 제약을 변경 없이 채택한다. named PropertyShape의 원문 direct quad를 그대로 채택했다. 추가한 sh:targetNode는 격리 시험용이며 규범 의미를 바꾸지 않는다.,https://semiceu.github.io/GeoDCAT-AP/releases/3.1.0#dcat:DatasetShape/b3ec0655204c62a2531244aaeab12f1a2c5e5b5d,UPSTREAM-POS-UPSTREAM-GEODCATAP-2F8EA8BFF01097B6595F,UPSTREAM-NEG-UPSTREAM-GEODCATAP-2F8EA8BFF01097B6595F
UPSTREAM-GEODCATAP-300A0FEAB29F0308F005,"[""geo"",""network""]","[""http://www.w3.org/ns/dcat#DatasetSeries""]",http://www.w3.org/ns/adms#identifier,MUST,,,"[""http://www.w3.org/ns/adms#Identifier""]",[],Violation,"[{""language"":""ko"",""text"":""로컬 격리 증거: 원문 PropertyShape에는 메시지가 없으며 sh:class 제약을 검증한다."",""source"":""local-evidence"",""predicate"":null}]",MOLIT 로컬 적용 가이드(upstream 원문 보충 설명): <http://www.w3.org/ns/adms#identifier>의 모든 값에 rdf:type <http://www.w3.org/ns/adms#Identifier>를 명시한다. 원문 constraint 값은 변경하지 않는다.,GeoDCAT-AP 3.1.0,"[""https://semiceu.github.io/GeoDCAT-AP/releases/3.1.0#DatasetSeries.otheridentifier""]",GeoDCAT-AP 3.1.0의 sh:class 제약을 변경 없이 채택한다. named PropertyShape의 원문 direct quad를 그대로 채택했다. 추가한 sh:targetNode는 격리 시험용이며 규범 의미를 바꾸지 않는다.,https://semiceu.github.io/GeoDCAT-AP/releases/3.1.0#dcat:DatasetSeriesShape/9fe7c5889615d19dd4849fb66a5664fc016aa598,UPSTREAM-POS-UPSTREAM-GEODCATAP-300A0FEAB29F0308F005,UPSTREAM-NEG-UPSTREAM-GEODCATAP-300A0FEAB29F0308F005
UPSTREAM-GEODCATAP-3046137D055028D8D0BA,"[""geo"",""network""]","[""http://www.w3.org/ns/dcat#DatasetSeries""]",http://purl.org/dc/terms/creator,MUST,,,"[""http://xmlns.com/foaf/0.1/Agent""]",[],Violation,"[{""language"":""ko"",""text"":""로컬 격리 증거: 원문 PropertyShape에는 메시지가 없으며 sh:class 제약을 검증한다."",""source"":""local-evidence"",""predicate"":null}]",MOLIT 로컬 적용 가이드(upstream 원문 보충 설명): <http://purl.org/dc/terms/creator>의 모든 값에 rdf:type <http://xmlns.com/foaf/0.1/Agent>를 명시한다. 원문 constraint 값은 변경하지 않는다.,GeoDCAT-AP 3.1.0,"[""https://semiceu.github.io/GeoDCAT-AP/releases/3.1.0#DatasetSeries.creator""]",GeoDCAT-AP 3.1.0의 sh:class 제약을 변경 없이 채택한다. named PropertyShape의 원문 direct quad를 그대로 채택했다. 추가한 sh:targetNode는 격리 시험용이며 규범 의미를 바꾸지 않는다.,https://semiceu.github.io/GeoDCAT-AP/releases/3.1.0#dcat:DatasetSeriesShape/c1d40f7102c8201949576e76be48b991b47958d9,UPSTREAM-POS-UPSTREAM-GEODCATAP-3046137D055028D8D0BA,UPSTREAM-NEG-UPSTREAM-GEODCATAP-3046137D055028D8D0BA
UPSTREAM-GEODCATAP-3081F770730CDC4B0A06,"[""geo"",""network""]","[""http://www.w3.org/ns/dcat#Catalog""]",http://purl.org/dc/terms/spatial,MUST,,,"[""http://purl.org/dc/terms/Location""]",[],Violation,"[{""language"":""ko"",""text"":""로컬 격리 증거: 원문 PropertyShape에는 메시지가 없으며 sh:class 제약을 검증한다."",""source"":""local-evidence"",""predicate"":null}]",MOLIT 로컬 적용 가이드(upstream 원문 보충 설명): <http://purl.org/dc/terms/spatial>의 모든 값에 rdf:type <http://purl.org/dc/terms/Location>를 명시한다. 원문 constraint 값은 변경하지 않는다.,GeoDCAT-AP 3.1.0,"[""https://semiceu.github.io/GeoDCAT-AP/releases/3.1.0#Catalogue.geographicalcoverage""]",GeoDCAT-AP 3.1.0의 sh:class 제약을 변경 없이 채택한다. named PropertyShape의 원문 direct quad를 그대로 채택했다. 추가한 sh:targetNode는 격리 시험용이며 규범 의미를 바꾸지 않는다.,https://semiceu.github.io/GeoDCAT-AP/releases/3.1.0#dcat:CatalogShape/00a99d55cbc03165373a8348d5a88402ea4f239a,UPSTREAM-POS-UPSTREAM-GEODCATAP-3081F770730CDC4B0A06,UPSTREAM-NEG-UPSTREAM-GEODCATAP-3081F770730CDC4B0A06
UPSTREAM-GEODCATAP-310A97B28ACD14598ECC,"[""geo"",""network""]","[""http://www.w3.org/ns/dcat#Catalog""]",http://www.w3.org/ns/prov#wasUsedBy,MUST,,,"[""http://www.w3.org/ns/prov#Activity""]",[],Violation,"[{""language"":""ko"",""text"":""로컬 격리 증거: 원문 PropertyShape에는 메시지가 없으며 sh:class 제약을 검증한다."",""source"":""local-evidence"",""predicate"":null}]",MOLIT 로컬 적용 가이드(upstream 원문 보충 설명): <http://www.w3.org/ns/prov#wasUsedBy>의 모든 값에 rdf:type <http://www.w3.org/ns/prov#Activity>를 명시한다. 원문 constraint 값은 변경하지 않는다.,GeoDCAT-AP 3.1.0,"[""https://semiceu.github.io/GeoDCAT-AP/releases/3.1.0#Catalogue.wasusedby""]",GeoDCAT-AP 3.1.0의 sh:class 제약을 변경 없이 채택한다. named PropertyShape의 원문 direct quad를 그대로 채택했다. 추가한 sh:targetNode는 격리 시험용이며 규범 의미를 바꾸지 않는다.,https://semiceu.github.io/GeoDCAT-AP/releases/3.1.0#dcat:CatalogShape/1a835a94445575c2a10b5f05474c2f9fda6d49ac,UPSTREAM-POS-UPSTREAM-GEODCATAP-310A97B28ACD14598ECC,UPSTREAM-NEG-UPSTREAM-GEODCATAP-310A97B28ACD14598ECC
UPSTREAM-GEODCATAP-3137794609E40CFC1CEF,"[""geo"",""network""]","[""http://www.w3.org/ns/dcat#DataService""]",http://data.europa.eu/930/serviceType,MUST,,,"[""http://www.w3.org/ns/shacl#BlankNodeOrIRI""]",[],Violation,"[{""language"":""ko"",""text"":""로컬 격리 증거: 원문 PropertyShape에는 메시지가 없으며 sh:nodeKind 제약을 검증한다."",""source"":""local-evidence"",""predicate"":null}]",MOLIT 로컬 적용 가이드(upstream 원문 보충 설명): <http://data.europa.eu/930/serviceType> 값을 <http://www.w3.org/ns/shacl#BlankNodeOrIRI> node kind로 바꾼다. 원문 constraint 값은 변경하지 않는다.,GeoDCAT-AP 3.1.0,"[""https://semiceu.github.io/GeoDCAT-AP/releases/3.1.0#DataService.servicetype""]",GeoDCAT-AP 3.1.0의 sh:nodeKind 제약을 변경 없이 채택한다. named PropertyShape의 원문 direct quad를 그대로 채택했다. 추가한 sh:targetNode는 격리 시험용이며 규범 의미를 바꾸지 않는다.,https://semiceu.github.io/GeoDCAT-AP/releases/3.1.0#dcat:DataServiceShape/0c2eaa5b16ef4d4cc0f00b2fd130128e37abbb17,UPSTREAM-POS-UPSTREAM-GEODCATAP-3137794609E40CFC1CEF,UPSTREAM-NEG-UPSTREAM-GEODCATAP-3137794609E40CFC1CEF
UPSTREAM-GEODCATAP-316465348332468523AA,"[""geo"",""network""]","[""http://xmlns.com/foaf/0.1/Agent""]",http://www.w3.org/ns/locn#address,MUST,,,"[""http://www.w3.org/ns/locn#Address""]",[],Violation,"[{""language"":""ko"",""text"":""로컬 격리 증거: 원문 PropertyShape에는 메시지가 없으며 sh:class 제약을 검증한다."",""source"":""local-evidence"",""predicate"":null}]",MOLIT 로컬 적용 가이드(upstream 원문 보충 설명): <http://www.w3.org/ns/locn#address>의 모든 값에 rdf:type <http://www.w3.org/ns/locn#Address>를 명시한다. 원문 constraint 값은 변경하지 않는다.,GeoDCAT-AP 3.1.0,"[""https://semiceu.github.io/GeoDCAT-AP/releases/3.1.0#Agent.address""]",GeoDCAT-AP 3.1.0의 sh:class 제약을 변경 없이 채택한다. named PropertyShape의 원문 direct quad를 그대로 채택했다. 추가한 sh:targetNode는 격리 시험용이며 규범 의미를 바꾸지 않는다.,https://semiceu.github.io/GeoDCAT-AP/releases/3.1.0#foaf:AgentShape/5de4ef5193a558e17a34633888421d09b957d267,UPSTREAM-POS-UPSTREAM-GEODCATAP-316465348332468523AA,UPSTREAM-NEG-UPSTREAM-GEODCATAP-316465348332468523AA
UPSTREAM-GEODCATAP-3187E1065BD57077B336,"[""geo"",""network""]","[""http://www.w3.org/ns/dcat#DataService""]",http://data.europa.eu/930/serviceProtocol,MUST,,,"[""http://www.w3.org/ns/shacl#BlankNodeOrIRI""]",[],Violation,"[{""language"":""ko"",""text"":""로컬 격리 증거: 원문 PropertyShape에는 메시지가 없으며 sh:nodeKind 제약을 검증한다."",""source"":""local-evidence"",""predicate"":null}]",MOLIT 로컬 적용 가이드(upstream 원문 보충 설명): <http://data.europa.eu/930/serviceProtocol> 값을 <http://www.w3.org/ns/shacl#BlankNodeOrIRI> node kind로 바꾼다. 원문 constraint 값은 변경하지 않는다.,GeoDCAT-AP 3.1.0,"[""https://semiceu.github.io/GeoDCAT-AP/releases/3.1.0#DataService.serviceprotocol""]",GeoDCAT-AP 3.1.0의 sh:nodeKind 제약을 변경 없이 채택한다. named PropertyShape의 원문 direct quad를 그대로 채택했다. 추가한 sh:targetNode는 격리 시험용이며 규범 의미를 바꾸지 않는다.,https://semiceu.github.io/GeoDCAT-AP/releases/3.1.0#dcat:DataServiceShape/0383ae85d347aaaa1366ede6a5651503e07b7240,UPSTREAM-POS-UPSTREAM-GEODCATAP-3187E1065BD57077B336,UPSTREAM-NEG-UPSTREAM-GEODCATAP-3187E1065BD57077B336
UPSTREAM-GEODCATAP-31953A654F14AB112AE7,"[""geo"",""network""]","[""http://spdx.org/rdf/terms#Checksum""]",http://spdx.org/rdf/terms#algorithm,MUST,,,"[""http://spdx.org/rdf/terms#ChecksumAlgorithm""]",[],Violation,"[{""language"":""ko"",""text"":""로컬 격리 증거: 원문 PropertyShape에는 메시지가 없으며 sh:class 제약을 검증한다."",""source"":""local-evidence"",""predicate"":null}]",MOLIT 로컬 적용 가이드(upstream 원문 보충 설명): <http://spdx.org/rdf/terms#algorithm>의 모든 값에 rdf:type <http://spdx.org/rdf/terms#ChecksumAlgorithm>를 명시한다. 원문 constraint 값은 변경하지 않는다.,GeoDCAT-AP 3.1.0,"[""https://semiceu.github.io/GeoDCAT-AP/releases/3.1.0#Checksum.algorithm""]",GeoDCAT-AP 3.1.0의 sh:class 제약을 변경 없이 채택한다. named PropertyShape의 원문 direct quad를 그대로 채택했다. 추가한 sh:targetNode는 격리 시험용이며 규범 의미를 바꾸지 않는다.,https://semiceu.github.io/GeoDCAT-AP/releases/3.1.0#spdx:ChecksumShape/d9bbeace53175a03bb5a338cafcf57eb351166d2,UPSTREAM-POS-UPSTREAM-GEODCATAP-31953A654F14AB112AE7,UPSTREAM-NEG-UPSTREAM-GEODCATAP-31953A654F14AB112AE7
UPSTREAM-GEODCATAP-31AA0B05192E20FD9895,"[""geo"",""network""]","[""http://www.w3.org/ns/dcat#Distribution""]",http://www.w3.org/ns/dcat#downloadURL,MUST,,,"[""http://www.w3.org/ns/shacl#BlankNodeOrIRI""]",[],Violation,"[{""language"":""ko"",""text"":""로컬 격리 증거: 원문 PropertyShape에는 메시지가 없으며 sh:nodeKind 제약을 검증한다."",""source"":""local-evidence"",""predicate"":null}]",MOLIT 로컬 적용 가이드(upstream 원문 보충 설명): <http://www.w3.org/ns/dcat#downloadURL> 값을 <http://www.w3.org/ns/shacl#BlankNodeOrIRI> node kind로 바꾼다. 원문 constraint 값은 변경하지 않는다.,GeoDCAT-AP 3.1.0,"[""https://semiceu.github.io/GeoDCAT-AP/releases/3.1.0#Distribution.downloadURL""]",GeoDCAT-AP 3.1.0의 sh:nodeKind 제약을 변경 없이 채택한다. named PropertyShape의 원문 direct quad를 그대로 채택했다. 추가한 sh:targetNode는 격리 시험용이며 규범 의미를 바꾸지 않는다.,https://semiceu.github.io/GeoDCAT-AP/releases/3.1.0#dcat:DistributionShape/27ee30c66ff3cd2714f73a4b488a5e0f6b64b7f6,UPSTREAM-POS-UPSTREAM-GEODCATAP-31AA0B05192E20FD9895,UPSTREAM-NEG-UPSTREAM-GEODCATAP-31AA0B05192E20FD9895
UPSTREAM-GEODCATAP-31E92D36C281EC5E2494,"[""geo"",""network""]","[""http://www.w3.org/ns/dqv#Metric""]",http://www.w3.org/ns/dqv#expectedDataType,MUST,,,"[""http://www.w3.org/2000/01/rdf-schema#Datatype""]",[],Violation,"[{""language"":""ko"",""text"":""로컬 격리 증거: 원문 PropertyShape에는 메시지가 없으며 sh:class 제약을 검증한다."",""source"":""local-evidence"",""predicate"":null}]",MOLIT 로컬 적용 가이드(upstream 원문 보충 설명): <http://www.w3.org/ns/dqv#expectedDataType>의 모든 값에 rdf:type <http://www.w3.org/2000/01/rdf-schema#Datatype>를 명시한다. 원문 constraint 값은 변경하지 않는다.,GeoDCAT-AP 3.1.0,"[""https://semiceu.github.io/GeoDCAT-AP/releases/3.1.0#Metric.expecteddatatype""]",GeoDCAT-AP 3.1.0의 sh:class 제약을 변경 없이 채택한다. named PropertyShape의 원문 direct quad를 그대로 채택했다. 추가한 sh:targetNode는 격리 시험용이며 규범 의미를 바꾸지 않는다.,https://semiceu.github.io/GeoDCAT-AP/releases/3.1.0#dqv:MetricShape/d4812e59110ee5148b61ff2ee70be7df03b75dad,UPSTREAM-POS-UPSTREAM-GEODCATAP-31E92D36C281EC5E2494,UPSTREAM-NEG-UPSTREAM-GEODCATAP-31E92D36C281EC5E2494
UPSTREAM-GEODCATAP-323614226DA70DFA096F,"[""geo"",""network""]","[""http://xmlns.com/foaf/0.1/Agent""]",http://xmlns.com/foaf/0.1/mbox,MUST,,,"[""http://www.w3.org/ns/shacl#BlankNodeOrIRI""]",[],Violation,"[{""language"":""ko"",""text"":""로컬 격리 증거: 원문 PropertyShape에는 메시지가 없으며 sh:nodeKind 제약을 검증한다."",""source"":""local-evidence"",""predicate"":null}]",MOLIT 로컬 적용 가이드(upstream 원문 보충 설명): <http://xmlns.com/foaf/0.1/mbox> 값을 <http://www.w3.org/ns/shacl#BlankNodeOrIRI> node kind로 바꾼다. 원문 constraint 값은 변경하지 않는다.,GeoDCAT-AP 3.1.0,"[""https://semiceu.github.io/GeoDCAT-AP/releases/3.1.0#Agent.email""]",GeoDCAT-AP 3.1.0의 sh:nodeKind 제약을 변경 없이 채택한다. named PropertyShape의 원문 direct quad를 그대로 채택했다. 추가한 sh:targetNode는 격리 시험용이며 규범 의미를 바꾸지 않는다.,https://semiceu.github.io/GeoDCAT-AP/releases/3.1.0#foaf:AgentShape/9b6ccc41bb0ced6f6b8f28a86e120bd9d73b32fb,UPSTREAM-POS-UPSTREAM-GEODCATAP-323614226DA70DFA096F,UPSTREAM-NEG-UPSTREAM-GEODCATAP-323614226DA70DFA096F
UPSTREAM-GEODCATAP-329E14D095CFADDC60D8,"[""geo"",""network""]","[""http://purl.org/dc/terms/Location""]",http://www.w3.org/2004/02/skos/core#inScheme,MUST,,,"[""http://www.w3.org/2004/02/skos/core#ConceptScheme""]",[],Violation,"[{""language"":""ko"",""text"":""로컬 격리 증거: 원문 PropertyShape에는 메시지가 없으며 sh:class 제약을 검증한다."",""source"":""local-evidence"",""predicate"":null}]",MOLIT 로컬 적용 가이드(upstream 원문 보충 설명): <http://www.w3.org/2004/02/skos/core#inScheme>의 모든 값에 rdf:type <http://www.w3.org/2004/02/skos/core#ConceptScheme>를 명시한다. 원문 constraint 값은 변경하지 않는다.,GeoDCAT-AP 3.1.0,"[""https://semiceu.github.io/GeoDCAT-AP/releases/3.1.0#Location.gazetteer""]",GeoDCAT-AP 3.1.0의 sh:class 제약을 변경 없이 채택한다. named PropertyShape의 원문 direct quad를 그대로 채택했다. 추가한 sh:targetNode는 격리 시험용이며 규범 의미를 바꾸지 않는다.,https://semiceu.github.io/GeoDCAT-AP/releases/3.1.0#dct:LocationShape/63b78d27e017efcfb90a023b79d957a934869de6,UPSTREAM-POS-UPSTREAM-GEODCATAP-329E14D095CFADDC60D8,UPSTREAM-NEG-UPSTREAM-GEODCATAP-329E14D095CFADDC60D8
UPSTREAM-GEODCATAP-3335D3C3BEE4A662AB34,"[""geo"",""network""]","[""http://www.w3.org/ns/dcat#Catalog""]",http://www.w3.org/ns/dcat#themeTaxonomy,MUST,,,"[""http://www.w3.org/2004/02/skos/core#ConceptScheme""]",[],Violation,"[{""language"":""ko"",""text"":""로컬 격리 증거: 원문 PropertyShape에는 메시지가 없으며 sh:class 제약을 검증한다."",""source"":""local-evidence"",""predicate"":null}]",MOLIT 로컬 적용 가이드(upstream 원문 보충 설명): <http://www.w3.org/ns/dcat#themeTaxonomy>의 모든 값에 rdf:type <http://www.w3.org/2004/02/skos/core#ConceptScheme>를 명시한다. 원문 constraint 값은 변경하지 않는다.,GeoDCAT-AP 3.1.0,"[""https://semiceu.github.io/GeoDCAT-AP/releases/3.1.0#Catalogue.themes""]",GeoDCAT-AP 3.1.0의 sh:class 제약을 변경 없이 채택한다. named PropertyShape의 원문 direct quad를 그대로 채택했다. 추가한 sh:targetNode는 격리 시험용이며 규범 의미를 바꾸지 않는다.,https://semiceu.github.io/GeoDCAT-AP/releases/3.1.0#dcat:CatalogShape/6051cd8d6a1acfcf4d6721f241fff56a0b42ebf9,UPSTREAM-POS-UPSTREAM-GEODCATAP-3335D3C3BEE4A662AB34,UPSTREAM-NEG-UPSTREAM-GEODCATAP-3335D3C3BEE4A662AB34
UPSTREAM-GEODCATAP-339401107E223F27F6D2,"[""geo"",""network""]","[""http://www.w3.org/ns/dcat#Dataset""]",http://purl.org/dc/terms/publisher,MUST,,,"[""http://www.w3.org/ns/shacl#BlankNodeOrIRI""]",[],Violation,"[{""language"":""ko"",""text"":""로컬 격리 증거: 원문 PropertyShape에는 메시지가 없으며 sh:nodeKind 제약을 검증한다."",""source"":""local-evidence"",""predicate"":null}]",MOLIT 로컬 적용 가이드(upstream 원문 보충 설명): <http://purl.org/dc/terms/publisher> 값을 <http://www.w3.org/ns/shacl#BlankNodeOrIRI> node kind로 바꾼다. 원문 constraint 값은 변경하지 않는다.,GeoDCAT-AP 3.1.0,"[""https://semiceu.github.io/GeoDCAT-AP/releases/3.1.0#Dataset.publisher""]",GeoDCAT-AP 3.1.0의 sh:nodeKind 제약을 변경 없이 채택한다. named PropertyShape의 원문 direct quad를 그대로 채택했다. 추가한 sh:targetNode는 격리 시험용이며 규범 의미를 바꾸지 않는다.,https://semiceu.github.io/GeoDCAT-AP/releases/3.1.0#dcat:DatasetShape/93f73e69bb03d2928fcf758a253ef316becdf9b9,UPSTREAM-POS-UPSTREAM-GEODCATAP-339401107E223F27F6D2,UPSTREAM-NEG-UPSTREAM-GEODCATAP-339401107E223F27F6D2
UPSTREAM-GEODCATAP-33CA90D05E62C9E73F07,"[""geo"",""network""]","[""http://purl.org/dc/terms/Location""]",http://www.w3.org/2004/02/skos/core#prefLabel,MUST,,,"[""http://www.w3.org/ns/shacl#Literal""]",[],Violation,"[{""language"":""ko"",""text"":""로컬 격리 증거: 원문 PropertyShape에는 메시지가 없으며 sh:nodeKind 제약을 검증한다."",""source"":""local-evidence"",""predicate"":null}]",MOLIT 로컬 적용 가이드(upstream 원문 보충 설명): <http://www.w3.org/2004/02/skos/core#prefLabel> 값을 <http://www.w3.org/ns/shacl#Literal> node kind로 바꾼다. 원문 constraint 값은 변경하지 않는다.,GeoDCAT-AP 3.1.0,"[""https://semiceu.github.io/GeoDCAT-AP/releases/3.1.0#Location.geographicname""]",GeoDCAT-AP 3.1.0의 sh:nodeKind 제약을 변경 없이 채택한다. named PropertyShape의 원문 direct quad를 그대로 채택했다. 추가한 sh:targetNode는 격리 시험용이며 규범 의미를 바꾸지 않는다.,https://semiceu.github.io/GeoDCAT-AP/releases/3.1.0#dct:LocationShape/33e381ee565d4967597190de5407462136b5201f,UPSTREAM-POS-UPSTREAM-GEODCATAP-33CA90D05E62C9E73F07,UPSTREAM-NEG-UPSTREAM-GEODCATAP-33CA90D05E62C9E73F07
UPSTREAM-GEODCATAP-343E8183E01B5010B14D,"[""geo"",""network""]","[""http://www.w3.org/ns/dcat#Catalog""]",http://data.europa.eu/930/custodian,MUST,,,"[""http://www.w3.org/ns/shacl#BlankNodeOrIRI""]",[],Violation,"[{""language"":""ko"",""text"":""로컬 격리 증거: 원문 PropertyShape에는 메시지가 없으며 sh:nodeKind 제약을 검증한다."",""source"":""local-evidence"",""predicate"":null}]",MOLIT 로컬 적용 가이드(upstream 원문 보충 설명): <http://data.europa.eu/930/custodian> 값을 <http://www.w3.org/ns/shacl#BlankNodeOrIRI> node kind로 바꾼다. 원문 constraint 값은 변경하지 않는다.,GeoDCAT-AP 3.1.0,"[""https://semiceu.github.io/GeoDCAT-AP/releases/3.1.0#Catalogue.custodian""]",GeoDCAT-AP 3.1.0의 sh:nodeKind 제약을 변경 없이 채택한다. named PropertyShape의 원문 direct quad를 그대로 채택했다. 추가한 sh:targetNode는 격리 시험용이며 규범 의미를 바꾸지 않는다.,https://semiceu.github.io/GeoDCAT-AP/releases/3.1.0#dcat:CatalogShape/26fb54e0c953f5aa1e4db5b7bf3b6e6698f4ac4e,UPSTREAM-POS-UPSTREAM-GEODCATAP-343E8183E01B5010B14D,UPSTREAM-NEG-UPSTREAM-GEODCATAP-343E8183E01B5010B14D
UPSTREAM-GEODCATAP-345D7483876C86451603,"[""geo"",""network""]","[""http://www.w3.org/ns/dcat#CatalogRecord""]",http://purl.org/dc/terms/publisher,MUST,,1,[],[],Violation,"[{""language"":""ko"",""text"":""로컬 격리 증거: 원문 PropertyShape에는 메시지가 없으며 sh:maxCount 제약을 검증한다."",""source"":""local-evidence"",""predicate"":null}]",MOLIT 로컬 적용 가이드(upstream 원문 보충 설명): <http://purl.org/dc/terms/publisher> 값을 1개 이하로 줄인다. 원문 constraint 값은 변경하지 않는다.,GeoDCAT-AP 3.1.0,"[""https://semiceu.github.io/GeoDCAT-AP/releases/3.1.0#CatalogueRecord.publisher""]",GeoDCAT-AP 3.1.0의 sh:maxCount 제약을 변경 없이 채택한다. named PropertyShape의 원문 direct quad를 그대로 채택했다. 추가한 sh:targetNode는 격리 시험용이며 규범 의미를 바꾸지 않는다.,https://semiceu.github.io/GeoDCAT-AP/releases/3.1.0#dcat:CatalogRecordShape/67dcdb36167ca7969c0532898e11a98e9c2a80f5,UPSTREAM-POS-UPSTREAM-GEODCATAP-345D7483876C86451603,UPSTREAM-NEG-UPSTREAM-GEODCATAP-345D7483876C86451603
UPSTREAM-GEODCATAP-34868251D187E03F9B27,"[""geo"",""network""]","[""http://www.w3.org/ns/dcat#Distribution""]",http://www.w3.org/ns/dqv#hasQualityMeasurement,MUST,,,"[""http://www.w3.org/ns/shacl#BlankNodeOrIRI""]",[],Violation,"[{""language"":""ko"",""text"":""로컬 격리 증거: 원문 PropertyShape에는 메시지가 없으며 sh:nodeKind 제약을 검증한다."",""source"":""local-evidence"",""predicate"":null}]",MOLIT 로컬 적용 가이드(upstream 원문 보충 설명): <http://www.w3.org/ns/dqv#hasQualityMeasurement> 값을 <http://www.w3.org/ns/shacl#BlankNodeOrIRI> node kind로 바꾼다. 원문 constraint 값은 변경하지 않는다.,GeoDCAT-AP 3.1.0,"[""https://semiceu.github.io/GeoDCAT-AP/releases/3.1.0#Distribution.spatialresolution""]",GeoDCAT-AP 3.1.0의 sh:nodeKind 제약을 변경 없이 채택한다. named PropertyShape의 원문 direct quad를 그대로 채택했다. 추가한 sh:targetNode는 격리 시험용이며 규범 의미를 바꾸지 않는다.,https://semiceu.github.io/GeoDCAT-AP/releases/3.1.0#dcat:DistributionShape/46a60c7d3d828d3006937a12f82c1958b94e6f76,UPSTREAM-POS-UPSTREAM-GEODCATAP-34868251D187E03F9B27,UPSTREAM-NEG-UPSTREAM-GEODCATAP-34868251D187E03F9B27
UPSTREAM-GEODCATAP-35B31E8CBDCF8962F8A0,"[""geo"",""network""]","[""http://www.w3.org/ns/dcat#DataService""]",http://purl.org/dc/terms/title,MUST,1,,[],[],Violation,"[{""language"":""ko"",""text"":""로컬 격리 증거: 원문 PropertyShape에는 메시지가 없으며 sh:minCount 제약을 검증한다."",""source"":""local-evidence"",""predicate"":null}]",MOLIT 로컬 적용 가이드(upstream 원문 보충 설명): <http://purl.org/dc/terms/title> 값을 1개 이상 제공한다. 원문 constraint 값은 변경하지 않는다.,GeoDCAT-AP 3.1.0,"[""https://semiceu.github.io/GeoDCAT-AP/releases/3.1.0#DataService.title""]",GeoDCAT-AP 3.1.0의 sh:minCount 제약을 변경 없이 채택한다. named PropertyShape의 원문 direct quad를 그대로 채택했다. 추가한 sh:targetNode는 격리 시험용이며 규범 의미를 바꾸지 않는다.,https://semiceu.github.io/GeoDCAT-AP/releases/3.1.0#dcat:DataServiceShape/f8b02efd063b8089b72ce9677a1e4a3488eeb9a9,UPSTREAM-POS-UPSTREAM-GEODCATAP-35B31E8CBDCF8962F8A0,UPSTREAM-NEG-UPSTREAM-GEODCATAP-35B31E8CBDCF8962F8A0
UPSTREAM-GEODCATAP-35FF7763069FF37964D8,"[""geo"",""network""]","[""http://www.w3.org/ns/dcat#DatasetSeries""]",http://data.europa.eu/r5r/applicableLegislation,MUST,,,"[""http://www.w3.org/ns/shacl#BlankNodeOrIRI""]",[],Violation,"[{""language"":""ko"",""text"":""로컬 격리 증거: 원문 PropertyShape에는 메시지가 없으며 sh:nodeKind 제약을 검증한다."",""source"":""local-evidence"",""predicate"":null}]",MOLIT 로컬 적용 가이드(upstream 원문 보충 설명): <http://data.europa.eu/r5r/applicableLegislation> 값을 <http://www.w3.org/ns/shacl#BlankNodeOrIRI> node kind로 바꾼다. 원문 constraint 값은 변경하지 않는다.,GeoDCAT-AP 3.1.0,"[""https://semiceu.github.io/GeoDCAT-AP/releases/3.1.0#DatasetSeries.applicablelegislation""]",GeoDCAT-AP 3.1.0의 sh:nodeKind 제약을 변경 없이 채택한다. named PropertyShape의 원문 direct quad를 그대로 채택했다. 추가한 sh:targetNode는 격리 시험용이며 규범 의미를 바꾸지 않는다.,https://semiceu.github.io/GeoDCAT-AP/releases/3.1.0#dcat:DatasetSeriesShape/0a6f3bb11ed4ea12f852c78996b89c9a54ffc0fb,UPSTREAM-POS-UPSTREAM-GEODCATAP-35FF7763069FF37964D8,UPSTREAM-NEG-UPSTREAM-GEODCATAP-35FF7763069FF37964D8
UPSTREAM-GEODCATAP-3657292DF25C888CCA69,"[""geo"",""network""]","[""http://www.w3.org/ns/dcat#Dataset""]",http://purl.org/dc/terms/relation,MUST,,,"[""http://www.w3.org/ns/shacl#BlankNodeOrIRI""]",[],Violation,"[{""language"":""ko"",""text"":""로컬 격리 증거: 원문 PropertyShape에는 메시지가 없으며 sh:nodeKind 제약을 검증한다."",""source"":""local-evidence"",""predicate"":null}]",MOLIT 로컬 적용 가이드(upstream 원문 보충 설명): <http://purl.org/dc/terms/relation> 값을 <http://www.w3.org/ns/shacl#BlankNodeOrIRI> node kind로 바꾼다. 원문 constraint 값은 변경하지 않는다.,GeoDCAT-AP 3.1.0,"[""https://semiceu.github.io/GeoDCAT-AP/releases/3.1.0#Dataset.relatedresource""]",GeoDCAT-AP 3.1.0의 sh:nodeKind 제약을 변경 없이 채택한다. named PropertyShape의 원문 direct quad를 그대로 채택했다. 추가한 sh:targetNode는 격리 시험용이며 규범 의미를 바꾸지 않는다.,https://semiceu.github.io/GeoDCAT-AP/releases/3.1.0#dcat:DatasetShape/0b40e829101914fa8381318b35a5205a2a465453,UPSTREAM-POS-UPSTREAM-GEODCATAP-3657292DF25C888CCA69,UPSTREAM-NEG-UPSTREAM-GEODCATAP-3657292DF25C888CCA69
UPSTREAM-GEODCATAP-366219A3B56A89D645B3,"[""geo"",""network""]","[""http://www.w3.org/ns/dcat#Dataset""]",http://data.europa.eu/930/purpose,MUST,,,"[""http://www.w3.org/ns/shacl#Literal""]",[],Violation,"[{""language"":""ko"",""text"":""로컬 격리 증거: 원문 PropertyShape에는 메시지가 없으며 sh:nodeKind 제약을 검증한다."",""source"":""local-evidence"",""predicate"":null}]",MOLIT 로컬 적용 가이드(upstream 원문 보충 설명): <http://data.europa.eu/930/purpose> 값을 <http://www.w3.org/ns/shacl#Literal> node kind로 바꾼다. 원문 constraint 값은 변경하지 않는다.,GeoDCAT-AP 3.1.0,"[""https://semiceu.github.io/GeoDCAT-AP/releases/3.1.0#Dataset.purpose""]",GeoDCAT-AP 3.1.0의 sh:nodeKind 제약을 변경 없이 채택한다. named PropertyShape의 원문 direct quad를 그대로 채택했다. 추가한 sh:targetNode는 격리 시험용이며 규범 의미를 바꾸지 않는다.,https://semiceu.github.io/GeoDCAT-AP/releases/3.1.0#dcat:DatasetShape/8932cdc11dcea78a104fe961daef62e126485fc3,UPSTREAM-POS-UPSTREAM-GEODCATAP-366219A3B56A89D645B3,UPSTREAM-NEG-UPSTREAM-GEODCATAP-366219A3B56A89D645B3
UPSTREAM-GEODCATAP-369194A86F4182E942D1,"[""geo"",""network""]","[""http://www.w3.org/ns/dcat#CatalogRecord""]",http://data.europa.eu/930/user,MUST,,,"[""http://www.w3.org/ns/shacl#BlankNodeOrIRI""]",[],Violation,"[{""language"":""ko"",""text"":""로컬 격리 증거: 원문 PropertyShape에는 메시지가 없으며 sh:nodeKind 제약을 검증한다."",""source"":""local-evidence"",""predicate"":null}]",MOLIT 로컬 적용 가이드(upstream 원문 보충 설명): <http://data.europa.eu/930/user> 값을 <http://www.w3.org/ns/shacl#BlankNodeOrIRI> node kind로 바꾼다. 원문 constraint 값은 변경하지 않는다.,GeoDCAT-AP 3.1.0,"[""https://semiceu.github.io/GeoDCAT-AP/releases/3.1.0#CatalogueRecord.user""]",GeoDCAT-AP 3.1.0의 sh:nodeKind 제약을 변경 없이 채택한다. named PropertyShape의 원문 direct quad를 그대로 채택했다. 추가한 sh:targetNode는 격리 시험용이며 규범 의미를 바꾸지 않는다.,https://semiceu.github.io/GeoDCAT-AP/releases/3.1.0#dcat:CatalogRecordShape/ba3b4487b5271499cada905fb8fb4869a540fbb2,UPSTREAM-POS-UPSTREAM-GEODCATAP-369194A86F4182E942D1,UPSTREAM-NEG-UPSTREAM-GEODCATAP-369194A86F4182E942D1
UPSTREAM-GEODCATAP-36F20614972C73784DB7,"[""geo"",""network""]","[""http://www.w3.org/ns/dcat#DatasetSeries""]",http://data.europa.eu/930/originator,MUST,,,"[""http://www.w3.org/ns/shacl#BlankNodeOrIRI""]",[],Violation,"[{""language"":""ko"",""text"":""로컬 격리 증거: 원문 PropertyShape에는 메시지가 없으며 sh:nodeKind 제약을 검증한다."",""source"":""local-evidence"",""predicate"":null}]",MOLIT 로컬 적용 가이드(upstream 원문 보충 설명): <http://data.europa.eu/930/originator> 값을 <http://www.w3.org/ns/shacl#BlankNodeOrIRI> node kind로 바꾼다. 원문 constraint 값은 변경하지 않는다.,GeoDCAT-AP 3.1.0,"[""https://semiceu.github.io/GeoDCAT-AP/releases/3.1.0#DatasetSeries.originator""]",GeoDCAT-AP 3.1.0의 sh:nodeKind 제약을 변경 없이 채택한다. named PropertyShape의 원문 direct quad를 그대로 채택했다. 추가한 sh:targetNode는 격리 시험용이며 규범 의미를 바꾸지 않는다.,https://semiceu.github.io/GeoDCAT-AP/releases/3.1.0#dcat:DatasetSeriesShape/f15ac8e72da8db00ffde633a42483a8874e9f5b4,UPSTREAM-POS-UPSTREAM-GEODCATAP-36F20614972C73784DB7,UPSTREAM-NEG-UPSTREAM-GEODCATAP-36F20614972C73784DB7
UPSTREAM-GEODCATAP-379227790FF6FF4501C6,"[""geo"",""network""]","[""http://purl.org/dc/terms/Location""]",http://www.w3.org/ns/dcat#bbox,MUST,,1,[],[],Violation,"[{""language"":""ko"",""text"":""로컬 격리 증거: 원문 PropertyShape에는 메시지가 없으며 sh:maxCount 제약을 검증한다."",""source"":""local-evidence"",""predicate"":null}]",MOLIT 로컬 적용 가이드(upstream 원문 보충 설명): <http://www.w3.org/ns/dcat#bbox> 값을 1개 이하로 줄인다. 원문 constraint 값은 변경하지 않는다.,GeoDCAT-AP 3.1.0,"[""https://semiceu.github.io/GeoDCAT-AP/releases/3.1.0#Location.bbox""]",GeoDCAT-AP 3.1.0의 sh:maxCount 제약을 변경 없이 채택한다. named PropertyShape의 원문 direct quad를 그대로 채택했다. 추가한 sh:targetNode는 격리 시험용이며 규범 의미를 바꾸지 않는다.,https://semiceu.github.io/GeoDCAT-AP/releases/3.1.0#dct:LocationShape/d75cb3222eabce83fa3e236344cbf419e465f10e,UPSTREAM-POS-UPSTREAM-GEODCATAP-379227790FF6FF4501C6,UPSTREAM-NEG-UPSTREAM-GEODCATAP-379227790FF6FF4501C6
UPSTREAM-GEODCATAP-37C05F60FEEBEF633C95,"[""geo"",""network""]","[""http://www.w3.org/ns/dcat#Catalog""]",http://purl.org/dc/terms/modified,MUST,,,"[""http://www.w3.org/ns/shacl#Literal""]",[],Violation,"[{""language"":""ko"",""text"":""로컬 격리 증거: 원문 PropertyShape에는 메시지가 없으며 sh:nodeKind 제약을 검증한다."",""source"":""local-evidence"",""predicate"":null}]",MOLIT 로컬 적용 가이드(upstream 원문 보충 설명): <http://purl.org/dc/terms/modified> 값을 <http://www.w3.org/ns/shacl#Literal> node kind로 바꾼다. 원문 constraint 값은 변경하지 않는다.,GeoDCAT-AP 3.1.0,"[""https://semiceu.github.io/GeoDCAT-AP/releases/3.1.0#Catalogue.modificationdate""]",GeoDCAT-AP 3.1.0의 sh:nodeKind 제약을 변경 없이 채택한다. named PropertyShape의 원문 direct quad를 그대로 채택했다. 추가한 sh:targetNode는 격리 시험용이며 규범 의미를 바꾸지 않는다.,https://semiceu.github.io/GeoDCAT-AP/releases/3.1.0#dcat:CatalogShape/6b7242b6b89977700c05e4875131fbb975c4235e,UPSTREAM-POS-UPSTREAM-GEODCATAP-37C05F60FEEBEF633C95,UPSTREAM-NEG-UPSTREAM-GEODCATAP-37C05F60FEEBEF633C95
UPSTREAM-GEODCATAP-37C6A2CB7CBD83858325,"[""geo"",""network""]","[""http://www.w3.org/ns/dcat#DatasetSeries""]",http://data.europa.eu/930/purpose,MUST,,,"[""http://www.w3.org/ns/shacl#Literal""]",[],Violation,"[{""language"":""ko"",""text"":""로컬 격리 증거: 원문 PropertyShape에는 메시지가 없으며 sh:nodeKind 제약을 검증한다."",""source"":""local-evidence"",""predicate"":null}]",MOLIT 로컬 적용 가이드(upstream 원문 보충 설명): <http://data.europa.eu/930/purpose> 값을 <http://www.w3.org/ns/shacl#Literal> node kind로 바꾼다. 원문 constraint 값은 변경하지 않는다.,GeoDCAT-AP 3.1.0,"[""https://semiceu.github.io/GeoDCAT-AP/releases/3.1.0#DatasetSeries.purpose""]",GeoDCAT-AP 3.1.0의 sh:nodeKind 제약을 변경 없이 채택한다. named PropertyShape의 원문 direct quad를 그대로 채택했다. 추가한 sh:targetNode는 격리 시험용이며 규범 의미를 바꾸지 않는다.,https://semiceu.github.io/GeoDCAT-AP/releases/3.1.0#dcat:DatasetSeriesShape/8932cdc11dcea78a104fe961daef62e126485fc3,UPSTREAM-POS-UPSTREAM-GEODCATAP-37C6A2CB7CBD83858325,UPSTREAM-NEG-UPSTREAM-GEODCATAP-37C6A2CB7CBD83858325
UPSTREAM-GEODCATAP-3816FED09707096A7628,"[""geo"",""network""]","[""http://www.w3.org/ns/dcat#Distribution""]",http://purl.org/dc/terms/modified,MUST,,1,[],[],Violation,"[{""language"":""ko"",""text"":""로컬 격리 증거: 원문 PropertyShape에는 메시지가 없으며 sh:maxCount 제약을 검증한다."",""source"":""local-evidence"",""predicate"":null}]",MOLIT 로컬 적용 가이드(upstream 원문 보충 설명): <http://purl.org/dc/terms/modified> 값을 1개 이하로 줄인다. 원문 constraint 값은 변경하지 않는다.,GeoDCAT-AP 3.1.0,"[""https://semiceu.github.io/GeoDCAT-AP/releases/3.1.0#Distribution.modificationdate""]",GeoDCAT-AP 3.1.0의 sh:maxCount 제약을 변경 없이 채택한다. named PropertyShape의 원문 direct quad를 그대로 채택했다. 추가한 sh:targetNode는 격리 시험용이며 규범 의미를 바꾸지 않는다.,https://semiceu.github.io/GeoDCAT-AP/releases/3.1.0#dcat:DistributionShape/9e9d878c1c354206edc1d411f33c82d4d01e5a8f,UPSTREAM-POS-UPSTREAM-GEODCATAP-3816FED09707096A7628,UPSTREAM-NEG-UPSTREAM-GEODCATAP-3816FED09707096A7628
UPSTREAM-GEODCATAP-38EAABD07B41A104C399,"[""geo"",""network""]","[""http://www.w3.org/ns/dcat#Dataset""]",http://www.w3.org/ns/dqv#hasQualityMeasurement,MUST,,,"[""http://www.w3.org/ns/dqv#QualityMeasurement""]",[],Violation,"[{""language"":""ko"",""text"":""로컬 격리 증거: 원문 PropertyShape에는 메시지가 없으며 sh:class 제약을 검증한다."",""source"":""local-evidence"",""predicate"":null}]",MOLIT 로컬 적용 가이드(upstream 원문 보충 설명): <http://www.w3.org/ns/dqv#hasQualityMeasurement>의 모든 값에 rdf:type <http://www.w3.org/ns/dqv#QualityMeasurement>를 명시한다. 원문 constraint 값은 변경하지 않는다.,GeoDCAT-AP 3.1.0,"[""https://semiceu.github.io/GeoDCAT-AP/releases/3.1.0#Dataset.spatialresolution""]",GeoDCAT-AP 3.1.0의 sh:class 제약을 변경 없이 채택한다. named PropertyShape의 원문 direct quad를 그대로 채택했다. 추가한 sh:targetNode는 격리 시험용이며 규범 의미를 바꾸지 않는다.,https://semiceu.github.io/GeoDCAT-AP/releases/3.1.0#dcat:DatasetShape/42110293925ce8bdb81f82dee95d1f78b2fca91c,UPSTREAM-POS-UPSTREAM-GEODCATAP-38EAABD07B41A104C399,UPSTREAM-NEG-UPSTREAM-GEODCATAP-38EAABD07B41A104C399
UPSTREAM-GEODCATAP-39742FE8E8B82A8A1702,"[""geo"",""network""]","[""http://www.w3.org/ns/dcat#DataService""]",http://data.europa.eu/930/spatialResolutionAsText,MUST,,,"[""http://www.w3.org/ns/shacl#Literal""]",[],Violation,"[{""language"":""ko"",""text"":""로컬 격리 증거: 원문 PropertyShape에는 메시지가 없으며 sh:nodeKind 제약을 검증한다."",""source"":""local-evidence"",""predicate"":null}]",MOLIT 로컬 적용 가이드(upstream 원문 보충 설명): <http://data.europa.eu/930/spatialResolutionAsText> 값을 <http://www.w3.org/ns/shacl#Literal> node kind로 바꾼다. 원문 constraint 값은 변경하지 않는다.,GeoDCAT-AP 3.1.0,"[""https://semiceu.github.io/GeoDCAT-AP/releases/3.1.0#DataService.spatialresolutionastext""]",GeoDCAT-AP 3.1.0의 sh:nodeKind 제약을 변경 없이 채택한다. named PropertyShape의 원문 direct quad를 그대로 채택했다. 추가한 sh:targetNode는 격리 시험용이며 규범 의미를 바꾸지 않는다.,https://semiceu.github.io/GeoDCAT-AP/releases/3.1.0#dcat:DataServiceShape/8800b7f9f5c99f91633b1231bc40964e69b021de,UPSTREAM-POS-UPSTREAM-GEODCATAP-39742FE8E8B82A8A1702,UPSTREAM-NEG-UPSTREAM-GEODCATAP-39742FE8E8B82A8A1702
UPSTREAM-GEODCATAP-39B094BF1E34A8631FCF,"[""geo"",""network""]","[""http://www.w3.org/ns/dcat#DatasetSeries""]",http://xmlns.com/foaf/0.1/page,MUST,,,"[""http://www.w3.org/ns/shacl#BlankNodeOrIRI""]",[],Violation,"[{""language"":""ko"",""text"":""로컬 격리 증거: 원문 PropertyShape에는 메시지가 없으며 sh:nodeKind 제약을 검증한다."",""source"":""local-evidence"",""predicate"":null}]",MOLIT 로컬 적용 가이드(upstream 원문 보충 설명): <http://xmlns.com/foaf/0.1/page> 값을 <http://www.w3.org/ns/shacl#BlankNodeOrIRI> node kind로 바꾼다. 원문 constraint 값은 변경하지 않는다.,GeoDCAT-AP 3.1.0,"[""https://semiceu.github.io/GeoDCAT-AP/releases/3.1.0#DatasetSeries.documentation""]",GeoDCAT-AP 3.1.0의 sh:nodeKind 제약을 변경 없이 채택한다. named PropertyShape의 원문 direct quad를 그대로 채택했다. 추가한 sh:targetNode는 격리 시험용이며 규범 의미를 바꾸지 않는다.,https://semiceu.github.io/GeoDCAT-AP/releases/3.1.0#dcat:DatasetSeriesShape/998ce689a5bcc3e2764ff84a05255e34d91e8102,UPSTREAM-POS-UPSTREAM-GEODCATAP-39B094BF1E34A8631FCF,UPSTREAM-NEG-UPSTREAM-GEODCATAP-39B094BF1E34A8631FCF
UPSTREAM-GEODCATAP-39C0D94680A31820A980,"[""geo"",""network""]","[""http://www.w3.org/ns/dcat#Distribution""]",http://www.w3.org/ns/dqv#hasQualityMeasurement,MUST,,,"[""http://www.w3.org/ns/dqv#QualityMeasurement""]",[],Violation,"[{""language"":""ko"",""text"":""로컬 격리 증거: 원문 PropertyShape에는 메시지가 없으며 sh:class 제약을 검증한다."",""source"":""local-evidence"",""predicate"":null}]",MOLIT 로컬 적용 가이드(upstream 원문 보충 설명): <http://www.w3.org/ns/dqv#hasQualityMeasurement>의 모든 값에 rdf:type <http://www.w3.org/ns/dqv#QualityMeasurement>를 명시한다. 원문 constraint 값은 변경하지 않는다.,GeoDCAT-AP 3.1.0,"[""https://semiceu.github.io/GeoDCAT-AP/releases/3.1.0#Distribution.spatialresolution""]",GeoDCAT-AP 3.1.0의 sh:class 제약을 변경 없이 채택한다. named PropertyShape의 원문 direct quad를 그대로 채택했다. 추가한 sh:targetNode는 격리 시험용이며 규범 의미를 바꾸지 않는다.,https://semiceu.github.io/GeoDCAT-AP/releases/3.1.0#dcat:DistributionShape/42110293925ce8bdb81f82dee95d1f78b2fca91c,UPSTREAM-POS-UPSTREAM-GEODCATAP-39C0D94680A31820A980,UPSTREAM-NEG-UPSTREAM-GEODCATAP-39C0D94680A31820A980
UPSTREAM-GEODCATAP-39DEB3FC2A156A2BD2C0,"[""geo"",""network""]","[""http://purl.org/dc/terms/Location""]",http://www.w3.org/ns/dcat#bbox,MUST,,,"[""http://www.w3.org/ns/shacl#Literal""]",[],Violation,"[{""language"":""ko"",""text"":""로컬 격리 증거: 원문 PropertyShape에는 메시지가 없으며 sh:nodeKind 제약을 검증한다."",""source"":""local-evidence"",""predicate"":null}]",MOLIT 로컬 적용 가이드(upstream 원문 보충 설명): <http://www.w3.org/ns/dcat#bbox> 값을 <http://www.w3.org/ns/shacl#Literal> node kind로 바꾼다. 원문 constraint 값은 변경하지 않는다.,GeoDCAT-AP 3.1.0,"[""https://semiceu.github.io/GeoDCAT-AP/releases/3.1.0#Location.bbox""]",GeoDCAT-AP 3.1.0의 sh:nodeKind 제약을 변경 없이 채택한다. named PropertyShape의 원문 direct quad를 그대로 채택했다. 추가한 sh:targetNode는 격리 시험용이며 규범 의미를 바꾸지 않는다.,https://semiceu.github.io/GeoDCAT-AP/releases/3.1.0#dct:LocationShape/0ae2f89b0ca180c9b7eed510013f60fd9fa34f52,UPSTREAM-POS-UPSTREAM-GEODCATAP-39DEB3FC2A156A2BD2C0,UPSTREAM-NEG-UPSTREAM-GEODCATAP-39DEB3FC2A156A2BD2C0
UPSTREAM-GEODCATAP-3A00D4DE4A228AE8C71E,"[""geo"",""network""]","[""http://www.w3.org/ns/dcat#DataService""]",http://data.europa.eu/930/processor,MUST,,,"[""http://www.w3.org/ns/shacl#BlankNodeOrIRI""]",[],Violation,"[{""language"":""ko"",""text"":""로컬 격리 증거: 원문 PropertyShape에는 메시지가 없으며 sh:nodeKind 제약을 검증한다."",""source"":""local-evidence"",""predicate"":null}]",MOLIT 로컬 적용 가이드(upstream 원문 보충 설명): <http://data.europa.eu/930/processor> 값을 <http://www.w3.org/ns/shacl#BlankNodeOrIRI> node kind로 바꾼다. 원문 constraint 값은 변경하지 않는다.,GeoDCAT-AP 3.1.0,"[""https://semiceu.github.io/GeoDCAT-AP/releases/3.1.0#DataService.processor""]",GeoDCAT-AP 3.1.0의 sh:nodeKind 제약을 변경 없이 채택한다. named PropertyShape의 원문 direct quad를 그대로 채택했다. 추가한 sh:targetNode는 격리 시험용이며 규범 의미를 바꾸지 않는다.,https://semiceu.github.io/GeoDCAT-AP/releases/3.1.0#dcat:DataServiceShape/6c19a6337121f15029388b949ea0dab772437b2a,UPSTREAM-POS-UPSTREAM-GEODCATAP-3A00D4DE4A228AE8C71E,UPSTREAM-NEG-UPSTREAM-GEODCATAP-3A00D4DE4A228AE8C71E
UPSTREAM-GEODCATAP-3BA0F6A56BD2271ACE19,"[""geo"",""network""]","[""http://www.w3.org/ns/dcat#Distribution""]",http://purl.org/dc/terms/description,MUST,,,"[""http://www.w3.org/ns/shacl#Literal""]",[],Violation,"[{""language"":""ko"",""text"":""로컬 격리 증거: 원문 PropertyShape에는 메시지가 없으며 sh:nodeKind 제약을 검증한다."",""source"":""local-evidence"",""predicate"":null}]",MOLIT 로컬 적용 가이드(upstream 원문 보충 설명): <http://purl.org/dc/terms/description> 값을 <http://www.w3.org/ns/shacl#Literal> node kind로 바꾼다. 원문 constraint 값은 변경하지 않는다.,GeoDCAT-AP 3.1.0,"[""https://semiceu.github.io/GeoDCAT-AP/releases/3.1.0#Distribution.description""]",GeoDCAT-AP 3.1.0의 sh:nodeKind 제약을 변경 없이 채택한다. named PropertyShape의 원문 direct quad를 그대로 채택했다. 추가한 sh:targetNode는 격리 시험용이며 규범 의미를 바꾸지 않는다.,https://semiceu.github.io/GeoDCAT-AP/releases/3.1.0#dcat:DistributionShape/6cae9880e515253132af1452a38a8a5827165149,UPSTREAM-POS-UPSTREAM-GEODCATAP-3BA0F6A56BD2271ACE19,UPSTREAM-NEG-UPSTREAM-GEODCATAP-3BA0F6A56BD2271ACE19
UPSTREAM-GEODCATAP-3C521A70E5EF3339D5F9,"[""geo"",""network""]","[""http://www.w3.org/ns/dcat#DatasetSeries""]",http://purl.org/dc/terms/source,MUST,,,"[""http://www.w3.org/ns/dcat#Dataset""]",[],Violation,"[{""language"":""ko"",""text"":""로컬 격리 증거: 원문 PropertyShape에는 메시지가 없으며 sh:class 제약을 검증한다."",""source"":""local-evidence"",""predicate"":null}]",MOLIT 로컬 적용 가이드(upstream 원문 보충 설명): <http://purl.org/dc/terms/source>의 모든 값에 rdf:type <http://www.w3.org/ns/dcat#Dataset>를 명시한다. 원문 constraint 값은 변경하지 않는다.,GeoDCAT-AP 3.1.0,"[""https://semiceu.github.io/GeoDCAT-AP/releases/3.1.0#DatasetSeries.source""]",GeoDCAT-AP 3.1.0의 sh:class 제약을 변경 없이 채택한다. named PropertyShape의 원문 direct quad를 그대로 채택했다. 추가한 sh:targetNode는 격리 시험용이며 규범 의미를 바꾸지 않는다.,https://semiceu.github.io/GeoDCAT-AP/releases/3.1.0#dcat:DatasetSeriesShape/2d388ed1a94fa93a83fb179a4ecb339b2566b790,UPSTREAM-POS-UPSTREAM-GEODCATAP-3C521A70E5EF3339D5F9,UPSTREAM-NEG-UPSTREAM-GEODCATAP-3C521A70E5EF3339D5F9
UPSTREAM-GEODCATAP-3C730BE38BB82DC51FC5,"[""geo"",""network""]","[""http://www.w3.org/ns/dcat#Distribution""]",http://purl.org/dc/terms/language,MUST,,,"[""http://purl.org/dc/terms/LinguisticSystem""]",[],Violation,"[{""language"":""ko"",""text"":""로컬 격리 증거: 원문 PropertyShape에는 메시지가 없으며 sh:class 제약을 검증한다."",""source"":""local-evidence"",""predicate"":null}]",MOLIT 로컬 적용 가이드(upstream 원문 보충 설명): <http://purl.org/dc/terms/language>의 모든 값에 rdf:type <http://purl.org/dc/terms/LinguisticSystem>를 명시한다. 원문 constraint 값은 변경하지 않는다.,GeoDCAT-AP 3.1.0,"[""https://semiceu.github.io/GeoDCAT-AP/releases/3.1.0#Distribution.language""]",GeoDCAT-AP 3.1.0의 sh:class 제약을 변경 없이 채택한다. named PropertyShape의 원문 direct quad를 그대로 채택했다. 추가한 sh:targetNode는 격리 시험용이며 규범 의미를 바꾸지 않는다.,https://semiceu.github.io/GeoDCAT-AP/releases/3.1.0#dcat:DistributionShape/29ba27566ab1f32c8bb73f3492436d4bd868d3d2,UPSTREAM-POS-UPSTREAM-GEODCATAP-3C730BE38BB82DC51FC5,UPSTREAM-NEG-UPSTREAM-GEODCATAP-3C730BE38BB82DC51FC5
UPSTREAM-GEODCATAP-3D0C67DA7C626005576E,"[""geo"",""network""]","[""http://www.w3.org/ns/dcat#DataService""]",http://www.w3.org/ns/dcat#temporalResolution,MUST,,,"[""http://www.w3.org/ns/shacl#Literal""]",[],Violation,"[{""language"":""ko"",""text"":""로컬 격리 증거: 원문 PropertyShape에는 메시지가 없으며 sh:nodeKind 제약을 검증한다."",""source"":""local-evidence"",""predicate"":null}]",MOLIT 로컬 적용 가이드(upstream 원문 보충 설명): <http://www.w3.org/ns/dcat#temporalResolution> 값을 <http://www.w3.org/ns/shacl#Literal> node kind로 바꾼다. 원문 constraint 값은 변경하지 않는다.,GeoDCAT-AP 3.1.0,"[""https://semiceu.github.io/GeoDCAT-AP/releases/3.1.0#DataService.temporalresolution""]",GeoDCAT-AP 3.1.0의 sh:nodeKind 제약을 변경 없이 채택한다. named PropertyShape의 원문 direct quad를 그대로 채택했다. 추가한 sh:targetNode는 격리 시험용이며 규범 의미를 바꾸지 않는다.,https://semiceu.github.io/GeoDCAT-AP/releases/3.1.0#dcat:DataServiceShape/2961dd5b80e9c0f6242da8cf9eea53ad610d7602,UPSTREAM-POS-UPSTREAM-GEODCATAP-3D0C67DA7C626005576E,UPSTREAM-NEG-UPSTREAM-GEODCATAP-3D0C67DA7C626005576E
UPSTREAM-GEODCATAP-3D63246D9106940235D8,"[""geo"",""network""]","[""http://www.w3.org/ns/dcat#DatasetSeries""]",http://data.europa.eu/930/referenceSystem,MUST,,,"[""http://www.w3.org/ns/shacl#BlankNodeOrIRI""]",[],Violation,"[{""language"":""ko"",""text"":""로컬 격리 증거: 원문 PropertyShape에는 메시지가 없으며 sh:nodeKind 제약을 검증한다."",""source"":""local-evidence"",""predicate"":null}]",MOLIT 로컬 적용 가이드(upstream 원문 보충 설명): <http://data.europa.eu/930/referenceSystem> 값을 <http://www.w3.org/ns/shacl#BlankNodeOrIRI> node kind로 바꾼다. 원문 constraint 값은 변경하지 않는다.,GeoDCAT-AP 3.1.0,"[""https://semiceu.github.io/GeoDCAT-AP/releases/3.1.0#DatasetSeries.referencesystem""]",GeoDCAT-AP 3.1.0의 sh:nodeKind 제약을 변경 없이 채택한다. named PropertyShape의 원문 direct quad를 그대로 채택했다. 추가한 sh:targetNode는 격리 시험용이며 규범 의미를 바꾸지 않는다.,https://semiceu.github.io/GeoDCAT-AP/releases/3.1.0#dcat:DatasetSeriesShape/90d2d876025f695254da925395940ab829409254,UPSTREAM-POS-UPSTREAM-GEODCATAP-3D63246D9106940235D8,UPSTREAM-NEG-UPSTREAM-GEODCATAP-3D63246D9106940235D8
UPSTREAM-GEODCATAP-3DDD6FF3D62741993A2C,"[""geo"",""network""]","[""http://www.w3.org/ns/dcat#Distribution""]",http://purl.org/dc/terms/rights,MUST,,,"[""http://www.w3.org/ns/shacl#BlankNodeOrIRI""]",[],Violation,"[{""language"":""ko"",""text"":""로컬 격리 증거: 원문 PropertyShape에는 메시지가 없으며 sh:nodeKind 제약을 검증한다."",""source"":""local-evidence"",""predicate"":null}]",MOLIT 로컬 적용 가이드(upstream 원문 보충 설명): <http://purl.org/dc/terms/rights> 값을 <http://www.w3.org/ns/shacl#BlankNodeOrIRI> node kind로 바꾼다. 원문 constraint 값은 변경하지 않는다.,GeoDCAT-AP 3.1.0,"[""https://semiceu.github.io/GeoDCAT-AP/releases/3.1.0#Distribution.rights""]",GeoDCAT-AP 3.1.0의 sh:nodeKind 제약을 변경 없이 채택한다. named PropertyShape의 원문 direct quad를 그대로 채택했다. 추가한 sh:targetNode는 격리 시험용이며 규범 의미를 바꾸지 않는다.,https://semiceu.github.io/GeoDCAT-AP/releases/3.1.0#dcat:DistributionShape/b4c4138f0581e7240ec4dd866004c56407b3705a,UPSTREAM-POS-UPSTREAM-GEODCATAP-3DDD6FF3D62741993A2C,UPSTREAM-NEG-UPSTREAM-GEODCATAP-3DDD6FF3D62741993A2C
UPSTREAM-GEODCATAP-3F6EF6225DA304E7DBFB,"[""geo"",""network""]","[""http://www.w3.org/ns/dcat#DataService""]",http://purl.org/dc/terms/license,MUST,,,"[""http://purl.org/dc/terms/LicenseDocument""]",[],Violation,"[{""language"":""ko"",""text"":""로컬 격리 증거: 원문 PropertyShape에는 메시지가 없으며 sh:class 제약을 검증한다."",""source"":""local-evidence"",""predicate"":null}]",MOLIT 로컬 적용 가이드(upstream 원문 보충 설명): <http://purl.org/dc/terms/license>의 모든 값에 rdf:type <http://purl.org/dc/terms/LicenseDocument>를 명시한다. 원문 constraint 값은 변경하지 않는다.,GeoDCAT-AP 3.1.0,"[""https://semiceu.github.io/GeoDCAT-AP/releases/3.1.0#DataService.licence""]",GeoDCAT-AP 3.1.0의 sh:class 제약을 변경 없이 채택한다. named PropertyShape의 원문 direct quad를 그대로 채택했다. 추가한 sh:targetNode는 격리 시험용이며 규범 의미를 바꾸지 않는다.,https://semiceu.github.io/GeoDCAT-AP/releases/3.1.0#dcat:DataServiceShape/dbcf2adef675735c48b532392359af27af5e8b71,UPSTREAM-POS-UPSTREAM-GEODCATAP-3F6EF6225DA304E7DBFB,UPSTREAM-NEG-UPSTREAM-GEODCATAP-3F6EF6225DA304E7DBFB
UPSTREAM-GEODCATAP-400347E263C676E6DBA1,"[""geo"",""network""]","[""http://www.w3.org/ns/prov#Activity""]",http://www.w3.org/ns/prov#used,MUST,,,"[""http://www.w3.org/ns/prov#Entity""]",[],Violation,"[{""language"":""ko"",""text"":""로컬 격리 증거: 원문 PropertyShape에는 메시지가 없으며 sh:class 제약을 검증한다."",""source"":""local-evidence"",""predicate"":null}]",MOLIT 로컬 적용 가이드(upstream 원문 보충 설명): <http://www.w3.org/ns/prov#used>의 모든 값에 rdf:type <http://www.w3.org/ns/prov#Entity>를 명시한다. 원문 constraint 값은 변경하지 않는다.,GeoDCAT-AP 3.1.0,"[""https://semiceu.github.io/GeoDCAT-AP/releases/3.1.0#Activity.used""]",GeoDCAT-AP 3.1.0의 sh:class 제약을 변경 없이 채택한다. named PropertyShape의 원문 direct quad를 그대로 채택했다. 추가한 sh:targetNode는 격리 시험용이며 규범 의미를 바꾸지 않는다.,https://semiceu.github.io/GeoDCAT-AP/releases/3.1.0#prov:ActivityShape/69ee19cfbaf11466ad93d8cd347acf35e9b78987,UPSTREAM-POS-UPSTREAM-GEODCATAP-400347E263C676E6DBA1,UPSTREAM-NEG-UPSTREAM-GEODCATAP-400347E263C676E6DBA1
UPSTREAM-GEODCATAP-40236FA6EE52EA3D7EE2,"[""geo"",""network""]","[""http://www.w3.org/ns/dqv#QualityMeasurement""]",http://purl.org/linked-data/sdmx/2009/attribute#unitMeasure,MUST,,,"[""http://www.w3.org/2004/02/skos/core#Concept""]",[],Violation,"[{""language"":""ko"",""text"":""로컬 격리 증거: 원문 PropertyShape에는 메시지가 없으며 sh:class 제약을 검증한다."",""source"":""local-evidence"",""predicate"":null}]",MOLIT 로컬 적용 가이드(upstream 원문 보충 설명): <http://purl.org/linked-data/sdmx/2009/attribute#unitMeasure>의 모든 값에 rdf:type <http://www.w3.org/2004/02/skos/core#Concept>를 명시한다. 원문 constraint 값은 변경하지 않는다.,GeoDCAT-AP 3.1.0,"[""https://semiceu.github.io/GeoDCAT-AP/releases/3.1.0#QualityMeasurement.unitofmeasure""]",GeoDCAT-AP 3.1.0의 sh:class 제약을 변경 없이 채택한다. named PropertyShape의 원문 direct quad를 그대로 채택했다. 추가한 sh:targetNode는 격리 시험용이며 규범 의미를 바꾸지 않는다.,https://semiceu.github.io/GeoDCAT-AP/releases/3.1.0#dqv:QualityMeasurementShape/10062fffbf964102e95d8e4ceb535c05b786d66b,UPSTREAM-POS-UPSTREAM-GEODCATAP-40236FA6EE52EA3D7EE2,UPSTREAM-NEG-UPSTREAM-GEODCATAP-40236FA6EE52EA3D7EE2
UPSTREAM-GEODCATAP-402F1FFB5F59AD36CC4F,"[""geo"",""network""]","[""http://www.w3.org/ns/dcat#DataService""]",http://data.europa.eu/930/purpose,MUST,,1,[],[],Violation,"[{""language"":""ko"",""text"":""로컬 격리 증거: 원문 PropertyShape에는 메시지가 없으며 sh:maxCount 제약을 검증한다."",""source"":""local-evidence"",""predicate"":null}]",MOLIT 로컬 적용 가이드(upstream 원문 보충 설명): <http://data.europa.eu/930/purpose> 값을 1개 이하로 줄인다. 원문 constraint 값은 변경하지 않는다.,GeoDCAT-AP 3.1.0,"[""https://semiceu.github.io/GeoDCAT-AP/releases/3.1.0#DataService.purpose""]",GeoDCAT-AP 3.1.0의 sh:maxCount 제약을 변경 없이 채택한다. named PropertyShape의 원문 direct quad를 그대로 채택했다. 추가한 sh:targetNode는 격리 시험용이며 규범 의미를 바꾸지 않는다.,https://semiceu.github.io/GeoDCAT-AP/releases/3.1.0#dcat:DataServiceShape/30c2de1b85595fb7b8ff738893031cf824165ba1,UPSTREAM-POS-UPSTREAM-GEODCATAP-402F1FFB5F59AD36CC4F,UPSTREAM-NEG-UPSTREAM-GEODCATAP-402F1FFB5F59AD36CC4F
UPSTREAM-GEODCATAP-407DC4C544968647DB9D,"[""geo"",""network""]","[""http://xmlns.com/foaf/0.1/Agent""]",http://xmlns.com/foaf/0.1/mbox,MUST,,1,[],[],Violation,"[{""language"":""ko"",""text"":""로컬 격리 증거: 원문 PropertyShape에는 메시지가 없으며 sh:maxCount 제약을 검증한다."",""source"":""local-evidence"",""predicate"":null}]",MOLIT 로컬 적용 가이드(upstream 원문 보충 설명): <http://xmlns.com/foaf/0.1/mbox> 값을 1개 이하로 줄인다. 원문 constraint 값은 변경하지 않는다.,GeoDCAT-AP 3.1.0,"[""https://semiceu.github.io/GeoDCAT-AP/releases/3.1.0#Agent.email""]",GeoDCAT-AP 3.1.0의 sh:maxCount 제약을 변경 없이 채택한다. named PropertyShape의 원문 direct quad를 그대로 채택했다. 추가한 sh:targetNode는 격리 시험용이며 규범 의미를 바꾸지 않는다.,https://semiceu.github.io/GeoDCAT-AP/releases/3.1.0#foaf:AgentShape/df2e16526cd0f7cc796d3bb27ac1861737a35d91,UPSTREAM-POS-UPSTREAM-GEODCATAP-407DC4C544968647DB9D,UPSTREAM-NEG-UPSTREAM-GEODCATAP-407DC4C544968647DB9D
UPSTREAM-GEODCATAP-40A047C17A077D9DBBAA,"[""geo"",""network""]","[""http://www.w3.org/ns/dcat#Dataset""]",http://www.w3.org/ns/adms#identifier,MUST,,,"[""http://www.w3.org/ns/adms#Identifier""]",[],Violation,"[{""language"":""ko"",""text"":""로컬 격리 증거: 원문 PropertyShape에는 메시지가 없으며 sh:class 제약을 검증한다."",""source"":""local-evidence"",""predicate"":null}]",MOLIT 로컬 적용 가이드(upstream 원문 보충 설명): <http://www.w3.org/ns/adms#identifier>의 모든 값에 rdf:type <http://www.w3.org/ns/adms#Identifier>를 명시한다. 원문 constraint 값은 변경하지 않는다.,GeoDCAT-AP 3.1.0,"[""https://semiceu.github.io/GeoDCAT-AP/releases/3.1.0#Dataset.otheridentifier""]",GeoDCAT-AP 3.1.0의 sh:class 제약을 변경 없이 채택한다. named PropertyShape의 원문 direct quad를 그대로 채택했다. 추가한 sh:targetNode는 격리 시험용이며 규범 의미를 바꾸지 않는다.,https://semiceu.github.io/GeoDCAT-AP/releases/3.1.0#dcat:DatasetShape/9fe7c5889615d19dd4849fb66a5664fc016aa598,UPSTREAM-POS-UPSTREAM-GEODCATAP-40A047C17A077D9DBBAA,UPSTREAM-NEG-UPSTREAM-GEODCATAP-40A047C17A077D9DBBAA
UPSTREAM-GEODCATAP-41030920CACAC98244C9,"[""geo"",""network""]","[""http://www.w3.org/ns/dcat#DatasetSeries""]",http://data.europa.eu/930/originator,MUST,,,"[""http://xmlns.com/foaf/0.1/Agent""]",[],Violation,"[{""language"":""ko"",""text"":""로컬 격리 증거: 원문 PropertyShape에는 메시지가 없으며 sh:class 제약을 검증한다."",""source"":""local-evidence"",""predicate"":null}]",MOLIT 로컬 적용 가이드(upstream 원문 보충 설명): <http://data.europa.eu/930/originator>의 모든 값에 rdf:type <http://xmlns.com/foaf/0.1/Agent>를 명시한다. 원문 constraint 값은 변경하지 않는다.,GeoDCAT-AP 3.1.0,"[""https://semiceu.github.io/GeoDCAT-AP/releases/3.1.0#DatasetSeries.originator""]",GeoDCAT-AP 3.1.0의 sh:class 제약을 변경 없이 채택한다. named PropertyShape의 원문 direct quad를 그대로 채택했다. 추가한 sh:targetNode는 격리 시험용이며 규범 의미를 바꾸지 않는다.,https://semiceu.github.io/GeoDCAT-AP/releases/3.1.0#dcat:DatasetSeriesShape/48476aa3f2bfa8f7c3e4d22652531e590c90e9ac,UPSTREAM-POS-UPSTREAM-GEODCATAP-41030920CACAC98244C9,UPSTREAM-NEG-UPSTREAM-GEODCATAP-41030920CACAC98244C9
UPSTREAM-GEODCATAP-41535449A2B273345B07,"[""geo"",""network""]","[""http://www.w3.org/ns/dcat#DatasetSeries""]",http://purl.org/dc/terms/accessRights,MUST,,,"[""http://purl.org/dc/terms/RightsStatement""]",[],Violation,"[{""language"":""ko"",""text"":""로컬 격리 증거: 원문 PropertyShape에는 메시지가 없으며 sh:class 제약을 검증한다."",""source"":""local-evidence"",""predicate"":null}]",MOLIT 로컬 적용 가이드(upstream 원문 보충 설명): <http://purl.org/dc/terms/accessRights>의 모든 값에 rdf:type <http://purl.org/dc/terms/RightsStatement>를 명시한다. 원문 constraint 값은 변경하지 않는다.,GeoDCAT-AP 3.1.0,"[""https://semiceu.github.io/GeoDCAT-AP/releases/3.1.0#DatasetSeries.accessrights""]",GeoDCAT-AP 3.1.0의 sh:class 제약을 변경 없이 채택한다. named PropertyShape의 원문 direct quad를 그대로 채택했다. 추가한 sh:targetNode는 격리 시험용이며 규범 의미를 바꾸지 않는다.,https://semiceu.github.io/GeoDCAT-AP/releases/3.1.0#dcat:DatasetSeriesShape/ee60fdd4b8581460f5fc4077813b8bb3e3d77441,UPSTREAM-POS-UPSTREAM-GEODCATAP-41535449A2B273345B07,UPSTREAM-NEG-UPSTREAM-GEODCATAP-41535449A2B273345B07
UPSTREAM-GEODCATAP-41731864F270ED13A7CC,"[""geo"",""network""]","[""http://www.w3.org/ns/dcat#DatasetSeries""]",http://data.europa.eu/930/custodian,MUST,,,"[""http://www.w3.org/ns/shacl#BlankNodeOrIRI""]",[],Violation,"[{""language"":""ko"",""text"":""로컬 격리 증거: 원문 PropertyShape에는 메시지가 없으며 sh:nodeKind 제약을 검증한다."",""source"":""local-evidence"",""predicate"":null}]",MOLIT 로컬 적용 가이드(upstream 원문 보충 설명): <http://data.europa.eu/930/custodian> 값을 <http://www.w3.org/ns/shacl#BlankNodeOrIRI> node kind로 바꾼다. 원문 constraint 값은 변경하지 않는다.,GeoDCAT-AP 3.1.0,"[""https://semiceu.github.io/GeoDCAT-AP/releases/3.1.0#DatasetSeries.custodian""]",GeoDCAT-AP 3.1.0의 sh:nodeKind 제약을 변경 없이 채택한다. named PropertyShape의 원문 direct quad를 그대로 채택했다. 추가한 sh:targetNode는 격리 시험용이며 규범 의미를 바꾸지 않는다.,https://semiceu.github.io/GeoDCAT-AP/releases/3.1.0#dcat:DatasetSeriesShape/26fb54e0c953f5aa1e4db5b7bf3b6e6698f4ac4e,UPSTREAM-POS-UPSTREAM-GEODCATAP-41731864F270ED13A7CC,UPSTREAM-NEG-UPSTREAM-GEODCATAP-41731864F270ED13A7CC
UPSTREAM-GEODCATAP-41AA035D58C730F568A2,"[""geo"",""network""]","[""http://www.w3.org/ns/dcat#Dataset""]",http://www.w3.org/ns/adms#sample,MUST,,,"[""http://www.w3.org/ns/dcat#Distribution""]",[],Violation,"[{""language"":""ko"",""text"":""로컬 격리 증거: 원문 PropertyShape에는 메시지가 없으며 sh:class 제약을 검증한다."",""source"":""local-evidence"",""predicate"":null}]",MOLIT 로컬 적용 가이드(upstream 원문 보충 설명): <http://www.w3.org/ns/adms#sample>의 모든 값에 rdf:type <http://www.w3.org/ns/dcat#Distribution>를 명시한다. 원문 constraint 값은 변경하지 않는다.,GeoDCAT-AP 3.1.0,"[""https://semiceu.github.io/GeoDCAT-AP/releases/3.1.0#Dataset.sample""]",GeoDCAT-AP 3.1.0의 sh:class 제약을 변경 없이 채택한다. named PropertyShape의 원문 direct quad를 그대로 채택했다. 추가한 sh:targetNode는 격리 시험용이며 규범 의미를 바꾸지 않는다.,https://semiceu.github.io/GeoDCAT-AP/releases/3.1.0#dcat:DatasetShape/5f12b6f065bf83b81d077ee38954b6ad5c4b2b6b,UPSTREAM-POS-UPSTREAM-GEODCATAP-41AA035D58C730F568A2,UPSTREAM-NEG-UPSTREAM-GEODCATAP-41AA035D58C730F568A2
UPSTREAM-GEODCATAP-424E36BD84D32441E93A,"[""geo"",""network""]","[""http://www.w3.org/ns/dcat#Dataset""]",http://purl.org/dc/terms/conformsTo,MUST,,,"[""http://www.w3.org/ns/shacl#BlankNodeOrIRI""]",[],Violation,"[{""language"":""ko"",""text"":""로컬 격리 증거: 원문 PropertyShape에는 메시지가 없으며 sh:nodeKind 제약을 검증한다."",""source"":""local-evidence"",""predicate"":null}]",MOLIT 로컬 적용 가이드(upstream 원문 보충 설명): <http://purl.org/dc/terms/conformsTo> 값을 <http://www.w3.org/ns/shacl#BlankNodeOrIRI> node kind로 바꾼다. 원문 constraint 값은 변경하지 않는다.,GeoDCAT-AP 3.1.0,"[""https://semiceu.github.io/GeoDCAT-AP/releases/3.1.0#Dataset.conformsto""]",GeoDCAT-AP 3.1.0의 sh:nodeKind 제약을 변경 없이 채택한다. named PropertyShape의 원문 direct quad를 그대로 채택했다. 추가한 sh:targetNode는 격리 시험용이며 규범 의미를 바꾸지 않는다.,https://semiceu.github.io/GeoDCAT-AP/releases/3.1.0#dcat:DatasetShape/08118c51bfc41b71d11f3a58e9410da74e6480e6,UPSTREAM-POS-UPSTREAM-GEODCATAP-424E36BD84D32441E93A,UPSTREAM-NEG-UPSTREAM-GEODCATAP-424E36BD84D32441E93A
UPSTREAM-GEODCATAP-426D1BFE84A797E1E430,"[""geo"",""network""]","[""http://www.w3.org/ns/prov#Attribution""]",http://www.w3.org/ns/dcat#hadRole,MUST,,,"[""http://www.w3.org/ns/shacl#BlankNodeOrIRI""]",[],Violation,"[{""language"":""ko"",""text"":""로컬 격리 증거: 원문 PropertyShape에는 메시지가 없으며 sh:nodeKind 제약을 검증한다."",""source"":""local-evidence"",""predicate"":null}]",MOLIT 로컬 적용 가이드(upstream 원문 보충 설명): <http://www.w3.org/ns/dcat#hadRole> 값을 <http://www.w3.org/ns/shacl#BlankNodeOrIRI> node kind로 바꾼다. 원문 constraint 값은 변경하지 않는다.,GeoDCAT-AP 3.1.0,"[""https://semiceu.github.io/GeoDCAT-AP/releases/3.1.0#Attribution.hadrole""]",GeoDCAT-AP 3.1.0의 sh:nodeKind 제약을 변경 없이 채택한다. named PropertyShape의 원문 direct quad를 그대로 채택했다. 추가한 sh:targetNode는 격리 시험용이며 규범 의미를 바꾸지 않는다.,https://semiceu.github.io/GeoDCAT-AP/releases/3.1.0#prov:AttributionShape/5945770a55865eb52bf4cbcac7847889d16a2926,UPSTREAM-POS-UPSTREAM-GEODCATAP-426D1BFE84A797E1E430,UPSTREAM-NEG-UPSTREAM-GEODCATAP-426D1BFE84A797E1E430
UPSTREAM-GEODCATAP-42F36436C56F78873446,"[""geo"",""network""]","[""http://www.w3.org/ns/dcat#Distribution""]",http://www.w3.org/ns/dcat#byteSize,MUST,,,"[""http://www.w3.org/ns/shacl#Literal""]",[],Violation,"[{""language"":""ko"",""text"":""로컬 격리 증거: 원문 PropertyShape에는 메시지가 없으며 sh:nodeKind 제약을 검증한다."",""source"":""local-evidence"",""predicate"":null}]",MOLIT 로컬 적용 가이드(upstream 원문 보충 설명): <http://www.w3.org/ns/dcat#byteSize> 값을 <http://www.w3.org/ns/shacl#Literal> node kind로 바꾼다. 원문 constraint 값은 변경하지 않는다.,GeoDCAT-AP 3.1.0,"[""https://semiceu.github.io/GeoDCAT-AP/releases/3.1.0#Distribution.bytesize""]",GeoDCAT-AP 3.1.0의 sh:nodeKind 제약을 변경 없이 채택한다. named PropertyShape의 원문 direct quad를 그대로 채택했다. 추가한 sh:targetNode는 격리 시험용이며 규범 의미를 바꾸지 않는다.,https://semiceu.github.io/GeoDCAT-AP/releases/3.1.0#dcat:DistributionShape/59cbd395c4b9167c030b3fd61001eeeee5034346,UPSTREAM-POS-UPSTREAM-GEODCATAP-42F36436C56F78873446,UPSTREAM-NEG-UPSTREAM-GEODCATAP-42F36436C56F78873446
UPSTREAM-GEODCATAP-43FB9543D2CCE5217163,"[""geo"",""network""]","[""http://www.w3.org/ns/dcat#DataService""]",http://purl.org/dc/terms/temporal,MUST,,,"[""http://www.w3.org/ns/shacl#BlankNodeOrIRI""]",[],Violation,"[{""language"":""ko"",""text"":""로컬 격리 증거: 원문 PropertyShape에는 메시지가 없으며 sh:nodeKind 제약을 검증한다."",""source"":""local-evidence"",""predicate"":null}]",MOLIT 로컬 적용 가이드(upstream 원문 보충 설명): <http://purl.org/dc/terms/temporal> 값을 <http://www.w3.org/ns/shacl#BlankNodeOrIRI> node kind로 바꾼다. 원문 constraint 값은 변경하지 않는다.,GeoDCAT-AP 3.1.0,"[""https://semiceu.github.io/GeoDCAT-AP/releases/3.1.0#DataService.temporalcoverage""]",GeoDCAT-AP 3.1.0의 sh:nodeKind 제약을 변경 없이 채택한다. named PropertyShape의 원문 direct quad를 그대로 채택했다. 추가한 sh:targetNode는 격리 시험용이며 규범 의미를 바꾸지 않는다.,https://semiceu.github.io/GeoDCAT-AP/releases/3.1.0#dcat:DataServiceShape/81d9e81dce75ad228913796fb0f52470b14df56b,UPSTREAM-POS-UPSTREAM-GEODCATAP-43FB9543D2CCE5217163,UPSTREAM-NEG-UPSTREAM-GEODCATAP-43FB9543D2CCE5217163
UPSTREAM-GEODCATAP-449F13C2AEE569594D5F,"[""geo"",""network""]","[""http://www.w3.org/ns/dcat#DataService""]",http://purl.org/dc/terms/modified,MUST,,1,[],[],Violation,"[{""language"":""ko"",""text"":""로컬 격리 증거: 원문 PropertyShape에는 메시지가 없으며 sh:maxCount 제약을 검증한다."",""source"":""local-evidence"",""predicate"":null}]",MOLIT 로컬 적용 가이드(upstream 원문 보충 설명): <http://purl.org/dc/terms/modified> 값을 1개 이하로 줄인다. 원문 constraint 값은 변경하지 않는다.,GeoDCAT-AP 3.1.0,"[""https://semiceu.github.io/GeoDCAT-AP/releases/3.1.0#DataService.modificationdate""]",GeoDCAT-AP 3.1.0의 sh:maxCount 제약을 변경 없이 채택한다. named PropertyShape의 원문 direct quad를 그대로 채택했다. 추가한 sh:targetNode는 격리 시험용이며 규범 의미를 바꾸지 않는다.,https://semiceu.github.io/GeoDCAT-AP/releases/3.1.0#dcat:DataServiceShape/9e9d878c1c354206edc1d411f33c82d4d01e5a8f,UPSTREAM-POS-UPSTREAM-GEODCATAP-449F13C2AEE569594D5F,UPSTREAM-NEG-UPSTREAM-GEODCATAP-449F13C2AEE569594D5F
UPSTREAM-GEODCATAP-45C2D1822A568DFBEC96,"[""geo"",""network""]","[""http://www.w3.org/ns/dcat#DataService""]",http://www.w3.org/ns/dcat#servesDataset,MUST,,,"[""http://www.w3.org/ns/dcat#Dataset""]",[],Violation,"[{""language"":""ko"",""text"":""로컬 격리 증거: 원문 PropertyShape에는 메시지가 없으며 sh:class 제약을 검증한다."",""source"":""local-evidence"",""predicate"":null}]",MOLIT 로컬 적용 가이드(upstream 원문 보충 설명): <http://www.w3.org/ns/dcat#servesDataset>의 모든 값에 rdf:type <http://www.w3.org/ns/dcat#Dataset>를 명시한다. 원문 constraint 값은 변경하지 않는다.,GeoDCAT-AP 3.1.0,"[""https://semiceu.github.io/GeoDCAT-AP/releases/3.1.0#DataService.servesdataset""]",GeoDCAT-AP 3.1.0의 sh:class 제약을 변경 없이 채택한다. named PropertyShape의 원문 direct quad를 그대로 채택했다. 추가한 sh:targetNode는 격리 시험용이며 규범 의미를 바꾸지 않는다.,https://semiceu.github.io/GeoDCAT-AP/releases/3.1.0#dcat:DataServiceShape/1a61f733fafb015548fe0e21203d559c9cb4d228,UPSTREAM-POS-UPSTREAM-GEODCATAP-45C2D1822A568DFBEC96,UPSTREAM-NEG-UPSTREAM-GEODCATAP-45C2D1822A568DFBEC96
UPSTREAM-GEODCATAP-460AAF7DC98468A635D5,"[""geo"",""network""]","[""http://www.w3.org/ns/dcat#Relationship""]",http://purl.org/dc/terms/relation,MUST,,,"[""http://www.w3.org/ns/shacl#BlankNodeOrIRI""]",[],Violation,"[{""language"":""ko"",""text"":""로컬 격리 증거: 원문 PropertyShape에는 메시지가 없으며 sh:nodeKind 제약을 검증한다."",""source"":""local-evidence"",""predicate"":null}]",MOLIT 로컬 적용 가이드(upstream 원문 보충 설명): <http://purl.org/dc/terms/relation> 값을 <http://www.w3.org/ns/shacl#BlankNodeOrIRI> node kind로 바꾼다. 원문 constraint 값은 변경하지 않는다.,GeoDCAT-AP 3.1.0,"[""https://semiceu.github.io/GeoDCAT-AP/releases/3.1.0#Relationship.relation""]",GeoDCAT-AP 3.1.0의 sh:nodeKind 제약을 변경 없이 채택한다. named PropertyShape의 원문 direct quad를 그대로 채택했다. 추가한 sh:targetNode는 격리 시험용이며 규범 의미를 바꾸지 않는다.,https://semiceu.github.io/GeoDCAT-AP/releases/3.1.0#dcat:RelationshipShape/5871eb562969e2a4f395c8424314cc119686e019,UPSTREAM-POS-UPSTREAM-GEODCATAP-460AAF7DC98468A635D5,UPSTREAM-NEG-UPSTREAM-GEODCATAP-460AAF7DC98468A635D5
UPSTREAM-GEODCATAP-465CD21945C8DA5B87ED,"[""geo"",""network""]","[""http://www.w3.org/ns/dcat#DataService""]",http://data.europa.eu/930/principalInvestigator,MUST,,,"[""http://www.w3.org/ns/shacl#BlankNodeOrIRI""]",[],Violation,"[{""language"":""ko"",""text"":""로컬 격리 증거: 원문 PropertyShape에는 메시지가 없으며 sh:nodeKind 제약을 검증한다."",""source"":""local-evidence"",""predicate"":null}]",MOLIT 로컬 적용 가이드(upstream 원문 보충 설명): <http://data.europa.eu/930/principalInvestigator> 값을 <http://www.w3.org/ns/shacl#BlankNodeOrIRI> node kind로 바꾼다. 원문 constraint 값은 변경하지 않는다.,GeoDCAT-AP 3.1.0,"[""https://semiceu.github.io/GeoDCAT-AP/releases/3.1.0#DataService.principalinvestigator""]",GeoDCAT-AP 3.1.0의 sh:nodeKind 제약을 변경 없이 채택한다. named PropertyShape의 원문 direct quad를 그대로 채택했다. 추가한 sh:targetNode는 격리 시험용이며 규범 의미를 바꾸지 않는다.,https://semiceu.github.io/GeoDCAT-AP/releases/3.1.0#dcat:DataServiceShape/332a16958cb700460c864d15f17f0a67ca9cf034,UPSTREAM-POS-UPSTREAM-GEODCATAP-465CD21945C8DA5B87ED,UPSTREAM-NEG-UPSTREAM-GEODCATAP-465CD21945C8DA5B87ED
UPSTREAM-GEODCATAP-46723C01079ECF5D1DA1,"[""geo"",""network""]","[""http://www.w3.org/ns/dcat#Catalog""]",http://purl.org/dc/terms/temporal,MUST,,,"[""http://purl.org/dc/terms/PeriodOfTime""]",[],Violation,"[{""language"":""ko"",""text"":""로컬 격리 증거: 원문 PropertyShape에는 메시지가 없으며 sh:class 제약을 검증한다."",""source"":""local-evidence"",""predicate"":null}]",MOLIT 로컬 적용 가이드(upstream 원문 보충 설명): <http://purl.org/dc/terms/temporal>의 모든 값에 rdf:type <http://purl.org/dc/terms/PeriodOfTime>를 명시한다. 원문 constraint 값은 변경하지 않는다.,GeoDCAT-AP 3.1.0,"[""https://semiceu.github.io/GeoDCAT-AP/releases/3.1.0#Catalogue.temporalcoverage""]",GeoDCAT-AP 3.1.0의 sh:class 제약을 변경 없이 채택한다. named PropertyShape의 원문 direct quad를 그대로 채택했다. 추가한 sh:targetNode는 격리 시험용이며 규범 의미를 바꾸지 않는다.,https://semiceu.github.io/GeoDCAT-AP/releases/3.1.0#dcat:CatalogShape/8e3b1c0888909beb09cd832b3145ad1f7abb1caa,UPSTREAM-POS-UPSTREAM-GEODCATAP-46723C01079ECF5D1DA1,UPSTREAM-NEG-UPSTREAM-GEODCATAP-46723C01079ECF5D1DA1
UPSTREAM-GEODCATAP-468ECD79B957AC2A0F17,"[""geo"",""network""]","[""http://www.w3.org/ns/dcat#CatalogRecord""]",http://www.w3.org/ns/adms#status,MUST,,1,[],[],Violation,"[{""language"":""ko"",""text"":""로컬 격리 증거: 원문 PropertyShape에는 메시지가 없으며 sh:maxCount 제약을 검증한다."",""source"":""local-evidence"",""predicate"":null}]",MOLIT 로컬 적용 가이드(upstream 원문 보충 설명): <http://www.w3.org/ns/adms#status> 값을 1개 이하로 줄인다. 원문 constraint 값은 변경하지 않는다.,GeoDCAT-AP 3.1.0,"[""https://semiceu.github.io/GeoDCAT-AP/releases/3.1.0#CatalogueRecord.changetype""]",GeoDCAT-AP 3.1.0의 sh:maxCount 제약을 변경 없이 채택한다. named PropertyShape의 원문 direct quad를 그대로 채택했다. 추가한 sh:targetNode는 격리 시험용이며 규범 의미를 바꾸지 않는다.,https://semiceu.github.io/GeoDCAT-AP/releases/3.1.0#dcat:CatalogRecordShape/1c4ac0cf94e6a9152035ed86f73590b6b516dfef,UPSTREAM-POS-UPSTREAM-GEODCATAP-468ECD79B957AC2A0F17,UPSTREAM-NEG-UPSTREAM-GEODCATAP-468ECD79B957AC2A0F17
UPSTREAM-GEODCATAP-46E488AE5008FAEB624A,"[""geo"",""network""]","[""http://www.w3.org/ns/dcat#DataService""]",http://purl.org/dc/terms/language,MUST,,,"[""http://www.w3.org/ns/shacl#BlankNodeOrIRI""]",[],Violation,"[{""language"":""ko"",""text"":""로컬 격리 증거: 원문 PropertyShape에는 메시지가 없으며 sh:nodeKind 제약을 검증한다."",""source"":""local-evidence"",""predicate"":null}]",MOLIT 로컬 적용 가이드(upstream 원문 보충 설명): <http://purl.org/dc/terms/language> 값을 <http://www.w3.org/ns/shacl#BlankNodeOrIRI> node kind로 바꾼다. 원문 constraint 값은 변경하지 않는다.,GeoDCAT-AP 3.1.0,"[""https://semiceu.github.io/GeoDCAT-AP/releases/3.1.0#DataService.language""]",GeoDCAT-AP 3.1.0의 sh:nodeKind 제약을 변경 없이 채택한다. named PropertyShape의 원문 direct quad를 그대로 채택했다. 추가한 sh:targetNode는 격리 시험용이며 규범 의미를 바꾸지 않는다.,https://semiceu.github.io/GeoDCAT-AP/releases/3.1.0#dcat:DataServiceShape/db878f1cb93930f64561d0504123c66feacfad5a,UPSTREAM-POS-UPSTREAM-GEODCATAP-46E488AE5008FAEB624A,UPSTREAM-NEG-UPSTREAM-GEODCATAP-46E488AE5008FAEB624A
UPSTREAM-GEODCATAP-46F9F9679D3C8B72AA32,"[""geo"",""network""]","[""http://www.w3.org/ns/dcat#Catalog""]",http://purl.org/dc/terms/publisher,MUST,1,,[],[],Violation,"[{""language"":""ko"",""text"":""로컬 격리 증거: 원문 PropertyShape에는 메시지가 없으며 sh:minCount 제약을 검증한다."",""source"":""local-evidence"",""predicate"":null}]",MOLIT 로컬 적용 가이드(upstream 원문 보충 설명): <http://purl.org/dc/terms/publisher> 값을 1개 이상 제공한다. 원문 constraint 값은 변경하지 않는다.,GeoDCAT-AP 3.1.0,"[""https://semiceu.github.io/GeoDCAT-AP/releases/3.1.0#Catalogue.publisher""]",GeoDCAT-AP 3.1.0의 sh:minCount 제약을 변경 없이 채택한다. named PropertyShape의 원문 direct quad를 그대로 채택했다. 추가한 sh:targetNode는 격리 시험용이며 규범 의미를 바꾸지 않는다.,https://semiceu.github.io/GeoDCAT-AP/releases/3.1.0#dcat:CatalogShape/a0ccdf3bd7f5d161d07f375a26e68c18ca91dc19,UPSTREAM-POS-UPSTREAM-GEODCATAP-46F9F9679D3C8B72AA32,UPSTREAM-NEG-UPSTREAM-GEODCATAP-46F9F9679D3C8B72AA32
UPSTREAM-GEODCATAP-472CACC22983E7AFA72F,"[""geo"",""network""]","[""http://www.w3.org/ns/dcat#Distribution""]",http://data.europa.eu/930/spatialResolutionAsText,MUST,,,"[""http://www.w3.org/ns/shacl#Literal""]",[],Violation,"[{""language"":""ko"",""text"":""로컬 격리 증거: 원문 PropertyShape에는 메시지가 없으며 sh:nodeKind 제약을 검증한다."",""source"":""local-evidence"",""predicate"":null}]",MOLIT 로컬 적용 가이드(upstream 원문 보충 설명): <http://data.europa.eu/930/spatialResolutionAsText> 값을 <http://www.w3.org/ns/shacl#Literal> node kind로 바꾼다. 원문 constraint 값은 변경하지 않는다.,GeoDCAT-AP 3.1.0,"[""https://semiceu.github.io/GeoDCAT-AP/releases/3.1.0#Distribution.spatialresolutionastext""]",GeoDCAT-AP 3.1.0의 sh:nodeKind 제약을 변경 없이 채택한다. named PropertyShape의 원문 direct quad를 그대로 채택했다. 추가한 sh:targetNode는 격리 시험용이며 규범 의미를 바꾸지 않는다.,https://semiceu.github.io/GeoDCAT-AP/releases/3.1.0#dcat:DistributionShape/8800b7f9f5c99f91633b1231bc40964e69b021de,UPSTREAM-POS-UPSTREAM-GEODCATAP-472CACC22983E7AFA72F,UPSTREAM-NEG-UPSTREAM-GEODCATAP-472CACC22983E7AFA72F
UPSTREAM-GEODCATAP-473CCAB01C39B35A5F6A,"[""geo"",""network""]","[""http://www.w3.org/ns/dcat#Dataset""]",http://data.europa.eu/930/referenceSystem,MUST,,,"[""http://www.w3.org/ns/shacl#BlankNodeOrIRI""]",[],Violation,"[{""language"":""ko"",""text"":""로컬 격리 증거: 원문 PropertyShape에는 메시지가 없으며 sh:nodeKind 제약을 검증한다."",""source"":""local-evidence"",""predicate"":null}]",MOLIT 로컬 적용 가이드(upstream 원문 보충 설명): <http://data.europa.eu/930/referenceSystem> 값을 <http://www.w3.org/ns/shacl#BlankNodeOrIRI> node kind로 바꾼다. 원문 constraint 값은 변경하지 않는다.,GeoDCAT-AP 3.1.0,"[""https://semiceu.github.io/GeoDCAT-AP/releases/3.1.0#Dataset.referencesystem""]",GeoDCAT-AP 3.1.0의 sh:nodeKind 제약을 변경 없이 채택한다. named PropertyShape의 원문 direct quad를 그대로 채택했다. 추가한 sh:targetNode는 격리 시험용이며 규범 의미를 바꾸지 않는다.,https://semiceu.github.io/GeoDCAT-AP/releases/3.1.0#dcat:DatasetShape/90d2d876025f695254da925395940ab829409254,UPSTREAM-POS-UPSTREAM-GEODCATAP-473CCAB01C39B35A5F6A,UPSTREAM-NEG-UPSTREAM-GEODCATAP-473CCAB01C39B35A5F6A
UPSTREAM-GEODCATAP-477C87A22F1D6BC414C4,"[""geo"",""network""]","[""http://www.w3.org/ns/dcat#Catalog""]",http://purl.org/dc/terms/conformsTo,MUST,,,"[""http://purl.org/dc/terms/Standard""]",[],Violation,"[{""language"":""ko"",""text"":""로컬 격리 증거: 원문 PropertyShape에는 메시지가 없으며 sh:class 제약을 검증한다."",""source"":""local-evidence"",""predicate"":null}]",MOLIT 로컬 적용 가이드(upstream 원문 보충 설명): <http://purl.org/dc/terms/conformsTo>의 모든 값에 rdf:type <http://purl.org/dc/terms/Standard>를 명시한다. 원문 constraint 값은 변경하지 않는다.,GeoDCAT-AP 3.1.0,"[""https://semiceu.github.io/GeoDCAT-AP/releases/3.1.0#Catalogue.conformsto""]",GeoDCAT-AP 3.1.0의 sh:class 제약을 변경 없이 채택한다. named PropertyShape의 원문 direct quad를 그대로 채택했다. 추가한 sh:targetNode는 격리 시험용이며 규범 의미를 바꾸지 않는다.,https://semiceu.github.io/GeoDCAT-AP/releases/3.1.0#dcat:CatalogShape/c84f7330b9538a899ebb875c44dc23c9882e74ac,UPSTREAM-POS-UPSTREAM-GEODCATAP-477C87A22F1D6BC414C4,UPSTREAM-NEG-UPSTREAM-GEODCATAP-477C87A22F1D6BC414C4
UPSTREAM-GEODCATAP-48015DD928D34D4C4C8E,"[""geo"",""network""]","[""http://www.w3.org/ns/dqv#QualityMeasurement""]",http://www.w3.org/ns/dqv#value,MUST,,1,[],[],Violation,"[{""language"":""ko"",""text"":""로컬 격리 증거: 원문 PropertyShape에는 메시지가 없으며 sh:maxCount 제약을 검증한다."",""source"":""local-evidence"",""predicate"":null}]",MOLIT 로컬 적용 가이드(upstream 원문 보충 설명): <http://www.w3.org/ns/dqv#value> 값을 1개 이하로 줄인다. 원문 constraint 값은 변경하지 않는다.,GeoDCAT-AP 3.1.0,"[""https://semiceu.github.io/GeoDCAT-AP/releases/3.1.0#QualityMeasurement.value""]",GeoDCAT-AP 3.1.0의 sh:maxCount 제약을 변경 없이 채택한다. named PropertyShape의 원문 direct quad를 그대로 채택했다. 추가한 sh:targetNode는 격리 시험용이며 규범 의미를 바꾸지 않는다.,https://semiceu.github.io/GeoDCAT-AP/releases/3.1.0#dqv:QualityMeasurementShape/db15b7df9d94d285bd33d0966a4d2357f8333c31,UPSTREAM-POS-UPSTREAM-GEODCATAP-48015DD928D34D4C4C8E,UPSTREAM-NEG-UPSTREAM-GEODCATAP-48015DD928D34D4C4C8E
UPSTREAM-GEODCATAP-4895ED6F3A6FB14DBDC9,"[""geo"",""network""]","[""http://www.w3.org/ns/dcat#CatalogRecord""]",http://purl.org/dc/terms/description,MUST,,,"[""http://www.w3.org/ns/shacl#Literal""]",[],Violation,"[{""language"":""ko"",""text"":""로컬 격리 증거: 원문 PropertyShape에는 메시지가 없으며 sh:nodeKind 제약을 검증한다."",""source"":""local-evidence"",""predicate"":null}]",MOLIT 로컬 적용 가이드(upstream 원문 보충 설명): <http://purl.org/dc/terms/description> 값을 <http://www.w3.org/ns/shacl#Literal> node kind로 바꾼다. 원문 constraint 값은 변경하지 않는다.,GeoDCAT-AP 3.1.0,"[""https://semiceu.github.io/GeoDCAT-AP/releases/3.1.0#CatalogueRecord.description""]",GeoDCAT-AP 3.1.0의 sh:nodeKind 제약을 변경 없이 채택한다. named PropertyShape의 원문 direct quad를 그대로 채택했다. 추가한 sh:targetNode는 격리 시험용이며 규범 의미를 바꾸지 않는다.,https://semiceu.github.io/GeoDCAT-AP/releases/3.1.0#dcat:CatalogRecordShape/6cae9880e515253132af1452a38a8a5827165149,UPSTREAM-POS-UPSTREAM-GEODCATAP-4895ED6F3A6FB14DBDC9,UPSTREAM-NEG-UPSTREAM-GEODCATAP-4895ED6F3A6FB14DBDC9
UPSTREAM-GEODCATAP-48F8032CD064618E6C00,"[""geo"",""network""]","[""http://www.w3.org/ns/dcat#Catalog""]",http://www.w3.org/ns/dcat#service,MUST,,,"[""http://www.w3.org/ns/dcat#DataService""]",[],Violation,"[{""language"":""ko"",""text"":""로컬 격리 증거: 원문 PropertyShape에는 메시지가 없으며 sh:class 제약을 검증한다."",""source"":""local-evidence"",""predicate"":null}]",MOLIT 로컬 적용 가이드(upstream 원문 보충 설명): <http://www.w3.org/ns/dcat#service>의 모든 값에 rdf:type <http://www.w3.org/ns/dcat#DataService>를 명시한다. 원문 constraint 값은 변경하지 않는다.,GeoDCAT-AP 3.1.0,"[""https://semiceu.github.io/GeoDCAT-AP/releases/3.1.0#Catalogue.service""]",GeoDCAT-AP 3.1.0의 sh:class 제약을 변경 없이 채택한다. named PropertyShape의 원문 direct quad를 그대로 채택했다. 추가한 sh:targetNode는 격리 시험용이며 규범 의미를 바꾸지 않는다.,https://semiceu.github.io/GeoDCAT-AP/releases/3.1.0#dcat:CatalogShape/c26f8a3ac6445e9f36176f951acd9d235af5ffd9,UPSTREAM-POS-UPSTREAM-GEODCATAP-48F8032CD064618E6C00,UPSTREAM-NEG-UPSTREAM-GEODCATAP-48F8032CD064618E6C00
UPSTREAM-GEODCATAP-491F861990CB7AFB9755,"[""geo"",""network""]","[""http://purl.org/dc/terms/Standard""]",http://purl.org/dc/terms/type,MUST,,1,[],[],Violation,"[{""language"":""ko"",""text"":""로컬 격리 증거: 원문 PropertyShape에는 메시지가 없으며 sh:maxCount 제약을 검증한다."",""source"":""local-evidence"",""predicate"":null}]",MOLIT 로컬 적용 가이드(upstream 원문 보충 설명): <http://purl.org/dc/terms/type> 값을 1개 이하로 줄인다. 원문 constraint 값은 변경하지 않는다.,GeoDCAT-AP 3.1.0,"[""https://semiceu.github.io/GeoDCAT-AP/releases/3.1.0#Standard.type""]",GeoDCAT-AP 3.1.0의 sh:maxCount 제약을 변경 없이 채택한다. named PropertyShape의 원문 direct quad를 그대로 채택했다. 추가한 sh:targetNode는 격리 시험용이며 규범 의미를 바꾸지 않는다.,https://semiceu.github.io/GeoDCAT-AP/releases/3.1.0#dct:StandardShape/236f0210baaf149903750c43bbe7012c21debb2a,UPSTREAM-POS-UPSTREAM-GEODCATAP-491F861990CB7AFB9755,UPSTREAM-NEG-UPSTREAM-GEODCATAP-491F861990CB7AFB9755
UPSTREAM-GEODCATAP-4954D6B365E80391601C,"[""geo"",""network""]","[""http://www.w3.org/ns/dcat#CatalogRecord""]",http://data.europa.eu/930/originator,MUST,,,"[""http://www.w3.org/ns/shacl#BlankNodeOrIRI""]",[],Violation,"[{""language"":""ko"",""text"":""로컬 격리 증거: 원문 PropertyShape에는 메시지가 없으며 sh:nodeKind 제약을 검증한다."",""source"":""local-evidence"",""predicate"":null}]",MOLIT 로컬 적용 가이드(upstream 원문 보충 설명): <http://data.europa.eu/930/originator> 값을 <http://www.w3.org/ns/shacl#BlankNodeOrIRI> node kind로 바꾼다. 원문 constraint 값은 변경하지 않는다.,GeoDCAT-AP 3.1.0,"[""https://semiceu.github.io/GeoDCAT-AP/releases/3.1.0#CatalogueRecord.originator""]",GeoDCAT-AP 3.1.0의 sh:nodeKind 제약을 변경 없이 채택한다. named PropertyShape의 원문 direct quad를 그대로 채택했다. 추가한 sh:targetNode는 격리 시험용이며 규범 의미를 바꾸지 않는다.,https://semiceu.github.io/GeoDCAT-AP/releases/3.1.0#dcat:CatalogRecordShape/f15ac8e72da8db00ffde633a42483a8874e9f5b4,UPSTREAM-POS-UPSTREAM-GEODCATAP-4954D6B365E80391601C,UPSTREAM-NEG-UPSTREAM-GEODCATAP-4954D6B365E80391601C
UPSTREAM-GEODCATAP-49746F7E5F56F6AF7FAE,"[""geo"",""network""]","[""http://www.w3.org/ns/dcat#DataService""]",http://purl.org/dc/terms/accessRights,MUST,,,"[""http://www.w3.org/ns/shacl#BlankNodeOrIRI""]",[],Violation,"[{""language"":""ko"",""text"":""로컬 격리 증거: 원문 PropertyShape에는 메시지가 없으며 sh:nodeKind 제약을 검증한다."",""source"":""local-evidence"",""predicate"":null}]",MOLIT 로컬 적용 가이드(upstream 원문 보충 설명): <http://purl.org/dc/terms/accessRights> 값을 <http://www.w3.org/ns/shacl#BlankNodeOrIRI> node kind로 바꾼다. 원문 constraint 값은 변경하지 않는다.,GeoDCAT-AP 3.1.0,"[""https://semiceu.github.io/GeoDCAT-AP/releases/3.1.0#DataService.accessrights""]",GeoDCAT-AP 3.1.0의 sh:nodeKind 제약을 변경 없이 채택한다. named PropertyShape의 원문 direct quad를 그대로 채택했다. 추가한 sh:targetNode는 격리 시험용이며 규범 의미를 바꾸지 않는다.,https://semiceu.github.io/GeoDCAT-AP/releases/3.1.0#dcat:DataServiceShape/10c0ca4deadefb51c529f56ee01caf9bd2639ef4,UPSTREAM-POS-UPSTREAM-GEODCATAP-49746F7E5F56F6AF7FAE,UPSTREAM-NEG-UPSTREAM-GEODCATAP-49746F7E5F56F6AF7FAE
UPSTREAM-GEODCATAP-49906C44402D3B211972,"[""geo"",""network""]","[""http://www.w3.org/ns/dcat#Dataset""]",http://www.w3.org/ns/dcat#inSeries,MUST,,,"[""http://www.w3.org/ns/shacl#BlankNodeOrIRI""]",[],Violation,"[{""language"":""ko"",""text"":""로컬 격리 증거: 원문 PropertyShape에는 메시지가 없으며 sh:nodeKind 제약을 검증한다."",""source"":""local-evidence"",""predicate"":null}]",MOLIT 로컬 적용 가이드(upstream 원문 보충 설명): <http://www.w3.org/ns/dcat#inSeries> 값을 <http://www.w3.org/ns/shacl#BlankNodeOrIRI> node kind로 바꾼다. 원문 constraint 값은 변경하지 않는다.,GeoDCAT-AP 3.1.0,"[""https://semiceu.github.io/GeoDCAT-AP/releases/3.1.0#Dataset.inseries""]",GeoDCAT-AP 3.1.0의 sh:nodeKind 제약을 변경 없이 채택한다. named PropertyShape의 원문 direct quad를 그대로 채택했다. 추가한 sh:targetNode는 격리 시험용이며 규범 의미를 바꾸지 않는다.,https://semiceu.github.io/GeoDCAT-AP/releases/3.1.0#dcat:DatasetShape/8335ef1071b18fbd6dac863013c6a9de3d057ab0,UPSTREAM-POS-UPSTREAM-GEODCATAP-49906C44402D3B211972,UPSTREAM-NEG-UPSTREAM-GEODCATAP-49906C44402D3B211972
UPSTREAM-GEODCATAP-4A0B0B47C8E545491B1B,"[""geo"",""network""]","[""http://www.w3.org/ns/dcat#DataService""]",http://data.europa.eu/930/serviceProtocol,MUST,,1,[],[],Violation,"[{""language"":""ko"",""text"":""로컬 격리 증거: 원문 PropertyShape에는 메시지가 없으며 sh:maxCount 제약을 검증한다."",""source"":""local-evidence"",""predicate"":null}]",MOLIT 로컬 적용 가이드(upstream 원문 보충 설명): <http://data.europa.eu/930/serviceProtocol> 값을 1개 이하로 줄인다. 원문 constraint 값은 변경하지 않는다.,GeoDCAT-AP 3.1.0,"[""https://semiceu.github.io/GeoDCAT-AP/releases/3.1.0#DataService.serviceprotocol""]",GeoDCAT-AP 3.1.0의 sh:maxCount 제약을 변경 없이 채택한다. named PropertyShape의 원문 direct quad를 그대로 채택했다. 추가한 sh:targetNode는 격리 시험용이며 규범 의미를 바꾸지 않는다.,https://semiceu.github.io/GeoDCAT-AP/releases/3.1.0#dcat:DataServiceShape/e52c27802f529de05e9ebc5ba348f6c24dbf3176,UPSTREAM-POS-UPSTREAM-GEODCATAP-4A0B0B47C8E545491B1B,UPSTREAM-NEG-UPSTREAM-GEODCATAP-4A0B0B47C8E545491B1B
UPSTREAM-GEODCATAP-4A9E70F384B527E4BC38,"[""geo"",""network""]","[""http://www.w3.org/ns/dcat#Catalog""]",http://www.w3.org/ns/dcat#contactPoint,MUST,,,"[""http://www.w3.org/ns/shacl#BlankNodeOrIRI""]",[],Violation,"[{""language"":""ko"",""text"":""로컬 격리 증거: 원문 PropertyShape에는 메시지가 없으며 sh:nodeKind 제약을 검증한다."",""source"":""local-evidence"",""predicate"":null}]",MOLIT 로컬 적용 가이드(upstream 원문 보충 설명): <http://www.w3.org/ns/dcat#contactPoint> 값을 <http://www.w3.org/ns/shacl#BlankNodeOrIRI> node kind로 바꾼다. 원문 constraint 값은 변경하지 않는다.,GeoDCAT-AP 3.1.0,"[""https://semiceu.github.io/GeoDCAT-AP/releases/3.1.0#Catalogue.contactpoint""]",GeoDCAT-AP 3.1.0의 sh:nodeKind 제약을 변경 없이 채택한다. named PropertyShape의 원문 direct quad를 그대로 채택했다. 추가한 sh:targetNode는 격리 시험용이며 규범 의미를 바꾸지 않는다.,https://semiceu.github.io/GeoDCAT-AP/releases/3.1.0#dcat:CatalogShape/9adf9f5890592909cf3e67021ae7ab4f895a7745,UPSTREAM-POS-UPSTREAM-GEODCATAP-4A9E70F384B527E4BC38,UPSTREAM-NEG-UPSTREAM-GEODCATAP-4A9E70F384B527E4BC38
UPSTREAM-GEODCATAP-4AF5AE8E92A8922EA8FA,"[""geo"",""network""]","[""http://www.w3.org/ns/dcat#DataService""]",http://data.europa.eu/930/resourceType,MUST,,1,[],[],Violation,"[{""language"":""ko"",""text"":""로컬 격리 증거: 원문 PropertyShape에는 메시지가 없으며 sh:maxCount 제약을 검증한다."",""source"":""local-evidence"",""predicate"":null}]",MOLIT 로컬 적용 가이드(upstream 원문 보충 설명): <http://data.europa.eu/930/resourceType> 값을 1개 이하로 줄인다. 원문 constraint 값은 변경하지 않는다.,GeoDCAT-AP 3.1.0,"[""https://semiceu.github.io/GeoDCAT-AP/releases/3.1.0#DataService.type""]",GeoDCAT-AP 3.1.0의 sh:maxCount 제약을 변경 없이 채택한다. named PropertyShape의 원문 direct quad를 그대로 채택했다. 추가한 sh:targetNode는 격리 시험용이며 규범 의미를 바꾸지 않는다.,https://semiceu.github.io/GeoDCAT-AP/releases/3.1.0#dcat:DataServiceShape/236f0210baaf149903750c43bbe7012c21debb2a,UPSTREAM-POS-UPSTREAM-GEODCATAP-4AF5AE8E92A8922EA8FA,UPSTREAM-NEG-UPSTREAM-GEODCATAP-4AF5AE8E92A8922EA8FA
UPSTREAM-GEODCATAP-4BA5F41486D318E3CFDC,"[""geo"",""network""]","[""http://purl.org/dc/terms/PeriodOfTime""]",http://www.w3.org/2006/time#hasBeginning,MUST,,1,[],[],Violation,"[{""language"":""ko"",""text"":""로컬 격리 증거: 원문 PropertyShape에는 메시지가 없으며 sh:maxCount 제약을 검증한다."",""source"":""local-evidence"",""predicate"":null}]",MOLIT 로컬 적용 가이드(upstream 원문 보충 설명): <http://www.w3.org/2006/time#hasBeginning> 값을 1개 이하로 줄인다. 원문 constraint 값은 변경하지 않는다.,GeoDCAT-AP 3.1.0,"[""https://semiceu.github.io/GeoDCAT-AP/releases/3.1.0#PeriodofTime.beginning""]",GeoDCAT-AP 3.1.0의 sh:maxCount 제약을 변경 없이 채택한다. named PropertyShape의 원문 direct quad를 그대로 채택했다. 추가한 sh:targetNode는 격리 시험용이며 규범 의미를 바꾸지 않는다.,https://semiceu.github.io/GeoDCAT-AP/releases/3.1.0#dct:PeriodOfTimeShape/238fde7d71612ea8f00826d9c60106d3ef9c4063,UPSTREAM-POS-UPSTREAM-GEODCATAP-4BA5F41486D318E3CFDC,UPSTREAM-NEG-UPSTREAM-GEODCATAP-4BA5F41486D318E3CFDC
UPSTREAM-GEODCATAP-4C5B58B1B512F9ECD94D,"[""geo"",""network""]","[""http://www.w3.org/ns/dcat#DatasetSeries""]",http://purl.org/dc/terms/conformsTo,MUST,,,"[""http://www.w3.org/ns/shacl#BlankNodeOrIRI""]",[],Violation,"[{""language"":""ko"",""text"":""로컬 격리 증거: 원문 PropertyShape에는 메시지가 없으며 sh:nodeKind 제약을 검증한다."",""source"":""local-evidence"",""predicate"":null}]",MOLIT 로컬 적용 가이드(upstream 원문 보충 설명): <http://purl.org/dc/terms/conformsTo> 값을 <http://www.w3.org/ns/shacl#BlankNodeOrIRI> node kind로 바꾼다. 원문 constraint 값은 변경하지 않는다.,GeoDCAT-AP 3.1.0,"[""https://semiceu.github.io/GeoDCAT-AP/releases/3.1.0#DatasetSeries.conformsto""]",GeoDCAT-AP 3.1.0의 sh:nodeKind 제약을 변경 없이 채택한다. named PropertyShape의 원문 direct quad를 그대로 채택했다. 추가한 sh:targetNode는 격리 시험용이며 규범 의미를 바꾸지 않는다.,https://semiceu.github.io/GeoDCAT-AP/releases/3.1.0#dcat:DatasetSeriesShape/08118c51bfc41b71d11f3a58e9410da74e6480e6,UPSTREAM-POS-UPSTREAM-GEODCATAP-4C5B58B1B512F9ECD94D,UPSTREAM-NEG-UPSTREAM-GEODCATAP-4C5B58B1B512F9ECD94D
UPSTREAM-GEODCATAP-4C9D00B85A81388A8CDD,"[""geo"",""network""]","[""http://www.w3.org/ns/locn#Address""]",http://www.w3.org/ns/locn#postCode,MUST,,1,[],[],Violation,"[{""language"":""ko"",""text"":""로컬 격리 증거: 원문 PropertyShape에는 메시지가 없으며 sh:maxCount 제약을 검증한다."",""source"":""local-evidence"",""predicate"":null}]",MOLIT 로컬 적용 가이드(upstream 원문 보충 설명): <http://www.w3.org/ns/locn#postCode> 값을 1개 이하로 줄인다. 원문 constraint 값은 변경하지 않는다.,GeoDCAT-AP 3.1.0,"[""https://semiceu.github.io/GeoDCAT-AP/releases/3.1.0#Address(CoreLocation).postcode""]",GeoDCAT-AP 3.1.0의 sh:maxCount 제약을 변경 없이 채택한다. named PropertyShape의 원문 direct quad를 그대로 채택했다. 추가한 sh:targetNode는 격리 시험용이며 규범 의미를 바꾸지 않는다.,https://semiceu.github.io/GeoDCAT-AP/releases/3.1.0#locn:AddressShape/8cdc8ea2985ba7820ce90020c745a8e6242343ed,UPSTREAM-POS-UPSTREAM-GEODCATAP-4C9D00B85A81388A8CDD,UPSTREAM-NEG-UPSTREAM-GEODCATAP-4C9D00B85A81388A8CDD
UPSTREAM-GEODCATAP-4D2B0215105DD99C24D4,"[""geo"",""network""]","[""http://www.w3.org/ns/dcat#Catalog""]",http://www.w3.org/ns/dcat#themeTaxonomy,MUST,,,"[""http://www.w3.org/ns/shacl#BlankNodeOrIRI""]",[],Violation,"[{""language"":""ko"",""text"":""로컬 격리 증거: 원문 PropertyShape에는 메시지가 없으며 sh:nodeKind 제약을 검증한다."",""source"":""local-evidence"",""predicate"":null}]",MOLIT 로컬 적용 가이드(upstream 원문 보충 설명): <http://www.w3.org/ns/dcat#themeTaxonomy> 값을 <http://www.w3.org/ns/shacl#BlankNodeOrIRI> node kind로 바꾼다. 원문 constraint 값은 변경하지 않는다.,GeoDCAT-AP 3.1.0,"[""https://semiceu.github.io/GeoDCAT-AP/releases/3.1.0#Catalogue.themes""]",GeoDCAT-AP 3.1.0의 sh:nodeKind 제약을 변경 없이 채택한다. named PropertyShape의 원문 direct quad를 그대로 채택했다. 추가한 sh:targetNode는 격리 시험용이며 규범 의미를 바꾸지 않는다.,https://semiceu.github.io/GeoDCAT-AP/releases/3.1.0#dcat:CatalogShape/077f69c4a4864ee33e52ce28b6ac87c96cdaea9d,UPSTREAM-POS-UPSTREAM-GEODCATAP-4D2B0215105DD99C24D4,UPSTREAM-NEG-UPSTREAM-GEODCATAP-4D2B0215105DD99C24D4
UPSTREAM-GEODCATAP-4D4FDBCB6D027B75DBA6,"[""geo"",""network""]","[""http://www.w3.org/ns/dcat#Dataset""]",http://purl.org/dc/terms/title,MUST,,,"[""http://www.w3.org/ns/shacl#Literal""]",[],Violation,"[{""language"":""ko"",""text"":""로컬 격리 증거: 원문 PropertyShape에는 메시지가 없으며 sh:nodeKind 제약을 검증한다."",""source"":""local-evidence"",""predicate"":null}]",MOLIT 로컬 적용 가이드(upstream 원문 보충 설명): <http://purl.org/dc/terms/title> 값을 <http://www.w3.org/ns/shacl#Literal> node kind로 바꾼다. 원문 constraint 값은 변경하지 않는다.,GeoDCAT-AP 3.1.0,"[""https://semiceu.github.io/GeoDCAT-AP/releases/3.1.0#Dataset.title""]",GeoDCAT-AP 3.1.0의 sh:nodeKind 제약을 변경 없이 채택한다. named PropertyShape의 원문 direct quad를 그대로 채택했다. 추가한 sh:targetNode는 격리 시험용이며 규범 의미를 바꾸지 않는다.,https://semiceu.github.io/GeoDCAT-AP/releases/3.1.0#dcat:DatasetShape/d5d74574f70f9a979535f3624608f88180dd0c97,UPSTREAM-POS-UPSTREAM-GEODCATAP-4D4FDBCB6D027B75DBA6,UPSTREAM-NEG-UPSTREAM-GEODCATAP-4D4FDBCB6D027B75DBA6
UPSTREAM-GEODCATAP-4E2F601E6A09CDB1D628,"[""geo"",""network""]","[""http://www.w3.org/ns/dcat#Distribution""]",http://www.w3.org/2011/content#characterEncoding,MUST,,,"[""http://www.w3.org/ns/shacl#Literal""]",[],Violation,"[{""language"":""ko"",""text"":""로컬 격리 증거: 원문 PropertyShape에는 메시지가 없으며 sh:nodeKind 제약을 검증한다."",""source"":""local-evidence"",""predicate"":null}]",MOLIT 로컬 적용 가이드(upstream 원문 보충 설명): <http://www.w3.org/2011/content#characterEncoding> 값을 <http://www.w3.org/ns/shacl#Literal> node kind로 바꾼다. 원문 constraint 값은 변경하지 않는다.,GeoDCAT-AP 3.1.0,"[""https://semiceu.github.io/GeoDCAT-AP/releases/3.1.0#Distribution.characterencoding""]",GeoDCAT-AP 3.1.0의 sh:nodeKind 제약을 변경 없이 채택한다. named PropertyShape의 원문 direct quad를 그대로 채택했다. 추가한 sh:targetNode는 격리 시험용이며 규범 의미를 바꾸지 않는다.,https://semiceu.github.io/GeoDCAT-AP/releases/3.1.0#dcat:DistributionShape/7096d69acefaef87349fecb1a23e53f8bdb5ab77,UPSTREAM-POS-UPSTREAM-GEODCATAP-4E2F601E6A09CDB1D628,UPSTREAM-NEG-UPSTREAM-GEODCATAP-4E2F601E6A09CDB1D628
UPSTREAM-GEODCATAP-4F67912629AD21C59C42,"[""geo"",""network""]","[""http://www.w3.org/ns/dcat#DataService""]",http://purl.org/dc/terms/creator,MUST,,,"[""http://xmlns.com/foaf/0.1/Agent""]",[],Violation,"[{""language"":""ko"",""text"":""로컬 격리 증거: 원문 PropertyShape에는 메시지가 없으며 sh:class 제약을 검증한다."",""source"":""local-evidence"",""predicate"":null}]",MOLIT 로컬 적용 가이드(upstream 원문 보충 설명): <http://purl.org/dc/terms/creator>의 모든 값에 rdf:type <http://xmlns.com/foaf/0.1/Agent>를 명시한다. 원문 constraint 값은 변경하지 않는다.,GeoDCAT-AP 3.1.0,"[""https://semiceu.github.io/GeoDCAT-AP/releases/3.1.0#DataService.creator""]",GeoDCAT-AP 3.1.0의 sh:class 제약을 변경 없이 채택한다. named PropertyShape의 원문 direct quad를 그대로 채택했다. 추가한 sh:targetNode는 격리 시험용이며 규범 의미를 바꾸지 않는다.,https://semiceu.github.io/GeoDCAT-AP/releases/3.1.0#dcat:DataServiceShape/c1d40f7102c8201949576e76be48b991b47958d9,UPSTREAM-POS-UPSTREAM-GEODCATAP-4F67912629AD21C59C42,UPSTREAM-NEG-UPSTREAM-GEODCATAP-4F67912629AD21C59C42
UPSTREAM-GEODCATAP-4FA932443C39AC004C74,"[""geo"",""network""]","[""http://purl.org/dc/terms/Location""]",http://www.w3.org/ns/dcat#centroid,MUST,,,"[""http://www.w3.org/ns/shacl#Literal""]",[],Violation,"[{""language"":""ko"",""text"":""로컬 격리 증거: 원문 PropertyShape에는 메시지가 없으며 sh:nodeKind 제약을 검증한다."",""source"":""local-evidence"",""predicate"":null}]",MOLIT 로컬 적용 가이드(upstream 원문 보충 설명): <http://www.w3.org/ns/dcat#centroid> 값을 <http://www.w3.org/ns/shacl#Literal> node kind로 바꾼다. 원문 constraint 값은 변경하지 않는다.,GeoDCAT-AP 3.1.0,"[""https://semiceu.github.io/GeoDCAT-AP/releases/3.1.0#Location.centroid""]",GeoDCAT-AP 3.1.0의 sh:nodeKind 제약을 변경 없이 채택한다. named PropertyShape의 원문 direct quad를 그대로 채택했다. 추가한 sh:targetNode는 격리 시험용이며 규범 의미를 바꾸지 않는다.,https://semiceu.github.io/GeoDCAT-AP/releases/3.1.0#dct:LocationShape/ac645171f7bc10bfce0730166a193316727dcdf3,UPSTREAM-POS-UPSTREAM-GEODCATAP-4FA932443C39AC004C74,UPSTREAM-NEG-UPSTREAM-GEODCATAP-4FA932443C39AC004C74
UPSTREAM-GEODCATAP-50E077A1555BD1C9461B,"[""geo"",""network""]","[""http://www.w3.org/ns/dcat#Dataset""]",http://www.w3.org/ns/dcat#spatialResolutionInMeters,MUST,,,"[""http://www.w3.org/ns/shacl#Literal""]",[],Violation,"[{""language"":""ko"",""text"":""로컬 격리 증거: 원문 PropertyShape에는 메시지가 없으며 sh:nodeKind 제약을 검증한다."",""source"":""local-evidence"",""predicate"":null}]",MOLIT 로컬 적용 가이드(upstream 원문 보충 설명): <http://www.w3.org/ns/dcat#spatialResolutionInMeters> 값을 <http://www.w3.org/ns/shacl#Literal> node kind로 바꾼다. 원문 constraint 값은 변경하지 않는다.,GeoDCAT-AP 3.1.0,"[""https://semiceu.github.io/GeoDCAT-AP/releases/3.1.0#Dataset.spatialresolutioninmetres""]",GeoDCAT-AP 3.1.0의 sh:nodeKind 제약을 변경 없이 채택한다. named PropertyShape의 원문 direct quad를 그대로 채택했다. 추가한 sh:targetNode는 격리 시험용이며 규범 의미를 바꾸지 않는다.,https://semiceu.github.io/GeoDCAT-AP/releases/3.1.0#dcat:DatasetShape/69c4771d01c23b15f61b2d7006a4abf0d56d5ba0,UPSTREAM-POS-UPSTREAM-GEODCATAP-50E077A1555BD1C9461B,UPSTREAM-NEG-UPSTREAM-GEODCATAP-50E077A1555BD1C9461B
UPSTREAM-GEODCATAP-511A620BEF25577115D7,"[""geo"",""network""]","[""http://www.w3.org/ns/prov#Attribution""]",http://www.w3.org/ns/dcat#hadRole,MUST,,,"[""http://www.w3.org/ns/dcat#Role""]",[],Violation,"[{""language"":""ko"",""text"":""로컬 격리 증거: 원문 PropertyShape에는 메시지가 없으며 sh:class 제약을 검증한다."",""source"":""local-evidence"",""predicate"":null}]",MOLIT 로컬 적용 가이드(upstream 원문 보충 설명): <http://www.w3.org/ns/dcat#hadRole>의 모든 값에 rdf:type <http://www.w3.org/ns/dcat#Role>를 명시한다. 원문 constraint 값은 변경하지 않는다.,GeoDCAT-AP 3.1.0,"[""https://semiceu.github.io/GeoDCAT-AP/releases/3.1.0#Attribution.hadrole""]",GeoDCAT-AP 3.1.0의 sh:class 제약을 변경 없이 채택한다. named PropertyShape의 원문 direct quad를 그대로 채택했다. 추가한 sh:targetNode는 격리 시험용이며 규범 의미를 바꾸지 않는다.,https://semiceu.github.io/GeoDCAT-AP/releases/3.1.0#prov:AttributionShape/a7737e15de2cea53610b34ef78cab0c2c9695a83,UPSTREAM-POS-UPSTREAM-GEODCATAP-511A620BEF25577115D7,UPSTREAM-NEG-UPSTREAM-GEODCATAP-511A620BEF25577115D7
UPSTREAM-GEODCATAP-5198FB0A02320A4DDB1B,"[""geo"",""network""]","[""http://www.w3.org/ns/dcat#DataService""]",http://data.europa.eu/930/resourceProvider,MUST,,,"[""http://www.w3.org/ns/shacl#BlankNodeOrIRI""]",[],Violation,"[{""language"":""ko"",""text"":""로컬 격리 증거: 원문 PropertyShape에는 메시지가 없으며 sh:nodeKind 제약을 검증한다."",""source"":""local-evidence"",""predicate"":null}]",MOLIT 로컬 적용 가이드(upstream 원문 보충 설명): <http://data.europa.eu/930/resourceProvider> 값을 <http://www.w3.org/ns/shacl#BlankNodeOrIRI> node kind로 바꾼다. 원문 constraint 값은 변경하지 않는다.,GeoDCAT-AP 3.1.0,"[""https://semiceu.github.io/GeoDCAT-AP/releases/3.1.0#DataService.resourceprovider""]",GeoDCAT-AP 3.1.0의 sh:nodeKind 제약을 변경 없이 채택한다. named PropertyShape의 원문 direct quad를 그대로 채택했다. 추가한 sh:targetNode는 격리 시험용이며 규범 의미를 바꾸지 않는다.,https://semiceu.github.io/GeoDCAT-AP/releases/3.1.0#dcat:DataServiceShape/30957911e1c6c79c065b6a0fa632a3c58d6b1841,UPSTREAM-POS-UPSTREAM-GEODCATAP-5198FB0A02320A4DDB1B,UPSTREAM-NEG-UPSTREAM-GEODCATAP-5198FB0A02320A4DDB1B
UPSTREAM-GEODCATAP-5201FFEB70B2D85E05E2,"[""geo"",""network""]","[""http://www.w3.org/ns/dcat#DatasetSeries""]",http://www.w3.org/ns/dcat#inSeries,MUST,,,"[""http://www.w3.org/ns/dcat#DatasetSeries""]",[],Violation,"[{""language"":""ko"",""text"":""로컬 격리 증거: 원문 PropertyShape에는 메시지가 없으며 sh:class 제약을 검증한다."",""source"":""local-evidence"",""predicate"":null}]",MOLIT 로컬 적용 가이드(upstream 원문 보충 설명): <http://www.w3.org/ns/dcat#inSeries>의 모든 값에 rdf:type <http://www.w3.org/ns/dcat#DatasetSeries>를 명시한다. 원문 constraint 값은 변경하지 않는다.,GeoDCAT-AP 3.1.0,"[""https://semiceu.github.io/GeoDCAT-AP/releases/3.1.0#DatasetSeries.inseries""]",GeoDCAT-AP 3.1.0의 sh:class 제약을 변경 없이 채택한다. named PropertyShape의 원문 direct quad를 그대로 채택했다. 추가한 sh:targetNode는 격리 시험용이며 규범 의미를 바꾸지 않는다.,https://semiceu.github.io/GeoDCAT-AP/releases/3.1.0#dcat:DatasetSeriesShape/63790d4374dda7d88681e2756e114a65082d9bfd,UPSTREAM-POS-UPSTREAM-GEODCATAP-5201FFEB70B2D85E05E2,UPSTREAM-NEG-UPSTREAM-GEODCATAP-5201FFEB70B2D85E05E2
UPSTREAM-GEODCATAP-52484EE5AF2509EB18C7,"[""geo"",""network""]","[""http://www.w3.org/2006/vcard/ns#Kind""]",http://www.w3.org/2006/vcard/ns#organization-name,MUST,,,"[""http://www.w3.org/ns/shacl#Literal""]",[],Violation,"[{""language"":""ko"",""text"":""로컬 격리 증거: 원문 PropertyShape에는 메시지가 없으며 sh:nodeKind 제약을 검증한다."",""source"":""local-evidence"",""predicate"":null}]",MOLIT 로컬 적용 가이드(upstream 원문 보충 설명): <http://www.w3.org/2006/vcard/ns#organization-name> 값을 <http://www.w3.org/ns/shacl#Literal> node kind로 바꾼다. 원문 constraint 값은 변경하지 않는다.,GeoDCAT-AP 3.1.0,"[""https://semiceu.github.io/GeoDCAT-AP/releases/3.1.0#Kind.affiliation""]",GeoDCAT-AP 3.1.0의 sh:nodeKind 제약을 변경 없이 채택한다. named PropertyShape의 원문 direct quad를 그대로 채택했다. 추가한 sh:targetNode는 격리 시험용이며 규범 의미를 바꾸지 않는다.,https://semiceu.github.io/GeoDCAT-AP/releases/3.1.0#vcard:KindShape/b8f85997a1a5913bd1a7a8e5ac847a025233b610,UPSTREAM-POS-UPSTREAM-GEODCATAP-52484EE5AF2509EB18C7,UPSTREAM-NEG-UPSTREAM-GEODCATAP-52484EE5AF2509EB18C7
UPSTREAM-GEODCATAP-531E310588CED346184F,"[""geo"",""network""]","[""http://www.w3.org/ns/dcat#Dataset""]",http://purl.org/dc/terms/issued,MUST,,,"[""http://www.w3.org/ns/shacl#Literal""]",[],Violation,"[{""language"":""ko"",""text"":""로컬 격리 증거: 원문 PropertyShape에는 메시지가 없으며 sh:nodeKind 제약을 검증한다."",""source"":""local-evidence"",""predicate"":null}]",MOLIT 로컬 적용 가이드(upstream 원문 보충 설명): <http://purl.org/dc/terms/issued> 값을 <http://www.w3.org/ns/shacl#Literal> node kind로 바꾼다. 원문 constraint 값은 변경하지 않는다.,GeoDCAT-AP 3.1.0,"[""https://semiceu.github.io/GeoDCAT-AP/releases/3.1.0#Dataset.releasedate""]",GeoDCAT-AP 3.1.0의 sh:nodeKind 제약을 변경 없이 채택한다. named PropertyShape의 원문 direct quad를 그대로 채택했다. 추가한 sh:targetNode는 격리 시험용이며 규범 의미를 바꾸지 않는다.,https://semiceu.github.io/GeoDCAT-AP/releases/3.1.0#dcat:DatasetShape/4be37093e4c3ba0d5b5a18ef6b97778d6d689392,UPSTREAM-POS-UPSTREAM-GEODCATAP-531E310588CED346184F,UPSTREAM-NEG-UPSTREAM-GEODCATAP-531E310588CED346184F
UPSTREAM-GEODCATAP-53AFD05EBAE367D587B4,"[""geo"",""network""]","[""http://www.w3.org/ns/dcat#DatasetSeries""]",http://www.w3.org/ns/adms#versionNotes,MUST,,,"[""http://www.w3.org/ns/shacl#Literal""]",[],Violation,"[{""language"":""ko"",""text"":""로컬 격리 증거: 원문 PropertyShape에는 메시지가 없으며 sh:nodeKind 제약을 검증한다."",""source"":""local-evidence"",""predicate"":null}]",MOLIT 로컬 적용 가이드(upstream 원문 보충 설명): <http://www.w3.org/ns/adms#versionNotes> 값을 <http://www.w3.org/ns/shacl#Literal> node kind로 바꾼다. 원문 constraint 값은 변경하지 않는다.,GeoDCAT-AP 3.1.0,"[""https://semiceu.github.io/GeoDCAT-AP/releases/3.1.0#DatasetSeries.versionnotes""]",GeoDCAT-AP 3.1.0의 sh:nodeKind 제약을 변경 없이 채택한다. named PropertyShape의 원문 direct quad를 그대로 채택했다. 추가한 sh:targetNode는 격리 시험용이며 규범 의미를 바꾸지 않는다.,https://semiceu.github.io/GeoDCAT-AP/releases/3.1.0#dcat:DatasetSeriesShape/5ad428d8500be9b1d9580021b00aa767c33402bb,UPSTREAM-POS-UPSTREAM-GEODCATAP-53AFD05EBAE367D587B4,UPSTREAM-NEG-UPSTREAM-GEODCATAP-53AFD05EBAE367D587B4
UPSTREAM-GEODCATAP-53ED51C511A3F838FA6C,"[""geo"",""network""]","[""http://www.w3.org/ns/dcat#Distribution""]",http://www.w3.org/ns/dcat#accessURL,MUST,,,"[""http://www.w3.org/2000/01/rdf-schema#Resource""]",[],Violation,"[{""language"":""ko"",""text"":""로컬 격리 증거: 원문 PropertyShape에는 메시지가 없으며 sh:class 제약을 검증한다."",""source"":""local-evidence"",""predicate"":null}]",MOLIT 로컬 적용 가이드(upstream 원문 보충 설명): <http://www.w3.org/ns/dcat#accessURL>의 모든 값에 rdf:type <http://www.w3.org/2000/01/rdf-schema#Resource>를 명시한다. 원문 constraint 값은 변경하지 않는다.,GeoDCAT-AP 3.1.0,"[""https://semiceu.github.io/GeoDCAT-AP/releases/3.1.0#Distribution.accessURL""]",GeoDCAT-AP 3.1.0의 sh:class 제약을 변경 없이 채택한다. named PropertyShape의 원문 direct quad를 그대로 채택했다. 추가한 sh:targetNode는 격리 시험용이며 규범 의미를 바꾸지 않는다.,https://semiceu.github.io/GeoDCAT-AP/releases/3.1.0#dcat:DistributionShape/653804840386e33525b3d39d205c174780be414b,UPSTREAM-POS-UPSTREAM-GEODCATAP-53ED51C511A3F838FA6C,UPSTREAM-NEG-UPSTREAM-GEODCATAP-53ED51C511A3F838FA6C
UPSTREAM-GEODCATAP-550505ADC658A380C7D0,"[""geo"",""network""]","[""http://www.w3.org/ns/dcat#CatalogRecord""]",http://data.europa.eu/930/resourceProvider,MUST,,,"[""http://xmlns.com/foaf/0.1/Agent""]",[],Violation,"[{""language"":""ko"",""text"":""로컬 격리 증거: 원문 PropertyShape에는 메시지가 없으며 sh:class 제약을 검증한다."",""source"":""local-evidence"",""predicate"":null}]",MOLIT 로컬 적용 가이드(upstream 원문 보충 설명): <http://data.europa.eu/930/resourceProvider>의 모든 값에 rdf:type <http://xmlns.com/foaf/0.1/Agent>를 명시한다. 원문 constraint 값은 변경하지 않는다.,GeoDCAT-AP 3.1.0,"[""https://semiceu.github.io/GeoDCAT-AP/releases/3.1.0#CatalogueRecord.resourceprovider""]",GeoDCAT-AP 3.1.0의 sh:class 제약을 변경 없이 채택한다. named PropertyShape의 원문 direct quad를 그대로 채택했다. 추가한 sh:targetNode는 격리 시험용이며 규범 의미를 바꾸지 않는다.,https://semiceu.github.io/GeoDCAT-AP/releases/3.1.0#dcat:CatalogRecordShape/9169149cf5b5a794cac331851a3a1a92ff279293,UPSTREAM-POS-UPSTREAM-GEODCATAP-550505ADC658A380C7D0,UPSTREAM-NEG-UPSTREAM-GEODCATAP-550505ADC658A380C7D0
UPSTREAM-GEODCATAP-5593822509C6E0FD213C,"[""geo"",""network""]","[""http://purl.org/dc/terms/Standard""]",http://purl.org/dc/terms/type,MUST,,,"[""http://www.w3.org/2004/02/skos/core#Concept""]",[],Violation,"[{""language"":""ko"",""text"":""로컬 격리 증거: 원문 PropertyShape에는 메시지가 없으며 sh:class 제약을 검증한다."",""source"":""local-evidence"",""predicate"":null}]",MOLIT 로컬 적용 가이드(upstream 원문 보충 설명): <http://purl.org/dc/terms/type>의 모든 값에 rdf:type <http://www.w3.org/2004/02/skos/core#Concept>를 명시한다. 원문 constraint 값은 변경하지 않는다.,GeoDCAT-AP 3.1.0,"[""https://semiceu.github.io/GeoDCAT-AP/releases/3.1.0#Standard.type""]",GeoDCAT-AP 3.1.0의 sh:class 제약을 변경 없이 채택한다. named PropertyShape의 원문 direct quad를 그대로 채택했다. 추가한 sh:targetNode는 격리 시험용이며 규범 의미를 바꾸지 않는다.,https://semiceu.github.io/GeoDCAT-AP/releases/3.1.0#dct:StandardShape/322371a77364a50f049d46180f6192532eea26dc,UPSTREAM-POS-UPSTREAM-GEODCATAP-5593822509C6E0FD213C,UPSTREAM-NEG-UPSTREAM-GEODCATAP-5593822509C6E0FD213C
UPSTREAM-GEODCATAP-55D48082B5ABA5FFC108,"[""geo"",""network""]","[""http://www.w3.org/ns/dcat#CatalogRecord""]",http://purl.org/dc/terms/issued,MUST,,,"[""http://www.w3.org/ns/shacl#Literal""]",[],Violation,"[{""language"":""ko"",""text"":""로컬 격리 증거: 원문 PropertyShape에는 메시지가 없으며 sh:nodeKind 제약을 검증한다."",""source"":""local-evidence"",""predicate"":null}]",MOLIT 로컬 적용 가이드(upstream 원문 보충 설명): <http://purl.org/dc/terms/issued> 값을 <http://www.w3.org/ns/shacl#Literal> node kind로 바꾼다. 원문 constraint 값은 변경하지 않는다.,GeoDCAT-AP 3.1.0,"[""https://semiceu.github.io/GeoDCAT-AP/releases/3.1.0#CatalogueRecord.listingdate""]",GeoDCAT-AP 3.1.0의 sh:nodeKind 제약을 변경 없이 채택한다. named PropertyShape의 원문 direct quad를 그대로 채택했다. 추가한 sh:targetNode는 격리 시험용이며 규범 의미를 바꾸지 않는다.,https://semiceu.github.io/GeoDCAT-AP/releases/3.1.0#dcat:CatalogRecordShape/d4c0539354cbf13f62e53a5a69e3f2b0e384f727,UPSTREAM-POS-UPSTREAM-GEODCATAP-55D48082B5ABA5FFC108,UPSTREAM-NEG-UPSTREAM-GEODCATAP-55D48082B5ABA5FFC108
UPSTREAM-GEODCATAP-56B328662297D916D50F,"[""geo"",""network""]","[""http://www.w3.org/ns/dcat#Dataset""]",http://xmlns.com/foaf/0.1/page,MUST,,,"[""http://www.w3.org/ns/shacl#BlankNodeOrIRI""]",[],Violation,"[{""language"":""ko"",""text"":""로컬 격리 증거: 원문 PropertyShape에는 메시지가 없으며 sh:nodeKind 제약을 검증한다."",""source"":""local-evidence"",""predicate"":null}]",MOLIT 로컬 적용 가이드(upstream 원문 보충 설명): <http://xmlns.com/foaf/0.1/page> 값을 <http://www.w3.org/ns/shacl#BlankNodeOrIRI> node kind로 바꾼다. 원문 constraint 값은 변경하지 않는다.,GeoDCAT-AP 3.1.0,"[""https://semiceu.github.io/GeoDCAT-AP/releases/3.1.0#Dataset.documentation""]",GeoDCAT-AP 3.1.0의 sh:nodeKind 제약을 변경 없이 채택한다. named PropertyShape의 원문 direct quad를 그대로 채택했다. 추가한 sh:targetNode는 격리 시험용이며 규범 의미를 바꾸지 않는다.,https://semiceu.github.io/GeoDCAT-AP/releases/3.1.0#dcat:DatasetShape/998ce689a5bcc3e2764ff84a05255e34d91e8102,UPSTREAM-POS-UPSTREAM-GEODCATAP-56B328662297D916D50F,UPSTREAM-NEG-UPSTREAM-GEODCATAP-56B328662297D916D50F
UPSTREAM-GEODCATAP-56D8BC062B521BF7BCD7,"[""geo"",""network""]","[""http://www.w3.org/ns/dcat#Dataset""]",http://www.w3.org/ns/dcat#distribution,MUST,,,"[""http://www.w3.org/ns/dcat#Distribution""]",[],Violation,"[{""language"":""ko"",""text"":""로컬 격리 증거: 원문 PropertyShape에는 메시지가 없으며 sh:class 제약을 검증한다."",""source"":""local-evidence"",""predicate"":null}]",MOLIT 로컬 적용 가이드(upstream 원문 보충 설명): <http://www.w3.org/ns/dcat#distribution>의 모든 값에 rdf:type <http://www.w3.org/ns/dcat#Distribution>를 명시한다. 원문 constraint 값은 변경하지 않는다.,GeoDCAT-AP 3.1.0,"[""https://semiceu.github.io/GeoDCAT-AP/releases/3.1.0#Dataset.datasetdistribution""]",GeoDCAT-AP 3.1.0의 sh:class 제약을 변경 없이 채택한다. named PropertyShape의 원문 direct quad를 그대로 채택했다. 추가한 sh:targetNode는 격리 시험용이며 규범 의미를 바꾸지 않는다.,https://semiceu.github.io/GeoDCAT-AP/releases/3.1.0#dcat:DatasetShape/2ab9813b47309d4af98fdfe34189ea24baecc8cd,UPSTREAM-POS-UPSTREAM-GEODCATAP-56D8BC062B521BF7BCD7,UPSTREAM-NEG-UPSTREAM-GEODCATAP-56D8BC062B521BF7BCD7
UPSTREAM-GEODCATAP-5737D902240375295BAC,"[""geo"",""network""]","[""http://www.w3.org/ns/dcat#DatasetSeries""]",http://purl.org/dc/terms/title,MUST,1,,[],[],Violation,"[{""language"":""ko"",""text"":""로컬 격리 증거: 원문 PropertyShape에는 메시지가 없으며 sh:minCount 제약을 검증한다."",""source"":""local-evidence"",""predicate"":null}]",MOLIT 로컬 적용 가이드(upstream 원문 보충 설명): <http://purl.org/dc/terms/title> 값을 1개 이상 제공한다. 원문 constraint 값은 변경하지 않는다.,GeoDCAT-AP 3.1.0,"[""https://semiceu.github.io/GeoDCAT-AP/releases/3.1.0#DatasetSeries.title""]",GeoDCAT-AP 3.1.0의 sh:minCount 제약을 변경 없이 채택한다. named PropertyShape의 원문 direct quad를 그대로 채택했다. 추가한 sh:targetNode는 격리 시험용이며 규범 의미를 바꾸지 않는다.,https://semiceu.github.io/GeoDCAT-AP/releases/3.1.0#dcat:DatasetSeriesShape/f8b02efd063b8089b72ce9677a1e4a3488eeb9a9,UPSTREAM-POS-UPSTREAM-GEODCATAP-5737D902240375295BAC,UPSTREAM-NEG-UPSTREAM-GEODCATAP-5737D902240375295BAC
UPSTREAM-GEODCATAP-579A7F233171AFE6A549,"[""geo"",""network""]","[""http://www.w3.org/ns/adms#Identifier""]",http://www.w3.org/2004/02/skos/core#notation,MUST,,,"[""http://www.w3.org/ns/shacl#Literal""]",[],Violation,"[{""language"":""ko"",""text"":""로컬 격리 증거: 원문 PropertyShape에는 메시지가 없으며 sh:nodeKind 제약을 검증한다."",""source"":""local-evidence"",""predicate"":null}]",MOLIT 로컬 적용 가이드(upstream 원문 보충 설명): <http://www.w3.org/2004/02/skos/core#notation> 값을 <http://www.w3.org/ns/shacl#Literal> node kind로 바꾼다. 원문 constraint 값은 변경하지 않는다.,GeoDCAT-AP 3.1.0,"[""https://semiceu.github.io/GeoDCAT-AP/releases/3.1.0#Identifier.notation""]",GeoDCAT-AP 3.1.0의 sh:nodeKind 제약을 변경 없이 채택한다. named PropertyShape의 원문 direct quad를 그대로 채택했다. 추가한 sh:targetNode는 격리 시험용이며 규범 의미를 바꾸지 않는다.,https://semiceu.github.io/GeoDCAT-AP/releases/3.1.0#adms:IdentifierShape/053d0ae3c4b213ae2f708e5e492b97e2cce08686,UPSTREAM-POS-UPSTREAM-GEODCATAP-579A7F233171AFE6A549,UPSTREAM-NEG-UPSTREAM-GEODCATAP-579A7F233171AFE6A549
UPSTREAM-GEODCATAP-57B3064FAC00D449C32F,"[""geo"",""network""]","[""http://www.w3.org/ns/dcat#DataService""]",http://data.europa.eu/930/custodian,MUST,,,"[""http://xmlns.com/foaf/0.1/Agent""]",[],Violation,"[{""language"":""ko"",""text"":""로컬 격리 증거: 원문 PropertyShape에는 메시지가 없으며 sh:class 제약을 검증한다."",""source"":""local-evidence"",""predicate"":null}]",MOLIT 로컬 적용 가이드(upstream 원문 보충 설명): <http://data.europa.eu/930/custodian>의 모든 값에 rdf:type <http://xmlns.com/foaf/0.1/Agent>를 명시한다. 원문 constraint 값은 변경하지 않는다.,GeoDCAT-AP 3.1.0,"[""https://semiceu.github.io/GeoDCAT-AP/releases/3.1.0#DataService.custodian""]",GeoDCAT-AP 3.1.0의 sh:class 제약을 변경 없이 채택한다. named PropertyShape의 원문 direct quad를 그대로 채택했다. 추가한 sh:targetNode는 격리 시험용이며 규범 의미를 바꾸지 않는다.,https://semiceu.github.io/GeoDCAT-AP/releases/3.1.0#dcat:DataServiceShape/79c0c2e1bcab213fd06ca4c1782849db4a11225f,UPSTREAM-POS-UPSTREAM-GEODCATAP-57B3064FAC00D449C32F,UPSTREAM-NEG-UPSTREAM-GEODCATAP-57B3064FAC00D449C32F
UPSTREAM-GEODCATAP-57EE6BAFD62840938118,"[""geo"",""network""]","[""http://www.w3.org/ns/dcat#Dataset""]",http://purl.org/dc/terms/modified,MUST,,,"[""http://www.w3.org/ns/shacl#Literal""]",[],Violation,"[{""language"":""ko"",""text"":""로컬 격리 증거: 원문 PropertyShape에는 메시지가 없으며 sh:nodeKind 제약을 검증한다."",""source"":""local-evidence"",""predicate"":null}]",MOLIT 로컬 적용 가이드(upstream 원문 보충 설명): <http://purl.org/dc/terms/modified> 값을 <http://www.w3.org/ns/shacl#Literal> node kind로 바꾼다. 원문 constraint 값은 변경하지 않는다.,GeoDCAT-AP 3.1.0,"[""https://semiceu.github.io/GeoDCAT-AP/releases/3.1.0#Dataset.modificationdate""]",GeoDCAT-AP 3.1.0의 sh:nodeKind 제약을 변경 없이 채택한다. named PropertyShape의 원문 direct quad를 그대로 채택했다. 추가한 sh:targetNode는 격리 시험용이며 규범 의미를 바꾸지 않는다.,https://semiceu.github.io/GeoDCAT-AP/releases/3.1.0#dcat:DatasetShape/6b7242b6b89977700c05e4875131fbb975c4235e,UPSTREAM-POS-UPSTREAM-GEODCATAP-57EE6BAFD62840938118,UPSTREAM-NEG-UPSTREAM-GEODCATAP-57EE6BAFD62840938118
UPSTREAM-GEODCATAP-589E6398384D40A5FE14,"[""geo"",""network""]","[""http://www.w3.org/ns/dcat#Distribution""]",http://www.w3.org/ns/adms#representationTechnique,MUST,,,"[""http://www.w3.org/ns/shacl#BlankNodeOrIRI""]",[],Violation,"[{""language"":""ko"",""text"":""로컬 격리 증거: 원문 PropertyShape에는 메시지가 없으며 sh:nodeKind 제약을 검증한다."",""source"":""local-evidence"",""predicate"":null}]",MOLIT 로컬 적용 가이드(upstream 원문 보충 설명): <http://www.w3.org/ns/adms#representationTechnique> 값을 <http://www.w3.org/ns/shacl#BlankNodeOrIRI> node kind로 바꾼다. 원문 constraint 값은 변경하지 않는다.,GeoDCAT-AP 3.1.0,"[""https://semiceu.github.io/GeoDCAT-AP/releases/3.1.0#Distribution.representationtechnique""]",GeoDCAT-AP 3.1.0의 sh:nodeKind 제약을 변경 없이 채택한다. named PropertyShape의 원문 direct quad를 그대로 채택했다. 추가한 sh:targetNode는 격리 시험용이며 규범 의미를 바꾸지 않는다.,https://semiceu.github.io/GeoDCAT-AP/releases/3.1.0#dcat:DistributionShape/a0dc9d681c524a893603cea010cd4812b13068c1,UPSTREAM-POS-UPSTREAM-GEODCATAP-589E6398384D40A5FE14,UPSTREAM-NEG-UPSTREAM-GEODCATAP-589E6398384D40A5FE14
UPSTREAM-GEODCATAP-5928B2737FA058995DAF,"[""geo"",""network""]","[""http://www.w3.org/ns/dcat#Dataset""]",http://data.europa.eu/r5r/applicableLegislation,MUST,,,"[""http://www.w3.org/ns/shacl#BlankNodeOrIRI""]",[],Violation,"[{""language"":""ko"",""text"":""로컬 격리 증거: 원문 PropertyShape에는 메시지가 없으며 sh:nodeKind 제약을 검증한다."",""source"":""local-evidence"",""predicate"":null}]",MOLIT 로컬 적용 가이드(upstream 원문 보충 설명): <http://data.europa.eu/r5r/applicableLegislation> 값을 <http://www.w3.org/ns/shacl#BlankNodeOrIRI> node kind로 바꾼다. 원문 constraint 값은 변경하지 않는다.,GeoDCAT-AP 3.1.0,"[""https://semiceu.github.io/GeoDCAT-AP/releases/3.1.0#Dataset.applicablelegislation""]",GeoDCAT-AP 3.1.0의 sh:nodeKind 제약을 변경 없이 채택한다. named PropertyShape의 원문 direct quad를 그대로 채택했다. 추가한 sh:targetNode는 격리 시험용이며 규범 의미를 바꾸지 않는다.,https://semiceu.github.io/GeoDCAT-AP/releases/3.1.0#dcat:DatasetShape/0a6f3bb11ed4ea12f852c78996b89c9a54ffc0fb,UPSTREAM-POS-UPSTREAM-GEODCATAP-5928B2737FA058995DAF,UPSTREAM-NEG-UPSTREAM-GEODCATAP-5928B2737FA058995DAF
UPSTREAM-GEODCATAP-595484F6011432481854,"[""geo"",""network""]","[""http://www.w3.org/ns/dcat#CatalogRecord""]",http://purl.org/dc/terms/issued,MUST,,1,[],[],Violation,"[{""language"":""ko"",""text"":""로컬 격리 증거: 원문 PropertyShape에는 메시지가 없으며 sh:maxCount 제약을 검증한다."",""source"":""local-evidence"",""predicate"":null}]",MOLIT 로컬 적용 가이드(upstream 원문 보충 설명): <http://purl.org/dc/terms/issued> 값을 1개 이하로 줄인다. 원문 constraint 값은 변경하지 않는다.,GeoDCAT-AP 3.1.0,"[""https://semiceu.github.io/GeoDCAT-AP/releases/3.1.0#CatalogueRecord.listingdate""]",GeoDCAT-AP 3.1.0의 sh:maxCount 제약을 변경 없이 채택한다. named PropertyShape의 원문 direct quad를 그대로 채택했다. 추가한 sh:targetNode는 격리 시험용이며 규범 의미를 바꾸지 않는다.,https://semiceu.github.io/GeoDCAT-AP/releases/3.1.0#dcat:CatalogRecordShape/4ffca05d8646c0f94e4b5dc1e15e7757e7dd2843,UPSTREAM-POS-UPSTREAM-GEODCATAP-595484F6011432481854,UPSTREAM-NEG-UPSTREAM-GEODCATAP-595484F6011432481854
UPSTREAM-GEODCATAP-5A2CC276AC444AC2A0E9,"[""geo"",""network""]","[""http://www.w3.org/2006/vcard/ns#Kind""]",http://www.w3.org/2006/vcard/ns#organization-name,MUST,,1,[],[],Violation,"[{""language"":""ko"",""text"":""로컬 격리 증거: 원문 PropertyShape에는 메시지가 없으며 sh:maxCount 제약을 검증한다."",""source"":""local-evidence"",""predicate"":null}]",MOLIT 로컬 적용 가이드(upstream 원문 보충 설명): <http://www.w3.org/2006/vcard/ns#organization-name> 값을 1개 이하로 줄인다. 원문 constraint 값은 변경하지 않는다.,GeoDCAT-AP 3.1.0,"[""https://semiceu.github.io/GeoDCAT-AP/releases/3.1.0#Kind.affiliation""]",GeoDCAT-AP 3.1.0의 sh:maxCount 제약을 변경 없이 채택한다. named PropertyShape의 원문 direct quad를 그대로 채택했다. 추가한 sh:targetNode는 격리 시험용이며 규범 의미를 바꾸지 않는다.,https://semiceu.github.io/GeoDCAT-AP/releases/3.1.0#vcard:KindShape/139ed93073a8cca15f202195bd45112160c3b90b,UPSTREAM-POS-UPSTREAM-GEODCATAP-5A2CC276AC444AC2A0E9,UPSTREAM-NEG-UPSTREAM-GEODCATAP-5A2CC276AC444AC2A0E9
UPSTREAM-GEODCATAP-5A5A3F24C0A0D56237C7,"[""geo"",""network""]","[""http://www.w3.org/ns/dcat#Dataset""]",http://purl.org/dc/terms/issued,MUST,,1,[],[],Violation,"[{""language"":""ko"",""text"":""로컬 격리 증거: 원문 PropertyShape에는 메시지가 없으며 sh:maxCount 제약을 검증한다."",""source"":""local-evidence"",""predicate"":null}]",MOLIT 로컬 적용 가이드(upstream 원문 보충 설명): <http://purl.org/dc/terms/issued> 값을 1개 이하로 줄인다. 원문 constraint 값은 변경하지 않는다.,GeoDCAT-AP 3.1.0,"[""https://semiceu.github.io/GeoDCAT-AP/releases/3.1.0#Dataset.releasedate""]",GeoDCAT-AP 3.1.0의 sh:maxCount 제약을 변경 없이 채택한다. named PropertyShape의 원문 direct quad를 그대로 채택했다. 추가한 sh:targetNode는 격리 시험용이며 규범 의미를 바꾸지 않는다.,https://semiceu.github.io/GeoDCAT-AP/releases/3.1.0#dcat:DatasetShape/b362d2bdbbe8ba1c689e5554cca2bcbd295546de,UPSTREAM-POS-UPSTREAM-GEODCATAP-5A5A3F24C0A0D56237C7,UPSTREAM-NEG-UPSTREAM-GEODCATAP-5A5A3F24C0A0D56237C7
UPSTREAM-GEODCATAP-5AB690424D90DDEF6A70,"[""geo"",""network""]","[""http://www.w3.org/ns/dcat#DatasetSeries""]",http://www.w3.org/ns/prov#qualifiedAttribution,MUST,,,"[""http://www.w3.org/ns/shacl#BlankNodeOrIRI""]",[],Violation,"[{""language"":""ko"",""text"":""로컬 격리 증거: 원문 PropertyShape에는 메시지가 없으며 sh:nodeKind 제약을 검증한다."",""source"":""local-evidence"",""predicate"":null}]",MOLIT 로컬 적용 가이드(upstream 원문 보충 설명): <http://www.w3.org/ns/prov#qualifiedAttribution> 값을 <http://www.w3.org/ns/shacl#BlankNodeOrIRI> node kind로 바꾼다. 원문 constraint 값은 변경하지 않는다.,GeoDCAT-AP 3.1.0,"[""https://semiceu.github.io/GeoDCAT-AP/releases/3.1.0#DatasetSeries.qualifiedattribution""]",GeoDCAT-AP 3.1.0의 sh:nodeKind 제약을 변경 없이 채택한다. named PropertyShape의 원문 direct quad를 그대로 채택했다. 추가한 sh:targetNode는 격리 시험용이며 규범 의미를 바꾸지 않는다.,https://semiceu.github.io/GeoDCAT-AP/releases/3.1.0#dcat:DatasetSeriesShape/baaa3d4a8f33f8b2b8c1d19c8d2817a75377145d,UPSTREAM-POS-UPSTREAM-GEODCATAP-5AB690424D90DDEF6A70,UPSTREAM-NEG-UPSTREAM-GEODCATAP-5AB690424D90DDEF6A70
UPSTREAM-GEODCATAP-5B3A56591F48609FC28C,"[""geo"",""network""]","[""http://www.w3.org/ns/dcat#DataService""]",http://data.europa.eu/930/referenceSystem,MUST,,,"[""http://www.w3.org/2004/02/skos/core#Concept""]",[],Violation,"[{""language"":""ko"",""text"":""로컬 격리 증거: 원문 PropertyShape에는 메시지가 없으며 sh:class 제약을 검증한다."",""source"":""local-evidence"",""predicate"":null}]",MOLIT 로컬 적용 가이드(upstream 원문 보충 설명): <http://data.europa.eu/930/referenceSystem>의 모든 값에 rdf:type <http://www.w3.org/2004/02/skos/core#Concept>를 명시한다. 원문 constraint 값은 변경하지 않는다.,GeoDCAT-AP 3.1.0,"[""https://semiceu.github.io/GeoDCAT-AP/releases/3.1.0#DataService.referencesystem""]",GeoDCAT-AP 3.1.0의 sh:class 제약을 변경 없이 채택한다. named PropertyShape의 원문 direct quad를 그대로 채택했다. 추가한 sh:targetNode는 격리 시험용이며 규범 의미를 바꾸지 않는다.,https://semiceu.github.io/GeoDCAT-AP/releases/3.1.0#dcat:DataServiceShape/87161588819073178c8f6950dcce2286cac45320,UPSTREAM-POS-UPSTREAM-GEODCATAP-5B3A56591F48609FC28C,UPSTREAM-NEG-UPSTREAM-GEODCATAP-5B3A56591F48609FC28C
UPSTREAM-GEODCATAP-5B7CB158C49956B2C656,"[""geo"",""network""]","[""http://www.w3.org/ns/dcat#Catalog""]",http://data.europa.eu/930/principalInvestigator,MUST,,,"[""http://xmlns.com/foaf/0.1/Agent""]",[],Violation,"[{""language"":""ko"",""text"":""로컬 격리 증거: 원문 PropertyShape에는 메시지가 없으며 sh:class 제약을 검증한다."",""source"":""local-evidence"",""predicate"":null}]",MOLIT 로컬 적용 가이드(upstream 원문 보충 설명): <http://data.europa.eu/930/principalInvestigator>의 모든 값에 rdf:type <http://xmlns.com/foaf/0.1/Agent>를 명시한다. 원문 constraint 값은 변경하지 않는다.,GeoDCAT-AP 3.1.0,"[""https://semiceu.github.io/GeoDCAT-AP/releases/3.1.0#Catalogue.principalinvestigator""]",GeoDCAT-AP 3.1.0의 sh:class 제약을 변경 없이 채택한다. named PropertyShape의 원문 direct quad를 그대로 채택했다. 추가한 sh:targetNode는 격리 시험용이며 규범 의미를 바꾸지 않는다.,https://semiceu.github.io/GeoDCAT-AP/releases/3.1.0#dcat:CatalogShape/180fd65179a52d6fe70f2febfc53b2b9dba03682,UPSTREAM-POS-UPSTREAM-GEODCATAP-5B7CB158C49956B2C656,UPSTREAM-NEG-UPSTREAM-GEODCATAP-5B7CB158C49956B2C656
UPSTREAM-GEODCATAP-5B9C75253755B941FEB5,"[""geo"",""network""]","[""http://www.w3.org/ns/dqv#QualityMeasurement""]",http://www.w3.org/ns/dqv#isMeasurementOf,MUST,,,"[""http://www.w3.org/ns/shacl#BlankNodeOrIRI""]",[],Violation,"[{""language"":""ko"",""text"":""로컬 격리 증거: 원문 PropertyShape에는 메시지가 없으며 sh:nodeKind 제약을 검증한다."",""source"":""local-evidence"",""predicate"":null}]",MOLIT 로컬 적용 가이드(upstream 원문 보충 설명): <http://www.w3.org/ns/dqv#isMeasurementOf> 값을 <http://www.w3.org/ns/shacl#BlankNodeOrIRI> node kind로 바꾼다. 원문 constraint 값은 변경하지 않는다.,GeoDCAT-AP 3.1.0,"[""https://semiceu.github.io/GeoDCAT-AP/releases/3.1.0#QualityMeasurement.ismeasurementof""]",GeoDCAT-AP 3.1.0의 sh:nodeKind 제약을 변경 없이 채택한다. named PropertyShape의 원문 direct quad를 그대로 채택했다. 추가한 sh:targetNode는 격리 시험용이며 규범 의미를 바꾸지 않는다.,https://semiceu.github.io/GeoDCAT-AP/releases/3.1.0#dqv:QualityMeasurementShape/3a1d18b54073a081017737b02bd1e9457cec5fde,UPSTREAM-POS-UPSTREAM-GEODCATAP-5B9C75253755B941FEB5,UPSTREAM-NEG-UPSTREAM-GEODCATAP-5B9C75253755B941FEB5
UPSTREAM-GEODCATAP-5BDB5B643E79B190FB1D,"[""geo"",""network""]","[""http://www.w3.org/ns/dcat#DatasetSeries""]",http://data.europa.eu/r5r/applicableLegislation,MUST,,,"[""http://data.europa.eu/eli/ontology#LegalResource""]",[],Violation,"[{""language"":""ko"",""text"":""로컬 격리 증거: 원문 PropertyShape에는 메시지가 없으며 sh:class 제약을 검증한다."",""source"":""local-evidence"",""predicate"":null}]",MOLIT 로컬 적용 가이드(upstream 원문 보충 설명): <http://data.europa.eu/r5r/applicableLegislation>의 모든 값에 rdf:type <http://data.europa.eu/eli/ontology#LegalResource>를 명시한다. 원문 constraint 값은 변경하지 않는다.,GeoDCAT-AP 3.1.0,"[""https://semiceu.github.io/GeoDCAT-AP/releases/3.1.0#DatasetSeries.applicablelegislation""]",GeoDCAT-AP 3.1.0의 sh:class 제약을 변경 없이 채택한다. named PropertyShape의 원문 direct quad를 그대로 채택했다. 추가한 sh:targetNode는 격리 시험용이며 규범 의미를 바꾸지 않는다.,https://semiceu.github.io/GeoDCAT-AP/releases/3.1.0#dcat:DatasetSeriesShape/73465b7fbd7f991a08ddd1b766c2e46fa9dfc14e,UPSTREAM-POS-UPSTREAM-GEODCATAP-5BDB5B643E79B190FB1D,UPSTREAM-NEG-UPSTREAM-GEODCATAP-5BDB5B643E79B190FB1D
UPSTREAM-GEODCATAP-5C209177E912010D2DF3,"[""geo"",""network""]","[""http://www.w3.org/ns/dcat#CatalogRecord""]",http://xmlns.com/foaf/0.1/primaryTopic,MUST,1,,[],[],Violation,"[{""language"":""ko"",""text"":""로컬 격리 증거: 원문 PropertyShape에는 메시지가 없으며 sh:minCount 제약을 검증한다."",""source"":""local-evidence"",""predicate"":null}]",MOLIT 로컬 적용 가이드(upstream 원문 보충 설명): <http://xmlns.com/foaf/0.1/primaryTopic> 값을 1개 이상 제공한다. 원문 constraint 값은 변경하지 않는다.,GeoDCAT-AP 3.1.0,"[""https://semiceu.github.io/GeoDCAT-AP/releases/3.1.0#CatalogueRecord.primarytopic""]",GeoDCAT-AP 3.1.0의 sh:minCount 제약을 변경 없이 채택한다. named PropertyShape의 원문 direct quad를 그대로 채택했다. 추가한 sh:targetNode는 격리 시험용이며 규범 의미를 바꾸지 않는다.,https://semiceu.github.io/GeoDCAT-AP/releases/3.1.0#dcat:CatalogRecordShape/65eafe0643a998b84fc2d253de401f9ad8355770,UPSTREAM-POS-UPSTREAM-GEODCATAP-5C209177E912010D2DF3,UPSTREAM-NEG-UPSTREAM-GEODCATAP-5C209177E912010D2DF3
UPSTREAM-GEODCATAP-5C341DB071C0EC3D60DD,"[""geo"",""network""]","[""http://www.w3.org/ns/dcat#DatasetSeries""]",http://data.europa.eu/930/processor,MUST,,,"[""http://xmlns.com/foaf/0.1/Agent""]",[],Violation,"[{""language"":""ko"",""text"":""로컬 격리 증거: 원문 PropertyShape에는 메시지가 없으며 sh:class 제약을 검증한다."",""source"":""local-evidence"",""predicate"":null}]",MOLIT 로컬 적용 가이드(upstream 원문 보충 설명): <http://data.europa.eu/930/processor>의 모든 값에 rdf:type <http://xmlns.com/foaf/0.1/Agent>를 명시한다. 원문 constraint 값은 변경하지 않는다.,GeoDCAT-AP 3.1.0,"[""https://semiceu.github.io/GeoDCAT-AP/releases/3.1.0#DatasetSeries.processor""]",GeoDCAT-AP 3.1.0의 sh:class 제약을 변경 없이 채택한다. named PropertyShape의 원문 direct quad를 그대로 채택했다. 추가한 sh:targetNode는 격리 시험용이며 규범 의미를 바꾸지 않는다.,https://semiceu.github.io/GeoDCAT-AP/releases/3.1.0#dcat:DatasetSeriesShape/2772ea71869e38556ebc47c064607a25b9d5b6eb,UPSTREAM-POS-UPSTREAM-GEODCATAP-5C341DB071C0EC3D60DD,UPSTREAM-NEG-UPSTREAM-GEODCATAP-5C341DB071C0EC3D60DD
UPSTREAM-GEODCATAP-5CF2FD4B7C7D290817DD,"[""geo"",""network""]","[""http://www.w3.org/ns/dcat#Catalog""]",http://www.w3.org/ns/dcat#keyword,MUST,,,"[""http://www.w3.org/ns/shacl#Literal""]",[],Violation,"[{""language"":""ko"",""text"":""로컬 격리 증거: 원문 PropertyShape에는 메시지가 없으며 sh:nodeKind 제약을 검증한다."",""source"":""local-evidence"",""predicate"":null}]",MOLIT 로컬 적용 가이드(upstream 원문 보충 설명): <http://www.w3.org/ns/dcat#keyword> 값을 <http://www.w3.org/ns/shacl#Literal> node kind로 바꾼다. 원문 constraint 값은 변경하지 않는다.,GeoDCAT-AP 3.1.0,"[""https://semiceu.github.io/GeoDCAT-AP/releases/3.1.0#Catalogue.keyword""]",GeoDCAT-AP 3.1.0의 sh:nodeKind 제약을 변경 없이 채택한다. named PropertyShape의 원문 direct quad를 그대로 채택했다. 추가한 sh:targetNode는 격리 시험용이며 규범 의미를 바꾸지 않는다.,https://semiceu.github.io/GeoDCAT-AP/releases/3.1.0#dcat:CatalogShape/5bc739112726cd993c279f81380611cafc3a9857,UPSTREAM-POS-UPSTREAM-GEODCATAP-5CF2FD4B7C7D290817DD,UPSTREAM-NEG-UPSTREAM-GEODCATAP-5CF2FD4B7C7D290817DD
UPSTREAM-GEODCATAP-5D2A0B6AA484353840DB,"[""geo"",""network""]","[""http://xmlns.com/foaf/0.1/Agent""]",http://xmlns.com/foaf/0.1/phone,MUST,,1,[],[],Violation,"[{""language"":""ko"",""text"":""로컬 격리 증거: 원문 PropertyShape에는 메시지가 없으며 sh:maxCount 제약을 검증한다."",""source"":""local-evidence"",""predicate"":null}]",MOLIT 로컬 적용 가이드(upstream 원문 보충 설명): <http://xmlns.com/foaf/0.1/phone> 값을 1개 이하로 줄인다. 원문 constraint 값은 변경하지 않는다.,GeoDCAT-AP 3.1.0,"[""https://semiceu.github.io/GeoDCAT-AP/releases/3.1.0#Agent.phone""]",GeoDCAT-AP 3.1.0의 sh:maxCount 제약을 변경 없이 채택한다. named PropertyShape의 원문 direct quad를 그대로 채택했다. 추가한 sh:targetNode는 격리 시험용이며 규범 의미를 바꾸지 않는다.,https://semiceu.github.io/GeoDCAT-AP/releases/3.1.0#foaf:AgentShape/3134beaa2845130d7a9f2f5cf36315fe3e8fe9b8,UPSTREAM-POS-UPSTREAM-GEODCATAP-5D2A0B6AA484353840DB,UPSTREAM-NEG-UPSTREAM-GEODCATAP-5D2A0B6AA484353840DB
UPSTREAM-GEODCATAP-5E4794D065241F9986FF,"[""geo"",""network""]","[""http://www.w3.org/ns/dcat#Dataset""]",http://www.w3.org/ns/dcat#spatialResolutionInMeters,MUST,,,"[""http://www.w3.org/2001/XMLSchema#decimal""]",[],Violation,"[{""language"":""ko"",""text"":""로컬 격리 증거: 원문 PropertyShape에는 메시지가 없으며 sh:datatype 제약을 검증한다."",""source"":""local-evidence"",""predicate"":null}]",MOLIT 로컬 적용 가이드(upstream 원문 보충 설명): <http://www.w3.org/ns/dcat#spatialResolutionInMeters> 값을 <http://www.w3.org/2001/XMLSchema#decimal> datatype의 유효한 lexical literal로 직렬화한다. 원문 constraint 값은 변경하지 않는다.,GeoDCAT-AP 3.1.0,"[""https://semiceu.github.io/GeoDCAT-AP/releases/3.1.0#Dataset.spatialresolutioninmetres""]",GeoDCAT-AP 3.1.0의 sh:datatype 제약을 변경 없이 채택한다. named PropertyShape의 원문 direct quad를 그대로 채택했다. 추가한 sh:targetNode는 격리 시험용이며 규범 의미를 바꾸지 않는다.,https://semiceu.github.io/GeoDCAT-AP/releases/3.1.0#dcat:DatasetShape/a1173daef382ef9fe405318a57ddd98dbc82e335,UPSTREAM-POS-UPSTREAM-GEODCATAP-5E4794D065241F9986FF,UPSTREAM-NEG-UPSTREAM-GEODCATAP-5E4794D065241F9986FF
UPSTREAM-GEODCATAP-5E5B00220A4631067BC6,"[""geo"",""network""]","[""http://www.w3.org/ns/dcat#DataService""]",http://data.europa.eu/930/resourceType,MUST,,,"[""http://www.w3.org/2004/02/skos/core#Concept""]",[],Violation,"[{""language"":""ko"",""text"":""로컬 격리 증거: 원문 PropertyShape에는 메시지가 없으며 sh:class 제약을 검증한다."",""source"":""local-evidence"",""predicate"":null}]",MOLIT 로컬 적용 가이드(upstream 원문 보충 설명): <http://data.europa.eu/930/resourceType>의 모든 값에 rdf:type <http://www.w3.org/2004/02/skos/core#Concept>를 명시한다. 원문 constraint 값은 변경하지 않는다.,GeoDCAT-AP 3.1.0,"[""https://semiceu.github.io/GeoDCAT-AP/releases/3.1.0#DataService.type""]",GeoDCAT-AP 3.1.0의 sh:class 제약을 변경 없이 채택한다. named PropertyShape의 원문 direct quad를 그대로 채택했다. 추가한 sh:targetNode는 격리 시험용이며 규범 의미를 바꾸지 않는다.,https://semiceu.github.io/GeoDCAT-AP/releases/3.1.0#dcat:DataServiceShape/322371a77364a50f049d46180f6192532eea26dc,UPSTREAM-POS-UPSTREAM-GEODCATAP-5E5B00220A4631067BC6,UPSTREAM-NEG-UPSTREAM-GEODCATAP-5E5B00220A4631067BC6
UPSTREAM-GEODCATAP-5E62775B46C8BEF23FBD,"[""geo"",""network""]","[""http://www.w3.org/ns/dcat#Dataset""]",http://purl.org/dc/terms/accessRights,MUST,,1,[],[],Violation,"[{""language"":""ko"",""text"":""로컬 격리 증거: 원문 PropertyShape에는 메시지가 없으며 sh:maxCount 제약을 검증한다."",""source"":""local-evidence"",""predicate"":null}]",MOLIT 로컬 적용 가이드(upstream 원문 보충 설명): <http://purl.org/dc/terms/accessRights> 값을 1개 이하로 줄인다. 원문 constraint 값은 변경하지 않는다.,GeoDCAT-AP 3.1.0,"[""https://semiceu.github.io/GeoDCAT-AP/releases/3.1.0#Dataset.accessrights""]",GeoDCAT-AP 3.1.0의 sh:maxCount 제약을 변경 없이 채택한다. named PropertyShape의 원문 direct quad를 그대로 채택했다. 추가한 sh:targetNode는 격리 시험용이며 규범 의미를 바꾸지 않는다.,https://semiceu.github.io/GeoDCAT-AP/releases/3.1.0#dcat:DatasetShape/7a20e2eb5f5549088fd53fa93fab0958019f267e,UPSTREAM-POS-UPSTREAM-GEODCATAP-5E62775B46C8BEF23FBD,UPSTREAM-NEG-UPSTREAM-GEODCATAP-5E62775B46C8BEF23FBD
UPSTREAM-GEODCATAP-5E77F15B6869769D1C67,"[""geo"",""network""]","[""http://www.w3.org/ns/dcat#DatasetSeries""]",http://purl.org/dc/terms/rights,MUST,,,"[""http://purl.org/dc/terms/RightsStatement""]",[],Violation,"[{""language"":""ko"",""text"":""로컬 격리 증거: 원문 PropertyShape에는 메시지가 없으며 sh:class 제약을 검증한다."",""source"":""local-evidence"",""predicate"":null}]",MOLIT 로컬 적용 가이드(upstream 원문 보충 설명): <http://purl.org/dc/terms/rights>의 모든 값에 rdf:type <http://purl.org/dc/terms/RightsStatement>를 명시한다. 원문 constraint 값은 변경하지 않는다.,GeoDCAT-AP 3.1.0,"[""https://semiceu.github.io/GeoDCAT-AP/releases/3.1.0#DatasetSeries.rights""]",GeoDCAT-AP 3.1.0의 sh:class 제약을 변경 없이 채택한다. named PropertyShape의 원문 direct quad를 그대로 채택했다. 추가한 sh:targetNode는 격리 시험용이며 규범 의미를 바꾸지 않는다.,https://semiceu.github.io/GeoDCAT-AP/releases/3.1.0#dcat:DatasetSeriesShape/99435c17158fbaa12d1d955b8886d5bf935ab016,UPSTREAM-POS-UPSTREAM-GEODCATAP-5E77F15B6869769D1C67,UPSTREAM-NEG-UPSTREAM-GEODCATAP-5E77F15B6869769D1C67
UPSTREAM-GEODCATAP-5E98FBFB62603782666E,"[""geo"",""network""]","[""http://www.w3.org/ns/dcat#DataService""]",http://www.w3.org/ns/dcat#endpointURL,MUST,1,,[],[],Violation,"[{""language"":""ko"",""text"":""로컬 격리 증거: 원문 PropertyShape에는 메시지가 없으며 sh:minCount 제약을 검증한다."",""source"":""local-evidence"",""predicate"":null}]",MOLIT 로컬 적용 가이드(upstream 원문 보충 설명): <http://www.w3.org/ns/dcat#endpointURL> 값을 1개 이상 제공한다. 원문 constraint 값은 변경하지 않는다.,GeoDCAT-AP 3.1.0,"[""https://semiceu.github.io/GeoDCAT-AP/releases/3.1.0#DataService.endpointURL""]",GeoDCAT-AP 3.1.0의 sh:minCount 제약을 변경 없이 채택한다. named PropertyShape의 원문 direct quad를 그대로 채택했다. 추가한 sh:targetNode는 격리 시험용이며 규범 의미를 바꾸지 않는다.,https://semiceu.github.io/GeoDCAT-AP/releases/3.1.0#dcat:DataServiceShape/83ad7325cc6681e43e44550c269847065a95a14f,UPSTREAM-POS-UPSTREAM-GEODCATAP-5E98FBFB62603782666E,UPSTREAM-NEG-UPSTREAM-GEODCATAP-5E98FBFB62603782666E
UPSTREAM-GEODCATAP-5ED0246624C9E23DF00D,"[""geo"",""network""]","[""http://www.w3.org/2006/vcard/ns#Address""]",http://www.w3.org/2006/vcard/ns#street-address,MUST,,,"[""http://www.w3.org/ns/shacl#Literal""]",[],Violation,"[{""language"":""ko"",""text"":""로컬 격리 증거: 원문 PropertyShape에는 메시지가 없으며 sh:nodeKind 제약을 검증한다."",""source"":""local-evidence"",""predicate"":null}]",MOLIT 로컬 적용 가이드(upstream 원문 보충 설명): <http://www.w3.org/2006/vcard/ns#street-address> 값을 <http://www.w3.org/ns/shacl#Literal> node kind로 바꾼다. 원문 constraint 값은 변경하지 않는다.,GeoDCAT-AP 3.1.0,"[""https://semiceu.github.io/GeoDCAT-AP/releases/3.1.0#Address(vCard).streetaddress""]",GeoDCAT-AP 3.1.0의 sh:nodeKind 제약을 변경 없이 채택한다. named PropertyShape의 원문 direct quad를 그대로 채택했다. 추가한 sh:targetNode는 격리 시험용이며 규범 의미를 바꾸지 않는다.,https://semiceu.github.io/GeoDCAT-AP/releases/3.1.0#vcard:AddressShape/3600d16af075596ea231283d76b3fd39021d34d6,UPSTREAM-POS-UPSTREAM-GEODCATAP-5ED0246624C9E23DF00D,UPSTREAM-NEG-UPSTREAM-GEODCATAP-5ED0246624C9E23DF00D
UPSTREAM-GEODCATAP-5F49AE84E8AA62DC34B9,"[""geo"",""network""]","[""http://www.w3.org/ns/dcat#DatasetSeries""]",http://purl.org/dc/terms/temporal,MUST,,,"[""http://purl.org/dc/terms/PeriodOfTime""]",[],Violation,"[{""language"":""ko"",""text"":""로컬 격리 증거: 원문 PropertyShape에는 메시지가 없으며 sh:class 제약을 검증한다."",""source"":""local-evidence"",""predicate"":null}]",MOLIT 로컬 적용 가이드(upstream 원문 보충 설명): <http://purl.org/dc/terms/temporal>의 모든 값에 rdf:type <http://purl.org/dc/terms/PeriodOfTime>를 명시한다. 원문 constraint 값은 변경하지 않는다.,GeoDCAT-AP 3.1.0,"[""https://semiceu.github.io/GeoDCAT-AP/releases/3.1.0#DatasetSeries.temporalcoverage""]",GeoDCAT-AP 3.1.0의 sh:class 제약을 변경 없이 채택한다. named PropertyShape의 원문 direct quad를 그대로 채택했다. 추가한 sh:targetNode는 격리 시험용이며 규범 의미를 바꾸지 않는다.,https://semiceu.github.io/GeoDCAT-AP/releases/3.1.0#dcat:DatasetSeriesShape/8e3b1c0888909beb09cd832b3145ad1f7abb1caa,UPSTREAM-POS-UPSTREAM-GEODCATAP-5F49AE84E8AA62DC34B9,UPSTREAM-NEG-UPSTREAM-GEODCATAP-5F49AE84E8AA62DC34B9
UPSTREAM-GEODCATAP-5FB50BB9BBFF15261D24,"[""geo"",""network""]","[""http://www.w3.org/ns/dcat#DataService""]",http://data.europa.eu/930/serviceType,MUST,,,"[""http://www.w3.org/2004/02/skos/core#Concept""]",[],Violation,"[{""language"":""ko"",""text"":""로컬 격리 증거: 원문 PropertyShape에는 메시지가 없으며 sh:class 제약을 검증한다."",""source"":""local-evidence"",""predicate"":null}]",MOLIT 로컬 적용 가이드(upstream 원문 보충 설명): <http://data.europa.eu/930/serviceType>의 모든 값에 rdf:type <http://www.w3.org/2004/02/skos/core#Concept>를 명시한다. 원문 constraint 값은 변경하지 않는다.,GeoDCAT-AP 3.1.0,"[""https://semiceu.github.io/GeoDCAT-AP/releases/3.1.0#DataService.servicetype""]",GeoDCAT-AP 3.1.0의 sh:class 제약을 변경 없이 채택한다. named PropertyShape의 원문 direct quad를 그대로 채택했다. 추가한 sh:targetNode는 격리 시험용이며 규범 의미를 바꾸지 않는다.,https://semiceu.github.io/GeoDCAT-AP/releases/3.1.0#dcat:DataServiceShape/670342a920a4d7c073b8db698b89a4c651e34491,UPSTREAM-POS-UPSTREAM-GEODCATAP-5FB50BB9BBFF15261D24,UPSTREAM-NEG-UPSTREAM-GEODCATAP-5FB50BB9BBFF15261D24
UPSTREAM-GEODCATAP-609658A575C59FC543A4,"[""geo"",""network""]","[""http://www.w3.org/ns/dcat#Distribution""]",http://data.europa.eu/r5r/availability,MUST,,,"[""http://www.w3.org/ns/shacl#BlankNodeOrIRI""]",[],Violation,"[{""language"":""ko"",""text"":""로컬 격리 증거: 원문 PropertyShape에는 메시지가 없으며 sh:nodeKind 제약을 검증한다."",""source"":""local-evidence"",""predicate"":null}]",MOLIT 로컬 적용 가이드(upstream 원문 보충 설명): <http://data.europa.eu/r5r/availability> 값을 <http://www.w3.org/ns/shacl#BlankNodeOrIRI> node kind로 바꾼다. 원문 constraint 값은 변경하지 않는다.,GeoDCAT-AP 3.1.0,"[""https://semiceu.github.io/GeoDCAT-AP/releases/3.1.0#Distribution.availability""]",GeoDCAT-AP 3.1.0의 sh:nodeKind 제약을 변경 없이 채택한다. named PropertyShape의 원문 direct quad를 그대로 채택했다. 추가한 sh:targetNode는 격리 시험용이며 규범 의미를 바꾸지 않는다.,https://semiceu.github.io/GeoDCAT-AP/releases/3.1.0#dcat:DistributionShape/0796df7f5520ac6500217e81e434f9a755f64afe,UPSTREAM-POS-UPSTREAM-GEODCATAP-609658A575C59FC543A4,UPSTREAM-NEG-UPSTREAM-GEODCATAP-609658A575C59FC543A4
UPSTREAM-GEODCATAP-609C2635A07865910CA2,"[""geo"",""network""]","[""http://purl.org/dc/terms/Standard""]",http://www.w3.org/2002/07/owl#versionInfo,MUST,,1,[],[],Violation,"[{""language"":""ko"",""text"":""로컬 격리 증거: 원문 PropertyShape에는 메시지가 없으며 sh:maxCount 제약을 검증한다."",""source"":""local-evidence"",""predicate"":null}]",MOLIT 로컬 적용 가이드(upstream 원문 보충 설명): <http://www.w3.org/2002/07/owl#versionInfo> 값을 1개 이하로 줄인다. 원문 constraint 값은 변경하지 않는다.,GeoDCAT-AP 3.1.0,"[""https://semiceu.github.io/GeoDCAT-AP/releases/3.1.0#Standard.version""]",GeoDCAT-AP 3.1.0의 sh:maxCount 제약을 변경 없이 채택한다. named PropertyShape의 원문 direct quad를 그대로 채택했다. 추가한 sh:targetNode는 격리 시험용이며 규범 의미를 바꾸지 않는다.,https://semiceu.github.io/GeoDCAT-AP/releases/3.1.0#dct:StandardShape/1e2ff89f72ca069b1668489d90cb44ba553353d5,UPSTREAM-POS-UPSTREAM-GEODCATAP-609C2635A07865910CA2,UPSTREAM-NEG-UPSTREAM-GEODCATAP-609C2635A07865910CA2
UPSTREAM-GEODCATAP-612AA7A85975B232178C,"[""geo"",""network""]","[""http://www.w3.org/ns/dcat#Catalog""]",http://www.w3.org/ns/prov#wasUsedBy,MUST,,,"[""http://www.w3.org/ns/shacl#BlankNodeOrIRI""]",[],Violation,"[{""language"":""ko"",""text"":""로컬 격리 증거: 원문 PropertyShape에는 메시지가 없으며 sh:nodeKind 제약을 검증한다."",""source"":""local-evidence"",""predicate"":null}]",MOLIT 로컬 적용 가이드(upstream 원문 보충 설명): <http://www.w3.org/ns/prov#wasUsedBy> 값을 <http://www.w3.org/ns/shacl#BlankNodeOrIRI> node kind로 바꾼다. 원문 constraint 값은 변경하지 않는다.,GeoDCAT-AP 3.1.0,"[""https://semiceu.github.io/GeoDCAT-AP/releases/3.1.0#Catalogue.wasusedby""]",GeoDCAT-AP 3.1.0의 sh:nodeKind 제약을 변경 없이 채택한다. named PropertyShape의 원문 direct quad를 그대로 채택했다. 추가한 sh:targetNode는 격리 시험용이며 규범 의미를 바꾸지 않는다.,https://semiceu.github.io/GeoDCAT-AP/releases/3.1.0#dcat:CatalogShape/b0ccd926f364c1ae79f5ea36fa0146188fcec226,UPSTREAM-POS-UPSTREAM-GEODCATAP-612AA7A85975B232178C,UPSTREAM-NEG-UPSTREAM-GEODCATAP-612AA7A85975B232178C
UPSTREAM-GEODCATAP-61A5EE9022158D40897C,"[""geo"",""network""]","[""http://www.w3.org/ns/dcat#Dataset""]",http://data.europa.eu/930/principalInvestigator,MUST,,,"[""http://www.w3.org/ns/shacl#BlankNodeOrIRI""]",[],Violation,"[{""language"":""ko"",""text"":""로컬 격리 증거: 원문 PropertyShape에는 메시지가 없으며 sh:nodeKind 제약을 검증한다."",""source"":""local-evidence"",""predicate"":null}]",MOLIT 로컬 적용 가이드(upstream 원문 보충 설명): <http://data.europa.eu/930/principalInvestigator> 값을 <http://www.w3.org/ns/shacl#BlankNodeOrIRI> node kind로 바꾼다. 원문 constraint 값은 변경하지 않는다.,GeoDCAT-AP 3.1.0,"[""https://semiceu.github.io/GeoDCAT-AP/releases/3.1.0#Dataset.principalinvestigator""]",GeoDCAT-AP 3.1.0의 sh:nodeKind 제약을 변경 없이 채택한다. named PropertyShape의 원문 direct quad를 그대로 채택했다. 추가한 sh:targetNode는 격리 시험용이며 규범 의미를 바꾸지 않는다.,https://semiceu.github.io/GeoDCAT-AP/releases/3.1.0#dcat:DatasetShape/332a16958cb700460c864d15f17f0a67ca9cf034,UPSTREAM-POS-UPSTREAM-GEODCATAP-61A5EE9022158D40897C,UPSTREAM-NEG-UPSTREAM-GEODCATAP-61A5EE9022158D40897C
UPSTREAM-GEODCATAP-6259E41F53CF431923F5,"[""geo"",""network""]","[""http://www.w3.org/2006/vcard/ns#Kind""]",http://www.w3.org/2006/vcard/ns#hasEmail,MUST,,,"[""http://www.w3.org/2006/vcard/ns#Email""]",[],Violation,"[{""language"":""ko"",""text"":""로컬 격리 증거: 원문 PropertyShape에는 메시지가 없으며 sh:class 제약을 검증한다."",""source"":""local-evidence"",""predicate"":null}]",MOLIT 로컬 적용 가이드(upstream 원문 보충 설명): <http://www.w3.org/2006/vcard/ns#hasEmail>의 모든 값에 rdf:type <http://www.w3.org/2006/vcard/ns#Email>를 명시한다. 원문 constraint 값은 변경하지 않는다.,GeoDCAT-AP 3.1.0,"[""https://semiceu.github.io/GeoDCAT-AP/releases/3.1.0#Kind.email""]",GeoDCAT-AP 3.1.0의 sh:class 제약을 변경 없이 채택한다. named PropertyShape의 원문 direct quad를 그대로 채택했다. 추가한 sh:targetNode는 격리 시험용이며 규범 의미를 바꾸지 않는다.,https://semiceu.github.io/GeoDCAT-AP/releases/3.1.0#vcard:KindShape/8cf3e751730442052d1b2174336d21bb838e4aab,UPSTREAM-POS-UPSTREAM-GEODCATAP-6259E41F53CF431923F5,UPSTREAM-NEG-UPSTREAM-GEODCATAP-6259E41F53CF431923F5
UPSTREAM-GEODCATAP-63EAAD6C179C8F8BD672,"[""geo"",""network""]","[""http://www.w3.org/ns/dcat#DatasetSeries""]",http://purl.org/dc/terms/issued,MUST,,1,[],[],Violation,"[{""language"":""ko"",""text"":""로컬 격리 증거: 원문 PropertyShape에는 메시지가 없으며 sh:maxCount 제약을 검증한다."",""source"":""local-evidence"",""predicate"":null}]",MOLIT 로컬 적용 가이드(upstream 원문 보충 설명): <http://purl.org/dc/terms/issued> 값을 1개 이하로 줄인다. 원문 constraint 값은 변경하지 않는다.,GeoDCAT-AP 3.1.0,"[""https://semiceu.github.io/GeoDCAT-AP/releases/3.1.0#DatasetSeries.releasedate""]",GeoDCAT-AP 3.1.0의 sh:maxCount 제약을 변경 없이 채택한다. named PropertyShape의 원문 direct quad를 그대로 채택했다. 추가한 sh:targetNode는 격리 시험용이며 규범 의미를 바꾸지 않는다.,https://semiceu.github.io/GeoDCAT-AP/releases/3.1.0#dcat:DatasetSeriesShape/b362d2bdbbe8ba1c689e5554cca2bcbd295546de,UPSTREAM-POS-UPSTREAM-GEODCATAP-63EAAD6C179C8F8BD672,UPSTREAM-NEG-UPSTREAM-GEODCATAP-63EAAD6C179C8F8BD672
UPSTREAM-GEODCATAP-6411DE1FD052ED863C8E,"[""geo"",""network""]","[""http://www.w3.org/ns/dcat#Dataset""]",http://www.w3.org/ns/dcat#temporalResolution,MUST,,,"[""http://www.w3.org/ns/shacl#Literal""]",[],Violation,"[{""language"":""ko"",""text"":""로컬 격리 증거: 원문 PropertyShape에는 메시지가 없으며 sh:nodeKind 제약을 검증한다."",""source"":""local-evidence"",""predicate"":null}]",MOLIT 로컬 적용 가이드(upstream 원문 보충 설명): <http://www.w3.org/ns/dcat#temporalResolution> 값을 <http://www.w3.org/ns/shacl#Literal> node kind로 바꾼다. 원문 constraint 값은 변경하지 않는다.,GeoDCAT-AP 3.1.0,"[""https://semiceu.github.io/GeoDCAT-AP/releases/3.1.0#Dataset.temporalresolution""]",GeoDCAT-AP 3.1.0의 sh:nodeKind 제약을 변경 없이 채택한다. named PropertyShape의 원문 direct quad를 그대로 채택했다. 추가한 sh:targetNode는 격리 시험용이며 규범 의미를 바꾸지 않는다.,https://semiceu.github.io/GeoDCAT-AP/releases/3.1.0#dcat:DatasetShape/2961dd5b80e9c0f6242da8cf9eea53ad610d7602,UPSTREAM-POS-UPSTREAM-GEODCATAP-6411DE1FD052ED863C8E,UPSTREAM-NEG-UPSTREAM-GEODCATAP-6411DE1FD052ED863C8E
UPSTREAM-GEODCATAP-664879453B835B00BDEB,"[""geo"",""network""]","[""http://xmlns.com/foaf/0.1/Agent""]",http://xmlns.com/foaf/0.1/workplaceHomepage,MUST,,,"[""http://www.w3.org/ns/shacl#BlankNodeOrIRI""]",[],Violation,"[{""language"":""ko"",""text"":""로컬 격리 증거: 원문 PropertyShape에는 메시지가 없으며 sh:nodeKind 제약을 검증한다."",""source"":""local-evidence"",""predicate"":null}]",MOLIT 로컬 적용 가이드(upstream 원문 보충 설명): <http://xmlns.com/foaf/0.1/workplaceHomepage> 값을 <http://www.w3.org/ns/shacl#BlankNodeOrIRI> node kind로 바꾼다. 원문 constraint 값은 변경하지 않는다.,GeoDCAT-AP 3.1.0,"[""https://semiceu.github.io/GeoDCAT-AP/releases/3.1.0#Agent.URL""]",GeoDCAT-AP 3.1.0의 sh:nodeKind 제약을 변경 없이 채택한다. named PropertyShape의 원문 direct quad를 그대로 채택했다. 추가한 sh:targetNode는 격리 시험용이며 규범 의미를 바꾸지 않는다.,https://semiceu.github.io/GeoDCAT-AP/releases/3.1.0#foaf:AgentShape/5baac8cf504c38df125bdad80a5b9e98a8cbded1,UPSTREAM-POS-UPSTREAM-GEODCATAP-664879453B835B00BDEB,UPSTREAM-NEG-UPSTREAM-GEODCATAP-664879453B835B00BDEB
UPSTREAM-GEODCATAP-66E078D85F892A29C199,"[""geo"",""network""]","[""http://www.w3.org/ns/dcat#Distribution""]",http://www.w3.org/ns/odrl/2/hasPolicy,MUST,,,"[""http://www.w3.org/ns/odrl/2/Policy""]",[],Violation,"[{""language"":""ko"",""text"":""로컬 격리 증거: 원문 PropertyShape에는 메시지가 없으며 sh:class 제약을 검증한다."",""source"":""local-evidence"",""predicate"":null}]",MOLIT 로컬 적용 가이드(upstream 원문 보충 설명): <http://www.w3.org/ns/odrl/2/hasPolicy>의 모든 값에 rdf:type <http://www.w3.org/ns/odrl/2/Policy>를 명시한다. 원문 constraint 값은 변경하지 않는다.,GeoDCAT-AP 3.1.0,"[""https://semiceu.github.io/GeoDCAT-AP/releases/3.1.0#Distribution.haspolicy""]",GeoDCAT-AP 3.1.0의 sh:class 제약을 변경 없이 채택한다. named PropertyShape의 원문 direct quad를 그대로 채택했다. 추가한 sh:targetNode는 격리 시험용이며 규범 의미를 바꾸지 않는다.,https://semiceu.github.io/GeoDCAT-AP/releases/3.1.0#dcat:DistributionShape/8c1e0d1ac55cc7da56ed33785c09a2980899a997,UPSTREAM-POS-UPSTREAM-GEODCATAP-66E078D85F892A29C199,UPSTREAM-NEG-UPSTREAM-GEODCATAP-66E078D85F892A29C199
UPSTREAM-GEODCATAP-6701D35833F40686157A,"[""geo"",""network""]","[""http://xmlns.com/foaf/0.1/Agent""]",http://xmlns.com/foaf/0.1/mbox,MUST,,,"[""http://www.w3.org/2000/01/rdf-schema#Resource""]",[],Violation,"[{""language"":""ko"",""text"":""로컬 격리 증거: 원문 PropertyShape에는 메시지가 없으며 sh:class 제약을 검증한다."",""source"":""local-evidence"",""predicate"":null}]",MOLIT 로컬 적용 가이드(upstream 원문 보충 설명): <http://xmlns.com/foaf/0.1/mbox>의 모든 값에 rdf:type <http://www.w3.org/2000/01/rdf-schema#Resource>를 명시한다. 원문 constraint 값은 변경하지 않는다.,GeoDCAT-AP 3.1.0,"[""https://semiceu.github.io/GeoDCAT-AP/releases/3.1.0#Agent.email""]",GeoDCAT-AP 3.1.0의 sh:class 제약을 변경 없이 채택한다. named PropertyShape의 원문 direct quad를 그대로 채택했다. 추가한 sh:targetNode는 격리 시험용이며 규범 의미를 바꾸지 않는다.,https://semiceu.github.io/GeoDCAT-AP/releases/3.1.0#foaf:AgentShape/8cf3e751730442052d1b2174336d21bb838e4aab,UPSTREAM-POS-UPSTREAM-GEODCATAP-6701D35833F40686157A,UPSTREAM-NEG-UPSTREAM-GEODCATAP-6701D35833F40686157A
UPSTREAM-GEODCATAP-6888B7669222B9048F5D,"[""geo"",""network""]","[""http://www.w3.org/ns/dcat#DatasetSeries""]",http://purl.org/dc/terms/accrualPeriodicity,MUST,,,"[""http://purl.org/dc/terms/Frequency""]",[],Violation,"[{""language"":""ko"",""text"":""로컬 격리 증거: 원문 PropertyShape에는 메시지가 없으며 sh:class 제약을 검증한다."",""source"":""local-evidence"",""predicate"":null}]",MOLIT 로컬 적용 가이드(upstream 원문 보충 설명): <http://purl.org/dc/terms/accrualPeriodicity>의 모든 값에 rdf:type <http://purl.org/dc/terms/Frequency>를 명시한다. 원문 constraint 값은 변경하지 않는다.,GeoDCAT-AP 3.1.0,"[""https://semiceu.github.io/GeoDCAT-AP/releases/3.1.0#DatasetSeries.frequency""]",GeoDCAT-AP 3.1.0의 sh:class 제약을 변경 없이 채택한다. named PropertyShape의 원문 direct quad를 그대로 채택했다. 추가한 sh:targetNode는 격리 시험용이며 규범 의미를 바꾸지 않는다.,https://semiceu.github.io/GeoDCAT-AP/releases/3.1.0#dcat:DatasetSeriesShape/04d197dc40f01e87093bdd0446a9fdb1a9d44319,UPSTREAM-POS-UPSTREAM-GEODCATAP-6888B7669222B9048F5D,UPSTREAM-NEG-UPSTREAM-GEODCATAP-6888B7669222B9048F5D
UPSTREAM-GEODCATAP-68F2267708F800B574FF,"[""geo"",""network""]","[""http://www.w3.org/ns/dcat#DataService""]",http://data.europa.eu/930/serviceCategory,MUST,,,"[""http://www.w3.org/2004/02/skos/core#Concept""]",[],Violation,"[{""language"":""ko"",""text"":""로컬 격리 증거: 원문 PropertyShape에는 메시지가 없으며 sh:class 제약을 검증한다."",""source"":""local-evidence"",""predicate"":null}]",MOLIT 로컬 적용 가이드(upstream 원문 보충 설명): <http://data.europa.eu/930/serviceCategory>의 모든 값에 rdf:type <http://www.w3.org/2004/02/skos/core#Concept>를 명시한다. 원문 constraint 값은 변경하지 않는다.,GeoDCAT-AP 3.1.0,"[""https://semiceu.github.io/GeoDCAT-AP/releases/3.1.0#DataService.servicecategory""]",GeoDCAT-AP 3.1.0의 sh:class 제약을 변경 없이 채택한다. named PropertyShape의 원문 direct quad를 그대로 채택했다. 추가한 sh:targetNode는 격리 시험용이며 규범 의미를 바꾸지 않는다.,https://semiceu.github.io/GeoDCAT-AP/releases/3.1.0#dcat:DataServiceShape/ac31acde5648d4256e2c965dbf83304a8f51bc96,UPSTREAM-POS-UPSTREAM-GEODCATAP-68F2267708F800B574FF,UPSTREAM-NEG-UPSTREAM-GEODCATAP-68F2267708F800B574FF
UPSTREAM-GEODCATAP-69982F1A61D5E6C6FC3F,"[""geo"",""network""]","[""http://www.w3.org/ns/dcat#DatasetSeries""]",http://data.europa.eu/930/processor,MUST,,,"[""http://www.w3.org/ns/shacl#BlankNodeOrIRI""]",[],Violation,"[{""language"":""ko"",""text"":""로컬 격리 증거: 원문 PropertyShape에는 메시지가 없으며 sh:nodeKind 제약을 검증한다."",""source"":""local-evidence"",""predicate"":null}]",MOLIT 로컬 적용 가이드(upstream 원문 보충 설명): <http://data.europa.eu/930/processor> 값을 <http://www.w3.org/ns/shacl#BlankNodeOrIRI> node kind로 바꾼다. 원문 constraint 값은 변경하지 않는다.,GeoDCAT-AP 3.1.0,"[""https://semiceu.github.io/GeoDCAT-AP/releases/3.1.0#DatasetSeries.processor""]",GeoDCAT-AP 3.1.0의 sh:nodeKind 제약을 변경 없이 채택한다. named PropertyShape의 원문 direct quad를 그대로 채택했다. 추가한 sh:targetNode는 격리 시험용이며 규범 의미를 바꾸지 않는다.,https://semiceu.github.io/GeoDCAT-AP/releases/3.1.0#dcat:DatasetSeriesShape/6c19a6337121f15029388b949ea0dab772437b2a,UPSTREAM-POS-UPSTREAM-GEODCATAP-69982F1A61D5E6C6FC3F,UPSTREAM-NEG-UPSTREAM-GEODCATAP-69982F1A61D5E6C6FC3F
UPSTREAM-GEODCATAP-69F452F423232B81A95F,"[""geo"",""network""]","[""http://www.w3.org/ns/dcat#CatalogRecord""]",http://data.europa.eu/930/processor,MUST,,,"[""http://xmlns.com/foaf/0.1/Agent""]",[],Violation,"[{""language"":""ko"",""text"":""로컬 격리 증거: 원문 PropertyShape에는 메시지가 없으며 sh:class 제약을 검증한다."",""source"":""local-evidence"",""predicate"":null}]",MOLIT 로컬 적용 가이드(upstream 원문 보충 설명): <http://data.europa.eu/930/processor>의 모든 값에 rdf:type <http://xmlns.com/foaf/0.1/Agent>를 명시한다. 원문 constraint 값은 변경하지 않는다.,GeoDCAT-AP 3.1.0,"[""https://semiceu.github.io/GeoDCAT-AP/releases/3.1.0#CatalogueRecord.processor""]",GeoDCAT-AP 3.1.0의 sh:class 제약을 변경 없이 채택한다. named PropertyShape의 원문 direct quad를 그대로 채택했다. 추가한 sh:targetNode는 격리 시험용이며 규범 의미를 바꾸지 않는다.,https://semiceu.github.io/GeoDCAT-AP/releases/3.1.0#dcat:CatalogRecordShape/2772ea71869e38556ebc47c064607a25b9d5b6eb,UPSTREAM-POS-UPSTREAM-GEODCATAP-69F452F423232B81A95F,UPSTREAM-NEG-UPSTREAM-GEODCATAP-69F452F423232B81A95F
UPSTREAM-GEODCATAP-6A4373B3D7FB5AB74F9A,"[""geo"",""network""]","[""http://www.w3.org/ns/dcat#CatalogRecord""]",http://data.europa.eu/930/distributor,MUST,,,"[""http://www.w3.org/ns/shacl#BlankNodeOrIRI""]",[],Violation,"[{""language"":""ko"",""text"":""로컬 격리 증거: 원문 PropertyShape에는 메시지가 없으며 sh:nodeKind 제약을 검증한다."",""source"":""local-evidence"",""predicate"":null}]",MOLIT 로컬 적용 가이드(upstream 원문 보충 설명): <http://data.europa.eu/930/distributor> 값을 <http://www.w3.org/ns/shacl#BlankNodeOrIRI> node kind로 바꾼다. 원문 constraint 값은 변경하지 않는다.,GeoDCAT-AP 3.1.0,"[""https://semiceu.github.io/GeoDCAT-AP/releases/3.1.0#CatalogueRecord.distributor""]",GeoDCAT-AP 3.1.0의 sh:nodeKind 제약을 변경 없이 채택한다. named PropertyShape의 원문 direct quad를 그대로 채택했다. 추가한 sh:targetNode는 격리 시험용이며 규범 의미를 바꾸지 않는다.,https://semiceu.github.io/GeoDCAT-AP/releases/3.1.0#dcat:CatalogRecordShape/e7571d7eeaa445d492569780abae4aa92ed790b3,UPSTREAM-POS-UPSTREAM-GEODCATAP-6A4373B3D7FB5AB74F9A,UPSTREAM-NEG-UPSTREAM-GEODCATAP-6A4373B3D7FB5AB74F9A
UPSTREAM-GEODCATAP-6A9AA1F4B0341EC6BA83,"[""geo"",""network""]","[""http://www.w3.org/ns/locn#Address""]",http://www.w3.org/ns/locn#postCode,MUST,,,"[""http://www.w3.org/ns/shacl#Literal""]",[],Violation,"[{""language"":""ko"",""text"":""로컬 격리 증거: 원문 PropertyShape에는 메시지가 없으며 sh:nodeKind 제약을 검증한다."",""source"":""local-evidence"",""predicate"":null}]",MOLIT 로컬 적용 가이드(upstream 원문 보충 설명): <http://www.w3.org/ns/locn#postCode> 값을 <http://www.w3.org/ns/shacl#Literal> node kind로 바꾼다. 원문 constraint 값은 변경하지 않는다.,GeoDCAT-AP 3.1.0,"[""https://semiceu.github.io/GeoDCAT-AP/releases/3.1.0#Address(CoreLocation).postcode""]",GeoDCAT-AP 3.1.0의 sh:nodeKind 제약을 변경 없이 채택한다. named PropertyShape의 원문 direct quad를 그대로 채택했다. 추가한 sh:targetNode는 격리 시험용이며 규범 의미를 바꾸지 않는다.,https://semiceu.github.io/GeoDCAT-AP/releases/3.1.0#locn:AddressShape/c0a2b78a80a731301e2f54d040ca9aa2c9b125b1,UPSTREAM-POS-UPSTREAM-GEODCATAP-6A9AA1F4B0341EC6BA83,UPSTREAM-NEG-UPSTREAM-GEODCATAP-6A9AA1F4B0341EC6BA83
UPSTREAM-GEODCATAP-6AABE3694C7B5BD583D8,"[""geo"",""network""]","[""http://www.w3.org/ns/dcat#Catalog""]",http://data.europa.eu/930/resourceProvider,MUST,,,"[""http://www.w3.org/ns/shacl#BlankNodeOrIRI""]",[],Violation,"[{""language"":""ko"",""text"":""로컬 격리 증거: 원문 PropertyShape에는 메시지가 없으며 sh:nodeKind 제약을 검증한다."",""source"":""local-evidence"",""predicate"":null}]",MOLIT 로컬 적용 가이드(upstream 원문 보충 설명): <http://data.europa.eu/930/resourceProvider> 값을 <http://www.w3.org/ns/shacl#BlankNodeOrIRI> node kind로 바꾼다. 원문 constraint 값은 변경하지 않는다.,GeoDCAT-AP 3.1.0,"[""https://semiceu.github.io/GeoDCAT-AP/releases/3.1.0#Catalogue.resourceprovider""]",GeoDCAT-AP 3.1.0의 sh:nodeKind 제약을 변경 없이 채택한다. named PropertyShape의 원문 direct quad를 그대로 채택했다. 추가한 sh:targetNode는 격리 시험용이며 규범 의미를 바꾸지 않는다.,https://semiceu.github.io/GeoDCAT-AP/releases/3.1.0#dcat:CatalogShape/30957911e1c6c79c065b6a0fa632a3c58d6b1841,UPSTREAM-POS-UPSTREAM-GEODCATAP-6AABE3694C7B5BD583D8,UPSTREAM-NEG-UPSTREAM-GEODCATAP-6AABE3694C7B5BD583D8
UPSTREAM-GEODCATAP-6ACFA360F9176CFA68D2,"[""geo"",""network""]","[""http://www.w3.org/ns/dcat#DatasetSeries""]",http://purl.org/dc/terms/created,MUST,,1,[],[],Violation,"[{""language"":""ko"",""text"":""로컬 격리 증거: 원문 PropertyShape에는 메시지가 없으며 sh:maxCount 제약을 검증한다."",""source"":""local-evidence"",""predicate"":null}]",MOLIT 로컬 적용 가이드(upstream 원문 보충 설명): <http://purl.org/dc/terms/created> 값을 1개 이하로 줄인다. 원문 constraint 값은 변경하지 않는다.,GeoDCAT-AP 3.1.0,"[""https://semiceu.github.io/GeoDCAT-AP/releases/3.1.0#DatasetSeries.creationdate""]",GeoDCAT-AP 3.1.0의 sh:maxCount 제약을 변경 없이 채택한다. named PropertyShape의 원문 direct quad를 그대로 채택했다. 추가한 sh:targetNode는 격리 시험용이며 규범 의미를 바꾸지 않는다.,https://semiceu.github.io/GeoDCAT-AP/releases/3.1.0#dcat:DatasetSeriesShape/675f9ab2c273ab67c79caa42282e4cec463c08f6,UPSTREAM-POS-UPSTREAM-GEODCATAP-6ACFA360F9176CFA68D2,UPSTREAM-NEG-UPSTREAM-GEODCATAP-6ACFA360F9176CFA68D2
UPSTREAM-GEODCATAP-6AFC071D95CCBD3B717A,"[""geo"",""network""]","[""http://purl.org/dc/terms/Standard""]",http://purl.org/dc/terms/type,MUST,,,"[""http://www.w3.org/ns/shacl#BlankNodeOrIRI""]",[],Violation,"[{""language"":""ko"",""text"":""로컬 격리 증거: 원문 PropertyShape에는 메시지가 없으며 sh:nodeKind 제약을 검증한다."",""source"":""local-evidence"",""predicate"":null}]",MOLIT 로컬 적용 가이드(upstream 원문 보충 설명): <http://purl.org/dc/terms/type> 값을 <http://www.w3.org/ns/shacl#BlankNodeOrIRI> node kind로 바꾼다. 원문 constraint 값은 변경하지 않는다.,GeoDCAT-AP 3.1.0,"[""https://semiceu.github.io/GeoDCAT-AP/releases/3.1.0#Standard.type""]",GeoDCAT-AP 3.1.0의 sh:nodeKind 제약을 변경 없이 채택한다. named PropertyShape의 원문 direct quad를 그대로 채택했다. 추가한 sh:targetNode는 격리 시험용이며 규범 의미를 바꾸지 않는다.,https://semiceu.github.io/GeoDCAT-AP/releases/3.1.0#dct:StandardShape/4f381639bb6e021939f65b4f41409d1edaeade9b,UPSTREAM-POS-UPSTREAM-GEODCATAP-6AFC071D95CCBD3B717A,UPSTREAM-NEG-UPSTREAM-GEODCATAP-6AFC071D95CCBD3B717A
UPSTREAM-GEODCATAP-6B0BA074DA757B635418,"[""geo"",""network""]","[""http://www.w3.org/ns/dcat#DatasetSeries""]",http://purl.org/dc/terms/spatial,MUST,,,"[""http://purl.org/dc/terms/Location""]",[],Violation,"[{""language"":""ko"",""text"":""로컬 격리 증거: 원문 PropertyShape에는 메시지가 없으며 sh:class 제약을 검증한다."",""source"":""local-evidence"",""predicate"":null}]",MOLIT 로컬 적용 가이드(upstream 원문 보충 설명): <http://purl.org/dc/terms/spatial>의 모든 값에 rdf:type <http://purl.org/dc/terms/Location>를 명시한다. 원문 constraint 값은 변경하지 않는다.,GeoDCAT-AP 3.1.0,"[""https://semiceu.github.io/GeoDCAT-AP/releases/3.1.0#DatasetSeries.geographicalcoverage""]",GeoDCAT-AP 3.1.0의 sh:class 제약을 변경 없이 채택한다. named PropertyShape의 원문 direct quad를 그대로 채택했다. 추가한 sh:targetNode는 격리 시험용이며 규범 의미를 바꾸지 않는다.,https://semiceu.github.io/GeoDCAT-AP/releases/3.1.0#dcat:DatasetSeriesShape/00a99d55cbc03165373a8348d5a88402ea4f239a,UPSTREAM-POS-UPSTREAM-GEODCATAP-6B0BA074DA757B635418,UPSTREAM-NEG-UPSTREAM-GEODCATAP-6B0BA074DA757B635418
UPSTREAM-GEODCATAP-6B658166E863AFA525F1,"[""geo"",""network""]","[""http://www.w3.org/ns/dcat#DatasetSeries""]",http://data.europa.eu/930/topicCategory,MUST,,,"[""http://www.w3.org/2004/02/skos/core#Concept""]",[],Violation,"[{""language"":""ko"",""text"":""로컬 격리 증거: 원문 PropertyShape에는 메시지가 없으며 sh:class 제약을 검증한다."",""source"":""local-evidence"",""predicate"":null}]",MOLIT 로컬 적용 가이드(upstream 원문 보충 설명): <http://data.europa.eu/930/topicCategory>의 모든 값에 rdf:type <http://www.w3.org/2004/02/skos/core#Concept>를 명시한다. 원문 constraint 값은 변경하지 않는다.,GeoDCAT-AP 3.1.0,"[""https://semiceu.github.io/GeoDCAT-AP/releases/3.1.0#DatasetSeries.topiccategory""]",GeoDCAT-AP 3.1.0의 sh:class 제약을 변경 없이 채택한다. named PropertyShape의 원문 direct quad를 그대로 채택했다. 추가한 sh:targetNode는 격리 시험용이며 규범 의미를 바꾸지 않는다.,https://semiceu.github.io/GeoDCAT-AP/releases/3.1.0#dcat:DatasetSeriesShape/7e81f1a1332766b4be433580d64a6ec4b1530493,UPSTREAM-POS-UPSTREAM-GEODCATAP-6B658166E863AFA525F1,UPSTREAM-NEG-UPSTREAM-GEODCATAP-6B658166E863AFA525F1
UPSTREAM-GEODCATAP-6C3A7C8F3F83719D940F,"[""geo"",""network""]","[""http://www.w3.org/ns/dcat#Distribution""]",http://www.w3.org/ns/dcat#accessURL,MUST,,,"[""http://www.w3.org/ns/shacl#BlankNodeOrIRI""]",[],Violation,"[{""language"":""ko"",""text"":""로컬 격리 증거: 원문 PropertyShape에는 메시지가 없으며 sh:nodeKind 제약을 검증한다."",""source"":""local-evidence"",""predicate"":null}]",MOLIT 로컬 적용 가이드(upstream 원문 보충 설명): <http://www.w3.org/ns/dcat#accessURL> 값을 <http://www.w3.org/ns/shacl#BlankNodeOrIRI> node kind로 바꾼다. 원문 constraint 값은 변경하지 않는다.,GeoDCAT-AP 3.1.0,"[""https://semiceu.github.io/GeoDCAT-AP/releases/3.1.0#Distribution.accessURL""]",GeoDCAT-AP 3.1.0의 sh:nodeKind 제약을 변경 없이 채택한다. named PropertyShape의 원문 direct quad를 그대로 채택했다. 추가한 sh:targetNode는 격리 시험용이며 규범 의미를 바꾸지 않는다.,https://semiceu.github.io/GeoDCAT-AP/releases/3.1.0#dcat:DistributionShape/a490981ff58636ec8601ca500e67bd9c575eaed9,UPSTREAM-POS-UPSTREAM-GEODCATAP-6C3A7C8F3F83719D940F,UPSTREAM-NEG-UPSTREAM-GEODCATAP-6C3A7C8F3F83719D940F
UPSTREAM-GEODCATAP-6C876E8F7A9AD4B42F80,"[""geo"",""network""]","[""http://www.w3.org/ns/dcat#DatasetSeries""]",http://purl.org/dc/terms/accrualPeriodicity,MUST,,,"[""http://www.w3.org/ns/shacl#BlankNodeOrIRI""]",[],Violation,"[{""language"":""ko"",""text"":""로컬 격리 증거: 원문 PropertyShape에는 메시지가 없으며 sh:nodeKind 제약을 검증한다."",""source"":""local-evidence"",""predicate"":null}]",MOLIT 로컬 적용 가이드(upstream 원문 보충 설명): <http://purl.org/dc/terms/accrualPeriodicity> 값을 <http://www.w3.org/ns/shacl#BlankNodeOrIRI> node kind로 바꾼다. 원문 constraint 값은 변경하지 않는다.,GeoDCAT-AP 3.1.0,"[""https://semiceu.github.io/GeoDCAT-AP/releases/3.1.0#DatasetSeries.frequency""]",GeoDCAT-AP 3.1.0의 sh:nodeKind 제약을 변경 없이 채택한다. named PropertyShape의 원문 direct quad를 그대로 채택했다. 추가한 sh:targetNode는 격리 시험용이며 규범 의미를 바꾸지 않는다.,https://semiceu.github.io/GeoDCAT-AP/releases/3.1.0#dcat:DatasetSeriesShape/63a8cf23801ef605734507c621693524f22476dd,UPSTREAM-POS-UPSTREAM-GEODCATAP-6C876E8F7A9AD4B42F80,UPSTREAM-NEG-UPSTREAM-GEODCATAP-6C876E8F7A9AD4B42F80
UPSTREAM-GEODCATAP-6CAFEC5FC01FDA782148,"[""geo"",""network""]","[""http://xmlns.com/foaf/0.1/Agent""]",http://xmlns.com/foaf/0.1/phone,MUST,,,"[""http://www.w3.org/2000/01/rdf-schema#Resource""]",[],Violation,"[{""language"":""ko"",""text"":""로컬 격리 증거: 원문 PropertyShape에는 메시지가 없으며 sh:class 제약을 검증한다."",""source"":""local-evidence"",""predicate"":null}]",MOLIT 로컬 적용 가이드(upstream 원문 보충 설명): <http://xmlns.com/foaf/0.1/phone>의 모든 값에 rdf:type <http://www.w3.org/2000/01/rdf-schema#Resource>를 명시한다. 원문 constraint 값은 변경하지 않는다.,GeoDCAT-AP 3.1.0,"[""https://semiceu.github.io/GeoDCAT-AP/releases/3.1.0#Agent.phone""]",GeoDCAT-AP 3.1.0의 sh:class 제약을 변경 없이 채택한다. named PropertyShape의 원문 direct quad를 그대로 채택했다. 추가한 sh:targetNode는 격리 시험용이며 규범 의미를 바꾸지 않는다.,https://semiceu.github.io/GeoDCAT-AP/releases/3.1.0#foaf:AgentShape/ac52a0a3614cf4ce178dfe0437f2c9a38c82f9f0,UPSTREAM-POS-UPSTREAM-GEODCATAP-6CAFEC5FC01FDA782148,UPSTREAM-NEG-UPSTREAM-GEODCATAP-6CAFEC5FC01FDA782148
UPSTREAM-GEODCATAP-6CD53B3719E5F935B6F5,"[""geo"",""network""]","[""http://www.w3.org/ns/dcat#Catalog""]",http://data.europa.eu/930/distributor,MUST,,,"[""http://www.w3.org/ns/shacl#BlankNodeOrIRI""]",[],Violation,"[{""language"":""ko"",""text"":""로컬 격리 증거: 원문 PropertyShape에는 메시지가 없으며 sh:nodeKind 제약을 검증한다."",""source"":""local-evidence"",""predicate"":null}]",MOLIT 로컬 적용 가이드(upstream 원문 보충 설명): <http://data.europa.eu/930/distributor> 값을 <http://www.w3.org/ns/shacl#BlankNodeOrIRI> node kind로 바꾼다. 원문 constraint 값은 변경하지 않는다.,GeoDCAT-AP 3.1.0,"[""https://semiceu.github.io/GeoDCAT-AP/releases/3.1.0#Catalogue.distributor""]",GeoDCAT-AP 3.1.0의 sh:nodeKind 제약을 변경 없이 채택한다. named PropertyShape의 원문 direct quad를 그대로 채택했다. 추가한 sh:targetNode는 격리 시험용이며 규범 의미를 바꾸지 않는다.,https://semiceu.github.io/GeoDCAT-AP/releases/3.1.0#dcat:CatalogShape/e7571d7eeaa445d492569780abae4aa92ed790b3,UPSTREAM-POS-UPSTREAM-GEODCATAP-6CD53B3719E5F935B6F5,UPSTREAM-NEG-UPSTREAM-GEODCATAP-6CD53B3719E5F935B6F5
UPSTREAM-GEODCATAP-6D486A1E92EA476CBEAB,"[""geo"",""network""]","[""http://www.w3.org/ns/dcat#Dataset""]",http://purl.org/dc/terms/description,MUST,,,"[""http://www.w3.org/ns/shacl#Literal""]",[],Violation,"[{""language"":""ko"",""text"":""로컬 격리 증거: 원문 PropertyShape에는 메시지가 없으며 sh:nodeKind 제약을 검증한다."",""source"":""local-evidence"",""predicate"":null}]",MOLIT 로컬 적용 가이드(upstream 원문 보충 설명): <http://purl.org/dc/terms/description> 값을 <http://www.w3.org/ns/shacl#Literal> node kind로 바꾼다. 원문 constraint 값은 변경하지 않는다.,GeoDCAT-AP 3.1.0,"[""https://semiceu.github.io/GeoDCAT-AP/releases/3.1.0#Dataset.description""]",GeoDCAT-AP 3.1.0의 sh:nodeKind 제약을 변경 없이 채택한다. named PropertyShape의 원문 direct quad를 그대로 채택했다. 추가한 sh:targetNode는 격리 시험용이며 규범 의미를 바꾸지 않는다.,https://semiceu.github.io/GeoDCAT-AP/releases/3.1.0#dcat:DatasetShape/6cae9880e515253132af1452a38a8a5827165149,UPSTREAM-POS-UPSTREAM-GEODCATAP-6D486A1E92EA476CBEAB,UPSTREAM-NEG-UPSTREAM-GEODCATAP-6D486A1E92EA476CBEAB
UPSTREAM-GEODCATAP-6DC36C80B38885B16776,"[""geo"",""network""]","[""http://spdx.org/rdf/terms#Checksum""]",http://spdx.org/rdf/terms#checksumValue,MUST,,,"[""http://www.w3.org/ns/shacl#Literal""]",[],Violation,"[{""language"":""ko"",""text"":""로컬 격리 증거: 원문 PropertyShape에는 메시지가 없으며 sh:nodeKind 제약을 검증한다."",""source"":""local-evidence"",""predicate"":null}]",MOLIT 로컬 적용 가이드(upstream 원문 보충 설명): <http://spdx.org/rdf/terms#checksumValue> 값을 <http://www.w3.org/ns/shacl#Literal> node kind로 바꾼다. 원문 constraint 값은 변경하지 않는다.,GeoDCAT-AP 3.1.0,"[""https://semiceu.github.io/GeoDCAT-AP/releases/3.1.0#Checksum.checksumvalue""]",GeoDCAT-AP 3.1.0의 sh:nodeKind 제약을 변경 없이 채택한다. named PropertyShape의 원문 direct quad를 그대로 채택했다. 추가한 sh:targetNode는 격리 시험용이며 규범 의미를 바꾸지 않는다.,https://semiceu.github.io/GeoDCAT-AP/releases/3.1.0#spdx:ChecksumShape/18334d9daf21fe247c499aab3d04ddd1d4f391b7,UPSTREAM-POS-UPSTREAM-GEODCATAP-6DC36C80B38885B16776,UPSTREAM-NEG-UPSTREAM-GEODCATAP-6DC36C80B38885B16776
UPSTREAM-GEODCATAP-6DCD5681A3AA229A8FEF,"[""geo"",""network""]","[""http://www.w3.org/2006/vcard/ns#Kind""]",http://www.w3.org/2006/vcard/ns#fn,MUST,,,"[""http://www.w3.org/ns/shacl#Literal""]",[],Violation,"[{""language"":""ko"",""text"":""로컬 격리 증거: 원문 PropertyShape에는 메시지가 없으며 sh:nodeKind 제약을 검증한다."",""source"":""local-evidence"",""predicate"":null}]",MOLIT 로컬 적용 가이드(upstream 원문 보충 설명): <http://www.w3.org/2006/vcard/ns#fn> 값을 <http://www.w3.org/ns/shacl#Literal> node kind로 바꾼다. 원문 constraint 값은 변경하지 않는다.,GeoDCAT-AP 3.1.0,"[""https://semiceu.github.io/GeoDCAT-AP/releases/3.1.0#Kind.name""]",GeoDCAT-AP 3.1.0의 sh:nodeKind 제약을 변경 없이 채택한다. named PropertyShape의 원문 direct quad를 그대로 채택했다. 추가한 sh:targetNode는 격리 시험용이며 규범 의미를 바꾸지 않는다.,https://semiceu.github.io/GeoDCAT-AP/releases/3.1.0#vcard:KindShape/9caf9e629daa0e64ece77788576468821d7cff8c,UPSTREAM-POS-UPSTREAM-GEODCATAP-6DCD5681A3AA229A8FEF,UPSTREAM-NEG-UPSTREAM-GEODCATAP-6DCD5681A3AA229A8FEF
UPSTREAM-GEODCATAP-6DE78E416A21D767D4A9,"[""geo"",""network""]","[""http://www.w3.org/ns/dcat#Catalog""]",http://www.w3.org/ns/dcat#catalog,MUST,,,"[""http://www.w3.org/ns/shacl#BlankNodeOrIRI""]",[],Violation,"[{""language"":""ko"",""text"":""로컬 격리 증거: 원문 PropertyShape에는 메시지가 없으며 sh:nodeKind 제약을 검증한다."",""source"":""local-evidence"",""predicate"":null}]",MOLIT 로컬 적용 가이드(upstream 원문 보충 설명): <http://www.w3.org/ns/dcat#catalog> 값을 <http://www.w3.org/ns/shacl#BlankNodeOrIRI> node kind로 바꾼다. 원문 constraint 값은 변경하지 않는다.,GeoDCAT-AP 3.1.0,"[""https://semiceu.github.io/GeoDCAT-AP/releases/3.1.0#Catalogue.catalogue""]",GeoDCAT-AP 3.1.0의 sh:nodeKind 제약을 변경 없이 채택한다. named PropertyShape의 원문 direct quad를 그대로 채택했다. 추가한 sh:targetNode는 격리 시험용이며 규범 의미를 바꾸지 않는다.,https://semiceu.github.io/GeoDCAT-AP/releases/3.1.0#dcat:CatalogShape/ba6ef1d6ab1be8f620759998659fb2e547832d82,UPSTREAM-POS-UPSTREAM-GEODCATAP-6DE78E416A21D767D4A9,UPSTREAM-NEG-UPSTREAM-GEODCATAP-6DE78E416A21D767D4A9
UPSTREAM-GEODCATAP-6F37214FB8880EE553DB,"[""geo"",""network""]","[""http://spdx.org/rdf/terms#Checksum""]",http://spdx.org/rdf/terms#algorithm,MUST,,1,[],[],Violation,"[{""language"":""ko"",""text"":""로컬 격리 증거: 원문 PropertyShape에는 메시지가 없으며 sh:maxCount 제약을 검증한다."",""source"":""local-evidence"",""predicate"":null}]",MOLIT 로컬 적용 가이드(upstream 원문 보충 설명): <http://spdx.org/rdf/terms#algorithm> 값을 1개 이하로 줄인다. 원문 constraint 값은 변경하지 않는다.,GeoDCAT-AP 3.1.0,"[""https://semiceu.github.io/GeoDCAT-AP/releases/3.1.0#Checksum.algorithm""]",GeoDCAT-AP 3.1.0의 sh:maxCount 제약을 변경 없이 채택한다. named PropertyShape의 원문 direct quad를 그대로 채택했다. 추가한 sh:targetNode는 격리 시험용이며 규범 의미를 바꾸지 않는다.,https://semiceu.github.io/GeoDCAT-AP/releases/3.1.0#spdx:ChecksumShape/9eeeae00a6e87149f282ea21e521ffb5231213ec,UPSTREAM-POS-UPSTREAM-GEODCATAP-6F37214FB8880EE553DB,UPSTREAM-NEG-UPSTREAM-GEODCATAP-6F37214FB8880EE553DB
UPSTREAM-GEODCATAP-6FA8F73FD86265B03976,"[""geo"",""network""]","[""http://www.w3.org/ns/dcat#DataService""]",http://data.europa.eu/930/distributor,MUST,,,"[""http://www.w3.org/ns/shacl#BlankNodeOrIRI""]",[],Violation,"[{""language"":""ko"",""text"":""로컬 격리 증거: 원문 PropertyShape에는 메시지가 없으며 sh:nodeKind 제약을 검증한다."",""source"":""local-evidence"",""predicate"":null}]",MOLIT 로컬 적용 가이드(upstream 원문 보충 설명): <http://data.europa.eu/930/distributor> 값을 <http://www.w3.org/ns/shacl#BlankNodeOrIRI> node kind로 바꾼다. 원문 constraint 값은 변경하지 않는다.,GeoDCAT-AP 3.1.0,"[""https://semiceu.github.io/GeoDCAT-AP/releases/3.1.0#DataService.distributor""]",GeoDCAT-AP 3.1.0의 sh:nodeKind 제약을 변경 없이 채택한다. named PropertyShape의 원문 direct quad를 그대로 채택했다. 추가한 sh:targetNode는 격리 시험용이며 규범 의미를 바꾸지 않는다.,https://semiceu.github.io/GeoDCAT-AP/releases/3.1.0#dcat:DataServiceShape/e7571d7eeaa445d492569780abae4aa92ed790b3,UPSTREAM-POS-UPSTREAM-GEODCATAP-6FA8F73FD86265B03976,UPSTREAM-NEG-UPSTREAM-GEODCATAP-6FA8F73FD86265B03976
UPSTREAM-GEODCATAP-6FFF942A0ECE019FB89C,"[""geo"",""network""]","[""http://www.w3.org/ns/prov#Entity""]",http://purl.org/dc/terms/description,MUST,,,"[""http://www.w3.org/ns/shacl#Literal""]",[],Violation,"[{""language"":""ko"",""text"":""로컬 격리 증거: 원문 PropertyShape에는 메시지가 없으며 sh:nodeKind 제약을 검증한다."",""source"":""local-evidence"",""predicate"":null}]",MOLIT 로컬 적용 가이드(upstream 원문 보충 설명): <http://purl.org/dc/terms/description> 값을 <http://www.w3.org/ns/shacl#Literal> node kind로 바꾼다. 원문 constraint 값은 변경하지 않는다.,GeoDCAT-AP 3.1.0,"[""https://semiceu.github.io/GeoDCAT-AP/releases/3.1.0#Entity.description""]",GeoDCAT-AP 3.1.0의 sh:nodeKind 제약을 변경 없이 채택한다. named PropertyShape의 원문 direct quad를 그대로 채택했다. 추가한 sh:targetNode는 격리 시험용이며 규범 의미를 바꾸지 않는다.,https://semiceu.github.io/GeoDCAT-AP/releases/3.1.0#prov:EntityShape/6cae9880e515253132af1452a38a8a5827165149,UPSTREAM-POS-UPSTREAM-GEODCATAP-6FFF942A0ECE019FB89C,UPSTREAM-NEG-UPSTREAM-GEODCATAP-6FFF942A0ECE019FB89C
UPSTREAM-GEODCATAP-70F16A4718CB03982747,"[""geo"",""network""]","[""http://www.w3.org/ns/dcat#Dataset""]",http://data.europa.eu/930/resourceType,MUST,,,"[""http://www.w3.org/ns/shacl#BlankNodeOrIRI""]",[],Violation,"[{""language"":""ko"",""text"":""로컬 격리 증거: 원문 PropertyShape에는 메시지가 없으며 sh:nodeKind 제약을 검증한다."",""source"":""local-evidence"",""predicate"":null}]",MOLIT 로컬 적용 가이드(upstream 원문 보충 설명): <http://data.europa.eu/930/resourceType> 값을 <http://www.w3.org/ns/shacl#BlankNodeOrIRI> node kind로 바꾼다. 원문 constraint 값은 변경하지 않는다.,GeoDCAT-AP 3.1.0,"[""https://semiceu.github.io/GeoDCAT-AP/releases/3.1.0#Dataset.resourcetype""]",GeoDCAT-AP 3.1.0의 sh:nodeKind 제약을 변경 없이 채택한다. named PropertyShape의 원문 direct quad를 그대로 채택했다. 추가한 sh:targetNode는 격리 시험용이며 규범 의미를 바꾸지 않는다.,https://semiceu.github.io/GeoDCAT-AP/releases/3.1.0#dcat:DatasetShape/fc3438bd29ddee75508841ad26a8dfbe0a68c2d7,UPSTREAM-POS-UPSTREAM-GEODCATAP-70F16A4718CB03982747,UPSTREAM-NEG-UPSTREAM-GEODCATAP-70F16A4718CB03982747
UPSTREAM-GEODCATAP-71313BAC1E2873EDACCC,"[""geo"",""network""]","[""http://www.w3.org/ns/dcat#Dataset""]",http://www.w3.org/ns/dcat#qualifiedRelation,MUST,,,"[""http://www.w3.org/ns/shacl#BlankNodeOrIRI""]",[],Violation,"[{""language"":""ko"",""text"":""로컬 격리 증거: 원문 PropertyShape에는 메시지가 없으며 sh:nodeKind 제약을 검증한다."",""source"":""local-evidence"",""predicate"":null}]",MOLIT 로컬 적용 가이드(upstream 원문 보충 설명): <http://www.w3.org/ns/dcat#qualifiedRelation> 값을 <http://www.w3.org/ns/shacl#BlankNodeOrIRI> node kind로 바꾼다. 원문 constraint 값은 변경하지 않는다.,GeoDCAT-AP 3.1.0,"[""https://semiceu.github.io/GeoDCAT-AP/releases/3.1.0#Dataset.qualifiedrelation""]",GeoDCAT-AP 3.1.0의 sh:nodeKind 제약을 변경 없이 채택한다. named PropertyShape의 원문 direct quad를 그대로 채택했다. 추가한 sh:targetNode는 격리 시험용이며 규범 의미를 바꾸지 않는다.,https://semiceu.github.io/GeoDCAT-AP/releases/3.1.0#dcat:DatasetShape/41f263bb74ca0c94c6c7a50c981cace98f35802d,UPSTREAM-POS-UPSTREAM-GEODCATAP-71313BAC1E2873EDACCC,UPSTREAM-NEG-UPSTREAM-GEODCATAP-71313BAC1E2873EDACCC
UPSTREAM-GEODCATAP-713A9848294063AEFD76,"[""geo"",""network""]","[""http://www.w3.org/ns/dcat#DataService""]",http://www.w3.org/ns/dqv#hasQualityMeasurement,MUST,,,"[""http://www.w3.org/ns/shacl#BlankNodeOrIRI""]",[],Violation,"[{""language"":""ko"",""text"":""로컬 격리 증거: 원문 PropertyShape에는 메시지가 없으며 sh:nodeKind 제약을 검증한다."",""source"":""local-evidence"",""predicate"":null}]",MOLIT 로컬 적용 가이드(upstream 원문 보충 설명): <http://www.w3.org/ns/dqv#hasQualityMeasurement> 값을 <http://www.w3.org/ns/shacl#BlankNodeOrIRI> node kind로 바꾼다. 원문 constraint 값은 변경하지 않는다.,GeoDCAT-AP 3.1.0,"[""https://semiceu.github.io/GeoDCAT-AP/releases/3.1.0#DataService.spatialresolution""]",GeoDCAT-AP 3.1.0의 sh:nodeKind 제약을 변경 없이 채택한다. named PropertyShape의 원문 direct quad를 그대로 채택했다. 추가한 sh:targetNode는 격리 시험용이며 규범 의미를 바꾸지 않는다.,https://semiceu.github.io/GeoDCAT-AP/releases/3.1.0#dcat:DataServiceShape/46a60c7d3d828d3006937a12f82c1958b94e6f76,UPSTREAM-POS-UPSTREAM-GEODCATAP-713A9848294063AEFD76,UPSTREAM-NEG-UPSTREAM-GEODCATAP-713A9848294063AEFD76
UPSTREAM-GEODCATAP-72573D3B65BFD566FD6F,"[""geo"",""network""]","[""http://www.w3.org/ns/dcat#Catalog""]",http://www.w3.org/ns/dcat#dataset,MUST,,,"[""http://www.w3.org/ns/shacl#BlankNodeOrIRI""]",[],Violation,"[{""language"":""ko"",""text"":""로컬 격리 증거: 원문 PropertyShape에는 메시지가 없으며 sh:nodeKind 제약을 검증한다."",""source"":""local-evidence"",""predicate"":null}]",MOLIT 로컬 적용 가이드(upstream 원문 보충 설명): <http://www.w3.org/ns/dcat#dataset> 값을 <http://www.w3.org/ns/shacl#BlankNodeOrIRI> node kind로 바꾼다. 원문 constraint 값은 변경하지 않는다.,GeoDCAT-AP 3.1.0,"[""https://semiceu.github.io/GeoDCAT-AP/releases/3.1.0#Catalogue.dataset""]",GeoDCAT-AP 3.1.0의 sh:nodeKind 제약을 변경 없이 채택한다. named PropertyShape의 원문 direct quad를 그대로 채택했다. 추가한 sh:targetNode는 격리 시험용이며 규범 의미를 바꾸지 않는다.,https://semiceu.github.io/GeoDCAT-AP/releases/3.1.0#dcat:CatalogShape/01d5c746936ff78bb5eb353a1b0e49303cb2fd31,UPSTREAM-POS-UPSTREAM-GEODCATAP-72573D3B65BFD566FD6F,UPSTREAM-NEG-UPSTREAM-GEODCATAP-72573D3B65BFD566FD6F
UPSTREAM-GEODCATAP-72BD1C2CFDCC1E6E8609,"[""geo"",""network""]","[""http://www.w3.org/ns/dcat#Dataset""]",http://www.w3.org/ns/prov#qualifiedAttribution,MUST,,,"[""http://www.w3.org/ns/prov#Attribution""]",[],Violation,"[{""language"":""ko"",""text"":""로컬 격리 증거: 원문 PropertyShape에는 메시지가 없으며 sh:class 제약을 검증한다."",""source"":""local-evidence"",""predicate"":null}]",MOLIT 로컬 적용 가이드(upstream 원문 보충 설명): <http://www.w3.org/ns/prov#qualifiedAttribution>의 모든 값에 rdf:type <http://www.w3.org/ns/prov#Attribution>를 명시한다. 원문 constraint 값은 변경하지 않는다.,GeoDCAT-AP 3.1.0,"[""https://semiceu.github.io/GeoDCAT-AP/releases/3.1.0#Dataset.qualifiedattribution""]",GeoDCAT-AP 3.1.0의 sh:class 제약을 변경 없이 채택한다. named PropertyShape의 원문 direct quad를 그대로 채택했다. 추가한 sh:targetNode는 격리 시험용이며 규범 의미를 바꾸지 않는다.,https://semiceu.github.io/GeoDCAT-AP/releases/3.1.0#dcat:DatasetShape/837b9dc79bed1a4d15f6f9094b596dd177944ab6,UPSTREAM-POS-UPSTREAM-GEODCATAP-72BD1C2CFDCC1E6E8609,UPSTREAM-NEG-UPSTREAM-GEODCATAP-72BD1C2CFDCC1E6E8609
UPSTREAM-GEODCATAP-72FC5F22F9633FD219DA,"[""geo"",""network""]","[""http://www.w3.org/ns/dcat#Catalog""]",http://purl.org/dc/terms/issued,MUST,,,"[""http://www.w3.org/ns/shacl#Literal""]",[],Violation,"[{""language"":""ko"",""text"":""로컬 격리 증거: 원문 PropertyShape에는 메시지가 없으며 sh:nodeKind 제약을 검증한다."",""source"":""local-evidence"",""predicate"":null}]",MOLIT 로컬 적용 가이드(upstream 원문 보충 설명): <http://purl.org/dc/terms/issued> 값을 <http://www.w3.org/ns/shacl#Literal> node kind로 바꾼다. 원문 constraint 값은 변경하지 않는다.,GeoDCAT-AP 3.1.0,"[""https://semiceu.github.io/GeoDCAT-AP/releases/3.1.0#Catalogue.releasedate""]",GeoDCAT-AP 3.1.0의 sh:nodeKind 제약을 변경 없이 채택한다. named PropertyShape의 원문 direct quad를 그대로 채택했다. 추가한 sh:targetNode는 격리 시험용이며 규범 의미를 바꾸지 않는다.,https://semiceu.github.io/GeoDCAT-AP/releases/3.1.0#dcat:CatalogShape/4be37093e4c3ba0d5b5a18ef6b97778d6d689392,UPSTREAM-POS-UPSTREAM-GEODCATAP-72FC5F22F9633FD219DA,UPSTREAM-NEG-UPSTREAM-GEODCATAP-72FC5F22F9633FD219DA
UPSTREAM-GEODCATAP-73CF2CBD429A05DAE65B,"[""geo"",""network""]","[""http://www.w3.org/ns/dcat#DataService""]",http://purl.org/dc/terms/license,MUST,,,"[""http://www.w3.org/ns/shacl#BlankNodeOrIRI""]",[],Violation,"[{""language"":""ko"",""text"":""로컬 격리 증거: 원문 PropertyShape에는 메시지가 없으며 sh:nodeKind 제약을 검증한다."",""source"":""local-evidence"",""predicate"":null}]",MOLIT 로컬 적용 가이드(upstream 원문 보충 설명): <http://purl.org/dc/terms/license> 값을 <http://www.w3.org/ns/shacl#BlankNodeOrIRI> node kind로 바꾼다. 원문 constraint 값은 변경하지 않는다.,GeoDCAT-AP 3.1.0,"[""https://semiceu.github.io/GeoDCAT-AP/releases/3.1.0#DataService.licence""]",GeoDCAT-AP 3.1.0의 sh:nodeKind 제약을 변경 없이 채택한다. named PropertyShape의 원문 direct quad를 그대로 채택했다. 추가한 sh:targetNode는 격리 시험용이며 규범 의미를 바꾸지 않는다.,https://semiceu.github.io/GeoDCAT-AP/releases/3.1.0#dcat:DataServiceShape/f30149ffb6ec9d00dd5866b052105729fa27d02a,UPSTREAM-POS-UPSTREAM-GEODCATAP-73CF2CBD429A05DAE65B,UPSTREAM-NEG-UPSTREAM-GEODCATAP-73CF2CBD429A05DAE65B
UPSTREAM-GEODCATAP-747B51ACC996C31F100F,"[""geo"",""network""]","[""http://www.w3.org/2006/vcard/ns#Kind""]",http://www.w3.org/2006/vcard/ns#hasEmail,MUST,,,"[""http://www.w3.org/ns/shacl#BlankNodeOrIRI""]",[],Violation,"[{""language"":""ko"",""text"":""로컬 격리 증거: 원문 PropertyShape에는 메시지가 없으며 sh:nodeKind 제약을 검증한다."",""source"":""local-evidence"",""predicate"":null}]",MOLIT 로컬 적용 가이드(upstream 원문 보충 설명): <http://www.w3.org/2006/vcard/ns#hasEmail> 값을 <http://www.w3.org/ns/shacl#BlankNodeOrIRI> node kind로 바꾼다. 원문 constraint 값은 변경하지 않는다.,GeoDCAT-AP 3.1.0,"[""https://semiceu.github.io/GeoDCAT-AP/releases/3.1.0#Kind.email""]",GeoDCAT-AP 3.1.0의 sh:nodeKind 제약을 변경 없이 채택한다. named PropertyShape의 원문 direct quad를 그대로 채택했다. 추가한 sh:targetNode는 격리 시험용이며 규범 의미를 바꾸지 않는다.,https://semiceu.github.io/GeoDCAT-AP/releases/3.1.0#vcard:KindShape/9b6ccc41bb0ced6f6b8f28a86e120bd9d73b32fb,UPSTREAM-POS-UPSTREAM-GEODCATAP-747B51ACC996C31F100F,UPSTREAM-NEG-UPSTREAM-GEODCATAP-747B51ACC996C31F100F
UPSTREAM-GEODCATAP-7529A924E493ACE930EC,"[""geo"",""network""]","[""http://www.w3.org/ns/dcat#DataService""]",http://data.europa.eu/930/resourceType,MUST,,,"[""http://www.w3.org/ns/shacl#BlankNodeOrIRI""]",[],Violation,"[{""language"":""ko"",""text"":""로컬 격리 증거: 원문 PropertyShape에는 메시지가 없으며 sh:nodeKind 제약을 검증한다."",""source"":""local-evidence"",""predicate"":null}]",MOLIT 로컬 적용 가이드(upstream 원문 보충 설명): <http://data.europa.eu/930/resourceType> 값을 <http://www.w3.org/ns/shacl#BlankNodeOrIRI> node kind로 바꾼다. 원문 constraint 값은 변경하지 않는다.,GeoDCAT-AP 3.1.0,"[""https://semiceu.github.io/GeoDCAT-AP/releases/3.1.0#DataService.type""]",GeoDCAT-AP 3.1.0의 sh:nodeKind 제약을 변경 없이 채택한다. named PropertyShape의 원문 direct quad를 그대로 채택했다. 추가한 sh:targetNode는 격리 시험용이며 규범 의미를 바꾸지 않는다.,https://semiceu.github.io/GeoDCAT-AP/releases/3.1.0#dcat:DataServiceShape/4f381639bb6e021939f65b4f41409d1edaeade9b,UPSTREAM-POS-UPSTREAM-GEODCATAP-7529A924E493ACE930EC,UPSTREAM-NEG-UPSTREAM-GEODCATAP-7529A924E493ACE930EC
UPSTREAM-GEODCATAP-75325A68D5507C4E1859,"[""geo"",""network""]","[""http://www.w3.org/ns/dcat#Distribution""]",http://www.w3.org/ns/dcat#packageFormat,MUST,,,"[""http://www.w3.org/ns/shacl#BlankNodeOrIRI""]",[],Violation,"[{""language"":""ko"",""text"":""로컬 격리 증거: 원문 PropertyShape에는 메시지가 없으며 sh:nodeKind 제약을 검증한다."",""source"":""local-evidence"",""predicate"":null}]",MOLIT 로컬 적용 가이드(upstream 원문 보충 설명): <http://www.w3.org/ns/dcat#packageFormat> 값을 <http://www.w3.org/ns/shacl#BlankNodeOrIRI> node kind로 바꾼다. 원문 constraint 값은 변경하지 않는다.,GeoDCAT-AP 3.1.0,"[""https://semiceu.github.io/GeoDCAT-AP/releases/3.1.0#Distribution.packagingformat""]",GeoDCAT-AP 3.1.0의 sh:nodeKind 제약을 변경 없이 채택한다. named PropertyShape의 원문 direct quad를 그대로 채택했다. 추가한 sh:targetNode는 격리 시험용이며 규범 의미를 바꾸지 않는다.,https://semiceu.github.io/GeoDCAT-AP/releases/3.1.0#dcat:DistributionShape/cde78c9a823f798f6a3de93270dde9283cc6e872,UPSTREAM-POS-UPSTREAM-GEODCATAP-75325A68D5507C4E1859,UPSTREAM-NEG-UPSTREAM-GEODCATAP-75325A68D5507C4E1859
UPSTREAM-GEODCATAP-75817B5C57D91A9CE14F,"[""geo"",""network""]","[""http://www.w3.org/ns/dcat#DataService""]",http://www.w3.org/ns/prov#wasUsedBy,MUST,,,"[""http://www.w3.org/ns/shacl#BlankNodeOrIRI""]",[],Violation,"[{""language"":""ko"",""text"":""로컬 격리 증거: 원문 PropertyShape에는 메시지가 없으며 sh:nodeKind 제약을 검증한다."",""source"":""local-evidence"",""predicate"":null}]",MOLIT 로컬 적용 가이드(upstream 원문 보충 설명): <http://www.w3.org/ns/prov#wasUsedBy> 값을 <http://www.w3.org/ns/shacl#BlankNodeOrIRI> node kind로 바꾼다. 원문 constraint 값은 변경하지 않는다.,GeoDCAT-AP 3.1.0,"[""https://semiceu.github.io/GeoDCAT-AP/releases/3.1.0#DataService.wasusedby""]",GeoDCAT-AP 3.1.0의 sh:nodeKind 제약을 변경 없이 채택한다. named PropertyShape의 원문 direct quad를 그대로 채택했다. 추가한 sh:targetNode는 격리 시험용이며 규범 의미를 바꾸지 않는다.,https://semiceu.github.io/GeoDCAT-AP/releases/3.1.0#dcat:DataServiceShape/b0ccd926f364c1ae79f5ea36fa0146188fcec226,UPSTREAM-POS-UPSTREAM-GEODCATAP-75817B5C57D91A9CE14F,UPSTREAM-NEG-UPSTREAM-GEODCATAP-75817B5C57D91A9CE14F
UPSTREAM-GEODCATAP-75DDB2675CF99531EA85,"[""geo"",""network""]","[""http://www.w3.org/ns/dcat#Dataset""]",http://purl.org/dc/terms/provenance,MUST,,,"[""http://www.w3.org/ns/shacl#BlankNodeOrIRI""]",[],Violation,"[{""language"":""ko"",""text"":""로컬 격리 증거: 원문 PropertyShape에는 메시지가 없으며 sh:nodeKind 제약을 검증한다."",""source"":""local-evidence"",""predicate"":null}]",MOLIT 로컬 적용 가이드(upstream 원문 보충 설명): <http://purl.org/dc/terms/provenance> 값을 <http://www.w3.org/ns/shacl#BlankNodeOrIRI> node kind로 바꾼다. 원문 constraint 값은 변경하지 않는다.,GeoDCAT-AP 3.1.0,"[""https://semiceu.github.io/GeoDCAT-AP/releases/3.1.0#Dataset.provenance""]",GeoDCAT-AP 3.1.0의 sh:nodeKind 제약을 변경 없이 채택한다. named PropertyShape의 원문 direct quad를 그대로 채택했다. 추가한 sh:targetNode는 격리 시험용이며 규범 의미를 바꾸지 않는다.,https://semiceu.github.io/GeoDCAT-AP/releases/3.1.0#dcat:DatasetShape/5d09c2893875cc2183ee55dea57e9c61c07d8006,UPSTREAM-POS-UPSTREAM-GEODCATAP-75DDB2675CF99531EA85,UPSTREAM-NEG-UPSTREAM-GEODCATAP-75DDB2675CF99531EA85
UPSTREAM-GEODCATAP-75FD310F5ACDB306FA00,"[""geo"",""network""]","[""http://www.w3.org/ns/dcat#Catalog""]",http://purl.org/dc/terms/spatial,MUST,,,"[""http://www.w3.org/ns/shacl#BlankNodeOrIRI""]",[],Violation,"[{""language"":""ko"",""text"":""로컬 격리 증거: 원문 PropertyShape에는 메시지가 없으며 sh:nodeKind 제약을 검증한다."",""source"":""local-evidence"",""predicate"":null}]",MOLIT 로컬 적용 가이드(upstream 원문 보충 설명): <http://purl.org/dc/terms/spatial> 값을 <http://www.w3.org/ns/shacl#BlankNodeOrIRI> node kind로 바꾼다. 원문 constraint 값은 변경하지 않는다.,GeoDCAT-AP 3.1.0,"[""https://semiceu.github.io/GeoDCAT-AP/releases/3.1.0#Catalogue.geographicalcoverage""]",GeoDCAT-AP 3.1.0의 sh:nodeKind 제약을 변경 없이 채택한다. named PropertyShape의 원문 direct quad를 그대로 채택했다. 추가한 sh:targetNode는 격리 시험용이며 규범 의미를 바꾸지 않는다.,https://semiceu.github.io/GeoDCAT-AP/releases/3.1.0#dcat:CatalogShape/95015004529c652bcb276060d84ed7423c4a9b08,UPSTREAM-POS-UPSTREAM-GEODCATAP-75FD310F5ACDB306FA00,UPSTREAM-NEG-UPSTREAM-GEODCATAP-75FD310F5ACDB306FA00
UPSTREAM-GEODCATAP-7609BA6F99335022096E,"[""geo"",""network""]","[""http://www.w3.org/ns/dcat#Catalog""]",http://data.europa.eu/930/processor,MUST,,,"[""http://xmlns.com/foaf/0.1/Agent""]",[],Violation,"[{""language"":""ko"",""text"":""로컬 격리 증거: 원문 PropertyShape에는 메시지가 없으며 sh:class 제약을 검증한다."",""source"":""local-evidence"",""predicate"":null}]",MOLIT 로컬 적용 가이드(upstream 원문 보충 설명): <http://data.europa.eu/930/processor>의 모든 값에 rdf:type <http://xmlns.com/foaf/0.1/Agent>를 명시한다. 원문 constraint 값은 변경하지 않는다.,GeoDCAT-AP 3.1.0,"[""https://semiceu.github.io/GeoDCAT-AP/releases/3.1.0#Catalogue.processor""]",GeoDCAT-AP 3.1.0의 sh:class 제약을 변경 없이 채택한다. named PropertyShape의 원문 direct quad를 그대로 채택했다. 추가한 sh:targetNode는 격리 시험용이며 규범 의미를 바꾸지 않는다.,https://semiceu.github.io/GeoDCAT-AP/releases/3.1.0#dcat:CatalogShape/2772ea71869e38556ebc47c064607a25b9d5b6eb,UPSTREAM-POS-UPSTREAM-GEODCATAP-7609BA6F99335022096E,UPSTREAM-NEG-UPSTREAM-GEODCATAP-7609BA6F99335022096E
UPSTREAM-GEODCATAP-7696F1E7560B419AEE20,"[""geo"",""network""]","[""http://www.w3.org/ns/dcat#Dataset""]",http://data.europa.eu/930/purpose,MUST,,1,[],[],Violation,"[{""language"":""ko"",""text"":""로컬 격리 증거: 원문 PropertyShape에는 메시지가 없으며 sh:maxCount 제약을 검증한다."",""source"":""local-evidence"",""predicate"":null}]",MOLIT 로컬 적용 가이드(upstream 원문 보충 설명): <http://data.europa.eu/930/purpose> 값을 1개 이하로 줄인다. 원문 constraint 값은 변경하지 않는다.,GeoDCAT-AP 3.1.0,"[""https://semiceu.github.io/GeoDCAT-AP/releases/3.1.0#Dataset.purpose""]",GeoDCAT-AP 3.1.0의 sh:maxCount 제약을 변경 없이 채택한다. named PropertyShape의 원문 direct quad를 그대로 채택했다. 추가한 sh:targetNode는 격리 시험용이며 규범 의미를 바꾸지 않는다.,https://semiceu.github.io/GeoDCAT-AP/releases/3.1.0#dcat:DatasetShape/30c2de1b85595fb7b8ff738893031cf824165ba1,UPSTREAM-POS-UPSTREAM-GEODCATAP-7696F1E7560B419AEE20,UPSTREAM-NEG-UPSTREAM-GEODCATAP-7696F1E7560B419AEE20
UPSTREAM-GEODCATAP-7716241549F969A96BAA,"[""geo"",""network""]","[""http://www.w3.org/ns/dcat#CatalogRecord""]",http://xmlns.com/foaf/0.1/primaryTopic,MUST,,,"[""http://www.w3.org/ns/dcat#Resource""]",[],Violation,"[{""language"":""ko"",""text"":""로컬 격리 증거: 원문 PropertyShape에는 메시지가 없으며 sh:class 제약을 검증한다."",""source"":""local-evidence"",""predicate"":null}]",MOLIT 로컬 적용 가이드(upstream 원문 보충 설명): <http://xmlns.com/foaf/0.1/primaryTopic>의 모든 값에 rdf:type <http://www.w3.org/ns/dcat#Resource>를 명시한다. 원문 constraint 값은 변경하지 않는다.,GeoDCAT-AP 3.1.0,"[""https://semiceu.github.io/GeoDCAT-AP/releases/3.1.0#CatalogueRecord.primarytopic""]",GeoDCAT-AP 3.1.0의 sh:class 제약을 변경 없이 채택한다. named PropertyShape의 원문 direct quad를 그대로 채택했다. 추가한 sh:targetNode는 격리 시험용이며 규범 의미를 바꾸지 않는다.,https://semiceu.github.io/GeoDCAT-AP/releases/3.1.0#dcat:CatalogRecordShape/c65d45ed7195ead5f643ec8c8afd29c6dd9662bf,UPSTREAM-POS-UPSTREAM-GEODCATAP-7716241549F969A96BAA,UPSTREAM-NEG-UPSTREAM-GEODCATAP-7716241549F969A96BAA
UPSTREAM-GEODCATAP-779B32E632EC7B258BBC,"[""geo"",""network""]","[""http://www.w3.org/ns/dcat#Distribution""]",http://www.w3.org/ns/dcat#packageFormat,MUST,,1,[],[],Violation,"[{""language"":""ko"",""text"":""로컬 격리 증거: 원문 PropertyShape에는 메시지가 없으며 sh:maxCount 제약을 검증한다."",""source"":""local-evidence"",""predicate"":null}]",MOLIT 로컬 적용 가이드(upstream 원문 보충 설명): <http://www.w3.org/ns/dcat#packageFormat> 값을 1개 이하로 줄인다. 원문 constraint 값은 변경하지 않는다.,GeoDCAT-AP 3.1.0,"[""https://semiceu.github.io/GeoDCAT-AP/releases/3.1.0#Distribution.packagingformat""]",GeoDCAT-AP 3.1.0의 sh:maxCount 제약을 변경 없이 채택한다. named PropertyShape의 원문 direct quad를 그대로 채택했다. 추가한 sh:targetNode는 격리 시험용이며 규범 의미를 바꾸지 않는다.,https://semiceu.github.io/GeoDCAT-AP/releases/3.1.0#dcat:DistributionShape/bbf361efc13fcb633496674f93db9d3cfb08732a,UPSTREAM-POS-UPSTREAM-GEODCATAP-779B32E632EC7B258BBC,UPSTREAM-NEG-UPSTREAM-GEODCATAP-779B32E632EC7B258BBC
UPSTREAM-GEODCATAP-7843E24553DA29AA7220,"[""geo"",""network""]","[""http://xmlns.com/foaf/0.1/Agent""]",http://purl.org/dc/terms/type,MUST,,1,[],[],Violation,"[{""language"":""ko"",""text"":""로컬 격리 증거: 원문 PropertyShape에는 메시지가 없으며 sh:maxCount 제약을 검증한다."",""source"":""local-evidence"",""predicate"":null}]",MOLIT 로컬 적용 가이드(upstream 원문 보충 설명): <http://purl.org/dc/terms/type> 값을 1개 이하로 줄인다. 원문 constraint 값은 변경하지 않는다.,GeoDCAT-AP 3.1.0,"[""https://semiceu.github.io/GeoDCAT-AP/releases/3.1.0#Agent.type""]",GeoDCAT-AP 3.1.0의 sh:maxCount 제약을 변경 없이 채택한다. named PropertyShape의 원문 direct quad를 그대로 채택했다. 추가한 sh:targetNode는 격리 시험용이며 규범 의미를 바꾸지 않는다.,https://semiceu.github.io/GeoDCAT-AP/releases/3.1.0#foaf:AgentShape/236f0210baaf149903750c43bbe7012c21debb2a,UPSTREAM-POS-UPSTREAM-GEODCATAP-7843E24553DA29AA7220,UPSTREAM-NEG-UPSTREAM-GEODCATAP-7843E24553DA29AA7220
UPSTREAM-GEODCATAP-785C0A045D3DF0322F9D,"[""geo"",""network""]","[""http://www.w3.org/ns/dcat#Relationship""]",http://www.w3.org/ns/dcat#hadRole,MUST,1,,[],[],Violation,"[{""language"":""ko"",""text"":""로컬 격리 증거: 원문 PropertyShape에는 메시지가 없으며 sh:minCount 제약을 검증한다."",""source"":""local-evidence"",""predicate"":null}]",MOLIT 로컬 적용 가이드(upstream 원문 보충 설명): <http://www.w3.org/ns/dcat#hadRole> 값을 1개 이상 제공한다. 원문 constraint 값은 변경하지 않는다.,GeoDCAT-AP 3.1.0,"[""https://semiceu.github.io/GeoDCAT-AP/releases/3.1.0#Relationship.hadrole""]",GeoDCAT-AP 3.1.0의 sh:minCount 제약을 변경 없이 채택한다. named PropertyShape의 원문 direct quad를 그대로 채택했다. 추가한 sh:targetNode는 격리 시험용이며 규범 의미를 바꾸지 않는다.,https://semiceu.github.io/GeoDCAT-AP/releases/3.1.0#dcat:RelationshipShape/d171b3a7f68dcad152dc11b8200997a366513e00,UPSTREAM-POS-UPSTREAM-GEODCATAP-785C0A045D3DF0322F9D,UPSTREAM-NEG-UPSTREAM-GEODCATAP-785C0A045D3DF0322F9D
UPSTREAM-GEODCATAP-7A74B75699791BE53DD2,"[""geo"",""network""]","[""http://www.w3.org/2004/02/skos/core#Concept""]",http://www.w3.org/2004/02/skos/core#inScheme,MUST,,,"[""http://www.w3.org/2004/02/skos/core#ConceptScheme""]",[],Violation,"[{""language"":""ko"",""text"":""로컬 격리 증거: 원문 PropertyShape에는 메시지가 없으며 sh:class 제약을 검증한다."",""source"":""local-evidence"",""predicate"":null}]",MOLIT 로컬 적용 가이드(upstream 원문 보충 설명): <http://www.w3.org/2004/02/skos/core#inScheme>의 모든 값에 rdf:type <http://www.w3.org/2004/02/skos/core#ConceptScheme>를 명시한다. 원문 constraint 값은 변경하지 않는다.,GeoDCAT-AP 3.1.0,"[""https://semiceu.github.io/GeoDCAT-AP/releases/3.1.0#Concept.categoryscheme""]",GeoDCAT-AP 3.1.0의 sh:class 제약을 변경 없이 채택한다. named PropertyShape의 원문 direct quad를 그대로 채택했다. 추가한 sh:targetNode는 격리 시험용이며 규범 의미를 바꾸지 않는다.,https://semiceu.github.io/GeoDCAT-AP/releases/3.1.0#skos:ConceptShape/a4221c659c9dc0449e9c246b1f757689939554b4,UPSTREAM-POS-UPSTREAM-GEODCATAP-7A74B75699791BE53DD2,UPSTREAM-NEG-UPSTREAM-GEODCATAP-7A74B75699791BE53DD2
UPSTREAM-GEODCATAP-7AF415DDDDA8050E139B,"[""geo"",""network""]","[""http://purl.org/dc/terms/ProvenanceStatement""]",http://purl.org/dc/terms/description,MUST,,,"[""http://www.w3.org/ns/shacl#Literal""]",[],Violation,"[{""language"":""ko"",""text"":""로컬 격리 증거: 원문 PropertyShape에는 메시지가 없으며 sh:nodeKind 제약을 검증한다."",""source"":""local-evidence"",""predicate"":null}]",MOLIT 로컬 적용 가이드(upstream 원문 보충 설명): <http://purl.org/dc/terms/description> 값을 <http://www.w3.org/ns/shacl#Literal> node kind로 바꾼다. 원문 constraint 값은 변경하지 않는다.,GeoDCAT-AP 3.1.0,"[""https://semiceu.github.io/GeoDCAT-AP/releases/3.1.0#ProvenanceStatement.provenancestatementtext""]",GeoDCAT-AP 3.1.0의 sh:nodeKind 제약을 변경 없이 채택한다. named PropertyShape의 원문 direct quad를 그대로 채택했다. 추가한 sh:targetNode는 격리 시험용이며 규범 의미를 바꾸지 않는다.,https://semiceu.github.io/GeoDCAT-AP/releases/3.1.0#dct:ProvenanceStatementShape/bc27744673ed61ca6c408817195bc96522c815c5,UPSTREAM-POS-UPSTREAM-GEODCATAP-7AF415DDDDA8050E139B,UPSTREAM-NEG-UPSTREAM-GEODCATAP-7AF415DDDDA8050E139B
UPSTREAM-GEODCATAP-7BD2F8EE889547676BD9,"[""geo"",""network""]","[""http://www.w3.org/ns/prov#Activity""]",http://www.w3.org/ns/prov#generated,MUST,,,"[""http://www.w3.org/ns/shacl#BlankNodeOrIRI""]",[],Violation,"[{""language"":""ko"",""text"":""로컬 격리 증거: 원문 PropertyShape에는 메시지가 없으며 sh:nodeKind 제약을 검증한다."",""source"":""local-evidence"",""predicate"":null}]",MOLIT 로컬 적용 가이드(upstream 원문 보충 설명): <http://www.w3.org/ns/prov#generated> 값을 <http://www.w3.org/ns/shacl#BlankNodeOrIRI> node kind로 바꾼다. 원문 constraint 값은 변경하지 않는다.,GeoDCAT-AP 3.1.0,"[""https://semiceu.github.io/GeoDCAT-AP/releases/3.1.0#Activity.generated""]",GeoDCAT-AP 3.1.0의 sh:nodeKind 제약을 변경 없이 채택한다. named PropertyShape의 원문 direct quad를 그대로 채택했다. 추가한 sh:targetNode는 격리 시험용이며 규범 의미를 바꾸지 않는다.,https://semiceu.github.io/GeoDCAT-AP/releases/3.1.0#prov:ActivityShape/04f0a5c1e0e0ec6a332465b4132e194cd02c0a74,UPSTREAM-POS-UPSTREAM-GEODCATAP-7BD2F8EE889547676BD9,UPSTREAM-NEG-UPSTREAM-GEODCATAP-7BD2F8EE889547676BD9
UPSTREAM-GEODCATAP-7C0A66EBE6329BC92F5E,"[""geo"",""network""]","[""http://www.w3.org/ns/dcat#Distribution""]",http://purl.org/dc/terms/accessRights,MUST,,1,[],[],Violation,"[{""language"":""ko"",""text"":""로컬 격리 증거: 원문 PropertyShape에는 메시지가 없으며 sh:maxCount 제약을 검증한다."",""source"":""local-evidence"",""predicate"":null}]",MOLIT 로컬 적용 가이드(upstream 원문 보충 설명): <http://purl.org/dc/terms/accessRights> 값을 1개 이하로 줄인다. 원문 constraint 값은 변경하지 않는다.,GeoDCAT-AP 3.1.0,"[""https://semiceu.github.io/GeoDCAT-AP/releases/3.1.0#Distribution.accessrights""]",GeoDCAT-AP 3.1.0의 sh:maxCount 제약을 변경 없이 채택한다. named PropertyShape의 원문 direct quad를 그대로 채택했다. 추가한 sh:targetNode는 격리 시험용이며 규범 의미를 바꾸지 않는다.,https://semiceu.github.io/GeoDCAT-AP/releases/3.1.0#dcat:DistributionShape/7a20e2eb5f5549088fd53fa93fab0958019f267e,UPSTREAM-POS-UPSTREAM-GEODCATAP-7C0A66EBE6329BC92F5E,UPSTREAM-NEG-UPSTREAM-GEODCATAP-7C0A66EBE6329BC92F5E
UPSTREAM-GEODCATAP-7C315E4FE275E8F5EE21,"[""geo"",""network""]","[""http://www.w3.org/ns/dcat#DataService""]",http://data.europa.eu/930/serviceProtocol,MUST,,,"[""http://www.w3.org/2004/02/skos/core#Concept""]",[],Violation,"[{""language"":""ko"",""text"":""로컬 격리 증거: 원문 PropertyShape에는 메시지가 없으며 sh:class 제약을 검증한다."",""source"":""local-evidence"",""predicate"":null}]",MOLIT 로컬 적용 가이드(upstream 원문 보충 설명): <http://data.europa.eu/930/serviceProtocol>의 모든 값에 rdf:type <http://www.w3.org/2004/02/skos/core#Concept>를 명시한다. 원문 constraint 값은 변경하지 않는다.,GeoDCAT-AP 3.1.0,"[""https://semiceu.github.io/GeoDCAT-AP/releases/3.1.0#DataService.serviceprotocol""]",GeoDCAT-AP 3.1.0의 sh:class 제약을 변경 없이 채택한다. named PropertyShape의 원문 direct quad를 그대로 채택했다. 추가한 sh:targetNode는 격리 시험용이며 규범 의미를 바꾸지 않는다.,https://semiceu.github.io/GeoDCAT-AP/releases/3.1.0#dcat:DataServiceShape/eb98dee81407da4e91a31895d95101d0335b7c81,UPSTREAM-POS-UPSTREAM-GEODCATAP-7C315E4FE275E8F5EE21,UPSTREAM-NEG-UPSTREAM-GEODCATAP-7C315E4FE275E8F5EE21
UPSTREAM-GEODCATAP-7CD91D7770F1C028BDD3,"[""geo"",""network""]","[""http://www.w3.org/ns/dcat#DatasetSeries""]",http://data.europa.eu/930/spatialResolutionAsText,MUST,,,"[""http://www.w3.org/ns/shacl#Literal""]",[],Violation,"[{""language"":""ko"",""text"":""로컬 격리 증거: 원문 PropertyShape에는 메시지가 없으며 sh:nodeKind 제약을 검증한다."",""source"":""local-evidence"",""predicate"":null}]",MOLIT 로컬 적용 가이드(upstream 원문 보충 설명): <http://data.europa.eu/930/spatialResolutionAsText> 값을 <http://www.w3.org/ns/shacl#Literal> node kind로 바꾼다. 원문 constraint 값은 변경하지 않는다.,GeoDCAT-AP 3.1.0,"[""https://semiceu.github.io/GeoDCAT-AP/releases/3.1.0#DatasetSeries.spatialresolutionastext""]",GeoDCAT-AP 3.1.0의 sh:nodeKind 제약을 변경 없이 채택한다. named PropertyShape의 원문 direct quad를 그대로 채택했다. 추가한 sh:targetNode는 격리 시험용이며 규범 의미를 바꾸지 않는다.,https://semiceu.github.io/GeoDCAT-AP/releases/3.1.0#dcat:DatasetSeriesShape/8800b7f9f5c99f91633b1231bc40964e69b021de,UPSTREAM-POS-UPSTREAM-GEODCATAP-7CD91D7770F1C028BDD3,UPSTREAM-NEG-UPSTREAM-GEODCATAP-7CD91D7770F1C028BDD3
UPSTREAM-GEODCATAP-7E69E9B61101FF5D53A4,"[""geo"",""network""]","[""http://purl.org/dc/terms/LicenseDocument""]",http://purl.org/dc/terms/type,MUST,,,"[""http://www.w3.org/ns/shacl#BlankNodeOrIRI""]",[],Violation,"[{""language"":""ko"",""text"":""로컬 격리 증거: 원문 PropertyShape에는 메시지가 없으며 sh:nodeKind 제약을 검증한다."",""source"":""local-evidence"",""predicate"":null}]",MOLIT 로컬 적용 가이드(upstream 원문 보충 설명): <http://purl.org/dc/terms/type> 값을 <http://www.w3.org/ns/shacl#BlankNodeOrIRI> node kind로 바꾼다. 원문 constraint 값은 변경하지 않는다.,GeoDCAT-AP 3.1.0,"[""https://semiceu.github.io/GeoDCAT-AP/releases/3.1.0#LicenceDocument.type""]",GeoDCAT-AP 3.1.0의 sh:nodeKind 제약을 변경 없이 채택한다. named PropertyShape의 원문 direct quad를 그대로 채택했다. 추가한 sh:targetNode는 격리 시험용이며 규범 의미를 바꾸지 않는다.,https://semiceu.github.io/GeoDCAT-AP/releases/3.1.0#dct:LicenseDocumentShape/4f381639bb6e021939f65b4f41409d1edaeade9b,UPSTREAM-POS-UPSTREAM-GEODCATAP-7E69E9B61101FF5D53A4,UPSTREAM-NEG-UPSTREAM-GEODCATAP-7E69E9B61101FF5D53A4
UPSTREAM-GEODCATAP-7F1E421AE6E4E4E69DC8,"[""geo"",""network""]","[""http://www.w3.org/ns/dcat#Distribution""]",http://www.w3.org/ns/dcat#compressFormat,MUST,,,"[""http://purl.org/dc/terms/MediaType""]",[],Violation,"[{""language"":""ko"",""text"":""로컬 격리 증거: 원문 PropertyShape에는 메시지가 없으며 sh:class 제약을 검증한다."",""source"":""local-evidence"",""predicate"":null}]",MOLIT 로컬 적용 가이드(upstream 원문 보충 설명): <http://www.w3.org/ns/dcat#compressFormat>의 모든 값에 rdf:type <http://purl.org/dc/terms/MediaType>를 명시한다. 원문 constraint 값은 변경하지 않는다.,GeoDCAT-AP 3.1.0,"[""https://semiceu.github.io/GeoDCAT-AP/releases/3.1.0#Distribution.compressionformat""]",GeoDCAT-AP 3.1.0의 sh:class 제약을 변경 없이 채택한다. named PropertyShape의 원문 direct quad를 그대로 채택했다. 추가한 sh:targetNode는 격리 시험용이며 규범 의미를 바꾸지 않는다.,https://semiceu.github.io/GeoDCAT-AP/releases/3.1.0#dcat:DistributionShape/e093e156f972fa1af3526cd6d68f11bbdc8fa7c5,UPSTREAM-POS-UPSTREAM-GEODCATAP-7F1E421AE6E4E4E69DC8,UPSTREAM-NEG-UPSTREAM-GEODCATAP-7F1E421AE6E4E4E69DC8
UPSTREAM-GEODCATAP-7FA3C7DA903DC7622904,"[""geo"",""network""]","[""http://www.w3.org/ns/dcat#DatasetSeries""]",http://www.w3.org/ns/dcat#version,MUST,,,"[""http://www.w3.org/ns/shacl#Literal""]",[],Violation,"[{""language"":""ko"",""text"":""로컬 격리 증거: 원문 PropertyShape에는 메시지가 없으며 sh:nodeKind 제약을 검증한다."",""source"":""local-evidence"",""predicate"":null}]",MOLIT 로컬 적용 가이드(upstream 원문 보충 설명): <http://www.w3.org/ns/dcat#version> 값을 <http://www.w3.org/ns/shacl#Literal> node kind로 바꾼다. 원문 constraint 값은 변경하지 않는다.,GeoDCAT-AP 3.1.0,"[""https://semiceu.github.io/GeoDCAT-AP/releases/3.1.0#DatasetSeries.version""]",GeoDCAT-AP 3.1.0의 sh:nodeKind 제약을 변경 없이 채택한다. named PropertyShape의 원문 direct quad를 그대로 채택했다. 추가한 sh:targetNode는 격리 시험용이며 규범 의미를 바꾸지 않는다.,https://semiceu.github.io/GeoDCAT-AP/releases/3.1.0#dcat:DatasetSeriesShape/bda64b6b9c27a850b8782b17019e888c5edd7ce0,UPSTREAM-POS-UPSTREAM-GEODCATAP-7FA3C7DA903DC7622904,UPSTREAM-NEG-UPSTREAM-GEODCATAP-7FA3C7DA903DC7622904
UPSTREAM-GEODCATAP-7FDC359B08AFA045C001,"[""geo"",""network""]","[""http://xmlns.com/foaf/0.1/Agent""]",http://www.w3.org/ns/locn#address,MUST,,1,[],[],Violation,"[{""language"":""ko"",""text"":""로컬 격리 증거: 원문 PropertyShape에는 메시지가 없으며 sh:maxCount 제약을 검증한다."",""source"":""local-evidence"",""predicate"":null}]",MOLIT 로컬 적용 가이드(upstream 원문 보충 설명): <http://www.w3.org/ns/locn#address> 값을 1개 이하로 줄인다. 원문 constraint 값은 변경하지 않는다.,GeoDCAT-AP 3.1.0,"[""https://semiceu.github.io/GeoDCAT-AP/releases/3.1.0#Agent.address""]",GeoDCAT-AP 3.1.0의 sh:maxCount 제약을 변경 없이 채택한다. named PropertyShape의 원문 direct quad를 그대로 채택했다. 추가한 sh:targetNode는 격리 시험용이며 규범 의미를 바꾸지 않는다.,https://semiceu.github.io/GeoDCAT-AP/releases/3.1.0#foaf:AgentShape/06950e17e8d4a67fa64194ac4c46abad5ae7b92e,UPSTREAM-POS-UPSTREAM-GEODCATAP-7FDC359B08AFA045C001,UPSTREAM-NEG-UPSTREAM-GEODCATAP-7FDC359B08AFA045C001
UPSTREAM-GEODCATAP-8029EE00C269BBE865D6,"[""geo"",""network""]","[""http://www.w3.org/ns/dcat#Catalog""]",http://data.europa.eu/930/topicCategory,MUST,,,"[""http://www.w3.org/2004/02/skos/core#Concept""]",[],Violation,"[{""language"":""ko"",""text"":""로컬 격리 증거: 원문 PropertyShape에는 메시지가 없으며 sh:class 제약을 검증한다."",""source"":""local-evidence"",""predicate"":null}]",MOLIT 로컬 적용 가이드(upstream 원문 보충 설명): <http://data.europa.eu/930/topicCategory>의 모든 값에 rdf:type <http://www.w3.org/2004/02/skos/core#Concept>를 명시한다. 원문 constraint 값은 변경하지 않는다.,GeoDCAT-AP 3.1.0,"[""https://semiceu.github.io/GeoDCAT-AP/releases/3.1.0#Catalogue.topiccategory""]",GeoDCAT-AP 3.1.0의 sh:class 제약을 변경 없이 채택한다. named PropertyShape의 원문 direct quad를 그대로 채택했다. 추가한 sh:targetNode는 격리 시험용이며 규범 의미를 바꾸지 않는다.,https://semiceu.github.io/GeoDCAT-AP/releases/3.1.0#dcat:CatalogShape/7e81f1a1332766b4be433580d64a6ec4b1530493,UPSTREAM-POS-UPSTREAM-GEODCATAP-8029EE00C269BBE865D6,UPSTREAM-NEG-UPSTREAM-GEODCATAP-8029EE00C269BBE865D6
UPSTREAM-GEODCATAP-811BBA4BC3D1B19B13C3,"[""geo"",""network""]","[""http://www.w3.org/ns/dcat#DataService""]",http://purl.org/dc/terms/license,MUST,,1,[],[],Violation,"[{""language"":""ko"",""text"":""로컬 격리 증거: 원문 PropertyShape에는 메시지가 없으며 sh:maxCount 제약을 검증한다."",""source"":""local-evidence"",""predicate"":null}]",MOLIT 로컬 적용 가이드(upstream 원문 보충 설명): <http://purl.org/dc/terms/license> 값을 1개 이하로 줄인다. 원문 constraint 값은 변경하지 않는다.,GeoDCAT-AP 3.1.0,"[""https://semiceu.github.io/GeoDCAT-AP/releases/3.1.0#DataService.licence""]",GeoDCAT-AP 3.1.0의 sh:maxCount 제약을 변경 없이 채택한다. named PropertyShape의 원문 direct quad를 그대로 채택했다. 추가한 sh:targetNode는 격리 시험용이며 규범 의미를 바꾸지 않는다.,https://semiceu.github.io/GeoDCAT-AP/releases/3.1.0#dcat:DataServiceShape/9eaae476a881de13b9430537ace6e70da7327dbd,UPSTREAM-POS-UPSTREAM-GEODCATAP-811BBA4BC3D1B19B13C3,UPSTREAM-NEG-UPSTREAM-GEODCATAP-811BBA4BC3D1B19B13C3
UPSTREAM-GEODCATAP-8134CA6055F1E57C92A6,"[""geo"",""network""]","[""http://www.w3.org/ns/dcat#Distribution""]",http://www.w3.org/ns/odrl/2/hasPolicy,MUST,,,"[""http://www.w3.org/ns/shacl#BlankNodeOrIRI""]",[],Violation,"[{""language"":""ko"",""text"":""로컬 격리 증거: 원문 PropertyShape에는 메시지가 없으며 sh:nodeKind 제약을 검증한다."",""source"":""local-evidence"",""predicate"":null}]",MOLIT 로컬 적용 가이드(upstream 원문 보충 설명): <http://www.w3.org/ns/odrl/2/hasPolicy> 값을 <http://www.w3.org/ns/shacl#BlankNodeOrIRI> node kind로 바꾼다. 원문 constraint 값은 변경하지 않는다.,GeoDCAT-AP 3.1.0,"[""https://semiceu.github.io/GeoDCAT-AP/releases/3.1.0#Distribution.haspolicy""]",GeoDCAT-AP 3.1.0의 sh:nodeKind 제약을 변경 없이 채택한다. named PropertyShape의 원문 direct quad를 그대로 채택했다. 추가한 sh:targetNode는 격리 시험용이며 규범 의미를 바꾸지 않는다.,https://semiceu.github.io/GeoDCAT-AP/releases/3.1.0#dcat:DistributionShape/f64ea9c4b32a8afd45dc2afdcea6722b56707974,UPSTREAM-POS-UPSTREAM-GEODCATAP-8134CA6055F1E57C92A6,UPSTREAM-NEG-UPSTREAM-GEODCATAP-8134CA6055F1E57C92A6
UPSTREAM-GEODCATAP-819860BCB5FC8F83A53B,"[""geo"",""network""]","[""http://www.w3.org/ns/dcat#Catalog""]",http://purl.org/dc/terms/description,MUST,,,"[""http://www.w3.org/ns/shacl#Literal""]",[],Violation,"[{""language"":""ko"",""text"":""로컬 격리 증거: 원문 PropertyShape에는 메시지가 없으며 sh:nodeKind 제약을 검증한다."",""source"":""local-evidence"",""predicate"":null}]",MOLIT 로컬 적용 가이드(upstream 원문 보충 설명): <http://purl.org/dc/terms/description> 값을 <http://www.w3.org/ns/shacl#Literal> node kind로 바꾼다. 원문 constraint 값은 변경하지 않는다.,GeoDCAT-AP 3.1.0,"[""https://semiceu.github.io/GeoDCAT-AP/releases/3.1.0#Catalogue.description""]",GeoDCAT-AP 3.1.0의 sh:nodeKind 제약을 변경 없이 채택한다. named PropertyShape의 원문 direct quad를 그대로 채택했다. 추가한 sh:targetNode는 격리 시험용이며 규범 의미를 바꾸지 않는다.,https://semiceu.github.io/GeoDCAT-AP/releases/3.1.0#dcat:CatalogShape/6cae9880e515253132af1452a38a8a5827165149,UPSTREAM-POS-UPSTREAM-GEODCATAP-819860BCB5FC8F83A53B,UPSTREAM-NEG-UPSTREAM-GEODCATAP-819860BCB5FC8F83A53B
UPSTREAM-GEODCATAP-81BDCE4DD23EF9B87241,"[""geo"",""network""]","[""http://www.w3.org/ns/dcat#Distribution""]",http://www.w3.org/ns/dcat#packageFormat,MUST,,,"[""http://purl.org/dc/terms/MediaType""]",[],Violation,"[{""language"":""ko"",""text"":""로컬 격리 증거: 원문 PropertyShape에는 메시지가 없으며 sh:class 제약을 검증한다."",""source"":""local-evidence"",""predicate"":null}]",MOLIT 로컬 적용 가이드(upstream 원문 보충 설명): <http://www.w3.org/ns/dcat#packageFormat>의 모든 값에 rdf:type <http://purl.org/dc/terms/MediaType>를 명시한다. 원문 constraint 값은 변경하지 않는다.,GeoDCAT-AP 3.1.0,"[""https://semiceu.github.io/GeoDCAT-AP/releases/3.1.0#Distribution.packagingformat""]",GeoDCAT-AP 3.1.0의 sh:class 제약을 변경 없이 채택한다. named PropertyShape의 원문 direct quad를 그대로 채택했다. 추가한 sh:targetNode는 격리 시험용이며 규범 의미를 바꾸지 않는다.,https://semiceu.github.io/GeoDCAT-AP/releases/3.1.0#dcat:DistributionShape/39da16eecfc16996eed6a010f4203cdcec7c388d,UPSTREAM-POS-UPSTREAM-GEODCATAP-81BDCE4DD23EF9B87241,UPSTREAM-NEG-UPSTREAM-GEODCATAP-81BDCE4DD23EF9B87241
UPSTREAM-GEODCATAP-81CF1E834E42295BD6F1,"[""geo"",""network""]","[""http://www.w3.org/ns/dcat#DataService""]",http://purl.org/dc/terms/spatial,MUST,,,"[""http://purl.org/dc/terms/Location""]",[],Violation,"[{""language"":""ko"",""text"":""로컬 격리 증거: 원문 PropertyShape에는 메시지가 없으며 sh:class 제약을 검증한다."",""source"":""local-evidence"",""predicate"":null}]",MOLIT 로컬 적용 가이드(upstream 원문 보충 설명): <http://purl.org/dc/terms/spatial>의 모든 값에 rdf:type <http://purl.org/dc/terms/Location>를 명시한다. 원문 constraint 값은 변경하지 않는다.,GeoDCAT-AP 3.1.0,"[""https://semiceu.github.io/GeoDCAT-AP/releases/3.1.0#DataService.geographicalcoverage""]",GeoDCAT-AP 3.1.0의 sh:class 제약을 변경 없이 채택한다. named PropertyShape의 원문 direct quad를 그대로 채택했다. 추가한 sh:targetNode는 격리 시험용이며 규범 의미를 바꾸지 않는다.,https://semiceu.github.io/GeoDCAT-AP/releases/3.1.0#dcat:DataServiceShape/00a99d55cbc03165373a8348d5a88402ea4f239a,UPSTREAM-POS-UPSTREAM-GEODCATAP-81CF1E834E42295BD6F1,UPSTREAM-NEG-UPSTREAM-GEODCATAP-81CF1E834E42295BD6F1
UPSTREAM-GEODCATAP-81E140525A501F6163F7,"[""geo"",""network""]","[""http://www.w3.org/ns/prov#Activity""]",http://www.w3.org/ns/prov#generated,MUST,,,"[""http://www.w3.org/ns/prov#Entity""]",[],Violation,"[{""language"":""ko"",""text"":""로컬 격리 증거: 원문 PropertyShape에는 메시지가 없으며 sh:class 제약을 검증한다."",""source"":""local-evidence"",""predicate"":null}]",MOLIT 로컬 적용 가이드(upstream 원문 보충 설명): <http://www.w3.org/ns/prov#generated>의 모든 값에 rdf:type <http://www.w3.org/ns/prov#Entity>를 명시한다. 원문 constraint 값은 변경하지 않는다.,GeoDCAT-AP 3.1.0,"[""https://semiceu.github.io/GeoDCAT-AP/releases/3.1.0#Activity.generated""]",GeoDCAT-AP 3.1.0의 sh:class 제약을 변경 없이 채택한다. named PropertyShape의 원문 direct quad를 그대로 채택했다. 추가한 sh:targetNode는 격리 시험용이며 규범 의미를 바꾸지 않는다.,https://semiceu.github.io/GeoDCAT-AP/releases/3.1.0#prov:ActivityShape/372f8584a7924ed444d34cecc643935785fcdc68,UPSTREAM-POS-UPSTREAM-GEODCATAP-81E140525A501F6163F7,UPSTREAM-NEG-UPSTREAM-GEODCATAP-81E140525A501F6163F7
UPSTREAM-GEODCATAP-8214271EC5BA4C38F277,"[""geo"",""network""]","[""http://www.w3.org/ns/dcat#CatalogRecord""]",http://purl.org/dc/terms/language,MUST,,,"[""http://purl.org/dc/terms/LinguisticSystem""]",[],Violation,"[{""language"":""ko"",""text"":""로컬 격리 증거: 원문 PropertyShape에는 메시지가 없으며 sh:class 제약을 검증한다."",""source"":""local-evidence"",""predicate"":null}]",MOLIT 로컬 적용 가이드(upstream 원문 보충 설명): <http://purl.org/dc/terms/language>의 모든 값에 rdf:type <http://purl.org/dc/terms/LinguisticSystem>를 명시한다. 원문 constraint 값은 변경하지 않는다.,GeoDCAT-AP 3.1.0,"[""https://semiceu.github.io/GeoDCAT-AP/releases/3.1.0#CatalogueRecord.language""]",GeoDCAT-AP 3.1.0의 sh:class 제약을 변경 없이 채택한다. named PropertyShape의 원문 direct quad를 그대로 채택했다. 추가한 sh:targetNode는 격리 시험용이며 규범 의미를 바꾸지 않는다.,https://semiceu.github.io/GeoDCAT-AP/releases/3.1.0#dcat:CatalogRecordShape/29ba27566ab1f32c8bb73f3492436d4bd868d3d2,UPSTREAM-POS-UPSTREAM-GEODCATAP-8214271EC5BA4C38F277,UPSTREAM-NEG-UPSTREAM-GEODCATAP-8214271EC5BA4C38F277
UPSTREAM-GEODCATAP-82839F055E0D095FCB10,"[""geo"",""network""]","[""http://www.w3.org/2006/vcard/ns#Address""]",http://www.w3.org/2006/vcard/ns#postal-code,MUST,,,"[""http://www.w3.org/ns/shacl#Literal""]",[],Violation,"[{""language"":""ko"",""text"":""로컬 격리 증거: 원문 PropertyShape에는 메시지가 없으며 sh:nodeKind 제약을 검증한다."",""source"":""local-evidence"",""predicate"":null}]",MOLIT 로컬 적용 가이드(upstream 원문 보충 설명): <http://www.w3.org/2006/vcard/ns#postal-code> 값을 <http://www.w3.org/ns/shacl#Literal> node kind로 바꾼다. 원문 constraint 값은 변경하지 않는다.,GeoDCAT-AP 3.1.0,"[""https://semiceu.github.io/GeoDCAT-AP/releases/3.1.0#Address(vCard).postalcode""]",GeoDCAT-AP 3.1.0의 sh:nodeKind 제약을 변경 없이 채택한다. named PropertyShape의 원문 direct quad를 그대로 채택했다. 추가한 sh:targetNode는 격리 시험용이며 규범 의미를 바꾸지 않는다.,https://semiceu.github.io/GeoDCAT-AP/releases/3.1.0#vcard:AddressShape/8ad089e2efba12c5337e21654945f9691f9579c4,UPSTREAM-POS-UPSTREAM-GEODCATAP-82839F055E0D095FCB10,UPSTREAM-NEG-UPSTREAM-GEODCATAP-82839F055E0D095FCB10
UPSTREAM-GEODCATAP-83074E94ABDEF0B19AC9,"[""geo"",""network""]","[""http://spdx.org/rdf/terms#Checksum""]",http://spdx.org/rdf/terms#checksumValue,MUST,,,"[""http://www.w3.org/2001/XMLSchema#hexBinary""]",[],Violation,"[{""language"":""ko"",""text"":""로컬 격리 증거: 원문 PropertyShape에는 메시지가 없으며 sh:datatype 제약을 검증한다."",""source"":""local-evidence"",""predicate"":null}]",MOLIT 로컬 적용 가이드(upstream 원문 보충 설명): <http://spdx.org/rdf/terms#checksumValue> 값을 <http://www.w3.org/2001/XMLSchema#hexBinary> datatype의 유효한 lexical literal로 직렬화한다. 원문 constraint 값은 변경하지 않는다.,GeoDCAT-AP 3.1.0,"[""https://semiceu.github.io/GeoDCAT-AP/releases/3.1.0#Checksum.checksumvalue""]",GeoDCAT-AP 3.1.0의 sh:datatype 제약을 변경 없이 채택한다. named PropertyShape의 원문 direct quad를 그대로 채택했다. 추가한 sh:targetNode는 격리 시험용이며 규범 의미를 바꾸지 않는다.,https://semiceu.github.io/GeoDCAT-AP/releases/3.1.0#spdx:ChecksumShape/3eab73d86ca644be3c17cec9470a00ee097d8515,UPSTREAM-POS-UPSTREAM-GEODCATAP-83074E94ABDEF0B19AC9,UPSTREAM-NEG-UPSTREAM-GEODCATAP-83074E94ABDEF0B19AC9
UPSTREAM-GEODCATAP-8359CD781BC6D41117D1,"[""geo"",""network""]","[""http://www.w3.org/2006/vcard/ns#Kind""]",http://www.w3.org/2006/vcard/ns#hasTelephone,MUST,,1,[],[],Violation,"[{""language"":""ko"",""text"":""로컬 격리 증거: 원문 PropertyShape에는 메시지가 없으며 sh:maxCount 제약을 검증한다."",""source"":""local-evidence"",""predicate"":null}]",MOLIT 로컬 적용 가이드(upstream 원문 보충 설명): <http://www.w3.org/2006/vcard/ns#hasTelephone> 값을 1개 이하로 줄인다. 원문 constraint 값은 변경하지 않는다.,GeoDCAT-AP 3.1.0,"[""https://semiceu.github.io/GeoDCAT-AP/releases/3.1.0#Kind.phone""]",GeoDCAT-AP 3.1.0의 sh:maxCount 제약을 변경 없이 채택한다. named PropertyShape의 원문 direct quad를 그대로 채택했다. 추가한 sh:targetNode는 격리 시험용이며 규범 의미를 바꾸지 않는다.,https://semiceu.github.io/GeoDCAT-AP/releases/3.1.0#vcard:KindShape/3134beaa2845130d7a9f2f5cf36315fe3e8fe9b8,UPSTREAM-POS-UPSTREAM-GEODCATAP-8359CD781BC6D41117D1,UPSTREAM-NEG-UPSTREAM-GEODCATAP-8359CD781BC6D41117D1
UPSTREAM-GEODCATAP-838DEC887EF9E5095785,"[""geo"",""network""]","[""http://www.w3.org/ns/dcat#DatasetSeries""]",http://purl.org/dc/terms/language,MUST,,,"[""http://purl.org/dc/terms/LinguisticSystem""]",[],Violation,"[{""language"":""ko"",""text"":""로컬 격리 증거: 원문 PropertyShape에는 메시지가 없으며 sh:class 제약을 검증한다."",""source"":""local-evidence"",""predicate"":null}]",MOLIT 로컬 적용 가이드(upstream 원문 보충 설명): <http://purl.org/dc/terms/language>의 모든 값에 rdf:type <http://purl.org/dc/terms/LinguisticSystem>를 명시한다. 원문 constraint 값은 변경하지 않는다.,GeoDCAT-AP 3.1.0,"[""https://semiceu.github.io/GeoDCAT-AP/releases/3.1.0#DatasetSeries.language""]",GeoDCAT-AP 3.1.0의 sh:class 제약을 변경 없이 채택한다. named PropertyShape의 원문 direct quad를 그대로 채택했다. 추가한 sh:targetNode는 격리 시험용이며 규범 의미를 바꾸지 않는다.,https://semiceu.github.io/GeoDCAT-AP/releases/3.1.0#dcat:DatasetSeriesShape/29ba27566ab1f32c8bb73f3492436d4bd868d3d2,UPSTREAM-POS-UPSTREAM-GEODCATAP-838DEC887EF9E5095785,UPSTREAM-NEG-UPSTREAM-GEODCATAP-838DEC887EF9E5095785
UPSTREAM-GEODCATAP-83900E1108ED661DFBE2,"[""geo"",""network""]","[""http://www.w3.org/ns/dcat#Dataset""]",http://purl.org/dc/terms/rightsHolder,MUST,,,"[""http://xmlns.com/foaf/0.1/Agent""]",[],Violation,"[{""language"":""ko"",""text"":""로컬 격리 증거: 원문 PropertyShape에는 메시지가 없으며 sh:class 제약을 검증한다."",""source"":""local-evidence"",""predicate"":null}]",MOLIT 로컬 적용 가이드(upstream 원문 보충 설명): <http://purl.org/dc/terms/rightsHolder>의 모든 값에 rdf:type <http://xmlns.com/foaf/0.1/Agent>를 명시한다. 원문 constraint 값은 변경하지 않는다.,GeoDCAT-AP 3.1.0,"[""https://semiceu.github.io/GeoDCAT-AP/releases/3.1.0#Dataset.rightsholder""]",GeoDCAT-AP 3.1.0의 sh:class 제약을 변경 없이 채택한다. named PropertyShape의 원문 direct quad를 그대로 채택했다. 추가한 sh:targetNode는 격리 시험용이며 규범 의미를 바꾸지 않는다.,https://semiceu.github.io/GeoDCAT-AP/releases/3.1.0#dcat:DatasetShape/35ed9ae46f019b6d5aea75addba75b4c87cb6fc5,UPSTREAM-POS-UPSTREAM-GEODCATAP-83900E1108ED661DFBE2,UPSTREAM-NEG-UPSTREAM-GEODCATAP-83900E1108ED661DFBE2
UPSTREAM-GEODCATAP-83CAAC50948140DA06FD,"[""geo"",""network""]","[""http://www.w3.org/ns/dcat#DataService""]",http://purl.org/dc/terms/title,MUST,,,"[""http://www.w3.org/ns/shacl#Literal""]",[],Violation,"[{""language"":""ko"",""text"":""로컬 격리 증거: 원문 PropertyShape에는 메시지가 없으며 sh:nodeKind 제약을 검증한다."",""source"":""local-evidence"",""predicate"":null}]",MOLIT 로컬 적용 가이드(upstream 원문 보충 설명): <http://purl.org/dc/terms/title> 값을 <http://www.w3.org/ns/shacl#Literal> node kind로 바꾼다. 원문 constraint 값은 변경하지 않는다.,GeoDCAT-AP 3.1.0,"[""https://semiceu.github.io/GeoDCAT-AP/releases/3.1.0#DataService.title""]",GeoDCAT-AP 3.1.0의 sh:nodeKind 제약을 변경 없이 채택한다. named PropertyShape의 원문 direct quad를 그대로 채택했다. 추가한 sh:targetNode는 격리 시험용이며 규범 의미를 바꾸지 않는다.,https://semiceu.github.io/GeoDCAT-AP/releases/3.1.0#dcat:DataServiceShape/d5d74574f70f9a979535f3624608f88180dd0c97,UPSTREAM-POS-UPSTREAM-GEODCATAP-83CAAC50948140DA06FD,UPSTREAM-NEG-UPSTREAM-GEODCATAP-83CAAC50948140DA06FD
UPSTREAM-GEODCATAP-84851271B62A6085711D,"[""geo"",""network""]","[""http://www.w3.org/2006/vcard/ns#Kind""]",http://www.w3.org/2006/vcard/ns#hasTelephone,MUST,,,"[""http://www.w3.org/2000/01/rdf-schema#Resource""]",[],Violation,"[{""language"":""ko"",""text"":""로컬 격리 증거: 원문 PropertyShape에는 메시지가 없으며 sh:class 제약을 검증한다."",""source"":""local-evidence"",""predicate"":null}]",MOLIT 로컬 적용 가이드(upstream 원문 보충 설명): <http://www.w3.org/2006/vcard/ns#hasTelephone>의 모든 값에 rdf:type <http://www.w3.org/2000/01/rdf-schema#Resource>를 명시한다. 원문 constraint 값은 변경하지 않는다.,GeoDCAT-AP 3.1.0,"[""https://semiceu.github.io/GeoDCAT-AP/releases/3.1.0#Kind.phone""]",GeoDCAT-AP 3.1.0의 sh:class 제약을 변경 없이 채택한다. named PropertyShape의 원문 direct quad를 그대로 채택했다. 추가한 sh:targetNode는 격리 시험용이며 규범 의미를 바꾸지 않는다.,https://semiceu.github.io/GeoDCAT-AP/releases/3.1.0#vcard:KindShape/ac52a0a3614cf4ce178dfe0437f2c9a38c82f9f0,UPSTREAM-POS-UPSTREAM-GEODCATAP-84851271B62A6085711D,UPSTREAM-NEG-UPSTREAM-GEODCATAP-84851271B62A6085711D
UPSTREAM-GEODCATAP-84E825A8FC1462D29DA3,"[""geo"",""network""]","[""http://www.w3.org/ns/dcat#DatasetSeries""]",http://data.europa.eu/930/resourceType,MUST,,,"[""http://www.w3.org/ns/shacl#BlankNodeOrIRI""]",[],Violation,"[{""language"":""ko"",""text"":""로컬 격리 증거: 원문 PropertyShape에는 메시지가 없으며 sh:nodeKind 제약을 검증한다."",""source"":""local-evidence"",""predicate"":null}]",MOLIT 로컬 적용 가이드(upstream 원문 보충 설명): <http://data.europa.eu/930/resourceType> 값을 <http://www.w3.org/ns/shacl#BlankNodeOrIRI> node kind로 바꾼다. 원문 constraint 값은 변경하지 않는다.,GeoDCAT-AP 3.1.0,"[""https://semiceu.github.io/GeoDCAT-AP/releases/3.1.0#DatasetSeries.resourcetype""]",GeoDCAT-AP 3.1.0의 sh:nodeKind 제약을 변경 없이 채택한다. named PropertyShape의 원문 direct quad를 그대로 채택했다. 추가한 sh:targetNode는 격리 시험용이며 규범 의미를 바꾸지 않는다.,https://semiceu.github.io/GeoDCAT-AP/releases/3.1.0#dcat:DatasetSeriesShape/fc3438bd29ddee75508841ad26a8dfbe0a68c2d7,UPSTREAM-POS-UPSTREAM-GEODCATAP-84E825A8FC1462D29DA3,UPSTREAM-NEG-UPSTREAM-GEODCATAP-84E825A8FC1462D29DA3
UPSTREAM-GEODCATAP-854ED1E61BF3C6F2DB79,"[""geo"",""network""]","[""http://www.w3.org/ns/dcat#Relationship""]",http://www.w3.org/ns/dcat#hadRole,MUST,,,"[""http://www.w3.org/ns/dcat#Role""]",[],Violation,"[{""language"":""ko"",""text"":""로컬 격리 증거: 원문 PropertyShape에는 메시지가 없으며 sh:class 제약을 검증한다."",""source"":""local-evidence"",""predicate"":null}]",MOLIT 로컬 적용 가이드(upstream 원문 보충 설명): <http://www.w3.org/ns/dcat#hadRole>의 모든 값에 rdf:type <http://www.w3.org/ns/dcat#Role>를 명시한다. 원문 constraint 값은 변경하지 않는다.,GeoDCAT-AP 3.1.0,"[""https://semiceu.github.io/GeoDCAT-AP/releases/3.1.0#Relationship.hadrole""]",GeoDCAT-AP 3.1.0의 sh:class 제약을 변경 없이 채택한다. named PropertyShape의 원문 direct quad를 그대로 채택했다. 추가한 sh:targetNode는 격리 시험용이며 규범 의미를 바꾸지 않는다.,https://semiceu.github.io/GeoDCAT-AP/releases/3.1.0#dcat:RelationshipShape/a7737e15de2cea53610b34ef78cab0c2c9695a83,UPSTREAM-POS-UPSTREAM-GEODCATAP-854ED1E61BF3C6F2DB79,UPSTREAM-NEG-UPSTREAM-GEODCATAP-854ED1E61BF3C6F2DB79
UPSTREAM-GEODCATAP-858030A43CAD8BB78EEA,"[""geo"",""network""]","[""http://www.w3.org/ns/dcat#DatasetSeries""]",http://purl.org/dc/terms/relation,MUST,,,"[""http://www.w3.org/ns/shacl#BlankNodeOrIRI""]",[],Violation,"[{""language"":""ko"",""text"":""로컬 격리 증거: 원문 PropertyShape에는 메시지가 없으며 sh:nodeKind 제약을 검증한다."",""source"":""local-evidence"",""predicate"":null}]",MOLIT 로컬 적용 가이드(upstream 원문 보충 설명): <http://purl.org/dc/terms/relation> 값을 <http://www.w3.org/ns/shacl#BlankNodeOrIRI> node kind로 바꾼다. 원문 constraint 값은 변경하지 않는다.,GeoDCAT-AP 3.1.0,"[""https://semiceu.github.io/GeoDCAT-AP/releases/3.1.0#DatasetSeries.relatedresource""]",GeoDCAT-AP 3.1.0의 sh:nodeKind 제약을 변경 없이 채택한다. named PropertyShape의 원문 direct quad를 그대로 채택했다. 추가한 sh:targetNode는 격리 시험용이며 규범 의미를 바꾸지 않는다.,https://semiceu.github.io/GeoDCAT-AP/releases/3.1.0#dcat:DatasetSeriesShape/0b40e829101914fa8381318b35a5205a2a465453,UPSTREAM-POS-UPSTREAM-GEODCATAP-858030A43CAD8BB78EEA,UPSTREAM-NEG-UPSTREAM-GEODCATAP-858030A43CAD8BB78EEA
UPSTREAM-GEODCATAP-85CB70E81B52BDC4DF94,"[""geo"",""network""]","[""http://www.w3.org/ns/dcat#Dataset""]",http://www.w3.org/ns/prov#qualifiedAttribution,MUST,,,"[""http://www.w3.org/ns/shacl#BlankNodeOrIRI""]",[],Violation,"[{""language"":""ko"",""text"":""로컬 격리 증거: 원문 PropertyShape에는 메시지가 없으며 sh:nodeKind 제약을 검증한다."",""source"":""local-evidence"",""predicate"":null}]",MOLIT 로컬 적용 가이드(upstream 원문 보충 설명): <http://www.w3.org/ns/prov#qualifiedAttribution> 값을 <http://www.w3.org/ns/shacl#BlankNodeOrIRI> node kind로 바꾼다. 원문 constraint 값은 변경하지 않는다.,GeoDCAT-AP 3.1.0,"[""https://semiceu.github.io/GeoDCAT-AP/releases/3.1.0#Dataset.qualifiedattribution""]",GeoDCAT-AP 3.1.0의 sh:nodeKind 제약을 변경 없이 채택한다. named PropertyShape의 원문 direct quad를 그대로 채택했다. 추가한 sh:targetNode는 격리 시험용이며 규범 의미를 바꾸지 않는다.,https://semiceu.github.io/GeoDCAT-AP/releases/3.1.0#dcat:DatasetShape/baaa3d4a8f33f8b2b8c1d19c8d2817a75377145d,UPSTREAM-POS-UPSTREAM-GEODCATAP-85CB70E81B52BDC4DF94,UPSTREAM-NEG-UPSTREAM-GEODCATAP-85CB70E81B52BDC4DF94
UPSTREAM-GEODCATAP-86683DE2ED7B2F8B7FBA,"[""geo"",""network""]","[""http://www.w3.org/ns/dcat#Distribution""]",http://www.w3.org/ns/dcat#mediaType,MUST,,,"[""http://purl.org/dc/terms/MediaType""]",[],Violation,"[{""language"":""ko"",""text"":""로컬 격리 증거: 원문 PropertyShape에는 메시지가 없으며 sh:class 제약을 검증한다."",""source"":""local-evidence"",""predicate"":null}]",MOLIT 로컬 적용 가이드(upstream 원문 보충 설명): <http://www.w3.org/ns/dcat#mediaType>의 모든 값에 rdf:type <http://purl.org/dc/terms/MediaType>를 명시한다. 원문 constraint 값은 변경하지 않는다.,GeoDCAT-AP 3.1.0,"[""https://semiceu.github.io/GeoDCAT-AP/releases/3.1.0#Distribution.mediatype""]",GeoDCAT-AP 3.1.0의 sh:class 제약을 변경 없이 채택한다. named PropertyShape의 원문 direct quad를 그대로 채택했다. 추가한 sh:targetNode는 격리 시험용이며 규범 의미를 바꾸지 않는다.,https://semiceu.github.io/GeoDCAT-AP/releases/3.1.0#dcat:DistributionShape/06ed12d1071a78728d10628eb2d072781559eb75,UPSTREAM-POS-UPSTREAM-GEODCATAP-86683DE2ED7B2F8B7FBA,UPSTREAM-NEG-UPSTREAM-GEODCATAP-86683DE2ED7B2F8B7FBA
UPSTREAM-GEODCATAP-86997729128563E60C0D,"[""geo"",""network""]","[""http://www.w3.org/ns/dcat#DataService""]",http://purl.org/dc/terms/created,MUST,,,"[""http://www.w3.org/ns/shacl#Literal""]",[],Violation,"[{""language"":""ko"",""text"":""로컬 격리 증거: 원문 PropertyShape에는 메시지가 없으며 sh:nodeKind 제약을 검증한다."",""source"":""local-evidence"",""predicate"":null}]",MOLIT 로컬 적용 가이드(upstream 원문 보충 설명): <http://purl.org/dc/terms/created> 값을 <http://www.w3.org/ns/shacl#Literal> node kind로 바꾼다. 원문 constraint 값은 변경하지 않는다.,GeoDCAT-AP 3.1.0,"[""https://semiceu.github.io/GeoDCAT-AP/releases/3.1.0#DataService.creationdate""]",GeoDCAT-AP 3.1.0의 sh:nodeKind 제약을 변경 없이 채택한다. named PropertyShape의 원문 direct quad를 그대로 채택했다. 추가한 sh:targetNode는 격리 시험용이며 규범 의미를 바꾸지 않는다.,https://semiceu.github.io/GeoDCAT-AP/releases/3.1.0#dcat:DataServiceShape/9ebdae98241e4f451997ba6a4a2252e28ea561d9,UPSTREAM-POS-UPSTREAM-GEODCATAP-86997729128563E60C0D,UPSTREAM-NEG-UPSTREAM-GEODCATAP-86997729128563E60C0D
UPSTREAM-GEODCATAP-86A3F43CE050C7F419EB,"[""geo"",""network""]","[""http://www.w3.org/ns/dcat#CatalogRecord""]",http://xmlns.com/foaf/0.1/primaryTopic,MUST,,1,[],[],Violation,"[{""language"":""ko"",""text"":""로컬 격리 증거: 원문 PropertyShape에는 메시지가 없으며 sh:maxCount 제약을 검증한다."",""source"":""local-evidence"",""predicate"":null}]",MOLIT 로컬 적용 가이드(upstream 원문 보충 설명): <http://xmlns.com/foaf/0.1/primaryTopic> 값을 1개 이하로 줄인다. 원문 constraint 값은 변경하지 않는다.,GeoDCAT-AP 3.1.0,"[""https://semiceu.github.io/GeoDCAT-AP/releases/3.1.0#CatalogueRecord.primarytopic""]",GeoDCAT-AP 3.1.0의 sh:maxCount 제약을 변경 없이 채택한다. named PropertyShape의 원문 direct quad를 그대로 채택했다. 추가한 sh:targetNode는 격리 시험용이며 규범 의미를 바꾸지 않는다.,https://semiceu.github.io/GeoDCAT-AP/releases/3.1.0#dcat:CatalogRecordShape/edc684c84677aa4924b66988491caddda1a1e68b,UPSTREAM-POS-UPSTREAM-GEODCATAP-86A3F43CE050C7F419EB,UPSTREAM-NEG-UPSTREAM-GEODCATAP-86A3F43CE050C7F419EB
UPSTREAM-GEODCATAP-86D63008ED8437B3788D,"[""geo"",""network""]","[""http://www.w3.org/ns/dcat#Distribution""]",http://purl.org/dc/terms/accessRights,MUST,,,"[""http://purl.org/dc/terms/RightsStatement""]",[],Violation,"[{""language"":""ko"",""text"":""로컬 격리 증거: 원문 PropertyShape에는 메시지가 없으며 sh:class 제약을 검증한다."",""source"":""local-evidence"",""predicate"":null}]",MOLIT 로컬 적용 가이드(upstream 원문 보충 설명): <http://purl.org/dc/terms/accessRights>의 모든 값에 rdf:type <http://purl.org/dc/terms/RightsStatement>를 명시한다. 원문 constraint 값은 변경하지 않는다.,GeoDCAT-AP 3.1.0,"[""https://semiceu.github.io/GeoDCAT-AP/releases/3.1.0#Distribution.accessrights""]",GeoDCAT-AP 3.1.0의 sh:class 제약을 변경 없이 채택한다. named PropertyShape의 원문 direct quad를 그대로 채택했다. 추가한 sh:targetNode는 격리 시험용이며 규범 의미를 바꾸지 않는다.,https://semiceu.github.io/GeoDCAT-AP/releases/3.1.0#dcat:DistributionShape/ee60fdd4b8581460f5fc4077813b8bb3e3d77441,UPSTREAM-POS-UPSTREAM-GEODCATAP-86D63008ED8437B3788D,UPSTREAM-NEG-UPSTREAM-GEODCATAP-86D63008ED8437B3788D
UPSTREAM-GEODCATAP-8746F43ECC4651954CC1,"[""geo"",""network""]","[""http://www.w3.org/ns/dcat#Catalog""]",http://data.europa.eu/930/resourceProvider,MUST,,,"[""http://xmlns.com/foaf/0.1/Agent""]",[],Violation,"[{""language"":""ko"",""text"":""로컬 격리 증거: 원문 PropertyShape에는 메시지가 없으며 sh:class 제약을 검증한다."",""source"":""local-evidence"",""predicate"":null}]",MOLIT 로컬 적용 가이드(upstream 원문 보충 설명): <http://data.europa.eu/930/resourceProvider>의 모든 값에 rdf:type <http://xmlns.com/foaf/0.1/Agent>를 명시한다. 원문 constraint 값은 변경하지 않는다.,GeoDCAT-AP 3.1.0,"[""https://semiceu.github.io/GeoDCAT-AP/releases/3.1.0#Catalogue.resourceprovider""]",GeoDCAT-AP 3.1.0의 sh:class 제약을 변경 없이 채택한다. named PropertyShape의 원문 direct quad를 그대로 채택했다. 추가한 sh:targetNode는 격리 시험용이며 규범 의미를 바꾸지 않는다.,https://semiceu.github.io/GeoDCAT-AP/releases/3.1.0#dcat:CatalogShape/9169149cf5b5a794cac331851a3a1a92ff279293,UPSTREAM-POS-UPSTREAM-GEODCATAP-8746F43ECC4651954CC1,UPSTREAM-NEG-UPSTREAM-GEODCATAP-8746F43ECC4651954CC1
UPSTREAM-GEODCATAP-88ED6C15344756C756F3,"[""geo"",""network""]","[""http://purl.org/dc/terms/Location""]",http://purl.org/dc/terms/identifier,MUST,,,"[""http://www.w3.org/ns/shacl#Literal""]",[],Violation,"[{""language"":""ko"",""text"":""로컬 격리 증거: 원문 PropertyShape에는 메시지가 없으며 sh:nodeKind 제약을 검증한다."",""source"":""local-evidence"",""predicate"":null}]",MOLIT 로컬 적용 가이드(upstream 원문 보충 설명): <http://purl.org/dc/terms/identifier> 값을 <http://www.w3.org/ns/shacl#Literal> node kind로 바꾼다. 원문 constraint 값은 변경하지 않는다.,GeoDCAT-AP 3.1.0,"[""https://semiceu.github.io/GeoDCAT-AP/releases/3.1.0#Location.geographicidentifier""]",GeoDCAT-AP 3.1.0의 sh:nodeKind 제약을 변경 없이 채택한다. named PropertyShape의 원문 direct quad를 그대로 채택했다. 추가한 sh:targetNode는 격리 시험용이며 규범 의미를 바꾸지 않는다.,https://semiceu.github.io/GeoDCAT-AP/releases/3.1.0#dct:LocationShape/e8ee1e84cb83b9448511b77b2105dcaebb8942df,UPSTREAM-POS-UPSTREAM-GEODCATAP-88ED6C15344756C756F3,UPSTREAM-NEG-UPSTREAM-GEODCATAP-88ED6C15344756C756F3
UPSTREAM-GEODCATAP-89462AC78DDA5632F61B,"[""geo"",""network""]","[""http://www.w3.org/ns/dcat#Distribution""]",http://purl.org/dc/terms/conformsTo,MUST,,,"[""http://purl.org/dc/terms/Standard""]",[],Violation,"[{""language"":""ko"",""text"":""로컬 격리 증거: 원문 PropertyShape에는 메시지가 없으며 sh:class 제약을 검증한다."",""source"":""local-evidence"",""predicate"":null}]",MOLIT 로컬 적용 가이드(upstream 원문 보충 설명): <http://purl.org/dc/terms/conformsTo>의 모든 값에 rdf:type <http://purl.org/dc/terms/Standard>를 명시한다. 원문 constraint 값은 변경하지 않는다.,GeoDCAT-AP 3.1.0,"[""https://semiceu.github.io/GeoDCAT-AP/releases/3.1.0#Distribution.linkedschemas""]",GeoDCAT-AP 3.1.0의 sh:class 제약을 변경 없이 채택한다. named PropertyShape의 원문 direct quad를 그대로 채택했다. 추가한 sh:targetNode는 격리 시험용이며 규범 의미를 바꾸지 않는다.,https://semiceu.github.io/GeoDCAT-AP/releases/3.1.0#dcat:DistributionShape/226b9cb0511ec6b8da045829e10d2676ddbb8375,UPSTREAM-POS-UPSTREAM-GEODCATAP-89462AC78DDA5632F61B,UPSTREAM-NEG-UPSTREAM-GEODCATAP-89462AC78DDA5632F61B
UPSTREAM-GEODCATAP-89578EEB7F74CF77752F,"[""geo"",""network""]","[""http://www.w3.org/ns/dcat#DatasetSeries""]",http://data.europa.eu/930/distributor,MUST,,,"[""http://xmlns.com/foaf/0.1/Agent""]",[],Violation,"[{""language"":""ko"",""text"":""로컬 격리 증거: 원문 PropertyShape에는 메시지가 없으며 sh:class 제약을 검증한다."",""source"":""local-evidence"",""predicate"":null}]",MOLIT 로컬 적용 가이드(upstream 원문 보충 설명): <http://data.europa.eu/930/distributor>의 모든 값에 rdf:type <http://xmlns.com/foaf/0.1/Agent>를 명시한다. 원문 constraint 값은 변경하지 않는다.,GeoDCAT-AP 3.1.0,"[""https://semiceu.github.io/GeoDCAT-AP/releases/3.1.0#DatasetSeries.distributor""]",GeoDCAT-AP 3.1.0의 sh:class 제약을 변경 없이 채택한다. named PropertyShape의 원문 direct quad를 그대로 채택했다. 추가한 sh:targetNode는 격리 시험용이며 규범 의미를 바꾸지 않는다.,https://semiceu.github.io/GeoDCAT-AP/releases/3.1.0#dcat:DatasetSeriesShape/c6582cc6dd81abe7073c1f822d33efc41ecab36d,UPSTREAM-POS-UPSTREAM-GEODCATAP-89578EEB7F74CF77752F,UPSTREAM-NEG-UPSTREAM-GEODCATAP-89578EEB7F74CF77752F
UPSTREAM-GEODCATAP-8A16DB903D3586DB1C4A,"[""geo"",""network""]","[""http://www.w3.org/ns/dcat#Distribution""]",http://www.w3.org/ns/dcat#accessURL,MUST,1,,[],[],Violation,"[{""language"":""ko"",""text"":""로컬 격리 증거: 원문 PropertyShape에는 메시지가 없으며 sh:minCount 제약을 검증한다."",""source"":""local-evidence"",""predicate"":null}]",MOLIT 로컬 적용 가이드(upstream 원문 보충 설명): <http://www.w3.org/ns/dcat#accessURL> 값을 1개 이상 제공한다. 원문 constraint 값은 변경하지 않는다.,GeoDCAT-AP 3.1.0,"[""https://semiceu.github.io/GeoDCAT-AP/releases/3.1.0#Distribution.accessURL""]",GeoDCAT-AP 3.1.0의 sh:minCount 제약을 변경 없이 채택한다. named PropertyShape의 원문 direct quad를 그대로 채택했다. 추가한 sh:targetNode는 격리 시험용이며 규범 의미를 바꾸지 않는다.,https://semiceu.github.io/GeoDCAT-AP/releases/3.1.0#dcat:DistributionShape/e0065293221c5851ec508ae96cd4ad03ffdedd19,UPSTREAM-POS-UPSTREAM-GEODCATAP-8A16DB903D3586DB1C4A,UPSTREAM-NEG-UPSTREAM-GEODCATAP-8A16DB903D3586DB1C4A
UPSTREAM-GEODCATAP-8A2E99F4DD9F61EFDDD0,"[""geo"",""network""]","[""http://www.w3.org/2006/vcard/ns#Address""]",http://www.w3.org/2006/vcard/ns#country-name,MUST,,,"[""http://www.w3.org/ns/shacl#Literal""]",[],Violation,"[{""language"":""ko"",""text"":""로컬 격리 증거: 원문 PropertyShape에는 메시지가 없으며 sh:nodeKind 제약을 검증한다."",""source"":""local-evidence"",""predicate"":null}]",MOLIT 로컬 적용 가이드(upstream 원문 보충 설명): <http://www.w3.org/2006/vcard/ns#country-name> 값을 <http://www.w3.org/ns/shacl#Literal> node kind로 바꾼다. 원문 constraint 값은 변경하지 않는다.,GeoDCAT-AP 3.1.0,"[""https://semiceu.github.io/GeoDCAT-AP/releases/3.1.0#Address(vCard).country""]",GeoDCAT-AP 3.1.0의 sh:nodeKind 제약을 변경 없이 채택한다. named PropertyShape의 원문 direct quad를 그대로 채택했다. 추가한 sh:targetNode는 격리 시험용이며 규범 의미를 바꾸지 않는다.,https://semiceu.github.io/GeoDCAT-AP/releases/3.1.0#vcard:AddressShape/5234ad4024f72ef2894b9a3c4070d21aa283ed87,UPSTREAM-POS-UPSTREAM-GEODCATAP-8A2E99F4DD9F61EFDDD0,UPSTREAM-NEG-UPSTREAM-GEODCATAP-8A2E99F4DD9F61EFDDD0
UPSTREAM-GEODCATAP-8A32FD2B1113DD21E4DA,"[""geo"",""network""]","[""http://www.w3.org/2004/02/skos/core#Concept""]",http://www.w3.org/2004/02/skos/core#prefLabel,MUST,1,,[],[],Violation,"[{""language"":""ko"",""text"":""로컬 격리 증거: 원문 PropertyShape에는 메시지가 없으며 sh:minCount 제약을 검증한다."",""source"":""local-evidence"",""predicate"":null}]",MOLIT 로컬 적용 가이드(upstream 원문 보충 설명): <http://www.w3.org/2004/02/skos/core#prefLabel> 값을 1개 이상 제공한다. 원문 constraint 값은 변경하지 않는다.,GeoDCAT-AP 3.1.0,"[""https://semiceu.github.io/GeoDCAT-AP/releases/3.1.0#Concept.preferredlabel""]",GeoDCAT-AP 3.1.0의 sh:minCount 제약을 변경 없이 채택한다. named PropertyShape의 원문 direct quad를 그대로 채택했다. 추가한 sh:targetNode는 격리 시험용이며 규범 의미를 바꾸지 않는다.,https://semiceu.github.io/GeoDCAT-AP/releases/3.1.0#skos:ConceptShape/e4d44fb0d3c41df2a4042ee73fec8d83fc141a60,UPSTREAM-POS-UPSTREAM-GEODCATAP-8A32FD2B1113DD21E4DA,UPSTREAM-NEG-UPSTREAM-GEODCATAP-8A32FD2B1113DD21E4DA
UPSTREAM-GEODCATAP-8A429E0B3C652BC71A2C,"[""geo"",""network""]","[""http://www.w3.org/ns/dcat#CatalogRecord""]",http://www.w3.org/ns/dcat#contactPoint,MUST,,,"[""http://www.w3.org/2006/vcard/ns#Kind""]",[],Violation,"[{""language"":""ko"",""text"":""로컬 격리 증거: 원문 PropertyShape에는 메시지가 없으며 sh:class 제약을 검증한다."",""source"":""local-evidence"",""predicate"":null}]",MOLIT 로컬 적용 가이드(upstream 원문 보충 설명): <http://www.w3.org/ns/dcat#contactPoint>의 모든 값에 rdf:type <http://www.w3.org/2006/vcard/ns#Kind>를 명시한다. 원문 constraint 값은 변경하지 않는다.,GeoDCAT-AP 3.1.0,"[""https://semiceu.github.io/GeoDCAT-AP/releases/3.1.0#CatalogueRecord.contactpoint""]",GeoDCAT-AP 3.1.0의 sh:class 제약을 변경 없이 채택한다. named PropertyShape의 원문 direct quad를 그대로 채택했다. 추가한 sh:targetNode는 격리 시험용이며 규범 의미를 바꾸지 않는다.,https://semiceu.github.io/GeoDCAT-AP/releases/3.1.0#dcat:CatalogRecordShape/7b6713c1f4a52e964f5db57eabef294b6d04e90e,UPSTREAM-POS-UPSTREAM-GEODCATAP-8A429E0B3C652BC71A2C,UPSTREAM-NEG-UPSTREAM-GEODCATAP-8A429E0B3C652BC71A2C
UPSTREAM-GEODCATAP-8AB03874F6E98A214558,"[""geo"",""network""]","[""http://www.w3.org/ns/dcat#DatasetSeries""]",http://purl.org/dc/terms/rights,MUST,,,"[""http://www.w3.org/ns/shacl#BlankNodeOrIRI""]",[],Violation,"[{""language"":""ko"",""text"":""로컬 격리 증거: 원문 PropertyShape에는 메시지가 없으며 sh:nodeKind 제약을 검증한다."",""source"":""local-evidence"",""predicate"":null}]",MOLIT 로컬 적용 가이드(upstream 원문 보충 설명): <http://purl.org/dc/terms/rights> 값을 <http://www.w3.org/ns/shacl#BlankNodeOrIRI> node kind로 바꾼다. 원문 constraint 값은 변경하지 않는다.,GeoDCAT-AP 3.1.0,"[""https://semiceu.github.io/GeoDCAT-AP/releases/3.1.0#DatasetSeries.rights""]",GeoDCAT-AP 3.1.0의 sh:nodeKind 제약을 변경 없이 채택한다. named PropertyShape의 원문 direct quad를 그대로 채택했다. 추가한 sh:targetNode는 격리 시험용이며 규범 의미를 바꾸지 않는다.,https://semiceu.github.io/GeoDCAT-AP/releases/3.1.0#dcat:DatasetSeriesShape/b4c4138f0581e7240ec4dd866004c56407b3705a,UPSTREAM-POS-UPSTREAM-GEODCATAP-8AB03874F6E98A214558,UPSTREAM-NEG-UPSTREAM-GEODCATAP-8AB03874F6E98A214558
UPSTREAM-GEODCATAP-8AC2A34BC0D441D6D4E5,"[""geo"",""network""]","[""http://www.w3.org/ns/dcat#DataService""]",http://data.europa.eu/930/processor,MUST,,,"[""http://xmlns.com/foaf/0.1/Agent""]",[],Violation,"[{""language"":""ko"",""text"":""로컬 격리 증거: 원문 PropertyShape에는 메시지가 없으며 sh:class 제약을 검증한다."",""source"":""local-evidence"",""predicate"":null}]",MOLIT 로컬 적용 가이드(upstream 원문 보충 설명): <http://data.europa.eu/930/processor>의 모든 값에 rdf:type <http://xmlns.com/foaf/0.1/Agent>를 명시한다. 원문 constraint 값은 변경하지 않는다.,GeoDCAT-AP 3.1.0,"[""https://semiceu.github.io/GeoDCAT-AP/releases/3.1.0#DataService.processor""]",GeoDCAT-AP 3.1.0의 sh:class 제약을 변경 없이 채택한다. named PropertyShape의 원문 direct quad를 그대로 채택했다. 추가한 sh:targetNode는 격리 시험용이며 규범 의미를 바꾸지 않는다.,https://semiceu.github.io/GeoDCAT-AP/releases/3.1.0#dcat:DataServiceShape/2772ea71869e38556ebc47c064607a25b9d5b6eb,UPSTREAM-POS-UPSTREAM-GEODCATAP-8AC2A34BC0D441D6D4E5,UPSTREAM-NEG-UPSTREAM-GEODCATAP-8AC2A34BC0D441D6D4E5
UPSTREAM-GEODCATAP-8AF32FB0E7B3DF19D669,"[""geo"",""network""]","[""http://www.w3.org/ns/dqv#QualityMeasurement""]",http://www.w3.org/ns/dqv#isMeasurementOf,MUST,,1,[],[],Violation,"[{""language"":""ko"",""text"":""로컬 격리 증거: 원문 PropertyShape에는 메시지가 없으며 sh:maxCount 제약을 검증한다."",""source"":""local-evidence"",""predicate"":null}]",MOLIT 로컬 적용 가이드(upstream 원문 보충 설명): <http://www.w3.org/ns/dqv#isMeasurementOf> 값을 1개 이하로 줄인다. 원문 constraint 값은 변경하지 않는다.,GeoDCAT-AP 3.1.0,"[""https://semiceu.github.io/GeoDCAT-AP/releases/3.1.0#QualityMeasurement.ismeasurementof""]",GeoDCAT-AP 3.1.0의 sh:maxCount 제약을 변경 없이 채택한다. named PropertyShape의 원문 direct quad를 그대로 채택했다. 추가한 sh:targetNode는 격리 시험용이며 규범 의미를 바꾸지 않는다.,https://semiceu.github.io/GeoDCAT-AP/releases/3.1.0#dqv:QualityMeasurementShape/1e3978debaf459e93f93435ea46e8f4a9087d985,UPSTREAM-POS-UPSTREAM-GEODCATAP-8AF32FB0E7B3DF19D669,UPSTREAM-NEG-UPSTREAM-GEODCATAP-8AF32FB0E7B3DF19D669
UPSTREAM-GEODCATAP-8BBD004E9402225C2D35,"[""geo"",""network""]","[""http://www.w3.org/ns/dcat#Dataset""]",http://www.w3.org/ns/dcat#theme,MUST,,,"[""http://www.w3.org/2004/02/skos/core#Concept""]",[],Violation,"[{""language"":""ko"",""text"":""로컬 격리 증거: 원문 PropertyShape에는 메시지가 없으며 sh:class 제약을 검증한다."",""source"":""local-evidence"",""predicate"":null}]",MOLIT 로컬 적용 가이드(upstream 원문 보충 설명): <http://www.w3.org/ns/dcat#theme>의 모든 값에 rdf:type <http://www.w3.org/2004/02/skos/core#Concept>를 명시한다. 원문 constraint 값은 변경하지 않는다.,GeoDCAT-AP 3.1.0,"[""https://semiceu.github.io/GeoDCAT-AP/releases/3.1.0#Dataset.theme""]",GeoDCAT-AP 3.1.0의 sh:class 제약을 변경 없이 채택한다. named PropertyShape의 원문 direct quad를 그대로 채택했다. 추가한 sh:targetNode는 격리 시험용이며 규범 의미를 바꾸지 않는다.,https://semiceu.github.io/GeoDCAT-AP/releases/3.1.0#dcat:DatasetShape/dede6a68a95ac0f43ca88def472d8fc001f86ebe,UPSTREAM-POS-UPSTREAM-GEODCATAP-8BBD004E9402225C2D35,UPSTREAM-NEG-UPSTREAM-GEODCATAP-8BBD004E9402225C2D35
UPSTREAM-GEODCATAP-8BBEF5833D8A4F80926C,"[""geo"",""network""]","[""http://www.w3.org/ns/dcat#DataService""]",http://purl.org/dc/terms/publisher,MUST,,,"[""http://www.w3.org/ns/shacl#BlankNodeOrIRI""]",[],Violation,"[{""language"":""ko"",""text"":""로컬 격리 증거: 원문 PropertyShape에는 메시지가 없으며 sh:nodeKind 제약을 검증한다."",""source"":""local-evidence"",""predicate"":null}]",MOLIT 로컬 적용 가이드(upstream 원문 보충 설명): <http://purl.org/dc/terms/publisher> 값을 <http://www.w3.org/ns/shacl#BlankNodeOrIRI> node kind로 바꾼다. 원문 constraint 값은 변경하지 않는다.,GeoDCAT-AP 3.1.0,"[""https://semiceu.github.io/GeoDCAT-AP/releases/3.1.0#DataService.publisher""]",GeoDCAT-AP 3.1.0의 sh:nodeKind 제약을 변경 없이 채택한다. named PropertyShape의 원문 direct quad를 그대로 채택했다. 추가한 sh:targetNode는 격리 시험용이며 규범 의미를 바꾸지 않는다.,https://semiceu.github.io/GeoDCAT-AP/releases/3.1.0#dcat:DataServiceShape/93f73e69bb03d2928fcf758a253ef316becdf9b9,UPSTREAM-POS-UPSTREAM-GEODCATAP-8BBEF5833D8A4F80926C,UPSTREAM-NEG-UPSTREAM-GEODCATAP-8BBEF5833D8A4F80926C
UPSTREAM-GEODCATAP-8C3EC45265BC4D14FCC3,"[""geo"",""network""]","[""http://www.w3.org/ns/dcat#Catalog""]",http://purl.org/dc/terms/temporal,MUST,,,"[""http://www.w3.org/ns/shacl#BlankNodeOrIRI""]",[],Violation,"[{""language"":""ko"",""text"":""로컬 격리 증거: 원문 PropertyShape에는 메시지가 없으며 sh:nodeKind 제약을 검증한다."",""source"":""local-evidence"",""predicate"":null}]",MOLIT 로컬 적용 가이드(upstream 원문 보충 설명): <http://purl.org/dc/terms/temporal> 값을 <http://www.w3.org/ns/shacl#BlankNodeOrIRI> node kind로 바꾼다. 원문 constraint 값은 변경하지 않는다.,GeoDCAT-AP 3.1.0,"[""https://semiceu.github.io/GeoDCAT-AP/releases/3.1.0#Catalogue.temporalcoverage""]",GeoDCAT-AP 3.1.0의 sh:nodeKind 제약을 변경 없이 채택한다. named PropertyShape의 원문 direct quad를 그대로 채택했다. 추가한 sh:targetNode는 격리 시험용이며 규범 의미를 바꾸지 않는다.,https://semiceu.github.io/GeoDCAT-AP/releases/3.1.0#dcat:CatalogShape/81d9e81dce75ad228913796fb0f52470b14df56b,UPSTREAM-POS-UPSTREAM-GEODCATAP-8C3EC45265BC4D14FCC3,UPSTREAM-NEG-UPSTREAM-GEODCATAP-8C3EC45265BC4D14FCC3
UPSTREAM-GEODCATAP-8C91E2CC801C9FD0BE7A,"[""geo"",""network""]","[""http://www.w3.org/ns/dcat#Distribution""]",http://purl.org/dc/terms/license,MUST,,,"[""http://www.w3.org/ns/shacl#BlankNodeOrIRI""]",[],Violation,"[{""language"":""ko"",""text"":""로컬 격리 증거: 원문 PropertyShape에는 메시지가 없으며 sh:nodeKind 제약을 검증한다."",""source"":""local-evidence"",""predicate"":null}]",MOLIT 로컬 적용 가이드(upstream 원문 보충 설명): <http://purl.org/dc/terms/license> 값을 <http://www.w3.org/ns/shacl#BlankNodeOrIRI> node kind로 바꾼다. 원문 constraint 값은 변경하지 않는다.,GeoDCAT-AP 3.1.0,"[""https://semiceu.github.io/GeoDCAT-AP/releases/3.1.0#Distribution.licence""]",GeoDCAT-AP 3.1.0의 sh:nodeKind 제약을 변경 없이 채택한다. named PropertyShape의 원문 direct quad를 그대로 채택했다. 추가한 sh:targetNode는 격리 시험용이며 규범 의미를 바꾸지 않는다.,https://semiceu.github.io/GeoDCAT-AP/releases/3.1.0#dcat:DistributionShape/f30149ffb6ec9d00dd5866b052105729fa27d02a,UPSTREAM-POS-UPSTREAM-GEODCATAP-8C91E2CC801C9FD0BE7A,UPSTREAM-NEG-UPSTREAM-GEODCATAP-8C91E2CC801C9FD0BE7A
UPSTREAM-GEODCATAP-8CF913FC58936849764E,"[""geo"",""network""]","[""http://www.w3.org/ns/dcat#DataService""]",http://data.europa.eu/930/referenceSystem,MUST,,,"[""http://www.w3.org/ns/shacl#BlankNodeOrIRI""]",[],Violation,"[{""language"":""ko"",""text"":""로컬 격리 증거: 원문 PropertyShape에는 메시지가 없으며 sh:nodeKind 제약을 검증한다."",""source"":""local-evidence"",""predicate"":null}]",MOLIT 로컬 적용 가이드(upstream 원문 보충 설명): <http://data.europa.eu/930/referenceSystem> 값을 <http://www.w3.org/ns/shacl#BlankNodeOrIRI> node kind로 바꾼다. 원문 constraint 값은 변경하지 않는다.,GeoDCAT-AP 3.1.0,"[""https://semiceu.github.io/GeoDCAT-AP/releases/3.1.0#DataService.referencesystem""]",GeoDCAT-AP 3.1.0의 sh:nodeKind 제약을 변경 없이 채택한다. named PropertyShape의 원문 direct quad를 그대로 채택했다. 추가한 sh:targetNode는 격리 시험용이며 규범 의미를 바꾸지 않는다.,https://semiceu.github.io/GeoDCAT-AP/releases/3.1.0#dcat:DataServiceShape/90d2d876025f695254da925395940ab829409254,UPSTREAM-POS-UPSTREAM-GEODCATAP-8CF913FC58936849764E,UPSTREAM-NEG-UPSTREAM-GEODCATAP-8CF913FC58936849764E
UPSTREAM-GEODCATAP-8D75A7FBB34606987146,"[""geo"",""network""]","[""http://www.w3.org/ns/dcat#Distribution""]",http://www.w3.org/ns/odrl/2/hasPolicy,MUST,,1,[],[],Violation,"[{""language"":""ko"",""text"":""로컬 격리 증거: 원문 PropertyShape에는 메시지가 없으며 sh:maxCount 제약을 검증한다."",""source"":""local-evidence"",""predicate"":null}]",MOLIT 로컬 적용 가이드(upstream 원문 보충 설명): <http://www.w3.org/ns/odrl/2/hasPolicy> 값을 1개 이하로 줄인다. 원문 constraint 값은 변경하지 않는다.,GeoDCAT-AP 3.1.0,"[""https://semiceu.github.io/GeoDCAT-AP/releases/3.1.0#Distribution.haspolicy""]",GeoDCAT-AP 3.1.0의 sh:maxCount 제약을 변경 없이 채택한다. named PropertyShape의 원문 direct quad를 그대로 채택했다. 추가한 sh:targetNode는 격리 시험용이며 규범 의미를 바꾸지 않는다.,https://semiceu.github.io/GeoDCAT-AP/releases/3.1.0#dcat:DistributionShape/36b68d0f06c0eacbbddd0d2891379c6d005dc861,UPSTREAM-POS-UPSTREAM-GEODCATAP-8D75A7FBB34606987146,UPSTREAM-NEG-UPSTREAM-GEODCATAP-8D75A7FBB34606987146
UPSTREAM-GEODCATAP-8E65A422F9BD0E1C5BF6,"[""geo"",""network""]","[""http://www.w3.org/ns/dcat#DatasetSeries""]",http://purl.org/dc/terms/description,MUST,1,,[],[],Violation,"[{""language"":""ko"",""text"":""로컬 격리 증거: 원문 PropertyShape에는 메시지가 없으며 sh:minCount 제약을 검증한다."",""source"":""local-evidence"",""predicate"":null}]",MOLIT 로컬 적용 가이드(upstream 원문 보충 설명): <http://purl.org/dc/terms/description> 값을 1개 이상 제공한다. 원문 constraint 값은 변경하지 않는다.,GeoDCAT-AP 3.1.0,"[""https://semiceu.github.io/GeoDCAT-AP/releases/3.1.0#DatasetSeries.description""]",GeoDCAT-AP 3.1.0의 sh:minCount 제약을 변경 없이 채택한다. named PropertyShape의 원문 direct quad를 그대로 채택했다. 추가한 sh:targetNode는 격리 시험용이며 규범 의미를 바꾸지 않는다.,https://semiceu.github.io/GeoDCAT-AP/releases/3.1.0#dcat:DatasetSeriesShape/8f61614144aa7bca188b24f5976593dc08aad0e6,UPSTREAM-POS-UPSTREAM-GEODCATAP-8E65A422F9BD0E1C5BF6,UPSTREAM-NEG-UPSTREAM-GEODCATAP-8E65A422F9BD0E1C5BF6
UPSTREAM-GEODCATAP-8E81B33CEF648EE607ED,"[""geo"",""network""]","[""http://www.w3.org/ns/dcat#Catalog""]",http://purl.org/dc/terms/rights,MUST,,,"[""http://purl.org/dc/terms/RightsStatement""]",[],Violation,"[{""language"":""ko"",""text"":""로컬 격리 증거: 원문 PropertyShape에는 메시지가 없으며 sh:class 제약을 검증한다."",""source"":""local-evidence"",""predicate"":null}]",MOLIT 로컬 적용 가이드(upstream 원문 보충 설명): <http://purl.org/dc/terms/rights>의 모든 값에 rdf:type <http://purl.org/dc/terms/RightsStatement>를 명시한다. 원문 constraint 값은 변경하지 않는다.,GeoDCAT-AP 3.1.0,"[""https://semiceu.github.io/GeoDCAT-AP/releases/3.1.0#Catalogue.rights""]",GeoDCAT-AP 3.1.0의 sh:class 제약을 변경 없이 채택한다. named PropertyShape의 원문 direct quad를 그대로 채택했다. 추가한 sh:targetNode는 격리 시험용이며 규범 의미를 바꾸지 않는다.,https://semiceu.github.io/GeoDCAT-AP/releases/3.1.0#dcat:CatalogShape/99435c17158fbaa12d1d955b8886d5bf935ab016,UPSTREAM-POS-UPSTREAM-GEODCATAP-8E81B33CEF648EE607ED,UPSTREAM-NEG-UPSTREAM-GEODCATAP-8E81B33CEF648EE607ED
UPSTREAM-GEODCATAP-8F2C1C3C845BD7782294,"[""geo"",""network""]","[""http://www.w3.org/ns/dcat#Distribution""]",http://www.w3.org/ns/dcat#compressFormat,MUST,,,"[""http://www.w3.org/ns/shacl#BlankNodeOrIRI""]",[],Violation,"[{""language"":""ko"",""text"":""로컬 격리 증거: 원문 PropertyShape에는 메시지가 없으며 sh:nodeKind 제약을 검증한다."",""source"":""local-evidence"",""predicate"":null}]",MOLIT 로컬 적용 가이드(upstream 원문 보충 설명): <http://www.w3.org/ns/dcat#compressFormat> 값을 <http://www.w3.org/ns/shacl#BlankNodeOrIRI> node kind로 바꾼다. 원문 constraint 값은 변경하지 않는다.,GeoDCAT-AP 3.1.0,"[""https://semiceu.github.io/GeoDCAT-AP/releases/3.1.0#Distribution.compressionformat""]",GeoDCAT-AP 3.1.0의 sh:nodeKind 제약을 변경 없이 채택한다. named PropertyShape의 원문 direct quad를 그대로 채택했다. 추가한 sh:targetNode는 격리 시험용이며 규범 의미를 바꾸지 않는다.,https://semiceu.github.io/GeoDCAT-AP/releases/3.1.0#dcat:DistributionShape/767d3c883420029775eaa27192a9a4a004e31fce,UPSTREAM-POS-UPSTREAM-GEODCATAP-8F2C1C3C845BD7782294,UPSTREAM-NEG-UPSTREAM-GEODCATAP-8F2C1C3C845BD7782294
UPSTREAM-GEODCATAP-91EC2FD3A6D8B7C9857B,"[""geo"",""network""]","[""http://www.w3.org/ns/dcat#DatasetSeries""]",http://purl.org/dc/terms/conformsTo,MUST,,,"[""http://purl.org/dc/terms/Standard""]",[],Violation,"[{""language"":""ko"",""text"":""로컬 격리 증거: 원문 PropertyShape에는 메시지가 없으며 sh:class 제약을 검증한다."",""source"":""local-evidence"",""predicate"":null}]",MOLIT 로컬 적용 가이드(upstream 원문 보충 설명): <http://purl.org/dc/terms/conformsTo>의 모든 값에 rdf:type <http://purl.org/dc/terms/Standard>를 명시한다. 원문 constraint 값은 변경하지 않는다.,GeoDCAT-AP 3.1.0,"[""https://semiceu.github.io/GeoDCAT-AP/releases/3.1.0#DatasetSeries.conformsto""]",GeoDCAT-AP 3.1.0의 sh:class 제약을 변경 없이 채택한다. named PropertyShape의 원문 direct quad를 그대로 채택했다. 추가한 sh:targetNode는 격리 시험용이며 규범 의미를 바꾸지 않는다.,https://semiceu.github.io/GeoDCAT-AP/releases/3.1.0#dcat:DatasetSeriesShape/c84f7330b9538a899ebb875c44dc23c9882e74ac,UPSTREAM-POS-UPSTREAM-GEODCATAP-91EC2FD3A6D8B7C9857B,UPSTREAM-NEG-UPSTREAM-GEODCATAP-91EC2FD3A6D8B7C9857B
UPSTREAM-GEODCATAP-92EF88C9638616588504,"[""geo"",""network""]","[""http://www.w3.org/ns/prov#Entity""]",http://www.w3.org/ns/prov#qualifiedAssociation,MUST,,,"[""http://www.w3.org/ns/shacl#BlankNodeOrIRI""]",[],Violation,"[{""language"":""ko"",""text"":""로컬 격리 증거: 원문 PropertyShape에는 메시지가 없으며 sh:nodeKind 제약을 검증한다."",""source"":""local-evidence"",""predicate"":null}]",MOLIT 로컬 적용 가이드(upstream 원문 보충 설명): <http://www.w3.org/ns/prov#qualifiedAssociation> 값을 <http://www.w3.org/ns/shacl#BlankNodeOrIRI> node kind로 바꾼다. 원문 constraint 값은 변경하지 않는다.,GeoDCAT-AP 3.1.0,"[""https://semiceu.github.io/GeoDCAT-AP/releases/3.1.0#Entity.qualifiedassociation""]",GeoDCAT-AP 3.1.0의 sh:nodeKind 제약을 변경 없이 채택한다. named PropertyShape의 원문 direct quad를 그대로 채택했다. 추가한 sh:targetNode는 격리 시험용이며 규범 의미를 바꾸지 않는다.,https://semiceu.github.io/GeoDCAT-AP/releases/3.1.0#prov:EntityShape/3ccdc77e5093f106847bf5c643da1a307497b8b8,UPSTREAM-POS-UPSTREAM-GEODCATAP-92EF88C9638616588504,UPSTREAM-NEG-UPSTREAM-GEODCATAP-92EF88C9638616588504
UPSTREAM-GEODCATAP-937EA6EC83198558B50D,"[""geo"",""network""]","[""http://purl.org/dc/terms/RightsStatement""]",http://purl.org/dc/terms/description,MUST,,,"[""http://www.w3.org/ns/shacl#Literal""]",[],Violation,"[{""language"":""ko"",""text"":""로컬 격리 증거: 원문 PropertyShape에는 메시지가 없으며 sh:nodeKind 제약을 검증한다."",""source"":""local-evidence"",""predicate"":null}]",MOLIT 로컬 적용 가이드(upstream 원문 보충 설명): <http://purl.org/dc/terms/description> 값을 <http://www.w3.org/ns/shacl#Literal> node kind로 바꾼다. 원문 constraint 값은 변경하지 않는다.,GeoDCAT-AP 3.1.0,"[""https://semiceu.github.io/GeoDCAT-AP/releases/3.1.0#Rightsstatement.rightsstatementtext""]",GeoDCAT-AP 3.1.0의 sh:nodeKind 제약을 변경 없이 채택한다. named PropertyShape의 원문 direct quad를 그대로 채택했다. 추가한 sh:targetNode는 격리 시험용이며 규범 의미를 바꾸지 않는다.,https://semiceu.github.io/GeoDCAT-AP/releases/3.1.0#dct:RightsStatementShape/2059f6f9e380311e3d57ed6c32dbed87407340d3,UPSTREAM-POS-UPSTREAM-GEODCATAP-937EA6EC83198558B50D,UPSTREAM-NEG-UPSTREAM-GEODCATAP-937EA6EC83198558B50D
UPSTREAM-GEODCATAP-93EF4FB81C27C974C6D9,"[""geo"",""network""]","[""http://www.w3.org/ns/dcat#Distribution""]",http://data.europa.eu/930/referenceSystem,MUST,,,"[""http://www.w3.org/ns/shacl#BlankNodeOrIRI""]",[],Violation,"[{""language"":""ko"",""text"":""로컬 격리 증거: 원문 PropertyShape에는 메시지가 없으며 sh:nodeKind 제약을 검증한다."",""source"":""local-evidence"",""predicate"":null}]",MOLIT 로컬 적용 가이드(upstream 원문 보충 설명): <http://data.europa.eu/930/referenceSystem> 값을 <http://www.w3.org/ns/shacl#BlankNodeOrIRI> node kind로 바꾼다. 원문 constraint 값은 변경하지 않는다.,GeoDCAT-AP 3.1.0,"[""https://semiceu.github.io/GeoDCAT-AP/releases/3.1.0#Distribution.referencesystem""]",GeoDCAT-AP 3.1.0의 sh:nodeKind 제약을 변경 없이 채택한다. named PropertyShape의 원문 direct quad를 그대로 채택했다. 추가한 sh:targetNode는 격리 시험용이며 규범 의미를 바꾸지 않는다.,https://semiceu.github.io/GeoDCAT-AP/releases/3.1.0#dcat:DistributionShape/90d2d876025f695254da925395940ab829409254,UPSTREAM-POS-UPSTREAM-GEODCATAP-93EF4FB81C27C974C6D9,UPSTREAM-NEG-UPSTREAM-GEODCATAP-93EF4FB81C27C974C6D9
UPSTREAM-GEODCATAP-93FB64729A4E5041D6E3,"[""geo"",""network""]","[""http://www.w3.org/ns/dcat#Distribution""]",http://spdx.org/rdf/terms#checksum,MUST,,1,[],[],Violation,"[{""language"":""ko"",""text"":""로컬 격리 증거: 원문 PropertyShape에는 메시지가 없으며 sh:maxCount 제약을 검증한다."",""source"":""local-evidence"",""predicate"":null}]",MOLIT 로컬 적용 가이드(upstream 원문 보충 설명): <http://spdx.org/rdf/terms#checksum> 값을 1개 이하로 줄인다. 원문 constraint 값은 변경하지 않는다.,GeoDCAT-AP 3.1.0,"[""https://semiceu.github.io/GeoDCAT-AP/releases/3.1.0#Distribution.checksum""]",GeoDCAT-AP 3.1.0의 sh:maxCount 제약을 변경 없이 채택한다. named PropertyShape의 원문 direct quad를 그대로 채택했다. 추가한 sh:targetNode는 격리 시험용이며 규범 의미를 바꾸지 않는다.,https://semiceu.github.io/GeoDCAT-AP/releases/3.1.0#dcat:DistributionShape/73765ca7a6e23ef17cf4e67a576e90a0c391f1c1,UPSTREAM-POS-UPSTREAM-GEODCATAP-93FB64729A4E5041D6E3,UPSTREAM-NEG-UPSTREAM-GEODCATAP-93FB64729A4E5041D6E3
UPSTREAM-GEODCATAP-9450F41F4BE005ED35F7,"[""geo"",""network""]","[""http://www.w3.org/ns/dcat#CatalogRecord""]",http://www.w3.org/ns/prov#qualifiedAttribution,MUST,,,"[""http://www.w3.org/ns/prov#Attribution""]",[],Violation,"[{""language"":""ko"",""text"":""로컬 격리 증거: 원문 PropertyShape에는 메시지가 없으며 sh:class 제약을 검증한다."",""source"":""local-evidence"",""predicate"":null}]",MOLIT 로컬 적용 가이드(upstream 원문 보충 설명): <http://www.w3.org/ns/prov#qualifiedAttribution>의 모든 값에 rdf:type <http://www.w3.org/ns/prov#Attribution>를 명시한다. 원문 constraint 값은 변경하지 않는다.,GeoDCAT-AP 3.1.0,"[""https://semiceu.github.io/GeoDCAT-AP/releases/3.1.0#CatalogueRecord.qualifiedattribution""]",GeoDCAT-AP 3.1.0의 sh:class 제약을 변경 없이 채택한다. named PropertyShape의 원문 direct quad를 그대로 채택했다. 추가한 sh:targetNode는 격리 시험용이며 규범 의미를 바꾸지 않는다.,https://semiceu.github.io/GeoDCAT-AP/releases/3.1.0#dcat:CatalogRecordShape/837b9dc79bed1a4d15f6f9094b596dd177944ab6,UPSTREAM-POS-UPSTREAM-GEODCATAP-9450F41F4BE005ED35F7,UPSTREAM-NEG-UPSTREAM-GEODCATAP-9450F41F4BE005ED35F7
UPSTREAM-GEODCATAP-953CFC9C5CE2A7B9677E,"[""geo"",""network""]","[""http://www.w3.org/ns/dcat#CatalogRecord""]",http://data.europa.eu/930/principalInvestigator,MUST,,,"[""http://www.w3.org/ns/shacl#BlankNodeOrIRI""]",[],Violation,"[{""language"":""ko"",""text"":""로컬 격리 증거: 원문 PropertyShape에는 메시지가 없으며 sh:nodeKind 제약을 검증한다."",""source"":""local-evidence"",""predicate"":null}]",MOLIT 로컬 적용 가이드(upstream 원문 보충 설명): <http://data.europa.eu/930/principalInvestigator> 값을 <http://www.w3.org/ns/shacl#BlankNodeOrIRI> node kind로 바꾼다. 원문 constraint 값은 변경하지 않는다.,GeoDCAT-AP 3.1.0,"[""https://semiceu.github.io/GeoDCAT-AP/releases/3.1.0#CatalogueRecord.principalinvestigator""]",GeoDCAT-AP 3.1.0의 sh:nodeKind 제약을 변경 없이 채택한다. named PropertyShape의 원문 direct quad를 그대로 채택했다. 추가한 sh:targetNode는 격리 시험용이며 규범 의미를 바꾸지 않는다.,https://semiceu.github.io/GeoDCAT-AP/releases/3.1.0#dcat:CatalogRecordShape/332a16958cb700460c864d15f17f0a67ca9cf034,UPSTREAM-POS-UPSTREAM-GEODCATAP-953CFC9C5CE2A7B9677E,UPSTREAM-NEG-UPSTREAM-GEODCATAP-953CFC9C5CE2A7B9677E
UPSTREAM-GEODCATAP-95CD70C3EB345321F70E,"[""geo"",""network""]","[""http://www.w3.org/ns/dcat#Relationship""]",http://www.w3.org/ns/dcat#hadRole,MUST,,,"[""http://www.w3.org/ns/shacl#BlankNodeOrIRI""]",[],Violation,"[{""language"":""ko"",""text"":""로컬 격리 증거: 원문 PropertyShape에는 메시지가 없으며 sh:nodeKind 제약을 검증한다."",""source"":""local-evidence"",""predicate"":null}]",MOLIT 로컬 적용 가이드(upstream 원문 보충 설명): <http://www.w3.org/ns/dcat#hadRole> 값을 <http://www.w3.org/ns/shacl#BlankNodeOrIRI> node kind로 바꾼다. 원문 constraint 값은 변경하지 않는다.,GeoDCAT-AP 3.1.0,"[""https://semiceu.github.io/GeoDCAT-AP/releases/3.1.0#Relationship.hadrole""]",GeoDCAT-AP 3.1.0의 sh:nodeKind 제약을 변경 없이 채택한다. named PropertyShape의 원문 direct quad를 그대로 채택했다. 추가한 sh:targetNode는 격리 시험용이며 규범 의미를 바꾸지 않는다.,https://semiceu.github.io/GeoDCAT-AP/releases/3.1.0#dcat:RelationshipShape/5945770a55865eb52bf4cbcac7847889d16a2926,UPSTREAM-POS-UPSTREAM-GEODCATAP-95CD70C3EB345321F70E,UPSTREAM-NEG-UPSTREAM-GEODCATAP-95CD70C3EB345321F70E
UPSTREAM-GEODCATAP-961499ACD5B5EE91B350,"[""geo"",""network""]","[""http://www.w3.org/ns/dcat#Catalog""]",http://purl.org/dc/terms/identifier,MUST,,,"[""http://www.w3.org/ns/shacl#Literal""]",[],Violation,"[{""language"":""ko"",""text"":""로컬 격리 증거: 원문 PropertyShape에는 메시지가 없으며 sh:nodeKind 제약을 검증한다."",""source"":""local-evidence"",""predicate"":null}]",MOLIT 로컬 적용 가이드(upstream 원문 보충 설명): <http://purl.org/dc/terms/identifier> 값을 <http://www.w3.org/ns/shacl#Literal> node kind로 바꾼다. 원문 constraint 값은 변경하지 않는다.,GeoDCAT-AP 3.1.0,"[""https://semiceu.github.io/GeoDCAT-AP/releases/3.1.0#Catalogue.identifier""]",GeoDCAT-AP 3.1.0의 sh:nodeKind 제약을 변경 없이 채택한다. named PropertyShape의 원문 direct quad를 그대로 채택했다. 추가한 sh:targetNode는 격리 시험용이며 규범 의미를 바꾸지 않는다.,https://semiceu.github.io/GeoDCAT-AP/releases/3.1.0#dcat:CatalogShape/aadbd67a77a624f073be2076627fb9dc883cbe48,UPSTREAM-POS-UPSTREAM-GEODCATAP-961499ACD5B5EE91B350,UPSTREAM-NEG-UPSTREAM-GEODCATAP-961499ACD5B5EE91B350
UPSTREAM-GEODCATAP-967DF57E564051736DC3,"[""geo"",""network""]","[""http://www.w3.org/ns/dcat#Catalog""]",http://www.w3.org/ns/prov#qualifiedAttribution,MUST,,,"[""http://www.w3.org/ns/prov#Attribution""]",[],Violation,"[{""language"":""ko"",""text"":""로컬 격리 증거: 원문 PropertyShape에는 메시지가 없으며 sh:class 제약을 검증한다."",""source"":""local-evidence"",""predicate"":null}]",MOLIT 로컬 적용 가이드(upstream 원문 보충 설명): <http://www.w3.org/ns/prov#qualifiedAttribution>의 모든 값에 rdf:type <http://www.w3.org/ns/prov#Attribution>를 명시한다. 원문 constraint 값은 변경하지 않는다.,GeoDCAT-AP 3.1.0,"[""https://semiceu.github.io/GeoDCAT-AP/releases/3.1.0#Catalogue.qualifiedattribution""]",GeoDCAT-AP 3.1.0의 sh:class 제약을 변경 없이 채택한다. named PropertyShape의 원문 direct quad를 그대로 채택했다. 추가한 sh:targetNode는 격리 시험용이며 규범 의미를 바꾸지 않는다.,https://semiceu.github.io/GeoDCAT-AP/releases/3.1.0#dcat:CatalogShape/837b9dc79bed1a4d15f6f9094b596dd177944ab6,UPSTREAM-POS-UPSTREAM-GEODCATAP-967DF57E564051736DC3,UPSTREAM-NEG-UPSTREAM-GEODCATAP-967DF57E564051736DC3
UPSTREAM-GEODCATAP-96893004347B4D0A4C1C,"[""geo"",""network""]","[""http://www.w3.org/ns/dcat#DatasetSeries""]",http://www.w3.org/ns/dcat#theme,MUST,,,"[""http://www.w3.org/ns/shacl#BlankNodeOrIRI""]",[],Violation,"[{""language"":""ko"",""text"":""로컬 격리 증거: 원문 PropertyShape에는 메시지가 없으며 sh:nodeKind 제약을 검증한다."",""source"":""local-evidence"",""predicate"":null}]",MOLIT 로컬 적용 가이드(upstream 원문 보충 설명): <http://www.w3.org/ns/dcat#theme> 값을 <http://www.w3.org/ns/shacl#BlankNodeOrIRI> node kind로 바꾼다. 원문 constraint 값은 변경하지 않는다.,GeoDCAT-AP 3.1.0,"[""https://semiceu.github.io/GeoDCAT-AP/releases/3.1.0#DatasetSeries.theme""]",GeoDCAT-AP 3.1.0의 sh:nodeKind 제약을 변경 없이 채택한다. named PropertyShape의 원문 direct quad를 그대로 채택했다. 추가한 sh:targetNode는 격리 시험용이며 규범 의미를 바꾸지 않는다.,https://semiceu.github.io/GeoDCAT-AP/releases/3.1.0#dcat:DatasetSeriesShape/9678e29dc284ba14312bf01cd0a581b960b77a08,UPSTREAM-POS-UPSTREAM-GEODCATAP-96893004347B4D0A4C1C,UPSTREAM-NEG-UPSTREAM-GEODCATAP-96893004347B4D0A4C1C
UPSTREAM-GEODCATAP-97CCBD1416151FD897EA,"[""geo"",""network""]","[""http://www.w3.org/ns/dcat#DatasetSeries""]",http://www.w3.org/ns/prov#wasUsedBy,MUST,,,"[""http://www.w3.org/ns/shacl#BlankNodeOrIRI""]",[],Violation,"[{""language"":""ko"",""text"":""로컬 격리 증거: 원문 PropertyShape에는 메시지가 없으며 sh:nodeKind 제약을 검증한다."",""source"":""local-evidence"",""predicate"":null}]",MOLIT 로컬 적용 가이드(upstream 원문 보충 설명): <http://www.w3.org/ns/prov#wasUsedBy> 값을 <http://www.w3.org/ns/shacl#BlankNodeOrIRI> node kind로 바꾼다. 원문 constraint 값은 변경하지 않는다.,GeoDCAT-AP 3.1.0,"[""https://semiceu.github.io/GeoDCAT-AP/releases/3.1.0#DatasetSeries.wasusedby""]",GeoDCAT-AP 3.1.0의 sh:nodeKind 제약을 변경 없이 채택한다. named PropertyShape의 원문 direct quad를 그대로 채택했다. 추가한 sh:targetNode는 격리 시험용이며 규범 의미를 바꾸지 않는다.,https://semiceu.github.io/GeoDCAT-AP/releases/3.1.0#dcat:DatasetSeriesShape/b0ccd926f364c1ae79f5ea36fa0146188fcec226,UPSTREAM-POS-UPSTREAM-GEODCATAP-97CCBD1416151FD897EA,UPSTREAM-NEG-UPSTREAM-GEODCATAP-97CCBD1416151FD897EA
UPSTREAM-GEODCATAP-97E3DB75CABD4519D50B,"[""geo"",""network""]","[""http://www.w3.org/ns/dcat#Catalog""]",http://purl.org/dc/terms/accessRights,MUST,,1,[],[],Violation,"[{""language"":""ko"",""text"":""로컬 격리 증거: 원문 PropertyShape에는 메시지가 없으며 sh:maxCount 제약을 검증한다."",""source"":""local-evidence"",""predicate"":null}]",MOLIT 로컬 적용 가이드(upstream 원문 보충 설명): <http://purl.org/dc/terms/accessRights> 값을 1개 이하로 줄인다. 원문 constraint 값은 변경하지 않는다.,GeoDCAT-AP 3.1.0,"[""https://semiceu.github.io/GeoDCAT-AP/releases/3.1.0#Catalogue.accessrights""]",GeoDCAT-AP 3.1.0의 sh:maxCount 제약을 변경 없이 채택한다. named PropertyShape의 원문 direct quad를 그대로 채택했다. 추가한 sh:targetNode는 격리 시험용이며 규범 의미를 바꾸지 않는다.,https://semiceu.github.io/GeoDCAT-AP/releases/3.1.0#dcat:CatalogShape/7a20e2eb5f5549088fd53fa93fab0958019f267e,UPSTREAM-POS-UPSTREAM-GEODCATAP-97E3DB75CABD4519D50B,UPSTREAM-NEG-UPSTREAM-GEODCATAP-97E3DB75CABD4519D50B
UPSTREAM-GEODCATAP-98578E49011DC64F2466,"[""geo"",""network""]","[""http://www.w3.org/ns/dcat#DatasetSeries""]",http://www.w3.org/ns/prov#qualifiedAttribution,MUST,,,"[""http://www.w3.org/ns/prov#Attribution""]",[],Violation,"[{""language"":""ko"",""text"":""로컬 격리 증거: 원문 PropertyShape에는 메시지가 없으며 sh:class 제약을 검증한다."",""source"":""local-evidence"",""predicate"":null}]",MOLIT 로컬 적용 가이드(upstream 원문 보충 설명): <http://www.w3.org/ns/prov#qualifiedAttribution>의 모든 값에 rdf:type <http://www.w3.org/ns/prov#Attribution>를 명시한다. 원문 constraint 값은 변경하지 않는다.,GeoDCAT-AP 3.1.0,"[""https://semiceu.github.io/GeoDCAT-AP/releases/3.1.0#DatasetSeries.qualifiedattribution""]",GeoDCAT-AP 3.1.0의 sh:class 제약을 변경 없이 채택한다. named PropertyShape의 원문 direct quad를 그대로 채택했다. 추가한 sh:targetNode는 격리 시험용이며 규범 의미를 바꾸지 않는다.,https://semiceu.github.io/GeoDCAT-AP/releases/3.1.0#dcat:DatasetSeriesShape/837b9dc79bed1a4d15f6f9094b596dd177944ab6,UPSTREAM-POS-UPSTREAM-GEODCATAP-98578E49011DC64F2466,UPSTREAM-NEG-UPSTREAM-GEODCATAP-98578E49011DC64F2466
UPSTREAM-GEODCATAP-98627C7DA5918AEAB382,"[""geo"",""network""]","[""http://www.w3.org/ns/dcat#CatalogRecord""]",http://data.europa.eu/930/processor,MUST,,,"[""http://www.w3.org/ns/shacl#BlankNodeOrIRI""]",[],Violation,"[{""language"":""ko"",""text"":""로컬 격리 증거: 원문 PropertyShape에는 메시지가 없으며 sh:nodeKind 제약을 검증한다."",""source"":""local-evidence"",""predicate"":null}]",MOLIT 로컬 적용 가이드(upstream 원문 보충 설명): <http://data.europa.eu/930/processor> 값을 <http://www.w3.org/ns/shacl#BlankNodeOrIRI> node kind로 바꾼다. 원문 constraint 값은 변경하지 않는다.,GeoDCAT-AP 3.1.0,"[""https://semiceu.github.io/GeoDCAT-AP/releases/3.1.0#CatalogueRecord.processor""]",GeoDCAT-AP 3.1.0의 sh:nodeKind 제약을 변경 없이 채택한다. named PropertyShape의 원문 direct quad를 그대로 채택했다. 추가한 sh:targetNode는 격리 시험용이며 규범 의미를 바꾸지 않는다.,https://semiceu.github.io/GeoDCAT-AP/releases/3.1.0#dcat:CatalogRecordShape/6c19a6337121f15029388b949ea0dab772437b2a,UPSTREAM-POS-UPSTREAM-GEODCATAP-98627C7DA5918AEAB382,UPSTREAM-NEG-UPSTREAM-GEODCATAP-98627C7DA5918AEAB382
UPSTREAM-GEODCATAP-989400FBB85C44EB7916,"[""geo"",""network""]","[""http://www.w3.org/ns/dcat#CatalogRecord""]",http://purl.org/dc/terms/language,MUST,,,"[""http://www.w3.org/ns/shacl#BlankNodeOrIRI""]",[],Violation,"[{""language"":""ko"",""text"":""로컬 격리 증거: 원문 PropertyShape에는 메시지가 없으며 sh:nodeKind 제약을 검증한다."",""source"":""local-evidence"",""predicate"":null}]",MOLIT 로컬 적용 가이드(upstream 원문 보충 설명): <http://purl.org/dc/terms/language> 값을 <http://www.w3.org/ns/shacl#BlankNodeOrIRI> node kind로 바꾼다. 원문 constraint 값은 변경하지 않는다.,GeoDCAT-AP 3.1.0,"[""https://semiceu.github.io/GeoDCAT-AP/releases/3.1.0#CatalogueRecord.language""]",GeoDCAT-AP 3.1.0의 sh:nodeKind 제약을 변경 없이 채택한다. named PropertyShape의 원문 direct quad를 그대로 채택했다. 추가한 sh:targetNode는 격리 시험용이며 규범 의미를 바꾸지 않는다.,https://semiceu.github.io/GeoDCAT-AP/releases/3.1.0#dcat:CatalogRecordShape/db878f1cb93930f64561d0504123c66feacfad5a,UPSTREAM-POS-UPSTREAM-GEODCATAP-989400FBB85C44EB7916,UPSTREAM-NEG-UPSTREAM-GEODCATAP-989400FBB85C44EB7916
UPSTREAM-GEODCATAP-989CD16AEE887EAEE4C6,"[""geo"",""network""]","[""http://www.w3.org/ns/dqv#Metric""]",http://www.w3.org/ns/dqv#inDimension,MUST,,1,[],[],Violation,"[{""language"":""ko"",""text"":""로컬 격리 증거: 원문 PropertyShape에는 메시지가 없으며 sh:maxCount 제약을 검증한다."",""source"":""local-evidence"",""predicate"":null}]",MOLIT 로컬 적용 가이드(upstream 원문 보충 설명): <http://www.w3.org/ns/dqv#inDimension> 값을 1개 이하로 줄인다. 원문 constraint 값은 변경하지 않는다.,GeoDCAT-AP 3.1.0,"[""https://semiceu.github.io/GeoDCAT-AP/releases/3.1.0#Metric.dimension""]",GeoDCAT-AP 3.1.0의 sh:maxCount 제약을 변경 없이 채택한다. named PropertyShape의 원문 direct quad를 그대로 채택했다. 추가한 sh:targetNode는 격리 시험용이며 규범 의미를 바꾸지 않는다.,https://semiceu.github.io/GeoDCAT-AP/releases/3.1.0#dqv:MetricShape/69286c26bab408cf2db4ec27fa39d3c158ada785,UPSTREAM-POS-UPSTREAM-GEODCATAP-989CD16AEE887EAEE4C6,UPSTREAM-NEG-UPSTREAM-GEODCATAP-989CD16AEE887EAEE4C6
UPSTREAM-GEODCATAP-989E2A4E3F3B364A96CC,"[""geo"",""network""]","[""http://www.w3.org/ns/dcat#Distribution""]",http://www.w3.org/ns/dcat#accessService,MUST,,,"[""http://www.w3.org/ns/dcat#DataService""]",[],Violation,"[{""language"":""ko"",""text"":""로컬 격리 증거: 원문 PropertyShape에는 메시지가 없으며 sh:class 제약을 검증한다."",""source"":""local-evidence"",""predicate"":null}]",MOLIT 로컬 적용 가이드(upstream 원문 보충 설명): <http://www.w3.org/ns/dcat#accessService>의 모든 값에 rdf:type <http://www.w3.org/ns/dcat#DataService>를 명시한다. 원문 constraint 값은 변경하지 않는다.,GeoDCAT-AP 3.1.0,"[""https://semiceu.github.io/GeoDCAT-AP/releases/3.1.0#Distribution.accessservice""]",GeoDCAT-AP 3.1.0의 sh:class 제약을 변경 없이 채택한다. named PropertyShape의 원문 direct quad를 그대로 채택했다. 추가한 sh:targetNode는 격리 시험용이며 규범 의미를 바꾸지 않는다.,https://semiceu.github.io/GeoDCAT-AP/releases/3.1.0#dcat:DistributionShape/7434c99492683a2fb06dcdcf1f238671caf3d462,UPSTREAM-POS-UPSTREAM-GEODCATAP-989E2A4E3F3B364A96CC,UPSTREAM-NEG-UPSTREAM-GEODCATAP-989E2A4E3F3B364A96CC
UPSTREAM-GEODCATAP-997D0849F0CD2F257A73,"[""geo"",""network""]","[""http://www.w3.org/ns/dcat#Catalog""]",http://purl.org/dc/terms/publisher,MUST,,,"[""http://xmlns.com/foaf/0.1/Agent""]",[],Violation,"[{""language"":""ko"",""text"":""로컬 격리 증거: 원문 PropertyShape에는 메시지가 없으며 sh:class 제약을 검증한다."",""source"":""local-evidence"",""predicate"":null}]",MOLIT 로컬 적용 가이드(upstream 원문 보충 설명): <http://purl.org/dc/terms/publisher>의 모든 값에 rdf:type <http://xmlns.com/foaf/0.1/Agent>를 명시한다. 원문 constraint 값은 변경하지 않는다.,GeoDCAT-AP 3.1.0,"[""https://semiceu.github.io/GeoDCAT-AP/releases/3.1.0#Catalogue.publisher""]",GeoDCAT-AP 3.1.0의 sh:class 제약을 변경 없이 채택한다. named PropertyShape의 원문 direct quad를 그대로 채택했다. 추가한 sh:targetNode는 격리 시험용이며 규범 의미를 바꾸지 않는다.,https://semiceu.github.io/GeoDCAT-AP/releases/3.1.0#dcat:CatalogShape/b3ec0655204c62a2531244aaeab12f1a2c5e5b5d,UPSTREAM-POS-UPSTREAM-GEODCATAP-997D0849F0CD2F257A73,UPSTREAM-NEG-UPSTREAM-GEODCATAP-997D0849F0CD2F257A73
UPSTREAM-GEODCATAP-99B0D6CEF2B67499B824,"[""geo"",""network""]","[""http://www.w3.org/ns/dcat#DataService""]",http://www.w3.org/ns/dcat#landingPage,MUST,,,"[""http://xmlns.com/foaf/0.1/Document""]",[],Violation,"[{""language"":""ko"",""text"":""로컬 격리 증거: 원문 PropertyShape에는 메시지가 없으며 sh:class 제약을 검증한다."",""source"":""local-evidence"",""predicate"":null}]",MOLIT 로컬 적용 가이드(upstream 원문 보충 설명): <http://www.w3.org/ns/dcat#landingPage>의 모든 값에 rdf:type <http://xmlns.com/foaf/0.1/Document>를 명시한다. 원문 constraint 값은 변경하지 않는다.,GeoDCAT-AP 3.1.0,"[""https://semiceu.github.io/GeoDCAT-AP/releases/3.1.0#DataService.landingpage""]",GeoDCAT-AP 3.1.0의 sh:class 제약을 변경 없이 채택한다. named PropertyShape의 원문 direct quad를 그대로 채택했다. 추가한 sh:targetNode는 격리 시험용이며 규범 의미를 바꾸지 않는다.,https://semiceu.github.io/GeoDCAT-AP/releases/3.1.0#dcat:DataServiceShape/ffbbcd28b1fd92213d8350e1b6418d3d998c7197,UPSTREAM-POS-UPSTREAM-GEODCATAP-99B0D6CEF2B67499B824,UPSTREAM-NEG-UPSTREAM-GEODCATAP-99B0D6CEF2B67499B824
UPSTREAM-GEODCATAP-9A05CE27009D0C28D7BF,"[""geo"",""network""]","[""http://www.w3.org/ns/dcat#DataService""]",http://www.w3.org/ns/prov#qualifiedAttribution,MUST,,,"[""http://www.w3.org/ns/shacl#BlankNodeOrIRI""]",[],Violation,"[{""language"":""ko"",""text"":""로컬 격리 증거: 원문 PropertyShape에는 메시지가 없으며 sh:nodeKind 제약을 검증한다."",""source"":""local-evidence"",""predicate"":null}]",MOLIT 로컬 적용 가이드(upstream 원문 보충 설명): <http://www.w3.org/ns/prov#qualifiedAttribution> 값을 <http://www.w3.org/ns/shacl#BlankNodeOrIRI> node kind로 바꾼다. 원문 constraint 값은 변경하지 않는다.,GeoDCAT-AP 3.1.0,"[""https://semiceu.github.io/GeoDCAT-AP/releases/3.1.0#DataService.qualifiedattribution""]",GeoDCAT-AP 3.1.0의 sh:nodeKind 제약을 변경 없이 채택한다. named PropertyShape의 원문 direct quad를 그대로 채택했다. 추가한 sh:targetNode는 격리 시험용이며 규범 의미를 바꾸지 않는다.,https://semiceu.github.io/GeoDCAT-AP/releases/3.1.0#dcat:DataServiceShape/baaa3d4a8f33f8b2b8c1d19c8d2817a75377145d,UPSTREAM-POS-UPSTREAM-GEODCATAP-9A05CE27009D0C28D7BF,UPSTREAM-NEG-UPSTREAM-GEODCATAP-9A05CE27009D0C28D7BF
UPSTREAM-GEODCATAP-9B04D69CFD774B054E3B,"[""geo"",""network""]","[""http://www.w3.org/ns/dcat#DataService""]",http://www.w3.org/ns/prov#wasUsedBy,MUST,,,"[""http://www.w3.org/ns/prov#Activity""]",[],Violation,"[{""language"":""ko"",""text"":""로컬 격리 증거: 원문 PropertyShape에는 메시지가 없으며 sh:class 제약을 검증한다."",""source"":""local-evidence"",""predicate"":null}]",MOLIT 로컬 적용 가이드(upstream 원문 보충 설명): <http://www.w3.org/ns/prov#wasUsedBy>의 모든 값에 rdf:type <http://www.w3.org/ns/prov#Activity>를 명시한다. 원문 constraint 값은 변경하지 않는다.,GeoDCAT-AP 3.1.0,"[""https://semiceu.github.io/GeoDCAT-AP/releases/3.1.0#DataService.wasusedby""]",GeoDCAT-AP 3.1.0의 sh:class 제약을 변경 없이 채택한다. named PropertyShape의 원문 direct quad를 그대로 채택했다. 추가한 sh:targetNode는 격리 시험용이며 규범 의미를 바꾸지 않는다.,https://semiceu.github.io/GeoDCAT-AP/releases/3.1.0#dcat:DataServiceShape/1a835a94445575c2a10b5f05474c2f9fda6d49ac,UPSTREAM-POS-UPSTREAM-GEODCATAP-9B04D69CFD774B054E3B,UPSTREAM-NEG-UPSTREAM-GEODCATAP-9B04D69CFD774B054E3B
UPSTREAM-GEODCATAP-9C42DD0B4DB91DF45B70,"[""geo"",""network""]","[""http://www.w3.org/2006/vcard/ns#Kind""]",http://www.w3.org/2006/vcard/ns#hasTelephone,MUST,,,"[""http://www.w3.org/ns/shacl#BlankNodeOrIRI""]",[],Violation,"[{""language"":""ko"",""text"":""로컬 격리 증거: 원문 PropertyShape에는 메시지가 없으며 sh:nodeKind 제약을 검증한다."",""source"":""local-evidence"",""predicate"":null}]",MOLIT 로컬 적용 가이드(upstream 원문 보충 설명): <http://www.w3.org/2006/vcard/ns#hasTelephone> 값을 <http://www.w3.org/ns/shacl#BlankNodeOrIRI> node kind로 바꾼다. 원문 constraint 값은 변경하지 않는다.,GeoDCAT-AP 3.1.0,"[""https://semiceu.github.io/GeoDCAT-AP/releases/3.1.0#Kind.phone""]",GeoDCAT-AP 3.1.0의 sh:nodeKind 제약을 변경 없이 채택한다. named PropertyShape의 원문 direct quad를 그대로 채택했다. 추가한 sh:targetNode는 격리 시험용이며 규범 의미를 바꾸지 않는다.,https://semiceu.github.io/GeoDCAT-AP/releases/3.1.0#vcard:KindShape/9b6a8d64a742e2b1e6969e3884418b7314f837d9,UPSTREAM-POS-UPSTREAM-GEODCATAP-9C42DD0B4DB91DF45B70,UPSTREAM-NEG-UPSTREAM-GEODCATAP-9C42DD0B4DB91DF45B70
UPSTREAM-GEODCATAP-9CB5C2AB73650F23A41D,"[""geo"",""network""]","[""http://www.w3.org/ns/prov#Entity""]",http://purl.org/dc/terms/type,MUST,,,"[""http://www.w3.org/2004/02/skos/core#Concept""]",[],Violation,"[{""language"":""ko"",""text"":""로컬 격리 증거: 원문 PropertyShape에는 메시지가 없으며 sh:class 제약을 검증한다."",""source"":""local-evidence"",""predicate"":null}]",MOLIT 로컬 적용 가이드(upstream 원문 보충 설명): <http://purl.org/dc/terms/type>의 모든 값에 rdf:type <http://www.w3.org/2004/02/skos/core#Concept>를 명시한다. 원문 constraint 값은 변경하지 않는다.,GeoDCAT-AP 3.1.0,"[""https://semiceu.github.io/GeoDCAT-AP/releases/3.1.0#Entity.degreeofconformity""]",GeoDCAT-AP 3.1.0의 sh:class 제약을 변경 없이 채택한다. named PropertyShape의 원문 direct quad를 그대로 채택했다. 추가한 sh:targetNode는 격리 시험용이며 규범 의미를 바꾸지 않는다.,https://semiceu.github.io/GeoDCAT-AP/releases/3.1.0#prov:EntityShape/d32690f7dac709c60b23d3d622151efa09718db5,UPSTREAM-POS-UPSTREAM-GEODCATAP-9CB5C2AB73650F23A41D,UPSTREAM-NEG-UPSTREAM-GEODCATAP-9CB5C2AB73650F23A41D
UPSTREAM-GEODCATAP-9CD5B79ADA4F2E03902B,"[""geo"",""network""]","[""http://www.w3.org/ns/prov#Attribution""]",http://www.w3.org/ns/prov#agent,MUST,,,"[""http://www.w3.org/ns/shacl#BlankNodeOrIRI""]",[],Violation,"[{""language"":""ko"",""text"":""로컬 격리 증거: 원문 PropertyShape에는 메시지가 없으며 sh:nodeKind 제약을 검증한다."",""source"":""local-evidence"",""predicate"":null}]",MOLIT 로컬 적용 가이드(upstream 원문 보충 설명): <http://www.w3.org/ns/prov#agent> 값을 <http://www.w3.org/ns/shacl#BlankNodeOrIRI> node kind로 바꾼다. 원문 constraint 값은 변경하지 않는다.,GeoDCAT-AP 3.1.0,"[""https://semiceu.github.io/GeoDCAT-AP/releases/3.1.0#Attribution.agent""]",GeoDCAT-AP 3.1.0의 sh:nodeKind 제약을 변경 없이 채택한다. named PropertyShape의 원문 direct quad를 그대로 채택했다. 추가한 sh:targetNode는 격리 시험용이며 규범 의미를 바꾸지 않는다.,https://semiceu.github.io/GeoDCAT-AP/releases/3.1.0#prov:AttributionShape/49f0facd348f16f374d34ff706a1cb3b90a15b37,UPSTREAM-POS-UPSTREAM-GEODCATAP-9CD5B79ADA4F2E03902B,UPSTREAM-NEG-UPSTREAM-GEODCATAP-9CD5B79ADA4F2E03902B
UPSTREAM-GEODCATAP-9D1381D7DD5FFB6CA592,"[""geo"",""network""]","[""http://purl.org/dc/terms/PeriodOfTime""]",http://www.w3.org/2006/time#hasBeginning,MUST,,,"[""http://www.w3.org/2006/time#Instant""]",[],Violation,"[{""language"":""ko"",""text"":""로컬 격리 증거: 원문 PropertyShape에는 메시지가 없으며 sh:class 제약을 검증한다."",""source"":""local-evidence"",""predicate"":null}]",MOLIT 로컬 적용 가이드(upstream 원문 보충 설명): <http://www.w3.org/2006/time#hasBeginning>의 모든 값에 rdf:type <http://www.w3.org/2006/time#Instant>를 명시한다. 원문 constraint 값은 변경하지 않는다.,GeoDCAT-AP 3.1.0,"[""https://semiceu.github.io/GeoDCAT-AP/releases/3.1.0#PeriodofTime.beginning""]",GeoDCAT-AP 3.1.0의 sh:class 제약을 변경 없이 채택한다. named PropertyShape의 원문 direct quad를 그대로 채택했다. 추가한 sh:targetNode는 격리 시험용이며 규범 의미를 바꾸지 않는다.,https://semiceu.github.io/GeoDCAT-AP/releases/3.1.0#dct:PeriodOfTimeShape/eb883e24d5d0a294a30545021f24e485d59d1e47,UPSTREAM-POS-UPSTREAM-GEODCATAP-9D1381D7DD5FFB6CA592,UPSTREAM-NEG-UPSTREAM-GEODCATAP-9D1381D7DD5FFB6CA592
UPSTREAM-GEODCATAP-9D41E9DDE3717EE40D52,"[""geo"",""network""]","[""http://www.w3.org/ns/dcat#Catalog""]",http://purl.org/dc/terms/creator,MUST,,,"[""http://xmlns.com/foaf/0.1/Agent""]",[],Violation,"[{""language"":""ko"",""text"":""로컬 격리 증거: 원문 PropertyShape에는 메시지가 없으며 sh:class 제약을 검증한다."",""source"":""local-evidence"",""predicate"":null}]",MOLIT 로컬 적용 가이드(upstream 원문 보충 설명): <http://purl.org/dc/terms/creator>의 모든 값에 rdf:type <http://xmlns.com/foaf/0.1/Agent>를 명시한다. 원문 constraint 값은 변경하지 않는다.,GeoDCAT-AP 3.1.0,"[""https://semiceu.github.io/GeoDCAT-AP/releases/3.1.0#Catalogue.creator""]",GeoDCAT-AP 3.1.0의 sh:class 제약을 변경 없이 채택한다. named PropertyShape의 원문 direct quad를 그대로 채택했다. 추가한 sh:targetNode는 격리 시험용이며 규범 의미를 바꾸지 않는다.,https://semiceu.github.io/GeoDCAT-AP/releases/3.1.0#dcat:CatalogShape/c1d40f7102c8201949576e76be48b991b47958d9,UPSTREAM-POS-UPSTREAM-GEODCATAP-9D41E9DDE3717EE40D52,UPSTREAM-NEG-UPSTREAM-GEODCATAP-9D41E9DDE3717EE40D52
UPSTREAM-GEODCATAP-9D68570E03C80BC36F4E,"[""geo"",""network""]","[""http://www.w3.org/ns/dcat#DatasetSeries""]",http://data.europa.eu/930/topicCategory,MUST,,,"[""http://www.w3.org/ns/shacl#BlankNodeOrIRI""]",[],Violation,"[{""language"":""ko"",""text"":""로컬 격리 증거: 원문 PropertyShape에는 메시지가 없으며 sh:nodeKind 제약을 검증한다."",""source"":""local-evidence"",""predicate"":null}]",MOLIT 로컬 적용 가이드(upstream 원문 보충 설명): <http://data.europa.eu/930/topicCategory> 값을 <http://www.w3.org/ns/shacl#BlankNodeOrIRI> node kind로 바꾼다. 원문 constraint 값은 변경하지 않는다.,GeoDCAT-AP 3.1.0,"[""https://semiceu.github.io/GeoDCAT-AP/releases/3.1.0#DatasetSeries.topiccategory""]",GeoDCAT-AP 3.1.0의 sh:nodeKind 제약을 변경 없이 채택한다. named PropertyShape의 원문 direct quad를 그대로 채택했다. 추가한 sh:targetNode는 격리 시험용이며 규범 의미를 바꾸지 않는다.,https://semiceu.github.io/GeoDCAT-AP/releases/3.1.0#dcat:DatasetSeriesShape/0e5c385ece75dfd05b0a7b0b8009a08bed49ebed,UPSTREAM-POS-UPSTREAM-GEODCATAP-9D68570E03C80BC36F4E,UPSTREAM-NEG-UPSTREAM-GEODCATAP-9D68570E03C80BC36F4E
UPSTREAM-GEODCATAP-9D742ACC13FF107EFAE7,"[""geo"",""network""]","[""http://xmlns.com/foaf/0.1/Agent""]",http://www.w3.org/ns/org#memberOf,MUST,,,"[""http://www.w3.org/ns/shacl#BlankNodeOrIRI""]",[],Violation,"[{""language"":""ko"",""text"":""로컬 격리 증거: 원문 PropertyShape에는 메시지가 없으며 sh:nodeKind 제약을 검증한다."",""source"":""local-evidence"",""predicate"":null}]",MOLIT 로컬 적용 가이드(upstream 원문 보충 설명): <http://www.w3.org/ns/org#memberOf> 값을 <http://www.w3.org/ns/shacl#BlankNodeOrIRI> node kind로 바꾼다. 원문 constraint 값은 변경하지 않는다.,GeoDCAT-AP 3.1.0,"[""https://semiceu.github.io/GeoDCAT-AP/releases/3.1.0#Agent.affiliation""]",GeoDCAT-AP 3.1.0의 sh:nodeKind 제약을 변경 없이 채택한다. named PropertyShape의 원문 direct quad를 그대로 채택했다. 추가한 sh:targetNode는 격리 시험용이며 규범 의미를 바꾸지 않는다.,https://semiceu.github.io/GeoDCAT-AP/releases/3.1.0#foaf:AgentShape/b8f85997a1a5913bd1a7a8e5ac847a025233b610,UPSTREAM-POS-UPSTREAM-GEODCATAP-9D742ACC13FF107EFAE7,UPSTREAM-NEG-UPSTREAM-GEODCATAP-9D742ACC13FF107EFAE7
UPSTREAM-GEODCATAP-9D7C8F31BE73B0AD4741,"[""geo"",""network""]","[""http://www.w3.org/ns/dcat#DataService""]",http://www.w3.org/ns/dqv#hasQualityMeasurement,MUST,,,"[""http://www.w3.org/ns/dqv#QualityMeasurement""]",[],Violation,"[{""language"":""ko"",""text"":""로컬 격리 증거: 원문 PropertyShape에는 메시지가 없으며 sh:class 제약을 검증한다."",""source"":""local-evidence"",""predicate"":null}]",MOLIT 로컬 적용 가이드(upstream 원문 보충 설명): <http://www.w3.org/ns/dqv#hasQualityMeasurement>의 모든 값에 rdf:type <http://www.w3.org/ns/dqv#QualityMeasurement>를 명시한다. 원문 constraint 값은 변경하지 않는다.,GeoDCAT-AP 3.1.0,"[""https://semiceu.github.io/GeoDCAT-AP/releases/3.1.0#DataService.spatialresolution""]",GeoDCAT-AP 3.1.0의 sh:class 제약을 변경 없이 채택한다. named PropertyShape의 원문 direct quad를 그대로 채택했다. 추가한 sh:targetNode는 격리 시험용이며 규범 의미를 바꾸지 않는다.,https://semiceu.github.io/GeoDCAT-AP/releases/3.1.0#dcat:DataServiceShape/42110293925ce8bdb81f82dee95d1f78b2fca91c,UPSTREAM-POS-UPSTREAM-GEODCATAP-9D7C8F31BE73B0AD4741,UPSTREAM-NEG-UPSTREAM-GEODCATAP-9D7C8F31BE73B0AD4741
UPSTREAM-GEODCATAP-9DAEA4EC29FCA8AC96B3,"[""geo"",""network""]","[""http://www.w3.org/ns/prov#Activity""]",http://www.w3.org/ns/prov#qualifiedAssociation,MUST,,,"[""http://www.w3.org/ns/prov#Association""]",[],Violation,"[{""language"":""ko"",""text"":""로컬 격리 증거: 원문 PropertyShape에는 메시지가 없으며 sh:class 제약을 검증한다."",""source"":""local-evidence"",""predicate"":null}]",MOLIT 로컬 적용 가이드(upstream 원문 보충 설명): <http://www.w3.org/ns/prov#qualifiedAssociation>의 모든 값에 rdf:type <http://www.w3.org/ns/prov#Association>를 명시한다. 원문 constraint 값은 변경하지 않는다.,GeoDCAT-AP 3.1.0,"[""https://semiceu.github.io/GeoDCAT-AP/releases/3.1.0#Activity.qualifiedassociation""]",GeoDCAT-AP 3.1.0의 sh:class 제약을 변경 없이 채택한다. named PropertyShape의 원문 direct quad를 그대로 채택했다. 추가한 sh:targetNode는 격리 시험용이며 규범 의미를 바꾸지 않는다.,https://semiceu.github.io/GeoDCAT-AP/releases/3.1.0#prov:ActivityShape/4f93e2e855c69fb517952dc843402431e77354f3,UPSTREAM-POS-UPSTREAM-GEODCATAP-9DAEA4EC29FCA8AC96B3,UPSTREAM-NEG-UPSTREAM-GEODCATAP-9DAEA4EC29FCA8AC96B3
UPSTREAM-GEODCATAP-9ED5D5D0BA13FADF7904,"[""geo"",""network""]","[""http://www.w3.org/ns/dcat#Dataset""]",http://data.europa.eu/930/originator,MUST,,,"[""http://www.w3.org/ns/shacl#BlankNodeOrIRI""]",[],Violation,"[{""language"":""ko"",""text"":""로컬 격리 증거: 원문 PropertyShape에는 메시지가 없으며 sh:nodeKind 제약을 검증한다."",""source"":""local-evidence"",""predicate"":null}]",MOLIT 로컬 적용 가이드(upstream 원문 보충 설명): <http://data.europa.eu/930/originator> 값을 <http://www.w3.org/ns/shacl#BlankNodeOrIRI> node kind로 바꾼다. 원문 constraint 값은 변경하지 않는다.,GeoDCAT-AP 3.1.0,"[""https://semiceu.github.io/GeoDCAT-AP/releases/3.1.0#Dataset.originator""]",GeoDCAT-AP 3.1.0의 sh:nodeKind 제약을 변경 없이 채택한다. named PropertyShape의 원문 direct quad를 그대로 채택했다. 추가한 sh:targetNode는 격리 시험용이며 규범 의미를 바꾸지 않는다.,https://semiceu.github.io/GeoDCAT-AP/releases/3.1.0#dcat:DatasetShape/f15ac8e72da8db00ffde633a42483a8874e9f5b4,UPSTREAM-POS-UPSTREAM-GEODCATAP-9ED5D5D0BA13FADF7904,UPSTREAM-NEG-UPSTREAM-GEODCATAP-9ED5D5D0BA13FADF7904
UPSTREAM-GEODCATAP-9F1A129C010FE49BDB24,"[""geo"",""network""]","[""http://www.w3.org/ns/dcat#Catalog""]",http://purl.org/dc/terms/license,MUST,,,"[""http://purl.org/dc/terms/LicenseDocument""]",[],Violation,"[{""language"":""ko"",""text"":""로컬 격리 증거: 원문 PropertyShape에는 메시지가 없으며 sh:class 제약을 검증한다."",""source"":""local-evidence"",""predicate"":null}]",MOLIT 로컬 적용 가이드(upstream 원문 보충 설명): <http://purl.org/dc/terms/license>의 모든 값에 rdf:type <http://purl.org/dc/terms/LicenseDocument>를 명시한다. 원문 constraint 값은 변경하지 않는다.,GeoDCAT-AP 3.1.0,"[""https://semiceu.github.io/GeoDCAT-AP/releases/3.1.0#Catalogue.licence""]",GeoDCAT-AP 3.1.0의 sh:class 제약을 변경 없이 채택한다. named PropertyShape의 원문 direct quad를 그대로 채택했다. 추가한 sh:targetNode는 격리 시험용이며 규범 의미를 바꾸지 않는다.,https://semiceu.github.io/GeoDCAT-AP/releases/3.1.0#dcat:CatalogShape/dbcf2adef675735c48b532392359af27af5e8b71,UPSTREAM-POS-UPSTREAM-GEODCATAP-9F1A129C010FE49BDB24,UPSTREAM-NEG-UPSTREAM-GEODCATAP-9F1A129C010FE49BDB24
UPSTREAM-GEODCATAP-9F56A2FB88E6BFCD4E63,"[""geo"",""network""]","[""http://www.w3.org/ns/dcat#Distribution""]",http://www.w3.org/ns/dcat#spatialResolutionInMeters,MUST,,,"[""http://www.w3.org/2001/XMLSchema#decimal""]",[],Violation,"[{""language"":""ko"",""text"":""로컬 격리 증거: 원문 PropertyShape에는 메시지가 없으며 sh:datatype 제약을 검증한다."",""source"":""local-evidence"",""predicate"":null}]",MOLIT 로컬 적용 가이드(upstream 원문 보충 설명): <http://www.w3.org/ns/dcat#spatialResolutionInMeters> 값을 <http://www.w3.org/2001/XMLSchema#decimal> datatype의 유효한 lexical literal로 직렬화한다. 원문 constraint 값은 변경하지 않는다.,GeoDCAT-AP 3.1.0,"[""https://semiceu.github.io/GeoDCAT-AP/releases/3.1.0#Distribution.spatialresolutioninmetres""]",GeoDCAT-AP 3.1.0의 sh:datatype 제약을 변경 없이 채택한다. named PropertyShape의 원문 direct quad를 그대로 채택했다. 추가한 sh:targetNode는 격리 시험용이며 규범 의미를 바꾸지 않는다.,https://semiceu.github.io/GeoDCAT-AP/releases/3.1.0#dcat:DistributionShape/a1173daef382ef9fe405318a57ddd98dbc82e335,UPSTREAM-POS-UPSTREAM-GEODCATAP-9F56A2FB88E6BFCD4E63,UPSTREAM-NEG-UPSTREAM-GEODCATAP-9F56A2FB88E6BFCD4E63
UPSTREAM-GEODCATAP-9F862FF93E74DA6E8692,"[""geo"",""network""]","[""http://www.w3.org/ns/dcat#DataService""]",http://data.europa.eu/r5r/applicableLegislation,MUST,,,"[""http://www.w3.org/ns/shacl#BlankNodeOrIRI""]",[],Violation,"[{""language"":""ko"",""text"":""로컬 격리 증거: 원문 PropertyShape에는 메시지가 없으며 sh:nodeKind 제약을 검증한다."",""source"":""local-evidence"",""predicate"":null}]",MOLIT 로컬 적용 가이드(upstream 원문 보충 설명): <http://data.europa.eu/r5r/applicableLegislation> 값을 <http://www.w3.org/ns/shacl#BlankNodeOrIRI> node kind로 바꾼다. 원문 constraint 값은 변경하지 않는다.,GeoDCAT-AP 3.1.0,"[""https://semiceu.github.io/GeoDCAT-AP/releases/3.1.0#DataService.applicablelegislation""]",GeoDCAT-AP 3.1.0의 sh:nodeKind 제약을 변경 없이 채택한다. named PropertyShape의 원문 direct quad를 그대로 채택했다. 추가한 sh:targetNode는 격리 시험용이며 규범 의미를 바꾸지 않는다.,https://semiceu.github.io/GeoDCAT-AP/releases/3.1.0#dcat:DataServiceShape/0a6f3bb11ed4ea12f852c78996b89c9a54ffc0fb,UPSTREAM-POS-UPSTREAM-GEODCATAP-9F862FF93E74DA6E8692,UPSTREAM-NEG-UPSTREAM-GEODCATAP-9F862FF93E74DA6E8692
UPSTREAM-GEODCATAP-9FF3FB67ED29FBC31C12,"[""geo"",""network""]","[""http://www.w3.org/ns/dcat#Dataset""]",http://www.w3.org/ns/dcat#inSeries,MUST,,,"[""http://www.w3.org/ns/dcat#DatasetSeries""]",[],Violation,"[{""language"":""ko"",""text"":""로컬 격리 증거: 원문 PropertyShape에는 메시지가 없으며 sh:class 제약을 검증한다."",""source"":""local-evidence"",""predicate"":null}]",MOLIT 로컬 적용 가이드(upstream 원문 보충 설명): <http://www.w3.org/ns/dcat#inSeries>의 모든 값에 rdf:type <http://www.w3.org/ns/dcat#DatasetSeries>를 명시한다. 원문 constraint 값은 변경하지 않는다.,GeoDCAT-AP 3.1.0,"[""https://semiceu.github.io/GeoDCAT-AP/releases/3.1.0#Dataset.inseries""]",GeoDCAT-AP 3.1.0의 sh:class 제약을 변경 없이 채택한다. named PropertyShape의 원문 direct quad를 그대로 채택했다. 추가한 sh:targetNode는 격리 시험용이며 규범 의미를 바꾸지 않는다.,https://semiceu.github.io/GeoDCAT-AP/releases/3.1.0#dcat:DatasetShape/63790d4374dda7d88681e2756e114a65082d9bfd,UPSTREAM-POS-UPSTREAM-GEODCATAP-9FF3FB67ED29FBC31C12,UPSTREAM-NEG-UPSTREAM-GEODCATAP-9FF3FB67ED29FBC31C12
UPSTREAM-GEODCATAP-A00DBEA96C5DDA505248,"[""geo"",""network""]","[""http://purl.org/dc/terms/PeriodOfTime""]",http://www.w3.org/2006/time#hasEnd,MUST,,,"[""http://www.w3.org/2006/time#Instant""]",[],Violation,"[{""language"":""ko"",""text"":""로컬 격리 증거: 원문 PropertyShape에는 메시지가 없으며 sh:class 제약을 검증한다."",""source"":""local-evidence"",""predicate"":null}]",MOLIT 로컬 적용 가이드(upstream 원문 보충 설명): <http://www.w3.org/2006/time#hasEnd>의 모든 값에 rdf:type <http://www.w3.org/2006/time#Instant>를 명시한다. 원문 constraint 값은 변경하지 않는다.,GeoDCAT-AP 3.1.0,"[""https://semiceu.github.io/GeoDCAT-AP/releases/3.1.0#PeriodofTime.end""]",GeoDCAT-AP 3.1.0의 sh:class 제약을 변경 없이 채택한다. named PropertyShape의 원문 direct quad를 그대로 채택했다. 추가한 sh:targetNode는 격리 시험용이며 규범 의미를 바꾸지 않는다.,https://semiceu.github.io/GeoDCAT-AP/releases/3.1.0#dct:PeriodOfTimeShape/9053142781444816deeb00f184b765d8cb15b929,UPSTREAM-POS-UPSTREAM-GEODCATAP-A00DBEA96C5DDA505248,UPSTREAM-NEG-UPSTREAM-GEODCATAP-A00DBEA96C5DDA505248
UPSTREAM-GEODCATAP-A11B1A5989900E5A975E,"[""geo"",""network""]","[""http://www.w3.org/ns/dcat#Catalog""]",http://data.europa.eu/930/originator,MUST,,,"[""http://xmlns.com/foaf/0.1/Agent""]",[],Violation,"[{""language"":""ko"",""text"":""로컬 격리 증거: 원문 PropertyShape에는 메시지가 없으며 sh:class 제약을 검증한다."",""source"":""local-evidence"",""predicate"":null}]",MOLIT 로컬 적용 가이드(upstream 원문 보충 설명): <http://data.europa.eu/930/originator>의 모든 값에 rdf:type <http://xmlns.com/foaf/0.1/Agent>를 명시한다. 원문 constraint 값은 변경하지 않는다.,GeoDCAT-AP 3.1.0,"[""https://semiceu.github.io/GeoDCAT-AP/releases/3.1.0#Catalogue.originator""]",GeoDCAT-AP 3.1.0의 sh:class 제약을 변경 없이 채택한다. named PropertyShape의 원문 direct quad를 그대로 채택했다. 추가한 sh:targetNode는 격리 시험용이며 규범 의미를 바꾸지 않는다.,https://semiceu.github.io/GeoDCAT-AP/releases/3.1.0#dcat:CatalogShape/48476aa3f2bfa8f7c3e4d22652531e590c90e9ac,UPSTREAM-POS-UPSTREAM-GEODCATAP-A11B1A5989900E5A975E,UPSTREAM-NEG-UPSTREAM-GEODCATAP-A11B1A5989900E5A975E
UPSTREAM-GEODCATAP-A11C05D9A70D0567E1F4,"[""geo"",""network""]","[""http://purl.org/dc/terms/Standard""]",http://purl.org/dc/terms/modified,MUST,,,"[""http://www.w3.org/ns/shacl#Literal""]",[],Violation,"[{""language"":""ko"",""text"":""로컬 격리 증거: 원문 PropertyShape에는 메시지가 없으며 sh:nodeKind 제약을 검증한다."",""source"":""local-evidence"",""predicate"":null}]",MOLIT 로컬 적용 가이드(upstream 원문 보충 설명): <http://purl.org/dc/terms/modified> 값을 <http://www.w3.org/ns/shacl#Literal> node kind로 바꾼다. 원문 constraint 값은 변경하지 않는다.,GeoDCAT-AP 3.1.0,"[""https://semiceu.github.io/GeoDCAT-AP/releases/3.1.0#Standard.update%2Fmodificationdate""]",GeoDCAT-AP 3.1.0의 sh:nodeKind 제약을 변경 없이 채택한다. named PropertyShape의 원문 direct quad를 그대로 채택했다. 추가한 sh:targetNode는 격리 시험용이며 규범 의미를 바꾸지 않는다.,https://semiceu.github.io/GeoDCAT-AP/releases/3.1.0#dct:StandardShape/b01059c7fd1727c09c2275d39b4021eaa3c264bc,UPSTREAM-POS-UPSTREAM-GEODCATAP-A11C05D9A70D0567E1F4,UPSTREAM-NEG-UPSTREAM-GEODCATAP-A11C05D9A70D0567E1F4
UPSTREAM-GEODCATAP-A1DE7E8369E0770E7DF3,"[""geo"",""network""]","[""http://www.w3.org/ns/dcat#DataService""]",http://purl.org/dc/terms/creator,MUST,,,"[""http://www.w3.org/ns/shacl#BlankNodeOrIRI""]",[],Violation,"[{""language"":""ko"",""text"":""로컬 격리 증거: 원문 PropertyShape에는 메시지가 없으며 sh:nodeKind 제약을 검증한다."",""source"":""local-evidence"",""predicate"":null}]",MOLIT 로컬 적용 가이드(upstream 원문 보충 설명): <http://purl.org/dc/terms/creator> 값을 <http://www.w3.org/ns/shacl#BlankNodeOrIRI> node kind로 바꾼다. 원문 constraint 값은 변경하지 않는다.,GeoDCAT-AP 3.1.0,"[""https://semiceu.github.io/GeoDCAT-AP/releases/3.1.0#DataService.creator""]",GeoDCAT-AP 3.1.0의 sh:nodeKind 제약을 변경 없이 채택한다. named PropertyShape의 원문 direct quad를 그대로 채택했다. 추가한 sh:targetNode는 격리 시험용이며 규범 의미를 바꾸지 않는다.,https://semiceu.github.io/GeoDCAT-AP/releases/3.1.0#dcat:DataServiceShape/7d4c667652f23f3a51353271e3800bca87ed3f68,UPSTREAM-POS-UPSTREAM-GEODCATAP-A1DE7E8369E0770E7DF3,UPSTREAM-NEG-UPSTREAM-GEODCATAP-A1DE7E8369E0770E7DF3
UPSTREAM-GEODCATAP-A2905B3FF638F4EA145B,"[""geo"",""network""]","[""http://www.w3.org/ns/dcat#Distribution""]",http://www.w3.org/ns/adms#status,MUST,,,"[""http://www.w3.org/2004/02/skos/core#Concept""]",[],Violation,"[{""language"":""ko"",""text"":""로컬 격리 증거: 원문 PropertyShape에는 메시지가 없으며 sh:class 제약을 검증한다."",""source"":""local-evidence"",""predicate"":null}]",MOLIT 로컬 적용 가이드(upstream 원문 보충 설명): <http://www.w3.org/ns/adms#status>의 모든 값에 rdf:type <http://www.w3.org/2004/02/skos/core#Concept>를 명시한다. 원문 constraint 값은 변경하지 않는다.,GeoDCAT-AP 3.1.0,"[""https://semiceu.github.io/GeoDCAT-AP/releases/3.1.0#Distribution.status""]",GeoDCAT-AP 3.1.0의 sh:class 제약을 변경 없이 채택한다. named PropertyShape의 원문 direct quad를 그대로 채택했다. 추가한 sh:targetNode는 격리 시험용이며 규범 의미를 바꾸지 않는다.,https://semiceu.github.io/GeoDCAT-AP/releases/3.1.0#dcat:DistributionShape/0f6cb927d0d26f3819cba3fb903a075cd426180d,UPSTREAM-POS-UPSTREAM-GEODCATAP-A2905B3FF638F4EA145B,UPSTREAM-NEG-UPSTREAM-GEODCATAP-A2905B3FF638F4EA145B
UPSTREAM-GEODCATAP-A2BB4362C6235FC52139,"[""geo"",""network""]","[""http://www.w3.org/ns/dcat#Dataset""]",http://purl.org/dc/terms/isReferencedBy,MUST,,,"[""http://www.w3.org/2000/01/rdf-schema#Resource""]",[],Violation,"[{""language"":""ko"",""text"":""로컬 격리 증거: 원문 PropertyShape에는 메시지가 없으며 sh:class 제약을 검증한다."",""source"":""local-evidence"",""predicate"":null}]",MOLIT 로컬 적용 가이드(upstream 원문 보충 설명): <http://purl.org/dc/terms/isReferencedBy>의 모든 값에 rdf:type <http://www.w3.org/2000/01/rdf-schema#Resource>를 명시한다. 원문 constraint 값은 변경하지 않는다.,GeoDCAT-AP 3.1.0,"[""https://semiceu.github.io/GeoDCAT-AP/releases/3.1.0#Dataset.isreferencedby""]",GeoDCAT-AP 3.1.0의 sh:class 제약을 변경 없이 채택한다. named PropertyShape의 원문 direct quad를 그대로 채택했다. 추가한 sh:targetNode는 격리 시험용이며 규범 의미를 바꾸지 않는다.,https://semiceu.github.io/GeoDCAT-AP/releases/3.1.0#dcat:DatasetShape/95c69c99a1e3ade043911b51b942f206dea0e68d,UPSTREAM-POS-UPSTREAM-GEODCATAP-A2BB4362C6235FC52139,UPSTREAM-NEG-UPSTREAM-GEODCATAP-A2BB4362C6235FC52139
UPSTREAM-GEODCATAP-A2F1F7DB167C601DA480,"[""geo"",""network""]","[""http://www.w3.org/ns/dcat#Catalog""]",http://purl.org/dc/terms/hasPart,MUST,,,"[""http://www.w3.org/ns/dcat#Catalog""]",[],Violation,"[{""language"":""ko"",""text"":""로컬 격리 증거: 원문 PropertyShape에는 메시지가 없으며 sh:class 제약을 검증한다."",""source"":""local-evidence"",""predicate"":null}]",MOLIT 로컬 적용 가이드(upstream 원문 보충 설명): <http://purl.org/dc/terms/hasPart>의 모든 값에 rdf:type <http://www.w3.org/ns/dcat#Catalog>를 명시한다. 원문 constraint 값은 변경하지 않는다.,GeoDCAT-AP 3.1.0,"[""https://semiceu.github.io/GeoDCAT-AP/releases/3.1.0#Catalogue.haspart""]",GeoDCAT-AP 3.1.0의 sh:class 제약을 변경 없이 채택한다. named PropertyShape의 원문 direct quad를 그대로 채택했다. 추가한 sh:targetNode는 격리 시험용이며 규범 의미를 바꾸지 않는다.,https://semiceu.github.io/GeoDCAT-AP/releases/3.1.0#dcat:CatalogShape/c8cbca0f9dd8797f331150a9e22d9e3ca53ab372,UPSTREAM-POS-UPSTREAM-GEODCATAP-A2F1F7DB167C601DA480,UPSTREAM-NEG-UPSTREAM-GEODCATAP-A2F1F7DB167C601DA480
UPSTREAM-GEODCATAP-A35DA1AE3F25F7042A28,"[""geo"",""network""]","[""http://www.w3.org/ns/dcat#DataService""]",http://data.europa.eu/930/user,MUST,,,"[""http://xmlns.com/foaf/0.1/Agent""]",[],Violation,"[{""language"":""ko"",""text"":""로컬 격리 증거: 원문 PropertyShape에는 메시지가 없으며 sh:class 제약을 검증한다."",""source"":""local-evidence"",""predicate"":null}]",MOLIT 로컬 적용 가이드(upstream 원문 보충 설명): <http://data.europa.eu/930/user>의 모든 값에 rdf:type <http://xmlns.com/foaf/0.1/Agent>를 명시한다. 원문 constraint 값은 변경하지 않는다.,GeoDCAT-AP 3.1.0,"[""https://semiceu.github.io/GeoDCAT-AP/releases/3.1.0#DataService.user""]",GeoDCAT-AP 3.1.0의 sh:class 제약을 변경 없이 채택한다. named PropertyShape의 원문 direct quad를 그대로 채택했다. 추가한 sh:targetNode는 격리 시험용이며 규범 의미를 바꾸지 않는다.,https://semiceu.github.io/GeoDCAT-AP/releases/3.1.0#dcat:DataServiceShape/ca4e7adcf7fe2a967e2808cac6e379bc9877c1e8,UPSTREAM-POS-UPSTREAM-GEODCATAP-A35DA1AE3F25F7042A28,UPSTREAM-NEG-UPSTREAM-GEODCATAP-A35DA1AE3F25F7042A28
UPSTREAM-GEODCATAP-A37FBFB5A2FC56108959,"[""geo"",""network""]","[""http://www.w3.org/ns/dcat#Catalog""]",http://www.w3.org/ns/dcat#record,MUST,,,"[""http://www.w3.org/ns/shacl#BlankNodeOrIRI""]",[],Violation,"[{""language"":""ko"",""text"":""로컬 격리 증거: 원문 PropertyShape에는 메시지가 없으며 sh:nodeKind 제약을 검증한다."",""source"":""local-evidence"",""predicate"":null}]",MOLIT 로컬 적용 가이드(upstream 원문 보충 설명): <http://www.w3.org/ns/dcat#record> 값을 <http://www.w3.org/ns/shacl#BlankNodeOrIRI> node kind로 바꾼다. 원문 constraint 값은 변경하지 않는다.,GeoDCAT-AP 3.1.0,"[""https://semiceu.github.io/GeoDCAT-AP/releases/3.1.0#Catalogue.record""]",GeoDCAT-AP 3.1.0의 sh:nodeKind 제약을 변경 없이 채택한다. named PropertyShape의 원문 direct quad를 그대로 채택했다. 추가한 sh:targetNode는 격리 시험용이며 규범 의미를 바꾸지 않는다.,https://semiceu.github.io/GeoDCAT-AP/releases/3.1.0#dcat:CatalogShape/34db0dabef6e2aa992eab790fc3e8d1e3f83bc12,UPSTREAM-POS-UPSTREAM-GEODCATAP-A37FBFB5A2FC56108959,UPSTREAM-NEG-UPSTREAM-GEODCATAP-A37FBFB5A2FC56108959
UPSTREAM-GEODCATAP-A3B5C34942D10268529B,"[""geo"",""network""]","[""http://www.w3.org/ns/prov#Activity""]",http://www.w3.org/ns/prov#used,MUST,,,"[""http://www.w3.org/ns/shacl#BlankNodeOrIRI""]",[],Violation,"[{""language"":""ko"",""text"":""로컬 격리 증거: 원문 PropertyShape에는 메시지가 없으며 sh:nodeKind 제약을 검증한다."",""source"":""local-evidence"",""predicate"":null}]",MOLIT 로컬 적용 가이드(upstream 원문 보충 설명): <http://www.w3.org/ns/prov#used> 값을 <http://www.w3.org/ns/shacl#BlankNodeOrIRI> node kind로 바꾼다. 원문 constraint 값은 변경하지 않는다.,GeoDCAT-AP 3.1.0,"[""https://semiceu.github.io/GeoDCAT-AP/releases/3.1.0#Activity.used""]",GeoDCAT-AP 3.1.0의 sh:nodeKind 제약을 변경 없이 채택한다. named PropertyShape의 원문 direct quad를 그대로 채택했다. 추가한 sh:targetNode는 격리 시험용이며 규범 의미를 바꾸지 않는다.,https://semiceu.github.io/GeoDCAT-AP/releases/3.1.0#prov:ActivityShape/852e94171187c81af98d89bdcaf56ecd705aed6d,UPSTREAM-POS-UPSTREAM-GEODCATAP-A3B5C34942D10268529B,UPSTREAM-NEG-UPSTREAM-GEODCATAP-A3B5C34942D10268529B
UPSTREAM-GEODCATAP-A410674A434AFF49F48D,"[""geo"",""network""]","[""http://www.w3.org/ns/dcat#DatasetSeries""]",http://purl.org/dc/terms/spatial,MUST,,,"[""http://www.w3.org/ns/shacl#BlankNodeOrIRI""]",[],Violation,"[{""language"":""ko"",""text"":""로컬 격리 증거: 원문 PropertyShape에는 메시지가 없으며 sh:nodeKind 제약을 검증한다."",""source"":""local-evidence"",""predicate"":null}]",MOLIT 로컬 적용 가이드(upstream 원문 보충 설명): <http://purl.org/dc/terms/spatial> 값을 <http://www.w3.org/ns/shacl#BlankNodeOrIRI> node kind로 바꾼다. 원문 constraint 값은 변경하지 않는다.,GeoDCAT-AP 3.1.0,"[""https://semiceu.github.io/GeoDCAT-AP/releases/3.1.0#DatasetSeries.geographicalcoverage""]",GeoDCAT-AP 3.1.0의 sh:nodeKind 제약을 변경 없이 채택한다. named PropertyShape의 원문 direct quad를 그대로 채택했다. 추가한 sh:targetNode는 격리 시험용이며 규범 의미를 바꾸지 않는다.,https://semiceu.github.io/GeoDCAT-AP/releases/3.1.0#dcat:DatasetSeriesShape/95015004529c652bcb276060d84ed7423c4a9b08,UPSTREAM-POS-UPSTREAM-GEODCATAP-A410674A434AFF49F48D,UPSTREAM-NEG-UPSTREAM-GEODCATAP-A410674A434AFF49F48D
UPSTREAM-GEODCATAP-A49B0116B92AA6594197,"[""geo"",""network""]","[""http://www.w3.org/ns/dcat#DatasetSeries""]",http://purl.org/dc/terms/accrualPeriodicity,MUST,,1,[],[],Violation,"[{""language"":""ko"",""text"":""로컬 격리 증거: 원문 PropertyShape에는 메시지가 없으며 sh:maxCount 제약을 검증한다."",""source"":""local-evidence"",""predicate"":null}]",MOLIT 로컬 적용 가이드(upstream 원문 보충 설명): <http://purl.org/dc/terms/accrualPeriodicity> 값을 1개 이하로 줄인다. 원문 constraint 값은 변경하지 않는다.,GeoDCAT-AP 3.1.0,"[""https://semiceu.github.io/GeoDCAT-AP/releases/3.1.0#DatasetSeries.frequency""]",GeoDCAT-AP 3.1.0의 sh:maxCount 제약을 변경 없이 채택한다. named PropertyShape의 원문 direct quad를 그대로 채택했다. 추가한 sh:targetNode는 격리 시험용이며 규범 의미를 바꾸지 않는다.,https://semiceu.github.io/GeoDCAT-AP/releases/3.1.0#dcat:DatasetSeriesShape/84229f2224810ba9c70b4b27f756414cc0353324,UPSTREAM-POS-UPSTREAM-GEODCATAP-A49B0116B92AA6594197,UPSTREAM-NEG-UPSTREAM-GEODCATAP-A49B0116B92AA6594197
UPSTREAM-GEODCATAP-A5420390E350457A3CBC,"[""geo"",""network""]","[""http://www.w3.org/ns/dcat#Dataset""]",http://data.europa.eu/930/distributor,MUST,,,"[""http://www.w3.org/ns/shacl#BlankNodeOrIRI""]",[],Violation,"[{""language"":""ko"",""text"":""로컬 격리 증거: 원문 PropertyShape에는 메시지가 없으며 sh:nodeKind 제약을 검증한다."",""source"":""local-evidence"",""predicate"":null}]",MOLIT 로컬 적용 가이드(upstream 원문 보충 설명): <http://data.europa.eu/930/distributor> 값을 <http://www.w3.org/ns/shacl#BlankNodeOrIRI> node kind로 바꾼다. 원문 constraint 값은 변경하지 않는다.,GeoDCAT-AP 3.1.0,"[""https://semiceu.github.io/GeoDCAT-AP/releases/3.1.0#Dataset.distributor""]",GeoDCAT-AP 3.1.0의 sh:nodeKind 제약을 변경 없이 채택한다. named PropertyShape의 원문 direct quad를 그대로 채택했다. 추가한 sh:targetNode는 격리 시험용이며 규범 의미를 바꾸지 않는다.,https://semiceu.github.io/GeoDCAT-AP/releases/3.1.0#dcat:DatasetShape/e7571d7eeaa445d492569780abae4aa92ed790b3,UPSTREAM-POS-UPSTREAM-GEODCATAP-A5420390E350457A3CBC,UPSTREAM-NEG-UPSTREAM-GEODCATAP-A5420390E350457A3CBC
UPSTREAM-GEODCATAP-A5CCE4569D9488A5A024,"[""geo"",""network""]","[""http://www.w3.org/ns/dcat#DatasetSeries""]",http://purl.org/dc/terms/publisher,MUST,,,"[""http://xmlns.com/foaf/0.1/Agent""]",[],Violation,"[{""language"":""ko"",""text"":""로컬 격리 증거: 원문 PropertyShape에는 메시지가 없으며 sh:class 제약을 검증한다."",""source"":""local-evidence"",""predicate"":null}]",MOLIT 로컬 적용 가이드(upstream 원문 보충 설명): <http://purl.org/dc/terms/publisher>의 모든 값에 rdf:type <http://xmlns.com/foaf/0.1/Agent>를 명시한다. 원문 constraint 값은 변경하지 않는다.,GeoDCAT-AP 3.1.0,"[""https://semiceu.github.io/GeoDCAT-AP/releases/3.1.0#DatasetSeries.publisher""]",GeoDCAT-AP 3.1.0의 sh:class 제약을 변경 없이 채택한다. named PropertyShape의 원문 direct quad를 그대로 채택했다. 추가한 sh:targetNode는 격리 시험용이며 규범 의미를 바꾸지 않는다.,https://semiceu.github.io/GeoDCAT-AP/releases/3.1.0#dcat:DatasetSeriesShape/b3ec0655204c62a2531244aaeab12f1a2c5e5b5d,UPSTREAM-POS-UPSTREAM-GEODCATAP-A5CCE4569D9488A5A024,UPSTREAM-NEG-UPSTREAM-GEODCATAP-A5CCE4569D9488A5A024
UPSTREAM-GEODCATAP-A61D4A9E81563D89A8FC,"[""geo"",""network""]","[""http://purl.org/dc/terms/Standard""]",http://purl.org/dc/terms/modified,MUST,,1,[],[],Violation,"[{""language"":""ko"",""text"":""로컬 격리 증거: 원문 PropertyShape에는 메시지가 없으며 sh:maxCount 제약을 검증한다."",""source"":""local-evidence"",""predicate"":null}]",MOLIT 로컬 적용 가이드(upstream 원문 보충 설명): <http://purl.org/dc/terms/modified> 값을 1개 이하로 줄인다. 원문 constraint 값은 변경하지 않는다.,GeoDCAT-AP 3.1.0,"[""https://semiceu.github.io/GeoDCAT-AP/releases/3.1.0#Standard.update%2Fmodificationdate""]",GeoDCAT-AP 3.1.0의 sh:maxCount 제약을 변경 없이 채택한다. named PropertyShape의 원문 direct quad를 그대로 채택했다. 추가한 sh:targetNode는 격리 시험용이며 규범 의미를 바꾸지 않는다.,https://semiceu.github.io/GeoDCAT-AP/releases/3.1.0#dct:StandardShape/e33f8b435ca9783737aaf4751ebd518819fa1e0f,UPSTREAM-POS-UPSTREAM-GEODCATAP-A61D4A9E81563D89A8FC,UPSTREAM-NEG-UPSTREAM-GEODCATAP-A61D4A9E81563D89A8FC
UPSTREAM-GEODCATAP-A6247392AD1DD089C027,"[""geo"",""network""]","[""http://www.w3.org/ns/dcat#Catalog""]",http://www.w3.org/ns/dcat#service,MUST,,,"[""http://www.w3.org/ns/shacl#BlankNodeOrIRI""]",[],Violation,"[{""language"":""ko"",""text"":""로컬 격리 증거: 원문 PropertyShape에는 메시지가 없으며 sh:nodeKind 제약을 검증한다."",""source"":""local-evidence"",""predicate"":null}]",MOLIT 로컬 적용 가이드(upstream 원문 보충 설명): <http://www.w3.org/ns/dcat#service> 값을 <http://www.w3.org/ns/shacl#BlankNodeOrIRI> node kind로 바꾼다. 원문 constraint 값은 변경하지 않는다.,GeoDCAT-AP 3.1.0,"[""https://semiceu.github.io/GeoDCAT-AP/releases/3.1.0#Catalogue.service""]",GeoDCAT-AP 3.1.0의 sh:nodeKind 제약을 변경 없이 채택한다. named PropertyShape의 원문 direct quad를 그대로 채택했다. 추가한 sh:targetNode는 격리 시험용이며 규범 의미를 바꾸지 않는다.,https://semiceu.github.io/GeoDCAT-AP/releases/3.1.0#dcat:CatalogShape/e9a8f5414305eafd449b87a38bfe0c974341c9ac,UPSTREAM-POS-UPSTREAM-GEODCATAP-A6247392AD1DD089C027,UPSTREAM-NEG-UPSTREAM-GEODCATAP-A6247392AD1DD089C027
UPSTREAM-GEODCATAP-A640ABE4CE46DB1FC753,"[""geo"",""network""]","[""http://www.w3.org/ns/dcat#CatalogRecord""]",http://purl.org/dc/terms/title,MUST,,,"[""http://www.w3.org/ns/shacl#Literal""]",[],Violation,"[{""language"":""ko"",""text"":""로컬 격리 증거: 원문 PropertyShape에는 메시지가 없으며 sh:nodeKind 제약을 검증한다."",""source"":""local-evidence"",""predicate"":null}]",MOLIT 로컬 적용 가이드(upstream 원문 보충 설명): <http://purl.org/dc/terms/title> 값을 <http://www.w3.org/ns/shacl#Literal> node kind로 바꾼다. 원문 constraint 값은 변경하지 않는다.,GeoDCAT-AP 3.1.0,"[""https://semiceu.github.io/GeoDCAT-AP/releases/3.1.0#CatalogueRecord.title""]",GeoDCAT-AP 3.1.0의 sh:nodeKind 제약을 변경 없이 채택한다. named PropertyShape의 원문 direct quad를 그대로 채택했다. 추가한 sh:targetNode는 격리 시험용이며 규범 의미를 바꾸지 않는다.,https://semiceu.github.io/GeoDCAT-AP/releases/3.1.0#dcat:CatalogRecordShape/d5d74574f70f9a979535f3624608f88180dd0c97,UPSTREAM-POS-UPSTREAM-GEODCATAP-A640ABE4CE46DB1FC753,UPSTREAM-NEG-UPSTREAM-GEODCATAP-A640ABE4CE46DB1FC753
UPSTREAM-GEODCATAP-A640CBAC3769FFF126D0,"[""geo"",""network""]","[""http://www.w3.org/ns/dcat#CatalogRecord""]",http://purl.org/dc/terms/identifier,MUST,,,"[""http://www.w3.org/ns/shacl#Literal""]",[],Violation,"[{""language"":""ko"",""text"":""로컬 격리 증거: 원문 PropertyShape에는 메시지가 없으며 sh:nodeKind 제약을 검증한다."",""source"":""local-evidence"",""predicate"":null}]",MOLIT 로컬 적용 가이드(upstream 원문 보충 설명): <http://purl.org/dc/terms/identifier> 값을 <http://www.w3.org/ns/shacl#Literal> node kind로 바꾼다. 원문 constraint 값은 변경하지 않는다.,GeoDCAT-AP 3.1.0,"[""https://semiceu.github.io/GeoDCAT-AP/releases/3.1.0#CatalogueRecord.identifier""]",GeoDCAT-AP 3.1.0의 sh:nodeKind 제약을 변경 없이 채택한다. named PropertyShape의 원문 direct quad를 그대로 채택했다. 추가한 sh:targetNode는 격리 시험용이며 규범 의미를 바꾸지 않는다.,https://semiceu.github.io/GeoDCAT-AP/releases/3.1.0#dcat:CatalogRecordShape/aadbd67a77a624f073be2076627fb9dc883cbe48,UPSTREAM-POS-UPSTREAM-GEODCATAP-A640CBAC3769FFF126D0,UPSTREAM-NEG-UPSTREAM-GEODCATAP-A640CBAC3769FFF126D0
UPSTREAM-GEODCATAP-A795890EB2AEA0424E68,"[""geo"",""network""]","[""http://www.w3.org/ns/dcat#DatasetSeries""]",http://www.w3.org/ns/dcat#hasVersion,MUST,,,"[""http://www.w3.org/ns/shacl#BlankNodeOrIRI""]",[],Violation,"[{""language"":""ko"",""text"":""로컬 격리 증거: 원문 PropertyShape에는 메시지가 없으며 sh:nodeKind 제약을 검증한다."",""source"":""local-evidence"",""predicate"":null}]",MOLIT 로컬 적용 가이드(upstream 원문 보충 설명): <http://www.w3.org/ns/dcat#hasVersion> 값을 <http://www.w3.org/ns/shacl#BlankNodeOrIRI> node kind로 바꾼다. 원문 constraint 값은 변경하지 않는다.,GeoDCAT-AP 3.1.0,"[""https://semiceu.github.io/GeoDCAT-AP/releases/3.1.0#DatasetSeries.hasversion""]",GeoDCAT-AP 3.1.0의 sh:nodeKind 제약을 변경 없이 채택한다. named PropertyShape의 원문 direct quad를 그대로 채택했다. 추가한 sh:targetNode는 격리 시험용이며 규범 의미를 바꾸지 않는다.,https://semiceu.github.io/GeoDCAT-AP/releases/3.1.0#dcat:DatasetSeriesShape/cee351ca7e459eb55734fce188a2216ea0cc2b6a,UPSTREAM-POS-UPSTREAM-GEODCATAP-A795890EB2AEA0424E68,UPSTREAM-NEG-UPSTREAM-GEODCATAP-A795890EB2AEA0424E68
UPSTREAM-GEODCATAP-A7BAA373E61CFF8FFF5F,"[""geo"",""network""]","[""http://www.w3.org/ns/dcat#Catalog""]",http://purl.org/dc/terms/license,MUST,,1,[],[],Violation,"[{""language"":""ko"",""text"":""로컬 격리 증거: 원문 PropertyShape에는 메시지가 없으며 sh:maxCount 제약을 검증한다."",""source"":""local-evidence"",""predicate"":null}]",MOLIT 로컬 적용 가이드(upstream 원문 보충 설명): <http://purl.org/dc/terms/license> 값을 1개 이하로 줄인다. 원문 constraint 값은 변경하지 않는다.,GeoDCAT-AP 3.1.0,"[""https://semiceu.github.io/GeoDCAT-AP/releases/3.1.0#Catalogue.licence""]",GeoDCAT-AP 3.1.0의 sh:maxCount 제약을 변경 없이 채택한다. named PropertyShape의 원문 direct quad를 그대로 채택했다. 추가한 sh:targetNode는 격리 시험용이며 규범 의미를 바꾸지 않는다.,https://semiceu.github.io/GeoDCAT-AP/releases/3.1.0#dcat:CatalogShape/9eaae476a881de13b9430537ace6e70da7327dbd,UPSTREAM-POS-UPSTREAM-GEODCATAP-A7BAA373E61CFF8FFF5F,UPSTREAM-NEG-UPSTREAM-GEODCATAP-A7BAA373E61CFF8FFF5F
UPSTREAM-GEODCATAP-A814D7821FAA2CD5D876,"[""geo"",""network""]","[""http://www.w3.org/ns/dcat#DatasetSeries""]",http://purl.org/dc/terms/modified,MUST,,,"[""http://www.w3.org/ns/shacl#Literal""]",[],Violation,"[{""language"":""ko"",""text"":""로컬 격리 증거: 원문 PropertyShape에는 메시지가 없으며 sh:nodeKind 제약을 검증한다."",""source"":""local-evidence"",""predicate"":null}]",MOLIT 로컬 적용 가이드(upstream 원문 보충 설명): <http://purl.org/dc/terms/modified> 값을 <http://www.w3.org/ns/shacl#Literal> node kind로 바꾼다. 원문 constraint 값은 변경하지 않는다.,GeoDCAT-AP 3.1.0,"[""https://semiceu.github.io/GeoDCAT-AP/releases/3.1.0#DatasetSeries.modificationdate""]",GeoDCAT-AP 3.1.0의 sh:nodeKind 제약을 변경 없이 채택한다. named PropertyShape의 원문 direct quad를 그대로 채택했다. 추가한 sh:targetNode는 격리 시험용이며 규범 의미를 바꾸지 않는다.,https://semiceu.github.io/GeoDCAT-AP/releases/3.1.0#dcat:DatasetSeriesShape/6b7242b6b89977700c05e4875131fbb975c4235e,UPSTREAM-POS-UPSTREAM-GEODCATAP-A814D7821FAA2CD5D876,UPSTREAM-NEG-UPSTREAM-GEODCATAP-A814D7821FAA2CD5D876
UPSTREAM-GEODCATAP-A875E8E674C5CDEB821E,"[""geo"",""network""]","[""http://purl.org/dc/terms/Standard""]",http://purl.org/dc/terms/created,MUST,,1,[],[],Violation,"[{""language"":""ko"",""text"":""로컬 격리 증거: 원문 PropertyShape에는 메시지가 없으며 sh:maxCount 제약을 검증한다."",""source"":""local-evidence"",""predicate"":null}]",MOLIT 로컬 적용 가이드(upstream 원문 보충 설명): <http://purl.org/dc/terms/created> 값을 1개 이하로 줄인다. 원문 constraint 값은 변경하지 않는다.,GeoDCAT-AP 3.1.0,"[""https://semiceu.github.io/GeoDCAT-AP/releases/3.1.0#Standard.creationdate""]",GeoDCAT-AP 3.1.0의 sh:maxCount 제약을 변경 없이 채택한다. named PropertyShape의 원문 direct quad를 그대로 채택했다. 추가한 sh:targetNode는 격리 시험용이며 규범 의미를 바꾸지 않는다.,https://semiceu.github.io/GeoDCAT-AP/releases/3.1.0#dct:StandardShape/675f9ab2c273ab67c79caa42282e4cec463c08f6,UPSTREAM-POS-UPSTREAM-GEODCATAP-A875E8E674C5CDEB821E,UPSTREAM-NEG-UPSTREAM-GEODCATAP-A875E8E674C5CDEB821E
UPSTREAM-GEODCATAP-A8956D814D5349BB9ED9,"[""geo"",""network""]","[""http://www.w3.org/ns/dcat#Dataset""]",http://www.w3.org/ns/dcat#temporalResolution,MUST,,,"[""http://www.w3.org/2001/XMLSchema#duration""]",[],Violation,"[{""language"":""ko"",""text"":""로컬 격리 증거: 원문 PropertyShape에는 메시지가 없으며 sh:datatype 제약을 검증한다."",""source"":""local-evidence"",""predicate"":null}]",MOLIT 로컬 적용 가이드(upstream 원문 보충 설명): <http://www.w3.org/ns/dcat#temporalResolution> 값을 <http://www.w3.org/2001/XMLSchema#duration> datatype의 유효한 lexical literal로 직렬화한다. 원문 constraint 값은 변경하지 않는다.,GeoDCAT-AP 3.1.0,"[""https://semiceu.github.io/GeoDCAT-AP/releases/3.1.0#Dataset.temporalresolution""]",GeoDCAT-AP 3.1.0의 sh:datatype 제약을 변경 없이 채택한다. named PropertyShape의 원문 direct quad를 그대로 채택했다. 추가한 sh:targetNode는 격리 시험용이며 규범 의미를 바꾸지 않는다.,https://semiceu.github.io/GeoDCAT-AP/releases/3.1.0#dcat:DatasetShape/e6d76f7de5d5b08e584d9cd40619631987a64a7c,UPSTREAM-POS-UPSTREAM-GEODCATAP-A8956D814D5349BB9ED9,UPSTREAM-NEG-UPSTREAM-GEODCATAP-A8956D814D5349BB9ED9
UPSTREAM-GEODCATAP-A8B3AEE5B5A0A48DAE3A,"[""geo"",""network""]","[""http://www.w3.org/ns/dcat#Catalog""]",http://purl.org/dc/terms/publisher,MUST,,1,[],[],Violation,"[{""language"":""ko"",""text"":""로컬 격리 증거: 원문 PropertyShape에는 메시지가 없으며 sh:maxCount 제약을 검증한다."",""source"":""local-evidence"",""predicate"":null}]",MOLIT 로컬 적용 가이드(upstream 원문 보충 설명): <http://purl.org/dc/terms/publisher> 값을 1개 이하로 줄인다. 원문 constraint 값은 변경하지 않는다.,GeoDCAT-AP 3.1.0,"[""https://semiceu.github.io/GeoDCAT-AP/releases/3.1.0#Catalogue.publisher""]",GeoDCAT-AP 3.1.0의 sh:maxCount 제약을 변경 없이 채택한다. named PropertyShape의 원문 direct quad를 그대로 채택했다. 추가한 sh:targetNode는 격리 시험용이며 규범 의미를 바꾸지 않는다.,https://semiceu.github.io/GeoDCAT-AP/releases/3.1.0#dcat:CatalogShape/67dcdb36167ca7969c0532898e11a98e9c2a80f5,UPSTREAM-POS-UPSTREAM-GEODCATAP-A8B3AEE5B5A0A48DAE3A,UPSTREAM-NEG-UPSTREAM-GEODCATAP-A8B3AEE5B5A0A48DAE3A
UPSTREAM-GEODCATAP-A93438420BA2C534ECBF,"[""geo"",""network""]","[""http://www.w3.org/ns/dcat#Dataset""]",http://purl.org/dc/terms/rights,MUST,,,"[""http://purl.org/dc/terms/RightsStatement""]",[],Violation,"[{""language"":""ko"",""text"":""로컬 격리 증거: 원문 PropertyShape에는 메시지가 없으며 sh:class 제약을 검증한다."",""source"":""local-evidence"",""predicate"":null}]",MOLIT 로컬 적용 가이드(upstream 원문 보충 설명): <http://purl.org/dc/terms/rights>의 모든 값에 rdf:type <http://purl.org/dc/terms/RightsStatement>를 명시한다. 원문 constraint 값은 변경하지 않는다.,GeoDCAT-AP 3.1.0,"[""https://semiceu.github.io/GeoDCAT-AP/releases/3.1.0#Dataset.rights""]",GeoDCAT-AP 3.1.0의 sh:class 제약을 변경 없이 채택한다. named PropertyShape의 원문 direct quad를 그대로 채택했다. 추가한 sh:targetNode는 격리 시험용이며 규범 의미를 바꾸지 않는다.,https://semiceu.github.io/GeoDCAT-AP/releases/3.1.0#dcat:DatasetShape/99435c17158fbaa12d1d955b8886d5bf935ab016,UPSTREAM-POS-UPSTREAM-GEODCATAP-A93438420BA2C534ECBF,UPSTREAM-NEG-UPSTREAM-GEODCATAP-A93438420BA2C534ECBF
UPSTREAM-GEODCATAP-AA0F4D846D3EF1574B46,"[""geo"",""network""]","[""http://www.w3.org/ns/dcat#Dataset""]",http://purl.org/dc/terms/accrualPeriodicity,MUST,,1,[],[],Violation,"[{""language"":""ko"",""text"":""로컬 격리 증거: 원문 PropertyShape에는 메시지가 없으며 sh:maxCount 제약을 검증한다."",""source"":""local-evidence"",""predicate"":null}]",MOLIT 로컬 적용 가이드(upstream 원문 보충 설명): <http://purl.org/dc/terms/accrualPeriodicity> 값을 1개 이하로 줄인다. 원문 constraint 값은 변경하지 않는다.,GeoDCAT-AP 3.1.0,"[""https://semiceu.github.io/GeoDCAT-AP/releases/3.1.0#Dataset.frequency""]",GeoDCAT-AP 3.1.0의 sh:maxCount 제약을 변경 없이 채택한다. named PropertyShape의 원문 direct quad를 그대로 채택했다. 추가한 sh:targetNode는 격리 시험용이며 규범 의미를 바꾸지 않는다.,https://semiceu.github.io/GeoDCAT-AP/releases/3.1.0#dcat:DatasetShape/84229f2224810ba9c70b4b27f756414cc0353324,UPSTREAM-POS-UPSTREAM-GEODCATAP-AA0F4D846D3EF1574B46,UPSTREAM-NEG-UPSTREAM-GEODCATAP-AA0F4D846D3EF1574B46
UPSTREAM-GEODCATAP-AA984E929C4F2063BFBC,"[""geo"",""network""]","[""http://www.w3.org/ns/dcat#DataService""]",http://data.europa.eu/930/topicCategory,MUST,,,"[""http://www.w3.org/2004/02/skos/core#Concept""]",[],Violation,"[{""language"":""ko"",""text"":""로컬 격리 증거: 원문 PropertyShape에는 메시지가 없으며 sh:class 제약을 검증한다."",""source"":""local-evidence"",""predicate"":null}]",MOLIT 로컬 적용 가이드(upstream 원문 보충 설명): <http://data.europa.eu/930/topicCategory>의 모든 값에 rdf:type <http://www.w3.org/2004/02/skos/core#Concept>를 명시한다. 원문 constraint 값은 변경하지 않는다.,GeoDCAT-AP 3.1.0,"[""https://semiceu.github.io/GeoDCAT-AP/releases/3.1.0#DataService.topiccategory""]",GeoDCAT-AP 3.1.0의 sh:class 제약을 변경 없이 채택한다. named PropertyShape의 원문 direct quad를 그대로 채택했다. 추가한 sh:targetNode는 격리 시험용이며 규범 의미를 바꾸지 않는다.,https://semiceu.github.io/GeoDCAT-AP/releases/3.1.0#dcat:DataServiceShape/7e81f1a1332766b4be433580d64a6ec4b1530493,UPSTREAM-POS-UPSTREAM-GEODCATAP-AA984E929C4F2063BFBC,UPSTREAM-NEG-UPSTREAM-GEODCATAP-AA984E929C4F2063BFBC
UPSTREAM-GEODCATAP-AAD725FB56D51925551C,"[""geo"",""network""]","[""http://www.w3.org/ns/dcat#Dataset""]",http://data.europa.eu/930/custodian,MUST,,,"[""http://xmlns.com/foaf/0.1/Agent""]",[],Violation,"[{""language"":""ko"",""text"":""로컬 격리 증거: 원문 PropertyShape에는 메시지가 없으며 sh:class 제약을 검증한다."",""source"":""local-evidence"",""predicate"":null}]",MOLIT 로컬 적용 가이드(upstream 원문 보충 설명): <http://data.europa.eu/930/custodian>의 모든 값에 rdf:type <http://xmlns.com/foaf/0.1/Agent>를 명시한다. 원문 constraint 값은 변경하지 않는다.,GeoDCAT-AP 3.1.0,"[""https://semiceu.github.io/GeoDCAT-AP/releases/3.1.0#Dataset.custodian""]",GeoDCAT-AP 3.1.0의 sh:class 제약을 변경 없이 채택한다. named PropertyShape의 원문 direct quad를 그대로 채택했다. 추가한 sh:targetNode는 격리 시험용이며 규범 의미를 바꾸지 않는다.,https://semiceu.github.io/GeoDCAT-AP/releases/3.1.0#dcat:DatasetShape/79c0c2e1bcab213fd06ca4c1782849db4a11225f,UPSTREAM-POS-UPSTREAM-GEODCATAP-AAD725FB56D51925551C,UPSTREAM-NEG-UPSTREAM-GEODCATAP-AAD725FB56D51925551C
UPSTREAM-GEODCATAP-AB1E905A5DDFFA0D9B6E,"[""geo"",""network""]","[""http://www.w3.org/ns/dcat#DatasetSeries""]",http://purl.org/dc/terms/relation,MUST,,,"[""http://www.w3.org/ns/dcat#Resource""]",[],Violation,"[{""language"":""ko"",""text"":""로컬 격리 증거: 원문 PropertyShape에는 메시지가 없으며 sh:class 제약을 검증한다."",""source"":""local-evidence"",""predicate"":null}]",MOLIT 로컬 적용 가이드(upstream 원문 보충 설명): <http://purl.org/dc/terms/relation>의 모든 값에 rdf:type <http://www.w3.org/ns/dcat#Resource>를 명시한다. 원문 constraint 값은 변경하지 않는다.,GeoDCAT-AP 3.1.0,"[""https://semiceu.github.io/GeoDCAT-AP/releases/3.1.0#DatasetSeries.relatedresource""]",GeoDCAT-AP 3.1.0의 sh:class 제약을 변경 없이 채택한다. named PropertyShape의 원문 direct quad를 그대로 채택했다. 추가한 sh:targetNode는 격리 시험용이며 규범 의미를 바꾸지 않는다.,https://semiceu.github.io/GeoDCAT-AP/releases/3.1.0#dcat:DatasetSeriesShape/4918ff7a6c1c4b0eea6403dca4b992b87ee1f4ab,UPSTREAM-POS-UPSTREAM-GEODCATAP-AB1E905A5DDFFA0D9B6E,UPSTREAM-NEG-UPSTREAM-GEODCATAP-AB1E905A5DDFFA0D9B6E
UPSTREAM-GEODCATAP-AB41E9BA4FF3F4EA09EF,"[""geo"",""network""]","[""http://www.w3.org/ns/dcat#CatalogRecord""]",http://purl.org/dc/terms/modified,MUST,,,"[""http://www.w3.org/ns/shacl#Literal""]",[],Violation,"[{""language"":""ko"",""text"":""로컬 격리 증거: 원문 PropertyShape에는 메시지가 없으며 sh:nodeKind 제약을 검증한다."",""source"":""local-evidence"",""predicate"":null}]",MOLIT 로컬 적용 가이드(upstream 원문 보충 설명): <http://purl.org/dc/terms/modified> 값을 <http://www.w3.org/ns/shacl#Literal> node kind로 바꾼다. 원문 constraint 값은 변경하지 않는다.,GeoDCAT-AP 3.1.0,"[""https://semiceu.github.io/GeoDCAT-AP/releases/3.1.0#CatalogueRecord.modificationdate""]",GeoDCAT-AP 3.1.0의 sh:nodeKind 제약을 변경 없이 채택한다. named PropertyShape의 원문 direct quad를 그대로 채택했다. 추가한 sh:targetNode는 격리 시험용이며 규범 의미를 바꾸지 않는다.,https://semiceu.github.io/GeoDCAT-AP/releases/3.1.0#dcat:CatalogRecordShape/6b7242b6b89977700c05e4875131fbb975c4235e,UPSTREAM-POS-UPSTREAM-GEODCATAP-AB41E9BA4FF3F4EA09EF,UPSTREAM-NEG-UPSTREAM-GEODCATAP-AB41E9BA4FF3F4EA09EF
UPSTREAM-GEODCATAP-AB59BB7D21BD3F01835B,"[""geo"",""network""]","[""http://www.w3.org/ns/dcat#Dataset""]",http://purl.org/dc/terms/publisher,MUST,,1,[],[],Violation,"[{""language"":""ko"",""text"":""로컬 격리 증거: 원문 PropertyShape에는 메시지가 없으며 sh:maxCount 제약을 검증한다."",""source"":""local-evidence"",""predicate"":null}]",MOLIT 로컬 적용 가이드(upstream 원문 보충 설명): <http://purl.org/dc/terms/publisher> 값을 1개 이하로 줄인다. 원문 constraint 값은 변경하지 않는다.,GeoDCAT-AP 3.1.0,"[""https://semiceu.github.io/GeoDCAT-AP/releases/3.1.0#Dataset.publisher""]",GeoDCAT-AP 3.1.0의 sh:maxCount 제약을 변경 없이 채택한다. named PropertyShape의 원문 direct quad를 그대로 채택했다. 추가한 sh:targetNode는 격리 시험용이며 규범 의미를 바꾸지 않는다.,https://semiceu.github.io/GeoDCAT-AP/releases/3.1.0#dcat:DatasetShape/67dcdb36167ca7969c0532898e11a98e9c2a80f5,UPSTREAM-POS-UPSTREAM-GEODCATAP-AB59BB7D21BD3F01835B,UPSTREAM-NEG-UPSTREAM-GEODCATAP-AB59BB7D21BD3F01835B
UPSTREAM-GEODCATAP-AC1CE882FED4258C69B0,"[""geo"",""network""]","[""http://purl.org/dc/terms/PeriodOfTime""]",http://www.w3.org/ns/dcat#startDate,MUST,,,"[""http://www.w3.org/ns/shacl#Literal""]",[],Violation,"[{""language"":""ko"",""text"":""로컬 격리 증거: 원문 PropertyShape에는 메시지가 없으며 sh:nodeKind 제약을 검증한다."",""source"":""local-evidence"",""predicate"":null}]",MOLIT 로컬 적용 가이드(upstream 원문 보충 설명): <http://www.w3.org/ns/dcat#startDate> 값을 <http://www.w3.org/ns/shacl#Literal> node kind로 바꾼다. 원문 constraint 값은 변경하지 않는다.,GeoDCAT-AP 3.1.0,"[""https://semiceu.github.io/GeoDCAT-AP/releases/3.1.0#PeriodofTime.startdate""]",GeoDCAT-AP 3.1.0의 sh:nodeKind 제약을 변경 없이 채택한다. named PropertyShape의 원문 direct quad를 그대로 채택했다. 추가한 sh:targetNode는 격리 시험용이며 규범 의미를 바꾸지 않는다.,https://semiceu.github.io/GeoDCAT-AP/releases/3.1.0#dct:PeriodOfTimeShape/59fdfa4abfd9413716ffbdf9a27b9fdbf23d7772,UPSTREAM-POS-UPSTREAM-GEODCATAP-AC1CE882FED4258C69B0,UPSTREAM-NEG-UPSTREAM-GEODCATAP-AC1CE882FED4258C69B0
UPSTREAM-GEODCATAP-AC438FEFD07763A7388F,"[""geo"",""network""]","[""http://www.w3.org/ns/dcat#Dataset""]",http://purl.org/dc/terms/created,MUST,,1,[],[],Violation,"[{""language"":""ko"",""text"":""로컬 격리 증거: 원문 PropertyShape에는 메시지가 없으며 sh:maxCount 제약을 검증한다."",""source"":""local-evidence"",""predicate"":null}]",MOLIT 로컬 적용 가이드(upstream 원문 보충 설명): <http://purl.org/dc/terms/created> 값을 1개 이하로 줄인다. 원문 constraint 값은 변경하지 않는다.,GeoDCAT-AP 3.1.0,"[""https://semiceu.github.io/GeoDCAT-AP/releases/3.1.0#Dataset.creationdate""]",GeoDCAT-AP 3.1.0의 sh:maxCount 제약을 변경 없이 채택한다. named PropertyShape의 원문 direct quad를 그대로 채택했다. 추가한 sh:targetNode는 격리 시험용이며 규범 의미를 바꾸지 않는다.,https://semiceu.github.io/GeoDCAT-AP/releases/3.1.0#dcat:DatasetShape/675f9ab2c273ab67c79caa42282e4cec463c08f6,UPSTREAM-POS-UPSTREAM-GEODCATAP-AC438FEFD07763A7388F,UPSTREAM-NEG-UPSTREAM-GEODCATAP-AC438FEFD07763A7388F
UPSTREAM-GEODCATAP-ACA63BD51FF691A61E53,"[""geo"",""network""]","[""http://www.w3.org/ns/dcat#Distribution""]",http://purl.org/dc/terms/language,MUST,,,"[""http://www.w3.org/ns/shacl#BlankNodeOrIRI""]",[],Violation,"[{""language"":""ko"",""text"":""로컬 격리 증거: 원문 PropertyShape에는 메시지가 없으며 sh:nodeKind 제약을 검증한다."",""source"":""local-evidence"",""predicate"":null}]",MOLIT 로컬 적용 가이드(upstream 원문 보충 설명): <http://purl.org/dc/terms/language> 값을 <http://www.w3.org/ns/shacl#BlankNodeOrIRI> node kind로 바꾼다. 원문 constraint 값은 변경하지 않는다.,GeoDCAT-AP 3.1.0,"[""https://semiceu.github.io/GeoDCAT-AP/releases/3.1.0#Distribution.language""]",GeoDCAT-AP 3.1.0의 sh:nodeKind 제약을 변경 없이 채택한다. named PropertyShape의 원문 direct quad를 그대로 채택했다. 추가한 sh:targetNode는 격리 시험용이며 규범 의미를 바꾸지 않는다.,https://semiceu.github.io/GeoDCAT-AP/releases/3.1.0#dcat:DistributionShape/db878f1cb93930f64561d0504123c66feacfad5a,UPSTREAM-POS-UPSTREAM-GEODCATAP-ACA63BD51FF691A61E53,UPSTREAM-NEG-UPSTREAM-GEODCATAP-ACA63BD51FF691A61E53
UPSTREAM-GEODCATAP-ACB7E81BADDAC020263E,"[""geo"",""network""]","[""http://www.w3.org/ns/dcat#DatasetSeries""]",http://purl.org/dc/terms/accessRights,MUST,,1,[],[],Violation,"[{""language"":""ko"",""text"":""로컬 격리 증거: 원문 PropertyShape에는 메시지가 없으며 sh:maxCount 제약을 검증한다."",""source"":""local-evidence"",""predicate"":null}]",MOLIT 로컬 적용 가이드(upstream 원문 보충 설명): <http://purl.org/dc/terms/accessRights> 값을 1개 이하로 줄인다. 원문 constraint 값은 변경하지 않는다.,GeoDCAT-AP 3.1.0,"[""https://semiceu.github.io/GeoDCAT-AP/releases/3.1.0#DatasetSeries.accessrights""]",GeoDCAT-AP 3.1.0의 sh:maxCount 제약을 변경 없이 채택한다. named PropertyShape의 원문 direct quad를 그대로 채택했다. 추가한 sh:targetNode는 격리 시험용이며 규범 의미를 바꾸지 않는다.,https://semiceu.github.io/GeoDCAT-AP/releases/3.1.0#dcat:DatasetSeriesShape/7a20e2eb5f5549088fd53fa93fab0958019f267e,UPSTREAM-POS-UPSTREAM-GEODCATAP-ACB7E81BADDAC020263E,UPSTREAM-NEG-UPSTREAM-GEODCATAP-ACB7E81BADDAC020263E
UPSTREAM-GEODCATAP-ACF39E7C081D6F4F83FE,"[""geo"",""network""]","[""http://www.w3.org/ns/dcat#DatasetSeries""]",http://data.europa.eu/930/custodian,MUST,,,"[""http://xmlns.com/foaf/0.1/Agent""]",[],Violation,"[{""language"":""ko"",""text"":""로컬 격리 증거: 원문 PropertyShape에는 메시지가 없으며 sh:class 제약을 검증한다."",""source"":""local-evidence"",""predicate"":null}]",MOLIT 로컬 적용 가이드(upstream 원문 보충 설명): <http://data.europa.eu/930/custodian>의 모든 값에 rdf:type <http://xmlns.com/foaf/0.1/Agent>를 명시한다. 원문 constraint 값은 변경하지 않는다.,GeoDCAT-AP 3.1.0,"[""https://semiceu.github.io/GeoDCAT-AP/releases/3.1.0#DatasetSeries.custodian""]",GeoDCAT-AP 3.1.0의 sh:class 제약을 변경 없이 채택한다. named PropertyShape의 원문 direct quad를 그대로 채택했다. 추가한 sh:targetNode는 격리 시험용이며 규범 의미를 바꾸지 않는다.,https://semiceu.github.io/GeoDCAT-AP/releases/3.1.0#dcat:DatasetSeriesShape/79c0c2e1bcab213fd06ca4c1782849db4a11225f,UPSTREAM-POS-UPSTREAM-GEODCATAP-ACF39E7C081D6F4F83FE,UPSTREAM-NEG-UPSTREAM-GEODCATAP-ACF39E7C081D6F4F83FE
UPSTREAM-GEODCATAP-AD07DF6B6EA1DB21EB1A,"[""geo"",""network""]","[""http://www.w3.org/ns/dcat#Catalog""]",http://data.europa.eu/930/user,MUST,,,"[""http://www.w3.org/ns/shacl#BlankNodeOrIRI""]",[],Violation,"[{""language"":""ko"",""text"":""로컬 격리 증거: 원문 PropertyShape에는 메시지가 없으며 sh:nodeKind 제약을 검증한다."",""source"":""local-evidence"",""predicate"":null}]",MOLIT 로컬 적용 가이드(upstream 원문 보충 설명): <http://data.europa.eu/930/user> 값을 <http://www.w3.org/ns/shacl#BlankNodeOrIRI> node kind로 바꾼다. 원문 constraint 값은 변경하지 않는다.,GeoDCAT-AP 3.1.0,"[""https://semiceu.github.io/GeoDCAT-AP/releases/3.1.0#Catalogue.user""]",GeoDCAT-AP 3.1.0의 sh:nodeKind 제약을 변경 없이 채택한다. named PropertyShape의 원문 direct quad를 그대로 채택했다. 추가한 sh:targetNode는 격리 시험용이며 규범 의미를 바꾸지 않는다.,https://semiceu.github.io/GeoDCAT-AP/releases/3.1.0#dcat:CatalogShape/ba3b4487b5271499cada905fb8fb4869a540fbb2,UPSTREAM-POS-UPSTREAM-GEODCATAP-AD07DF6B6EA1DB21EB1A,UPSTREAM-NEG-UPSTREAM-GEODCATAP-AD07DF6B6EA1DB21EB1A
UPSTREAM-GEODCATAP-AD5CF54F75EBB156DB7C,"[""geo"",""network""]","[""http://www.w3.org/ns/dcat#DataService""]",http://www.w3.org/ns/dcat#spatialResolutionInMeters,MUST,,,"[""http://www.w3.org/2001/XMLSchema#decimal""]",[],Violation,"[{""language"":""ko"",""text"":""로컬 격리 증거: 원문 PropertyShape에는 메시지가 없으며 sh:datatype 제약을 검증한다."",""source"":""local-evidence"",""predicate"":null}]",MOLIT 로컬 적용 가이드(upstream 원문 보충 설명): <http://www.w3.org/ns/dcat#spatialResolutionInMeters> 값을 <http://www.w3.org/2001/XMLSchema#decimal> datatype의 유효한 lexical literal로 직렬화한다. 원문 constraint 값은 변경하지 않는다.,GeoDCAT-AP 3.1.0,"[""https://semiceu.github.io/GeoDCAT-AP/releases/3.1.0#DataService.spatialresolutioninmetres""]",GeoDCAT-AP 3.1.0의 sh:datatype 제약을 변경 없이 채택한다. named PropertyShape의 원문 direct quad를 그대로 채택했다. 추가한 sh:targetNode는 격리 시험용이며 규범 의미를 바꾸지 않는다.,https://semiceu.github.io/GeoDCAT-AP/releases/3.1.0#dcat:DataServiceShape/a1173daef382ef9fe405318a57ddd98dbc82e335,UPSTREAM-POS-UPSTREAM-GEODCATAP-AD5CF54F75EBB156DB7C,UPSTREAM-NEG-UPSTREAM-GEODCATAP-AD5CF54F75EBB156DB7C
UPSTREAM-GEODCATAP-AE2EE68955405DA07963,"[""geo"",""network""]","[""http://xmlns.com/foaf/0.1/Agent""]",http://xmlns.com/foaf/0.1/name,MUST,,,"[""http://www.w3.org/ns/shacl#Literal""]",[],Violation,"[{""language"":""ko"",""text"":""로컬 격리 증거: 원문 PropertyShape에는 메시지가 없으며 sh:nodeKind 제약을 검증한다."",""source"":""local-evidence"",""predicate"":null}]",MOLIT 로컬 적용 가이드(upstream 원문 보충 설명): <http://xmlns.com/foaf/0.1/name> 값을 <http://www.w3.org/ns/shacl#Literal> node kind로 바꾼다. 원문 constraint 값은 변경하지 않는다.,GeoDCAT-AP 3.1.0,"[""https://semiceu.github.io/GeoDCAT-AP/releases/3.1.0#Agent.name""]",GeoDCAT-AP 3.1.0의 sh:nodeKind 제약을 변경 없이 채택한다. named PropertyShape의 원문 direct quad를 그대로 채택했다. 추가한 sh:targetNode는 격리 시험용이며 규범 의미를 바꾸지 않는다.,https://semiceu.github.io/GeoDCAT-AP/releases/3.1.0#foaf:AgentShape/9caf9e629daa0e64ece77788576468821d7cff8c,UPSTREAM-POS-UPSTREAM-GEODCATAP-AE2EE68955405DA07963,UPSTREAM-NEG-UPSTREAM-GEODCATAP-AE2EE68955405DA07963
UPSTREAM-GEODCATAP-AE590B67D80B88854A03,"[""geo"",""network""]","[""http://www.w3.org/ns/dcat#CatalogRecord""]",http://data.europa.eu/930/resourceProvider,MUST,,,"[""http://www.w3.org/ns/shacl#BlankNodeOrIRI""]",[],Violation,"[{""language"":""ko"",""text"":""로컬 격리 증거: 원문 PropertyShape에는 메시지가 없으며 sh:nodeKind 제약을 검증한다."",""source"":""local-evidence"",""predicate"":null}]",MOLIT 로컬 적용 가이드(upstream 원문 보충 설명): <http://data.europa.eu/930/resourceProvider> 값을 <http://www.w3.org/ns/shacl#BlankNodeOrIRI> node kind로 바꾼다. 원문 constraint 값은 변경하지 않는다.,GeoDCAT-AP 3.1.0,"[""https://semiceu.github.io/GeoDCAT-AP/releases/3.1.0#CatalogueRecord.resourceprovider""]",GeoDCAT-AP 3.1.0의 sh:nodeKind 제약을 변경 없이 채택한다. named PropertyShape의 원문 direct quad를 그대로 채택했다. 추가한 sh:targetNode는 격리 시험용이며 규범 의미를 바꾸지 않는다.,https://semiceu.github.io/GeoDCAT-AP/releases/3.1.0#dcat:CatalogRecordShape/30957911e1c6c79c065b6a0fa632a3c58d6b1841,UPSTREAM-POS-UPSTREAM-GEODCATAP-AE590B67D80B88854A03,UPSTREAM-NEG-UPSTREAM-GEODCATAP-AE590B67D80B88854A03
UPSTREAM-GEODCATAP-AE65317E6A82898CD614,"[""geo"",""network""]","[""http://www.w3.org/ns/dcat#DataService""]",http://purl.org/dc/terms/rights,MUST,,,"[""http://purl.org/dc/terms/RightsStatement""]",[],Violation,"[{""language"":""ko"",""text"":""로컬 격리 증거: 원문 PropertyShape에는 메시지가 없으며 sh:class 제약을 검증한다."",""source"":""local-evidence"",""predicate"":null}]",MOLIT 로컬 적용 가이드(upstream 원문 보충 설명): <http://purl.org/dc/terms/rights>의 모든 값에 rdf:type <http://purl.org/dc/terms/RightsStatement>를 명시한다. 원문 constraint 값은 변경하지 않는다.,GeoDCAT-AP 3.1.0,"[""https://semiceu.github.io/GeoDCAT-AP/releases/3.1.0#DataService.rights""]",GeoDCAT-AP 3.1.0의 sh:class 제약을 변경 없이 채택한다. named PropertyShape의 원문 direct quad를 그대로 채택했다. 추가한 sh:targetNode는 격리 시험용이며 규범 의미를 바꾸지 않는다.,https://semiceu.github.io/GeoDCAT-AP/releases/3.1.0#dcat:DataServiceShape/99435c17158fbaa12d1d955b8886d5bf935ab016,UPSTREAM-POS-UPSTREAM-GEODCATAP-AE65317E6A82898CD614,UPSTREAM-NEG-UPSTREAM-GEODCATAP-AE65317E6A82898CD614
UPSTREAM-GEODCATAP-AF78BE4829B816FF610B,"[""geo"",""network""]","[""http://purl.org/dc/terms/Location""]",http://www.w3.org/2004/02/skos/core#inScheme,MUST,,1,[],[],Violation,"[{""language"":""ko"",""text"":""로컬 격리 증거: 원문 PropertyShape에는 메시지가 없으며 sh:maxCount 제약을 검증한다."",""source"":""local-evidence"",""predicate"":null}]",MOLIT 로컬 적용 가이드(upstream 원문 보충 설명): <http://www.w3.org/2004/02/skos/core#inScheme> 값을 1개 이하로 줄인다. 원문 constraint 값은 변경하지 않는다.,GeoDCAT-AP 3.1.0,"[""https://semiceu.github.io/GeoDCAT-AP/releases/3.1.0#Location.gazetteer""]",GeoDCAT-AP 3.1.0의 sh:maxCount 제약을 변경 없이 채택한다. named PropertyShape의 원문 direct quad를 그대로 채택했다. 추가한 sh:targetNode는 격리 시험용이며 규범 의미를 바꾸지 않는다.,https://semiceu.github.io/GeoDCAT-AP/releases/3.1.0#dct:LocationShape/2449ade6be593ee2b1e1d30b8731d175e477403f,UPSTREAM-POS-UPSTREAM-GEODCATAP-AF78BE4829B816FF610B,UPSTREAM-NEG-UPSTREAM-GEODCATAP-AF78BE4829B816FF610B
UPSTREAM-GEODCATAP-AFD141817BFBEC1469E3,"[""geo"",""network""]","[""http://www.w3.org/ns/dcat#Catalog""]",http://data.europa.eu/r5r/applicableLegislation,MUST,,,"[""http://data.europa.eu/eli/ontology#LegalResource""]",[],Violation,"[{""language"":""ko"",""text"":""로컬 격리 증거: 원문 PropertyShape에는 메시지가 없으며 sh:class 제약을 검증한다."",""source"":""local-evidence"",""predicate"":null}]",MOLIT 로컬 적용 가이드(upstream 원문 보충 설명): <http://data.europa.eu/r5r/applicableLegislation>의 모든 값에 rdf:type <http://data.europa.eu/eli/ontology#LegalResource>를 명시한다. 원문 constraint 값은 변경하지 않는다.,GeoDCAT-AP 3.1.0,"[""https://semiceu.github.io/GeoDCAT-AP/releases/3.1.0#Catalogue.applicablelegislation""]",GeoDCAT-AP 3.1.0의 sh:class 제약을 변경 없이 채택한다. named PropertyShape의 원문 direct quad를 그대로 채택했다. 추가한 sh:targetNode는 격리 시험용이며 규범 의미를 바꾸지 않는다.,https://semiceu.github.io/GeoDCAT-AP/releases/3.1.0#dcat:CatalogShape/73465b7fbd7f991a08ddd1b766c2e46fa9dfc14e,UPSTREAM-POS-UPSTREAM-GEODCATAP-AFD141817BFBEC1469E3,UPSTREAM-NEG-UPSTREAM-GEODCATAP-AFD141817BFBEC1469E3
UPSTREAM-GEODCATAP-B035E24904A16F81E16D,"[""geo"",""network""]","[""http://www.w3.org/ns/dcat#Catalog""]",http://purl.org/dc/terms/hasPart,MUST,,,"[""http://www.w3.org/ns/shacl#BlankNodeOrIRI""]",[],Violation,"[{""language"":""ko"",""text"":""로컬 격리 증거: 원문 PropertyShape에는 메시지가 없으며 sh:nodeKind 제약을 검증한다."",""source"":""local-evidence"",""predicate"":null}]",MOLIT 로컬 적용 가이드(upstream 원문 보충 설명): <http://purl.org/dc/terms/hasPart> 값을 <http://www.w3.org/ns/shacl#BlankNodeOrIRI> node kind로 바꾼다. 원문 constraint 값은 변경하지 않는다.,GeoDCAT-AP 3.1.0,"[""https://semiceu.github.io/GeoDCAT-AP/releases/3.1.0#Catalogue.haspart""]",GeoDCAT-AP 3.1.0의 sh:nodeKind 제약을 변경 없이 채택한다. named PropertyShape의 원문 direct quad를 그대로 채택했다. 추가한 sh:targetNode는 격리 시험용이며 규범 의미를 바꾸지 않는다.,https://semiceu.github.io/GeoDCAT-AP/releases/3.1.0#dcat:CatalogShape/00ac10319099fe2cccabf6b6e38a4876211b79f7,UPSTREAM-POS-UPSTREAM-GEODCATAP-B035E24904A16F81E16D,UPSTREAM-NEG-UPSTREAM-GEODCATAP-B035E24904A16F81E16D
UPSTREAM-GEODCATAP-B1973C35F9448C12EF0C,"[""geo"",""network""]","[""http://www.w3.org/ns/dcat#DatasetSeries""]",http://data.europa.eu/930/principalInvestigator,MUST,,,"[""http://www.w3.org/ns/shacl#BlankNodeOrIRI""]",[],Violation,"[{""language"":""ko"",""text"":""로컬 격리 증거: 원문 PropertyShape에는 메시지가 없으며 sh:nodeKind 제약을 검증한다."",""source"":""local-evidence"",""predicate"":null}]",MOLIT 로컬 적용 가이드(upstream 원문 보충 설명): <http://data.europa.eu/930/principalInvestigator> 값을 <http://www.w3.org/ns/shacl#BlankNodeOrIRI> node kind로 바꾼다. 원문 constraint 값은 변경하지 않는다.,GeoDCAT-AP 3.1.0,"[""https://semiceu.github.io/GeoDCAT-AP/releases/3.1.0#DatasetSeries.principalinvestigator""]",GeoDCAT-AP 3.1.0의 sh:nodeKind 제약을 변경 없이 채택한다. named PropertyShape의 원문 direct quad를 그대로 채택했다. 추가한 sh:targetNode는 격리 시험용이며 규범 의미를 바꾸지 않는다.,https://semiceu.github.io/GeoDCAT-AP/releases/3.1.0#dcat:DatasetSeriesShape/332a16958cb700460c864d15f17f0a67ca9cf034,UPSTREAM-POS-UPSTREAM-GEODCATAP-B1973C35F9448C12EF0C,UPSTREAM-NEG-UPSTREAM-GEODCATAP-B1973C35F9448C12EF0C
UPSTREAM-GEODCATAP-B1EAECA295A2FA88DB07,"[""geo"",""network""]","[""http://www.w3.org/2004/02/skos/core#Concept""]",http://www.w3.org/2004/02/skos/core#inScheme,MUST,,1,[],[],Violation,"[{""language"":""ko"",""text"":""로컬 격리 증거: 원문 PropertyShape에는 메시지가 없으며 sh:maxCount 제약을 검증한다."",""source"":""local-evidence"",""predicate"":null}]",MOLIT 로컬 적용 가이드(upstream 원문 보충 설명): <http://www.w3.org/2004/02/skos/core#inScheme> 값을 1개 이하로 줄인다. 원문 constraint 값은 변경하지 않는다.,GeoDCAT-AP 3.1.0,"[""https://semiceu.github.io/GeoDCAT-AP/releases/3.1.0#Concept.categoryscheme""]",GeoDCAT-AP 3.1.0의 sh:maxCount 제약을 변경 없이 채택한다. named PropertyShape의 원문 direct quad를 그대로 채택했다. 추가한 sh:targetNode는 격리 시험용이며 규범 의미를 바꾸지 않는다.,https://semiceu.github.io/GeoDCAT-AP/releases/3.1.0#skos:ConceptShape/ef9dad7ac203d3f10f84af91af3c62a9757b83dc,UPSTREAM-POS-UPSTREAM-GEODCATAP-B1EAECA295A2FA88DB07,UPSTREAM-NEG-UPSTREAM-GEODCATAP-B1EAECA295A2FA88DB07
UPSTREAM-GEODCATAP-B1F88821ABC2D1150C85,"[""geo"",""network""]","[""http://purl.org/dc/terms/Standard""]",http://www.w3.org/2004/02/skos/core#inScheme,MUST,,,"[""http://www.w3.org/2004/02/skos/core#ConceptScheme""]",[],Violation,"[{""language"":""ko"",""text"":""로컬 격리 증거: 원문 PropertyShape에는 메시지가 없으며 sh:class 제약을 검증한다."",""source"":""local-evidence"",""predicate"":null}]",MOLIT 로컬 적용 가이드(upstream 원문 보충 설명): <http://www.w3.org/2004/02/skos/core#inScheme>의 모든 값에 rdf:type <http://www.w3.org/2004/02/skos/core#ConceptScheme>를 명시한다. 원문 constraint 값은 변경하지 않는다.,GeoDCAT-AP 3.1.0,"[""https://semiceu.github.io/GeoDCAT-AP/releases/3.1.0#Standard.referenceregister""]",GeoDCAT-AP 3.1.0의 sh:class 제약을 변경 없이 채택한다. named PropertyShape의 원문 direct quad를 그대로 채택했다. 추가한 sh:targetNode는 격리 시험용이며 규범 의미를 바꾸지 않는다.,https://semiceu.github.io/GeoDCAT-AP/releases/3.1.0#dct:StandardShape/ec332b741bd6d13272cab1a4be3c908db0b6daa1,UPSTREAM-POS-UPSTREAM-GEODCATAP-B1F88821ABC2D1150C85,UPSTREAM-NEG-UPSTREAM-GEODCATAP-B1F88821ABC2D1150C85
UPSTREAM-GEODCATAP-B20C66B069CB47CE4BEE,"[""geo"",""network""]","[""http://www.w3.org/ns/dcat#Dataset""]",http://www.w3.org/ns/dcat#keyword,MUST,,,"[""http://www.w3.org/ns/shacl#Literal""]",[],Violation,"[{""language"":""ko"",""text"":""로컬 격리 증거: 원문 PropertyShape에는 메시지가 없으며 sh:nodeKind 제약을 검증한다."",""source"":""local-evidence"",""predicate"":null}]",MOLIT 로컬 적용 가이드(upstream 원문 보충 설명): <http://www.w3.org/ns/dcat#keyword> 값을 <http://www.w3.org/ns/shacl#Literal> node kind로 바꾼다. 원문 constraint 값은 변경하지 않는다.,GeoDCAT-AP 3.1.0,"[""https://semiceu.github.io/GeoDCAT-AP/releases/3.1.0#Dataset.keyword""]",GeoDCAT-AP 3.1.0의 sh:nodeKind 제약을 변경 없이 채택한다. named PropertyShape의 원문 direct quad를 그대로 채택했다. 추가한 sh:targetNode는 격리 시험용이며 규범 의미를 바꾸지 않는다.,https://semiceu.github.io/GeoDCAT-AP/releases/3.1.0#dcat:DatasetShape/5bc739112726cd993c279f81380611cafc3a9857,UPSTREAM-POS-UPSTREAM-GEODCATAP-B20C66B069CB47CE4BEE,UPSTREAM-NEG-UPSTREAM-GEODCATAP-B20C66B069CB47CE4BEE
UPSTREAM-GEODCATAP-B210CF9924CFB148E03A,"[""geo"",""network""]","[""http://www.w3.org/ns/dcat#DataService""]",http://www.w3.org/ns/dcat#contactPoint,MUST,,,"[""http://www.w3.org/2006/vcard/ns#Kind""]",[],Violation,"[{""language"":""ko"",""text"":""로컬 격리 증거: 원문 PropertyShape에는 메시지가 없으며 sh:class 제약을 검증한다."",""source"":""local-evidence"",""predicate"":null}]",MOLIT 로컬 적용 가이드(upstream 원문 보충 설명): <http://www.w3.org/ns/dcat#contactPoint>의 모든 값에 rdf:type <http://www.w3.org/2006/vcard/ns#Kind>를 명시한다. 원문 constraint 값은 변경하지 않는다.,GeoDCAT-AP 3.1.0,"[""https://semiceu.github.io/GeoDCAT-AP/releases/3.1.0#DataService.contactpoint""]",GeoDCAT-AP 3.1.0의 sh:class 제약을 변경 없이 채택한다. named PropertyShape의 원문 direct quad를 그대로 채택했다. 추가한 sh:targetNode는 격리 시험용이며 규범 의미를 바꾸지 않는다.,https://semiceu.github.io/GeoDCAT-AP/releases/3.1.0#dcat:DataServiceShape/7b6713c1f4a52e964f5db57eabef294b6d04e90e,UPSTREAM-POS-UPSTREAM-GEODCATAP-B210CF9924CFB148E03A,UPSTREAM-NEG-UPSTREAM-GEODCATAP-B210CF9924CFB148E03A
UPSTREAM-GEODCATAP-B273D4795E4313C71480,"[""geo"",""network""]","[""http://xmlns.com/foaf/0.1/Document""]",http://purl.org/dc/terms/title,MUST,,,"[""http://www.w3.org/ns/shacl#Literal""]",[],Violation,"[{""language"":""ko"",""text"":""로컬 격리 증거: 원문 PropertyShape에는 메시지가 없으며 sh:nodeKind 제약을 검증한다."",""source"":""local-evidence"",""predicate"":null}]",MOLIT 로컬 적용 가이드(upstream 원문 보충 설명): <http://purl.org/dc/terms/title> 값을 <http://www.w3.org/ns/shacl#Literal> node kind로 바꾼다. 원문 constraint 값은 변경하지 않는다.,GeoDCAT-AP 3.1.0,"[""https://semiceu.github.io/GeoDCAT-AP/releases/3.1.0#Document.title""]",GeoDCAT-AP 3.1.0의 sh:nodeKind 제약을 변경 없이 채택한다. named PropertyShape의 원문 direct quad를 그대로 채택했다. 추가한 sh:targetNode는 격리 시험용이며 규범 의미를 바꾸지 않는다.,https://semiceu.github.io/GeoDCAT-AP/releases/3.1.0#foaf:DocumentShape/d5d74574f70f9a979535f3624608f88180dd0c97,UPSTREAM-POS-UPSTREAM-GEODCATAP-B273D4795E4313C71480,UPSTREAM-NEG-UPSTREAM-GEODCATAP-B273D4795E4313C71480
UPSTREAM-GEODCATAP-B2F1FD508A568F149BFF,"[""geo"",""network""]","[""http://www.w3.org/ns/dcat#Catalog""]",http://purl.org/dc/terms/created,MUST,,,"[""http://www.w3.org/ns/shacl#Literal""]",[],Violation,"[{""language"":""ko"",""text"":""로컬 격리 증거: 원문 PropertyShape에는 메시지가 없으며 sh:nodeKind 제약을 검증한다."",""source"":""local-evidence"",""predicate"":null}]",MOLIT 로컬 적용 가이드(upstream 원문 보충 설명): <http://purl.org/dc/terms/created> 값을 <http://www.w3.org/ns/shacl#Literal> node kind로 바꾼다. 원문 constraint 값은 변경하지 않는다.,GeoDCAT-AP 3.1.0,"[""https://semiceu.github.io/GeoDCAT-AP/releases/3.1.0#Catalogue.creationdate""]",GeoDCAT-AP 3.1.0의 sh:nodeKind 제약을 변경 없이 채택한다. named PropertyShape의 원문 direct quad를 그대로 채택했다. 추가한 sh:targetNode는 격리 시험용이며 규범 의미를 바꾸지 않는다.,https://semiceu.github.io/GeoDCAT-AP/releases/3.1.0#dcat:CatalogShape/9ebdae98241e4f451997ba6a4a2252e28ea561d9,UPSTREAM-POS-UPSTREAM-GEODCATAP-B2F1FD508A568F149BFF,UPSTREAM-NEG-UPSTREAM-GEODCATAP-B2F1FD508A568F149BFF
UPSTREAM-GEODCATAP-B3612C66029968CEFE93,"[""geo"",""network""]","[""http://www.w3.org/ns/dcat#CatalogRecord""]",http://purl.org/dc/terms/source,MUST,,,"[""http://www.w3.org/ns/shacl#BlankNodeOrIRI""]",[],Violation,"[{""language"":""ko"",""text"":""로컬 격리 증거: 원문 PropertyShape에는 메시지가 없으며 sh:nodeKind 제약을 검증한다."",""source"":""local-evidence"",""predicate"":null}]",MOLIT 로컬 적용 가이드(upstream 원문 보충 설명): <http://purl.org/dc/terms/source> 값을 <http://www.w3.org/ns/shacl#BlankNodeOrIRI> node kind로 바꾼다. 원문 constraint 값은 변경하지 않는다.,GeoDCAT-AP 3.1.0,"[""https://semiceu.github.io/GeoDCAT-AP/releases/3.1.0#CatalogueRecord.sourcemetadata""]",GeoDCAT-AP 3.1.0의 sh:nodeKind 제약을 변경 없이 채택한다. named PropertyShape의 원문 direct quad를 그대로 채택했다. 추가한 sh:targetNode는 격리 시험용이며 규범 의미를 바꾸지 않는다.,https://semiceu.github.io/GeoDCAT-AP/releases/3.1.0#dcat:CatalogRecordShape/d1a2caf3f023345c142769faae4544a99834d255,UPSTREAM-POS-UPSTREAM-GEODCATAP-B3612C66029968CEFE93,UPSTREAM-NEG-UPSTREAM-GEODCATAP-B3612C66029968CEFE93
UPSTREAM-GEODCATAP-B39A89172E46A29E2C77,"[""geo"",""network""]","[""http://spdx.org/rdf/terms#Checksum""]",http://spdx.org/rdf/terms#checksumValue,MUST,,1,[],[],Violation,"[{""language"":""ko"",""text"":""로컬 격리 증거: 원문 PropertyShape에는 메시지가 없으며 sh:maxCount 제약을 검증한다."",""source"":""local-evidence"",""predicate"":null}]",MOLIT 로컬 적용 가이드(upstream 원문 보충 설명): <http://spdx.org/rdf/terms#checksumValue> 값을 1개 이하로 줄인다. 원문 constraint 값은 변경하지 않는다.,GeoDCAT-AP 3.1.0,"[""https://semiceu.github.io/GeoDCAT-AP/releases/3.1.0#Checksum.checksumvalue""]",GeoDCAT-AP 3.1.0의 sh:maxCount 제약을 변경 없이 채택한다. named PropertyShape의 원문 direct quad를 그대로 채택했다. 추가한 sh:targetNode는 격리 시험용이며 규범 의미를 바꾸지 않는다.,https://semiceu.github.io/GeoDCAT-AP/releases/3.1.0#spdx:ChecksumShape/842b9830971c91bb7d9da12b52e0b63ac999367d,UPSTREAM-POS-UPSTREAM-GEODCATAP-B39A89172E46A29E2C77,UPSTREAM-NEG-UPSTREAM-GEODCATAP-B39A89172E46A29E2C77
UPSTREAM-GEODCATAP-B42B1AC635ABC1336149,"[""geo"",""network""]","[""http://www.w3.org/ns/dcat#DataService""]",http://data.europa.eu/930/originator,MUST,,,"[""http://www.w3.org/ns/shacl#BlankNodeOrIRI""]",[],Violation,"[{""language"":""ko"",""text"":""로컬 격리 증거: 원문 PropertyShape에는 메시지가 없으며 sh:nodeKind 제약을 검증한다."",""source"":""local-evidence"",""predicate"":null}]",MOLIT 로컬 적용 가이드(upstream 원문 보충 설명): <http://data.europa.eu/930/originator> 값을 <http://www.w3.org/ns/shacl#BlankNodeOrIRI> node kind로 바꾼다. 원문 constraint 값은 변경하지 않는다.,GeoDCAT-AP 3.1.0,"[""https://semiceu.github.io/GeoDCAT-AP/releases/3.1.0#DataService.originator""]",GeoDCAT-AP 3.1.0의 sh:nodeKind 제약을 변경 없이 채택한다. named PropertyShape의 원문 direct quad를 그대로 채택했다. 추가한 sh:targetNode는 격리 시험용이며 규범 의미를 바꾸지 않는다.,https://semiceu.github.io/GeoDCAT-AP/releases/3.1.0#dcat:DataServiceShape/f15ac8e72da8db00ffde633a42483a8874e9f5b4,UPSTREAM-POS-UPSTREAM-GEODCATAP-B42B1AC635ABC1336149,UPSTREAM-NEG-UPSTREAM-GEODCATAP-B42B1AC635ABC1336149
UPSTREAM-GEODCATAP-B44D1B75B46A649E17D1,"[""geo"",""network""]","[""http://www.w3.org/ns/dcat#DatasetSeries""]",http://www.w3.org/ns/dcat#qualifiedRelation,MUST,,,"[""http://www.w3.org/ns/dcat#Relationship""]",[],Violation,"[{""language"":""ko"",""text"":""로컬 격리 증거: 원문 PropertyShape에는 메시지가 없으며 sh:class 제약을 검증한다."",""source"":""local-evidence"",""predicate"":null}]",MOLIT 로컬 적용 가이드(upstream 원문 보충 설명): <http://www.w3.org/ns/dcat#qualifiedRelation>의 모든 값에 rdf:type <http://www.w3.org/ns/dcat#Relationship>를 명시한다. 원문 constraint 값은 변경하지 않는다.,GeoDCAT-AP 3.1.0,"[""https://semiceu.github.io/GeoDCAT-AP/releases/3.1.0#DatasetSeries.qualifiedrelation""]",GeoDCAT-AP 3.1.0의 sh:class 제약을 변경 없이 채택한다. named PropertyShape의 원문 direct quad를 그대로 채택했다. 추가한 sh:targetNode는 격리 시험용이며 규범 의미를 바꾸지 않는다.,https://semiceu.github.io/GeoDCAT-AP/releases/3.1.0#dcat:DatasetSeriesShape/fb900ce4a3c69358a055e1f0d365fba049164374,UPSTREAM-POS-UPSTREAM-GEODCATAP-B44D1B75B46A649E17D1,UPSTREAM-NEG-UPSTREAM-GEODCATAP-B44D1B75B46A649E17D1
UPSTREAM-GEODCATAP-B454DD5A77C9B897D1A7,"[""geo"",""network""]","[""http://xmlns.com/foaf/0.1/Agent""]",http://www.w3.org/ns/org#memberOf,MUST,,1,[],[],Violation,"[{""language"":""ko"",""text"":""로컬 격리 증거: 원문 PropertyShape에는 메시지가 없으며 sh:maxCount 제약을 검증한다."",""source"":""local-evidence"",""predicate"":null}]",MOLIT 로컬 적용 가이드(upstream 원문 보충 설명): <http://www.w3.org/ns/org#memberOf> 값을 1개 이하로 줄인다. 원문 constraint 값은 변경하지 않는다.,GeoDCAT-AP 3.1.0,"[""https://semiceu.github.io/GeoDCAT-AP/releases/3.1.0#Agent.affiliation""]",GeoDCAT-AP 3.1.0의 sh:maxCount 제약을 변경 없이 채택한다. named PropertyShape의 원문 direct quad를 그대로 채택했다. 추가한 sh:targetNode는 격리 시험용이며 규범 의미를 바꾸지 않는다.,https://semiceu.github.io/GeoDCAT-AP/releases/3.1.0#foaf:AgentShape/139ed93073a8cca15f202195bd45112160c3b90b,UPSTREAM-POS-UPSTREAM-GEODCATAP-B454DD5A77C9B897D1A7,UPSTREAM-NEG-UPSTREAM-GEODCATAP-B454DD5A77C9B897D1A7
UPSTREAM-GEODCATAP-B4F6AD59B8758AFD9B6E,"[""geo"",""network""]","[""http://www.w3.org/ns/dcat#Distribution""]",http://spdx.org/rdf/terms#checksum,MUST,,,"[""http://www.w3.org/ns/shacl#BlankNodeOrIRI""]",[],Violation,"[{""language"":""ko"",""text"":""로컬 격리 증거: 원문 PropertyShape에는 메시지가 없으며 sh:nodeKind 제약을 검증한다."",""source"":""local-evidence"",""predicate"":null}]",MOLIT 로컬 적용 가이드(upstream 원문 보충 설명): <http://spdx.org/rdf/terms#checksum> 값을 <http://www.w3.org/ns/shacl#BlankNodeOrIRI> node kind로 바꾼다. 원문 constraint 값은 변경하지 않는다.,GeoDCAT-AP 3.1.0,"[""https://semiceu.github.io/GeoDCAT-AP/releases/3.1.0#Distribution.checksum""]",GeoDCAT-AP 3.1.0의 sh:nodeKind 제약을 변경 없이 채택한다. named PropertyShape의 원문 direct quad를 그대로 채택했다. 추가한 sh:targetNode는 격리 시험용이며 규범 의미를 바꾸지 않는다.,https://semiceu.github.io/GeoDCAT-AP/releases/3.1.0#dcat:DistributionShape/dc17e7a798aea475507009807c87717284c17830,UPSTREAM-POS-UPSTREAM-GEODCATAP-B4F6AD59B8758AFD9B6E,UPSTREAM-NEG-UPSTREAM-GEODCATAP-B4F6AD59B8758AFD9B6E
UPSTREAM-GEODCATAP-B55B32A4199521466C99,"[""geo"",""network""]","[""http://www.w3.org/ns/dcat#Catalog""]",http://www.w3.org/ns/dcat#contactPoint,MUST,,,"[""http://www.w3.org/2006/vcard/ns#Kind""]",[],Violation,"[{""language"":""ko"",""text"":""로컬 격리 증거: 원문 PropertyShape에는 메시지가 없으며 sh:class 제약을 검증한다."",""source"":""local-evidence"",""predicate"":null}]",MOLIT 로컬 적용 가이드(upstream 원문 보충 설명): <http://www.w3.org/ns/dcat#contactPoint>의 모든 값에 rdf:type <http://www.w3.org/2006/vcard/ns#Kind>를 명시한다. 원문 constraint 값은 변경하지 않는다.,GeoDCAT-AP 3.1.0,"[""https://semiceu.github.io/GeoDCAT-AP/releases/3.1.0#Catalogue.contactpoint""]",GeoDCAT-AP 3.1.0의 sh:class 제약을 변경 없이 채택한다. named PropertyShape의 원문 direct quad를 그대로 채택했다. 추가한 sh:targetNode는 격리 시험용이며 규범 의미를 바꾸지 않는다.,https://semiceu.github.io/GeoDCAT-AP/releases/3.1.0#dcat:CatalogShape/7b6713c1f4a52e964f5db57eabef294b6d04e90e,UPSTREAM-POS-UPSTREAM-GEODCATAP-B55B32A4199521466C99,UPSTREAM-NEG-UPSTREAM-GEODCATAP-B55B32A4199521466C99
UPSTREAM-GEODCATAP-B573AF063C4322E46EB8,"[""geo"",""network""]","[""http://purl.org/dc/terms/PeriodOfTime""]",http://www.w3.org/2006/time#hasBeginning,MUST,,,"[""http://www.w3.org/ns/shacl#BlankNodeOrIRI""]",[],Violation,"[{""language"":""ko"",""text"":""로컬 격리 증거: 원문 PropertyShape에는 메시지가 없으며 sh:nodeKind 제약을 검증한다."",""source"":""local-evidence"",""predicate"":null}]",MOLIT 로컬 적용 가이드(upstream 원문 보충 설명): <http://www.w3.org/2006/time#hasBeginning> 값을 <http://www.w3.org/ns/shacl#BlankNodeOrIRI> node kind로 바꾼다. 원문 constraint 값은 변경하지 않는다.,GeoDCAT-AP 3.1.0,"[""https://semiceu.github.io/GeoDCAT-AP/releases/3.1.0#PeriodofTime.beginning""]",GeoDCAT-AP 3.1.0의 sh:nodeKind 제약을 변경 없이 채택한다. named PropertyShape의 원문 direct quad를 그대로 채택했다. 추가한 sh:targetNode는 격리 시험용이며 규범 의미를 바꾸지 않는다.,https://semiceu.github.io/GeoDCAT-AP/releases/3.1.0#dct:PeriodOfTimeShape/343620e6c6e38873922b5acfdb46382ab0be183a,UPSTREAM-POS-UPSTREAM-GEODCATAP-B573AF063C4322E46EB8,UPSTREAM-NEG-UPSTREAM-GEODCATAP-B573AF063C4322E46EB8
UPSTREAM-GEODCATAP-B5D4E767B0AC7AB3A20A,"[""geo"",""network""]","[""http://www.w3.org/ns/dcat#DatasetSeries""]",http://www.w3.org/ns/dcat#spatialResolutionInMeters,MUST,,,"[""http://www.w3.org/2001/XMLSchema#decimal""]",[],Violation,"[{""language"":""ko"",""text"":""로컬 격리 증거: 원문 PropertyShape에는 메시지가 없으며 sh:datatype 제약을 검증한다."",""source"":""local-evidence"",""predicate"":null}]",MOLIT 로컬 적용 가이드(upstream 원문 보충 설명): <http://www.w3.org/ns/dcat#spatialResolutionInMeters> 값을 <http://www.w3.org/2001/XMLSchema#decimal> datatype의 유효한 lexical literal로 직렬화한다. 원문 constraint 값은 변경하지 않는다.,GeoDCAT-AP 3.1.0,"[""https://semiceu.github.io/GeoDCAT-AP/releases/3.1.0#DatasetSeries.spatialresolutioninmetres""]",GeoDCAT-AP 3.1.0의 sh:datatype 제약을 변경 없이 채택한다. named PropertyShape의 원문 direct quad를 그대로 채택했다. 추가한 sh:targetNode는 격리 시험용이며 규범 의미를 바꾸지 않는다.,https://semiceu.github.io/GeoDCAT-AP/releases/3.1.0#dcat:DatasetSeriesShape/a1173daef382ef9fe405318a57ddd98dbc82e335,UPSTREAM-POS-UPSTREAM-GEODCATAP-B5D4E767B0AC7AB3A20A,UPSTREAM-NEG-UPSTREAM-GEODCATAP-B5D4E767B0AC7AB3A20A
UPSTREAM-GEODCATAP-B684DB12D8AB594A912E,"[""geo"",""network""]","[""http://xmlns.com/foaf/0.1/Agent""]",http://xmlns.com/foaf/0.1/name,MUST,1,,[],[],Violation,"[{""language"":""ko"",""text"":""로컬 격리 증거: 원문 PropertyShape에는 메시지가 없으며 sh:minCount 제약을 검증한다."",""source"":""local-evidence"",""predicate"":null}]",MOLIT 로컬 적용 가이드(upstream 원문 보충 설명): <http://xmlns.com/foaf/0.1/name> 값을 1개 이상 제공한다. 원문 constraint 값은 변경하지 않는다.,GeoDCAT-AP 3.1.0,"[""https://semiceu.github.io/GeoDCAT-AP/releases/3.1.0#Agent.name""]",GeoDCAT-AP 3.1.0의 sh:minCount 제약을 변경 없이 채택한다. named PropertyShape의 원문 direct quad를 그대로 채택했다. 추가한 sh:targetNode는 격리 시험용이며 규범 의미를 바꾸지 않는다.,https://semiceu.github.io/GeoDCAT-AP/releases/3.1.0#foaf:AgentShape/96cdcbb0489a41ab01fc39c521f5ed607a0b2c41,UPSTREAM-POS-UPSTREAM-GEODCATAP-B684DB12D8AB594A912E,UPSTREAM-NEG-UPSTREAM-GEODCATAP-B684DB12D8AB594A912E
UPSTREAM-GEODCATAP-B6BE16CAB2424E3FB6E2,"[""geo"",""network""]","[""http://www.w3.org/ns/dcat#Dataset""]",http://purl.org/dc/terms/temporal,MUST,,,"[""http://www.w3.org/ns/shacl#BlankNodeOrIRI""]",[],Violation,"[{""language"":""ko"",""text"":""로컬 격리 증거: 원문 PropertyShape에는 메시지가 없으며 sh:nodeKind 제약을 검증한다."",""source"":""local-evidence"",""predicate"":null}]",MOLIT 로컬 적용 가이드(upstream 원문 보충 설명): <http://purl.org/dc/terms/temporal> 값을 <http://www.w3.org/ns/shacl#BlankNodeOrIRI> node kind로 바꾼다. 원문 constraint 값은 변경하지 않는다.,GeoDCAT-AP 3.1.0,"[""https://semiceu.github.io/GeoDCAT-AP/releases/3.1.0#Dataset.temporalcoverage""]",GeoDCAT-AP 3.1.0의 sh:nodeKind 제약을 변경 없이 채택한다. named PropertyShape의 원문 direct quad를 그대로 채택했다. 추가한 sh:targetNode는 격리 시험용이며 규범 의미를 바꾸지 않는다.,https://semiceu.github.io/GeoDCAT-AP/releases/3.1.0#dcat:DatasetShape/81d9e81dce75ad228913796fb0f52470b14df56b,UPSTREAM-POS-UPSTREAM-GEODCATAP-B6BE16CAB2424E3FB6E2,UPSTREAM-NEG-UPSTREAM-GEODCATAP-B6BE16CAB2424E3FB6E2
UPSTREAM-GEODCATAP-B7CEE7FA93587EBDF429,"[""geo"",""network""]","[""http://purl.org/dc/terms/PeriodOfTime""]",http://www.w3.org/ns/dcat#startDate,MUST,,1,[],[],Violation,"[{""language"":""ko"",""text"":""로컬 격리 증거: 원문 PropertyShape에는 메시지가 없으며 sh:maxCount 제약을 검증한다."",""source"":""local-evidence"",""predicate"":null}]",MOLIT 로컬 적용 가이드(upstream 원문 보충 설명): <http://www.w3.org/ns/dcat#startDate> 값을 1개 이하로 줄인다. 원문 constraint 값은 변경하지 않는다.,GeoDCAT-AP 3.1.0,"[""https://semiceu.github.io/GeoDCAT-AP/releases/3.1.0#PeriodofTime.startdate""]",GeoDCAT-AP 3.1.0의 sh:maxCount 제약을 변경 없이 채택한다. named PropertyShape의 원문 direct quad를 그대로 채택했다. 추가한 sh:targetNode는 격리 시험용이며 규범 의미를 바꾸지 않는다.,https://semiceu.github.io/GeoDCAT-AP/releases/3.1.0#dct:PeriodOfTimeShape/f72c3efebeb551122e98eb731aa0ec8af8b4c1b7,UPSTREAM-POS-UPSTREAM-GEODCATAP-B7CEE7FA93587EBDF429,UPSTREAM-NEG-UPSTREAM-GEODCATAP-B7CEE7FA93587EBDF429
UPSTREAM-GEODCATAP-B7E6DE4EEACF28582EE6,"[""geo"",""network""]","[""http://www.w3.org/ns/dcat#Dataset""]",http://purl.org/dc/terms/identifier,MUST,,,"[""http://www.w3.org/ns/shacl#Literal""]",[],Violation,"[{""language"":""ko"",""text"":""로컬 격리 증거: 원문 PropertyShape에는 메시지가 없으며 sh:nodeKind 제약을 검증한다."",""source"":""local-evidence"",""predicate"":null}]",MOLIT 로컬 적용 가이드(upstream 원문 보충 설명): <http://purl.org/dc/terms/identifier> 값을 <http://www.w3.org/ns/shacl#Literal> node kind로 바꾼다. 원문 constraint 값은 변경하지 않는다.,GeoDCAT-AP 3.1.0,"[""https://semiceu.github.io/GeoDCAT-AP/releases/3.1.0#Dataset.identifier""]",GeoDCAT-AP 3.1.0의 sh:nodeKind 제약을 변경 없이 채택한다. named PropertyShape의 원문 direct quad를 그대로 채택했다. 추가한 sh:targetNode는 격리 시험용이며 규범 의미를 바꾸지 않는다.,https://semiceu.github.io/GeoDCAT-AP/releases/3.1.0#dcat:DatasetShape/aadbd67a77a624f073be2076627fb9dc883cbe48,UPSTREAM-POS-UPSTREAM-GEODCATAP-B7E6DE4EEACF28582EE6,UPSTREAM-NEG-UPSTREAM-GEODCATAP-B7E6DE4EEACF28582EE6
UPSTREAM-GEODCATAP-B7E996F3B3A26741F73A,"[""geo"",""network""]","[""http://www.w3.org/ns/dcat#DataService""]",http://www.w3.org/ns/dcat#temporalResolution,MUST,,,"[""http://www.w3.org/2001/XMLSchema#duration""]",[],Violation,"[{""language"":""ko"",""text"":""로컬 격리 증거: 원문 PropertyShape에는 메시지가 없으며 sh:datatype 제약을 검증한다."",""source"":""local-evidence"",""predicate"":null}]",MOLIT 로컬 적용 가이드(upstream 원문 보충 설명): <http://www.w3.org/ns/dcat#temporalResolution> 값을 <http://www.w3.org/2001/XMLSchema#duration> datatype의 유효한 lexical literal로 직렬화한다. 원문 constraint 값은 변경하지 않는다.,GeoDCAT-AP 3.1.0,"[""https://semiceu.github.io/GeoDCAT-AP/releases/3.1.0#DataService.temporalresolution""]",GeoDCAT-AP 3.1.0의 sh:datatype 제약을 변경 없이 채택한다. named PropertyShape의 원문 direct quad를 그대로 채택했다. 추가한 sh:targetNode는 격리 시험용이며 규범 의미를 바꾸지 않는다.,https://semiceu.github.io/GeoDCAT-AP/releases/3.1.0#dcat:DataServiceShape/e6d76f7de5d5b08e584d9cd40619631987a64a7c,UPSTREAM-POS-UPSTREAM-GEODCATAP-B7E996F3B3A26741F73A,UPSTREAM-NEG-UPSTREAM-GEODCATAP-B7E996F3B3A26741F73A
UPSTREAM-GEODCATAP-BA25E99F01D3A942BFA5,"[""geo"",""network""]","[""http://www.w3.org/ns/dcat#Distribution""]",http://purl.org/dc/terms/issued,MUST,,,"[""http://www.w3.org/ns/shacl#Literal""]",[],Violation,"[{""language"":""ko"",""text"":""로컬 격리 증거: 원문 PropertyShape에는 메시지가 없으며 sh:nodeKind 제약을 검증한다."",""source"":""local-evidence"",""predicate"":null}]",MOLIT 로컬 적용 가이드(upstream 원문 보충 설명): <http://purl.org/dc/terms/issued> 값을 <http://www.w3.org/ns/shacl#Literal> node kind로 바꾼다. 원문 constraint 값은 변경하지 않는다.,GeoDCAT-AP 3.1.0,"[""https://semiceu.github.io/GeoDCAT-AP/releases/3.1.0#Distribution.releasedate""]",GeoDCAT-AP 3.1.0의 sh:nodeKind 제약을 변경 없이 채택한다. named PropertyShape의 원문 direct quad를 그대로 채택했다. 추가한 sh:targetNode는 격리 시험용이며 규범 의미를 바꾸지 않는다.,https://semiceu.github.io/GeoDCAT-AP/releases/3.1.0#dcat:DistributionShape/4be37093e4c3ba0d5b5a18ef6b97778d6d689392,UPSTREAM-POS-UPSTREAM-GEODCATAP-BA25E99F01D3A942BFA5,UPSTREAM-NEG-UPSTREAM-GEODCATAP-BA25E99F01D3A942BFA5
UPSTREAM-GEODCATAP-BA2BE131CF51EFDACE6D,"[""geo"",""network""]","[""http://www.w3.org/ns/dcat#Distribution""]",http://www.w3.org/ns/dcat#mediaType,MUST,,,"[""http://www.w3.org/ns/shacl#BlankNodeOrIRI""]",[],Violation,"[{""language"":""ko"",""text"":""로컬 격리 증거: 원문 PropertyShape에는 메시지가 없으며 sh:nodeKind 제약을 검증한다."",""source"":""local-evidence"",""predicate"":null}]",MOLIT 로컬 적용 가이드(upstream 원문 보충 설명): <http://www.w3.org/ns/dcat#mediaType> 값을 <http://www.w3.org/ns/shacl#BlankNodeOrIRI> node kind로 바꾼다. 원문 constraint 값은 변경하지 않는다.,GeoDCAT-AP 3.1.0,"[""https://semiceu.github.io/GeoDCAT-AP/releases/3.1.0#Distribution.mediatype""]",GeoDCAT-AP 3.1.0의 sh:nodeKind 제약을 변경 없이 채택한다. named PropertyShape의 원문 direct quad를 그대로 채택했다. 추가한 sh:targetNode는 격리 시험용이며 규범 의미를 바꾸지 않는다.,https://semiceu.github.io/GeoDCAT-AP/releases/3.1.0#dcat:DistributionShape/4546bd675f20c3ead3fabfd84682d9063fd2926a,UPSTREAM-POS-UPSTREAM-GEODCATAP-BA2BE131CF51EFDACE6D,UPSTREAM-NEG-UPSTREAM-GEODCATAP-BA2BE131CF51EFDACE6D
UPSTREAM-GEODCATAP-BA7E30404C740E76411D,"[""geo"",""network""]","[""http://www.w3.org/ns/dcat#DataService""]",http://purl.org/dc/terms/format,MUST,,,"[""http://purl.org/dc/terms/MediaTypeOrExtent""]",[],Violation,"[{""language"":""ko"",""text"":""로컬 격리 증거: 원문 PropertyShape에는 메시지가 없으며 sh:class 제약을 검증한다."",""source"":""local-evidence"",""predicate"":null}]",MOLIT 로컬 적용 가이드(upstream 원문 보충 설명): <http://purl.org/dc/terms/format>의 모든 값에 rdf:type <http://purl.org/dc/terms/MediaTypeOrExtent>를 명시한다. 원문 constraint 값은 변경하지 않는다.,GeoDCAT-AP 3.1.0,"[""https://semiceu.github.io/GeoDCAT-AP/releases/3.1.0#DataService.format""]",GeoDCAT-AP 3.1.0의 sh:class 제약을 변경 없이 채택한다. named PropertyShape의 원문 direct quad를 그대로 채택했다. 추가한 sh:targetNode는 격리 시험용이며 규범 의미를 바꾸지 않는다.,https://semiceu.github.io/GeoDCAT-AP/releases/3.1.0#dcat:DataServiceShape/737cd5f1c9f0e13c35eb82b7f0d2b2f76a9a82c7,UPSTREAM-POS-UPSTREAM-GEODCATAP-BA7E30404C740E76411D,UPSTREAM-NEG-UPSTREAM-GEODCATAP-BA7E30404C740E76411D
UPSTREAM-GEODCATAP-BB67176838AAB1295F71,"[""geo"",""network""]","[""http://www.w3.org/ns/locn#Address""]",http://www.w3.org/ns/locn#adminUnitL1,MUST,,,"[""http://www.w3.org/ns/shacl#Literal""]",[],Violation,"[{""language"":""ko"",""text"":""로컬 격리 증거: 원문 PropertyShape에는 메시지가 없으며 sh:nodeKind 제약을 검증한다."",""source"":""local-evidence"",""predicate"":null}]",MOLIT 로컬 적용 가이드(upstream 원문 보충 설명): <http://www.w3.org/ns/locn#adminUnitL1> 값을 <http://www.w3.org/ns/shacl#Literal> node kind로 바꾼다. 원문 constraint 값은 변경하지 않는다.,GeoDCAT-AP 3.1.0,"[""https://semiceu.github.io/GeoDCAT-AP/releases/3.1.0#Address(CoreLocation).administrativeunitlevel1""]",GeoDCAT-AP 3.1.0의 sh:nodeKind 제약을 변경 없이 채택한다. named PropertyShape의 원문 direct quad를 그대로 채택했다. 추가한 sh:targetNode는 격리 시험용이며 규범 의미를 바꾸지 않는다.,https://semiceu.github.io/GeoDCAT-AP/releases/3.1.0#locn:AddressShape/9aaaf1750887d905949d78ac718f18c02809a28e,UPSTREAM-POS-UPSTREAM-GEODCATAP-BB67176838AAB1295F71,UPSTREAM-NEG-UPSTREAM-GEODCATAP-BB67176838AAB1295F71
UPSTREAM-GEODCATAP-BC776C449B21105941B7,"[""geo"",""network""]","[""http://www.w3.org/ns/dcat#DatasetSeries""]",http://www.w3.org/ns/dcat#spatialResolutionInMeters,MUST,,,"[""http://www.w3.org/ns/shacl#Literal""]",[],Violation,"[{""language"":""ko"",""text"":""로컬 격리 증거: 원문 PropertyShape에는 메시지가 없으며 sh:nodeKind 제약을 검증한다."",""source"":""local-evidence"",""predicate"":null}]",MOLIT 로컬 적용 가이드(upstream 원문 보충 설명): <http://www.w3.org/ns/dcat#spatialResolutionInMeters> 값을 <http://www.w3.org/ns/shacl#Literal> node kind로 바꾼다. 원문 constraint 값은 변경하지 않는다.,GeoDCAT-AP 3.1.0,"[""https://semiceu.github.io/GeoDCAT-AP/releases/3.1.0#DatasetSeries.spatialresolutioninmetres""]",GeoDCAT-AP 3.1.0의 sh:nodeKind 제약을 변경 없이 채택한다. named PropertyShape의 원문 direct quad를 그대로 채택했다. 추가한 sh:targetNode는 격리 시험용이며 규범 의미를 바꾸지 않는다.,https://semiceu.github.io/GeoDCAT-AP/releases/3.1.0#dcat:DatasetSeriesShape/69c4771d01c23b15f61b2d7006a4abf0d56d5ba0,UPSTREAM-POS-UPSTREAM-GEODCATAP-BC776C449B21105941B7,UPSTREAM-NEG-UPSTREAM-GEODCATAP-BC776C449B21105941B7
UPSTREAM-GEODCATAP-BD1C0B590890BEEB7391,"[""geo"",""network""]","[""http://www.w3.org/ns/dcat#DataService""]",http://purl.org/dc/terms/spatial,MUST,,,"[""http://www.w3.org/ns/shacl#BlankNodeOrIRI""]",[],Violation,"[{""language"":""ko"",""text"":""로컬 격리 증거: 원문 PropertyShape에는 메시지가 없으며 sh:nodeKind 제약을 검증한다."",""source"":""local-evidence"",""predicate"":null}]",MOLIT 로컬 적용 가이드(upstream 원문 보충 설명): <http://purl.org/dc/terms/spatial> 값을 <http://www.w3.org/ns/shacl#BlankNodeOrIRI> node kind로 바꾼다. 원문 constraint 값은 변경하지 않는다.,GeoDCAT-AP 3.1.0,"[""https://semiceu.github.io/GeoDCAT-AP/releases/3.1.0#DataService.geographicalcoverage""]",GeoDCAT-AP 3.1.0의 sh:nodeKind 제약을 변경 없이 채택한다. named PropertyShape의 원문 direct quad를 그대로 채택했다. 추가한 sh:targetNode는 격리 시험용이며 규범 의미를 바꾸지 않는다.,https://semiceu.github.io/GeoDCAT-AP/releases/3.1.0#dcat:DataServiceShape/95015004529c652bcb276060d84ed7423c4a9b08,UPSTREAM-POS-UPSTREAM-GEODCATAP-BD1C0B590890BEEB7391,UPSTREAM-NEG-UPSTREAM-GEODCATAP-BD1C0B590890BEEB7391
UPSTREAM-GEODCATAP-BD4FD80394FBB76E7C11,"[""geo"",""network""]","[""http://www.w3.org/ns/locn#Address""]",http://www.w3.org/ns/locn#adminUnitL2,MUST,,,"[""http://www.w3.org/ns/shacl#Literal""]",[],Violation,"[{""language"":""ko"",""text"":""로컬 격리 증거: 원문 PropertyShape에는 메시지가 없으며 sh:nodeKind 제약을 검증한다."",""source"":""local-evidence"",""predicate"":null}]",MOLIT 로컬 적용 가이드(upstream 원문 보충 설명): <http://www.w3.org/ns/locn#adminUnitL2> 값을 <http://www.w3.org/ns/shacl#Literal> node kind로 바꾼다. 원문 constraint 값은 변경하지 않는다.,GeoDCAT-AP 3.1.0,"[""https://semiceu.github.io/GeoDCAT-AP/releases/3.1.0#Address(CoreLocation).administrativeunitlevel2""]",GeoDCAT-AP 3.1.0의 sh:nodeKind 제약을 변경 없이 채택한다. named PropertyShape의 원문 direct quad를 그대로 채택했다. 추가한 sh:targetNode는 격리 시험용이며 규범 의미를 바꾸지 않는다.,https://semiceu.github.io/GeoDCAT-AP/releases/3.1.0#locn:AddressShape/256ffe464f9c7682e950f7853ef0b6060580435b,UPSTREAM-POS-UPSTREAM-GEODCATAP-BD4FD80394FBB76E7C11,UPSTREAM-NEG-UPSTREAM-GEODCATAP-BD4FD80394FBB76E7C11
UPSTREAM-GEODCATAP-BD546AE814B7A9544F61,"[""geo"",""network""]","[""http://www.w3.org/ns/dcat#Dataset""]",http://data.europa.eu/930/processor,MUST,,,"[""http://www.w3.org/ns/shacl#BlankNodeOrIRI""]",[],Violation,"[{""language"":""ko"",""text"":""로컬 격리 증거: 원문 PropertyShape에는 메시지가 없으며 sh:nodeKind 제약을 검증한다."",""source"":""local-evidence"",""predicate"":null}]",MOLIT 로컬 적용 가이드(upstream 원문 보충 설명): <http://data.europa.eu/930/processor> 값을 <http://www.w3.org/ns/shacl#BlankNodeOrIRI> node kind로 바꾼다. 원문 constraint 값은 변경하지 않는다.,GeoDCAT-AP 3.1.0,"[""https://semiceu.github.io/GeoDCAT-AP/releases/3.1.0#Dataset.processor""]",GeoDCAT-AP 3.1.0의 sh:nodeKind 제약을 변경 없이 채택한다. named PropertyShape의 원문 direct quad를 그대로 채택했다. 추가한 sh:targetNode는 격리 시험용이며 규범 의미를 바꾸지 않는다.,https://semiceu.github.io/GeoDCAT-AP/releases/3.1.0#dcat:DatasetShape/6c19a6337121f15029388b949ea0dab772437b2a,UPSTREAM-POS-UPSTREAM-GEODCATAP-BD546AE814B7A9544F61,UPSTREAM-NEG-UPSTREAM-GEODCATAP-BD546AE814B7A9544F61
UPSTREAM-GEODCATAP-BDAD4A1D6ABA730445F0,"[""geo"",""network""]","[""http://www.w3.org/ns/dcat#Catalog""]",http://www.w3.org/ns/dcat#record,MUST,,,"[""http://www.w3.org/ns/dcat#CatalogRecord""]",[],Violation,"[{""language"":""ko"",""text"":""로컬 격리 증거: 원문 PropertyShape에는 메시지가 없으며 sh:class 제약을 검증한다."",""source"":""local-evidence"",""predicate"":null}]",MOLIT 로컬 적용 가이드(upstream 원문 보충 설명): <http://www.w3.org/ns/dcat#record>의 모든 값에 rdf:type <http://www.w3.org/ns/dcat#CatalogRecord>를 명시한다. 원문 constraint 값은 변경하지 않는다.,GeoDCAT-AP 3.1.0,"[""https://semiceu.github.io/GeoDCAT-AP/releases/3.1.0#Catalogue.record""]",GeoDCAT-AP 3.1.0의 sh:class 제약을 변경 없이 채택한다. named PropertyShape의 원문 direct quad를 그대로 채택했다. 추가한 sh:targetNode는 격리 시험용이며 규범 의미를 바꾸지 않는다.,https://semiceu.github.io/GeoDCAT-AP/releases/3.1.0#dcat:CatalogShape/337cf55721093cc585693a5397601643d59a4c46,UPSTREAM-POS-UPSTREAM-GEODCATAP-BDAD4A1D6ABA730445F0,UPSTREAM-NEG-UPSTREAM-GEODCATAP-BDAD4A1D6ABA730445F0
UPSTREAM-GEODCATAP-BDE2DB10ED5211EB8CEE,"[""geo"",""network""]","[""http://www.w3.org/ns/dcat#DatasetSeries""]",http://purl.org/dc/terms/isReferencedBy,MUST,,,"[""http://www.w3.org/2000/01/rdf-schema#Resource""]",[],Violation,"[{""language"":""ko"",""text"":""로컬 격리 증거: 원문 PropertyShape에는 메시지가 없으며 sh:class 제약을 검증한다."",""source"":""local-evidence"",""predicate"":null}]",MOLIT 로컬 적용 가이드(upstream 원문 보충 설명): <http://purl.org/dc/terms/isReferencedBy>의 모든 값에 rdf:type <http://www.w3.org/2000/01/rdf-schema#Resource>를 명시한다. 원문 constraint 값은 변경하지 않는다.,GeoDCAT-AP 3.1.0,"[""https://semiceu.github.io/GeoDCAT-AP/releases/3.1.0#DatasetSeries.isreferencedby""]",GeoDCAT-AP 3.1.0의 sh:class 제약을 변경 없이 채택한다. named PropertyShape의 원문 direct quad를 그대로 채택했다. 추가한 sh:targetNode는 격리 시험용이며 규범 의미를 바꾸지 않는다.,https://semiceu.github.io/GeoDCAT-AP/releases/3.1.0#dcat:DatasetSeriesShape/95c69c99a1e3ade043911b51b942f206dea0e68d,UPSTREAM-POS-UPSTREAM-GEODCATAP-BDE2DB10ED5211EB8CEE,UPSTREAM-NEG-UPSTREAM-GEODCATAP-BDE2DB10ED5211EB8CEE
UPSTREAM-GEODCATAP-BE8A72E1EB58DBFF227F,"[""geo"",""network""]","[""http://www.w3.org/ns/dcat#DataService""]",http://purl.org/dc/terms/description,MUST,,,"[""http://www.w3.org/ns/shacl#Literal""]",[],Violation,"[{""language"":""ko"",""text"":""로컬 격리 증거: 원문 PropertyShape에는 메시지가 없으며 sh:nodeKind 제약을 검증한다."",""source"":""local-evidence"",""predicate"":null}]",MOLIT 로컬 적용 가이드(upstream 원문 보충 설명): <http://purl.org/dc/terms/description> 값을 <http://www.w3.org/ns/shacl#Literal> node kind로 바꾼다. 원문 constraint 값은 변경하지 않는다.,GeoDCAT-AP 3.1.0,"[""https://semiceu.github.io/GeoDCAT-AP/releases/3.1.0#DataService.description""]",GeoDCAT-AP 3.1.0의 sh:nodeKind 제약을 변경 없이 채택한다. named PropertyShape의 원문 direct quad를 그대로 채택했다. 추가한 sh:targetNode는 격리 시험용이며 규범 의미를 바꾸지 않는다.,https://semiceu.github.io/GeoDCAT-AP/releases/3.1.0#dcat:DataServiceShape/6cae9880e515253132af1452a38a8a5827165149,UPSTREAM-POS-UPSTREAM-GEODCATAP-BE8A72E1EB58DBFF227F,UPSTREAM-NEG-UPSTREAM-GEODCATAP-BE8A72E1EB58DBFF227F
UPSTREAM-GEODCATAP-BEAE3A88FCB42E30BFBC,"[""geo"",""network""]","[""http://www.w3.org/ns/dcat#Dataset""]",http://www.w3.org/ns/dcat#qualifiedRelation,MUST,,,"[""http://www.w3.org/ns/dcat#Relationship""]",[],Violation,"[{""language"":""ko"",""text"":""로컬 격리 증거: 원문 PropertyShape에는 메시지가 없으며 sh:class 제약을 검증한다."",""source"":""local-evidence"",""predicate"":null}]",MOLIT 로컬 적용 가이드(upstream 원문 보충 설명): <http://www.w3.org/ns/dcat#qualifiedRelation>의 모든 값에 rdf:type <http://www.w3.org/ns/dcat#Relationship>를 명시한다. 원문 constraint 값은 변경하지 않는다.,GeoDCAT-AP 3.1.0,"[""https://semiceu.github.io/GeoDCAT-AP/releases/3.1.0#Dataset.qualifiedrelation""]",GeoDCAT-AP 3.1.0의 sh:class 제약을 변경 없이 채택한다. named PropertyShape의 원문 direct quad를 그대로 채택했다. 추가한 sh:targetNode는 격리 시험용이며 규범 의미를 바꾸지 않는다.,https://semiceu.github.io/GeoDCAT-AP/releases/3.1.0#dcat:DatasetShape/fb900ce4a3c69358a055e1f0d365fba049164374,UPSTREAM-POS-UPSTREAM-GEODCATAP-BEAE3A88FCB42E30BFBC,UPSTREAM-NEG-UPSTREAM-GEODCATAP-BEAE3A88FCB42E30BFBC
UPSTREAM-GEODCATAP-BEEE499DE3A696DE88CC,"[""geo"",""network""]","[""http://www.w3.org/ns/dcat#DatasetSeries""]",http://data.europa.eu/930/resourceProvider,MUST,,,"[""http://www.w3.org/ns/shacl#BlankNodeOrIRI""]",[],Violation,"[{""language"":""ko"",""text"":""로컬 격리 증거: 원문 PropertyShape에는 메시지가 없으며 sh:nodeKind 제약을 검증한다."",""source"":""local-evidence"",""predicate"":null}]",MOLIT 로컬 적용 가이드(upstream 원문 보충 설명): <http://data.europa.eu/930/resourceProvider> 값을 <http://www.w3.org/ns/shacl#BlankNodeOrIRI> node kind로 바꾼다. 원문 constraint 값은 변경하지 않는다.,GeoDCAT-AP 3.1.0,"[""https://semiceu.github.io/GeoDCAT-AP/releases/3.1.0#DatasetSeries.resourceprovider""]",GeoDCAT-AP 3.1.0의 sh:nodeKind 제약을 변경 없이 채택한다. named PropertyShape의 원문 direct quad를 그대로 채택했다. 추가한 sh:targetNode는 격리 시험용이며 규범 의미를 바꾸지 않는다.,https://semiceu.github.io/GeoDCAT-AP/releases/3.1.0#dcat:DatasetSeriesShape/30957911e1c6c79c065b6a0fa632a3c58d6b1841,UPSTREAM-POS-UPSTREAM-GEODCATAP-BEEE499DE3A696DE88CC,UPSTREAM-NEG-UPSTREAM-GEODCATAP-BEEE499DE3A696DE88CC
UPSTREAM-GEODCATAP-BEEE51361077C3B2F8CF,"[""geo"",""network""]","[""http://www.w3.org/ns/dcat#Distribution""]",http://purl.org/dc/terms/format,MUST,,,"[""http://www.w3.org/ns/shacl#BlankNodeOrIRI""]",[],Violation,"[{""language"":""ko"",""text"":""로컬 격리 증거: 원문 PropertyShape에는 메시지가 없으며 sh:nodeKind 제약을 검증한다."",""source"":""local-evidence"",""predicate"":null}]",MOLIT 로컬 적용 가이드(upstream 원문 보충 설명): <http://purl.org/dc/terms/format> 값을 <http://www.w3.org/ns/shacl#BlankNodeOrIRI> node kind로 바꾼다. 원문 constraint 값은 변경하지 않는다.,GeoDCAT-AP 3.1.0,"[""https://semiceu.github.io/GeoDCAT-AP/releases/3.1.0#Distribution.format""]",GeoDCAT-AP 3.1.0의 sh:nodeKind 제약을 변경 없이 채택한다. named PropertyShape의 원문 direct quad를 그대로 채택했다. 추가한 sh:targetNode는 격리 시험용이며 규범 의미를 바꾸지 않는다.,https://semiceu.github.io/GeoDCAT-AP/releases/3.1.0#dcat:DistributionShape/c1577bd231c71b0b1910272999755d3414867cfd,UPSTREAM-POS-UPSTREAM-GEODCATAP-BEEE51361077C3B2F8CF,UPSTREAM-NEG-UPSTREAM-GEODCATAP-BEEE51361077C3B2F8CF
UPSTREAM-GEODCATAP-BF42955F6FD635513590,"[""geo"",""network""]","[""http://www.w3.org/ns/dcat#Dataset""]",http://www.w3.org/ns/dcat#landingPage,MUST,,,"[""http://xmlns.com/foaf/0.1/Document""]",[],Violation,"[{""language"":""ko"",""text"":""로컬 격리 증거: 원문 PropertyShape에는 메시지가 없으며 sh:class 제약을 검증한다."",""source"":""local-evidence"",""predicate"":null}]",MOLIT 로컬 적용 가이드(upstream 원문 보충 설명): <http://www.w3.org/ns/dcat#landingPage>의 모든 값에 rdf:type <http://xmlns.com/foaf/0.1/Document>를 명시한다. 원문 constraint 값은 변경하지 않는다.,GeoDCAT-AP 3.1.0,"[""https://semiceu.github.io/GeoDCAT-AP/releases/3.1.0#Dataset.landingpage""]",GeoDCAT-AP 3.1.0의 sh:class 제약을 변경 없이 채택한다. named PropertyShape의 원문 direct quad를 그대로 채택했다. 추가한 sh:targetNode는 격리 시험용이며 규범 의미를 바꾸지 않는다.,https://semiceu.github.io/GeoDCAT-AP/releases/3.1.0#dcat:DatasetShape/ffbbcd28b1fd92213d8350e1b6418d3d998c7197,UPSTREAM-POS-UPSTREAM-GEODCATAP-BF42955F6FD635513590,UPSTREAM-NEG-UPSTREAM-GEODCATAP-BF42955F6FD635513590
UPSTREAM-GEODCATAP-C0577BAD1996F0C7EBAD,"[""geo"",""network""]","[""http://www.w3.org/ns/dcat#DatasetSeries""]",http://www.w3.org/ns/dcat#qualifiedRelation,MUST,,,"[""http://www.w3.org/ns/shacl#BlankNodeOrIRI""]",[],Violation,"[{""language"":""ko"",""text"":""로컬 격리 증거: 원문 PropertyShape에는 메시지가 없으며 sh:nodeKind 제약을 검증한다."",""source"":""local-evidence"",""predicate"":null}]",MOLIT 로컬 적용 가이드(upstream 원문 보충 설명): <http://www.w3.org/ns/dcat#qualifiedRelation> 값을 <http://www.w3.org/ns/shacl#BlankNodeOrIRI> node kind로 바꾼다. 원문 constraint 값은 변경하지 않는다.,GeoDCAT-AP 3.1.0,"[""https://semiceu.github.io/GeoDCAT-AP/releases/3.1.0#DatasetSeries.qualifiedrelation""]",GeoDCAT-AP 3.1.0의 sh:nodeKind 제약을 변경 없이 채택한다. named PropertyShape의 원문 direct quad를 그대로 채택했다. 추가한 sh:targetNode는 격리 시험용이며 규범 의미를 바꾸지 않는다.,https://semiceu.github.io/GeoDCAT-AP/releases/3.1.0#dcat:DatasetSeriesShape/41f263bb74ca0c94c6c7a50c981cace98f35802d,UPSTREAM-POS-UPSTREAM-GEODCATAP-C0577BAD1996F0C7EBAD,UPSTREAM-NEG-UPSTREAM-GEODCATAP-C0577BAD1996F0C7EBAD
UPSTREAM-GEODCATAP-C08ADE1C0B5DE4EC01BC,"[""geo"",""network""]","[""http://www.w3.org/ns/dcat#Distribution""]",http://www.w3.org/ns/dcat#temporalResolution,MUST,,,"[""http://www.w3.org/ns/shacl#Literal""]",[],Violation,"[{""language"":""ko"",""text"":""로컬 격리 증거: 원문 PropertyShape에는 메시지가 없으며 sh:nodeKind 제약을 검증한다."",""source"":""local-evidence"",""predicate"":null}]",MOLIT 로컬 적용 가이드(upstream 원문 보충 설명): <http://www.w3.org/ns/dcat#temporalResolution> 값을 <http://www.w3.org/ns/shacl#Literal> node kind로 바꾼다. 원문 constraint 값은 변경하지 않는다.,GeoDCAT-AP 3.1.0,"[""https://semiceu.github.io/GeoDCAT-AP/releases/3.1.0#Distribution.temporalresolution""]",GeoDCAT-AP 3.1.0의 sh:nodeKind 제약을 변경 없이 채택한다. named PropertyShape의 원문 direct quad를 그대로 채택했다. 추가한 sh:targetNode는 격리 시험용이며 규범 의미를 바꾸지 않는다.,https://semiceu.github.io/GeoDCAT-AP/releases/3.1.0#dcat:DistributionShape/2961dd5b80e9c0f6242da8cf9eea53ad610d7602,UPSTREAM-POS-UPSTREAM-GEODCATAP-C08ADE1C0B5DE4EC01BC,UPSTREAM-NEG-UPSTREAM-GEODCATAP-C08ADE1C0B5DE4EC01BC
UPSTREAM-GEODCATAP-C09657AD9E1999B6EAC4,"[""geo"",""network""]","[""http://www.w3.org/ns/dcat#DataService""]",http://www.w3.org/ns/dcat#spatialResolutionInMeters,MUST,,,"[""http://www.w3.org/ns/shacl#Literal""]",[],Violation,"[{""language"":""ko"",""text"":""로컬 격리 증거: 원문 PropertyShape에는 메시지가 없으며 sh:nodeKind 제약을 검증한다."",""source"":""local-evidence"",""predicate"":null}]",MOLIT 로컬 적용 가이드(upstream 원문 보충 설명): <http://www.w3.org/ns/dcat#spatialResolutionInMeters> 값을 <http://www.w3.org/ns/shacl#Literal> node kind로 바꾼다. 원문 constraint 값은 변경하지 않는다.,GeoDCAT-AP 3.1.0,"[""https://semiceu.github.io/GeoDCAT-AP/releases/3.1.0#DataService.spatialresolutioninmetres""]",GeoDCAT-AP 3.1.0의 sh:nodeKind 제약을 변경 없이 채택한다. named PropertyShape의 원문 direct quad를 그대로 채택했다. 추가한 sh:targetNode는 격리 시험용이며 규범 의미를 바꾸지 않는다.,https://semiceu.github.io/GeoDCAT-AP/releases/3.1.0#dcat:DataServiceShape/69c4771d01c23b15f61b2d7006a4abf0d56d5ba0,UPSTREAM-POS-UPSTREAM-GEODCATAP-C09657AD9E1999B6EAC4,UPSTREAM-NEG-UPSTREAM-GEODCATAP-C09657AD9E1999B6EAC4
UPSTREAM-GEODCATAP-C0B399B566B78603C1EA,"[""geo"",""network""]","[""http://www.w3.org/ns/dcat#DatasetSeries""]",http://www.w3.org/ns/prov#wasGeneratedBy,MUST,,,"[""http://www.w3.org/ns/shacl#BlankNodeOrIRI""]",[],Violation,"[{""language"":""ko"",""text"":""로컬 격리 증거: 원문 PropertyShape에는 메시지가 없으며 sh:nodeKind 제약을 검증한다."",""source"":""local-evidence"",""predicate"":null}]",MOLIT 로컬 적용 가이드(upstream 원문 보충 설명): <http://www.w3.org/ns/prov#wasGeneratedBy> 값을 <http://www.w3.org/ns/shacl#BlankNodeOrIRI> node kind로 바꾼다. 원문 constraint 값은 변경하지 않는다.,GeoDCAT-AP 3.1.0,"[""https://semiceu.github.io/GeoDCAT-AP/releases/3.1.0#DatasetSeries.wasgeneratedby""]",GeoDCAT-AP 3.1.0의 sh:nodeKind 제약을 변경 없이 채택한다. named PropertyShape의 원문 direct quad를 그대로 채택했다. 추가한 sh:targetNode는 격리 시험용이며 규범 의미를 바꾸지 않는다.,https://semiceu.github.io/GeoDCAT-AP/releases/3.1.0#dcat:DatasetSeriesShape/21ff3c331383c15dedf63f9f30c0818ccac87497,UPSTREAM-POS-UPSTREAM-GEODCATAP-C0B399B566B78603C1EA,UPSTREAM-NEG-UPSTREAM-GEODCATAP-C0B399B566B78603C1EA
UPSTREAM-GEODCATAP-C119125D44E89259E2F6,"[""geo"",""network""]","[""http://www.w3.org/ns/dcat#DataService""]",http://purl.org/dc/terms/publisher,MUST,,1,[],[],Violation,"[{""language"":""ko"",""text"":""로컬 격리 증거: 원문 PropertyShape에는 메시지가 없으며 sh:maxCount 제약을 검증한다."",""source"":""local-evidence"",""predicate"":null}]",MOLIT 로컬 적용 가이드(upstream 원문 보충 설명): <http://purl.org/dc/terms/publisher> 값을 1개 이하로 줄인다. 원문 constraint 값은 변경하지 않는다.,GeoDCAT-AP 3.1.0,"[""https://semiceu.github.io/GeoDCAT-AP/releases/3.1.0#DataService.publisher""]",GeoDCAT-AP 3.1.0의 sh:maxCount 제약을 변경 없이 채택한다. named PropertyShape의 원문 direct quad를 그대로 채택했다. 추가한 sh:targetNode는 격리 시험용이며 규범 의미를 바꾸지 않는다.,https://semiceu.github.io/GeoDCAT-AP/releases/3.1.0#dcat:DataServiceShape/67dcdb36167ca7969c0532898e11a98e9c2a80f5,UPSTREAM-POS-UPSTREAM-GEODCATAP-C119125D44E89259E2F6,UPSTREAM-NEG-UPSTREAM-GEODCATAP-C119125D44E89259E2F6
UPSTREAM-GEODCATAP-C1805E025E633211F147,"[""geo"",""network""]","[""http://www.w3.org/ns/dcat#Dataset""]",http://www.w3.org/ns/dcat#distribution,MUST,,,"[""http://www.w3.org/ns/shacl#BlankNodeOrIRI""]",[],Violation,"[{""language"":""ko"",""text"":""로컬 격리 증거: 원문 PropertyShape에는 메시지가 없으며 sh:nodeKind 제약을 검증한다."",""source"":""local-evidence"",""predicate"":null}]",MOLIT 로컬 적용 가이드(upstream 원문 보충 설명): <http://www.w3.org/ns/dcat#distribution> 값을 <http://www.w3.org/ns/shacl#BlankNodeOrIRI> node kind로 바꾼다. 원문 constraint 값은 변경하지 않는다.,GeoDCAT-AP 3.1.0,"[""https://semiceu.github.io/GeoDCAT-AP/releases/3.1.0#Dataset.datasetdistribution""]",GeoDCAT-AP 3.1.0의 sh:nodeKind 제약을 변경 없이 채택한다. named PropertyShape의 원문 direct quad를 그대로 채택했다. 추가한 sh:targetNode는 격리 시험용이며 규범 의미를 바꾸지 않는다.,https://semiceu.github.io/GeoDCAT-AP/releases/3.1.0#dcat:DatasetShape/f6f077451f13ccf5d721838425fcc37f6cebfe48,UPSTREAM-POS-UPSTREAM-GEODCATAP-C1805E025E633211F147,UPSTREAM-NEG-UPSTREAM-GEODCATAP-C1805E025E633211F147
UPSTREAM-GEODCATAP-C184BDDAD8B66C8E8F7B,"[""geo"",""network""]","[""http://www.w3.org/ns/dcat#DatasetSeries""]",http://purl.org/dc/terms/rightsHolder,MUST,,,"[""http://xmlns.com/foaf/0.1/Agent""]",[],Violation,"[{""language"":""ko"",""text"":""로컬 격리 증거: 원문 PropertyShape에는 메시지가 없으며 sh:class 제약을 검증한다."",""source"":""local-evidence"",""predicate"":null}]",MOLIT 로컬 적용 가이드(upstream 원문 보충 설명): <http://purl.org/dc/terms/rightsHolder>의 모든 값에 rdf:type <http://xmlns.com/foaf/0.1/Agent>를 명시한다. 원문 constraint 값은 변경하지 않는다.,GeoDCAT-AP 3.1.0,"[""https://semiceu.github.io/GeoDCAT-AP/releases/3.1.0#DatasetSeries.rightsholder""]",GeoDCAT-AP 3.1.0의 sh:class 제약을 변경 없이 채택한다. named PropertyShape의 원문 direct quad를 그대로 채택했다. 추가한 sh:targetNode는 격리 시험용이며 규범 의미를 바꾸지 않는다.,https://semiceu.github.io/GeoDCAT-AP/releases/3.1.0#dcat:DatasetSeriesShape/35ed9ae46f019b6d5aea75addba75b4c87cb6fc5,UPSTREAM-POS-UPSTREAM-GEODCATAP-C184BDDAD8B66C8E8F7B,UPSTREAM-NEG-UPSTREAM-GEODCATAP-C184BDDAD8B66C8E8F7B
UPSTREAM-GEODCATAP-C186CAF2FB97E564DD78,"[""geo"",""network""]","[""http://www.w3.org/ns/dcat#Dataset""]",http://data.europa.eu/930/resourceProvider,MUST,,,"[""http://xmlns.com/foaf/0.1/Agent""]",[],Violation,"[{""language"":""ko"",""text"":""로컬 격리 증거: 원문 PropertyShape에는 메시지가 없으며 sh:class 제약을 검증한다."",""source"":""local-evidence"",""predicate"":null}]",MOLIT 로컬 적용 가이드(upstream 원문 보충 설명): <http://data.europa.eu/930/resourceProvider>의 모든 값에 rdf:type <http://xmlns.com/foaf/0.1/Agent>를 명시한다. 원문 constraint 값은 변경하지 않는다.,GeoDCAT-AP 3.1.0,"[""https://semiceu.github.io/GeoDCAT-AP/releases/3.1.0#Dataset.resourceprovider""]",GeoDCAT-AP 3.1.0의 sh:class 제약을 변경 없이 채택한다. named PropertyShape의 원문 direct quad를 그대로 채택했다. 추가한 sh:targetNode는 격리 시험용이며 규범 의미를 바꾸지 않는다.,https://semiceu.github.io/GeoDCAT-AP/releases/3.1.0#dcat:DatasetShape/9169149cf5b5a794cac331851a3a1a92ff279293,UPSTREAM-POS-UPSTREAM-GEODCATAP-C186CAF2FB97E564DD78,UPSTREAM-NEG-UPSTREAM-GEODCATAP-C186CAF2FB97E564DD78
UPSTREAM-GEODCATAP-C18AB0EB06E72F9266BD,"[""geo"",""network""]","[""http://xmlns.com/foaf/0.1/Document""]",http://purl.org/dc/terms/description,MUST,,,"[""http://www.w3.org/ns/shacl#Literal""]",[],Violation,"[{""language"":""ko"",""text"":""로컬 격리 증거: 원문 PropertyShape에는 메시지가 없으며 sh:nodeKind 제약을 검증한다."",""source"":""local-evidence"",""predicate"":null}]",MOLIT 로컬 적용 가이드(upstream 원문 보충 설명): <http://purl.org/dc/terms/description> 값을 <http://www.w3.org/ns/shacl#Literal> node kind로 바꾼다. 원문 constraint 값은 변경하지 않는다.,GeoDCAT-AP 3.1.0,"[""https://semiceu.github.io/GeoDCAT-AP/releases/3.1.0#Document.description""]",GeoDCAT-AP 3.1.0의 sh:nodeKind 제약을 변경 없이 채택한다. named PropertyShape의 원문 direct quad를 그대로 채택했다. 추가한 sh:targetNode는 격리 시험용이며 규범 의미를 바꾸지 않는다.,https://semiceu.github.io/GeoDCAT-AP/releases/3.1.0#foaf:DocumentShape/6cae9880e515253132af1452a38a8a5827165149,UPSTREAM-POS-UPSTREAM-GEODCATAP-C18AB0EB06E72F9266BD,UPSTREAM-NEG-UPSTREAM-GEODCATAP-C18AB0EB06E72F9266BD
UPSTREAM-GEODCATAP-C1F195447B1C471F0F10,"[""geo"",""network""]","[""http://www.w3.org/ns/dcat#DatasetSeries""]",http://purl.org/dc/terms/publisher,MUST,,1,[],[],Violation,"[{""language"":""ko"",""text"":""로컬 격리 증거: 원문 PropertyShape에는 메시지가 없으며 sh:maxCount 제약을 검증한다."",""source"":""local-evidence"",""predicate"":null}]",MOLIT 로컬 적용 가이드(upstream 원문 보충 설명): <http://purl.org/dc/terms/publisher> 값을 1개 이하로 줄인다. 원문 constraint 값은 변경하지 않는다.,GeoDCAT-AP 3.1.0,"[""https://semiceu.github.io/GeoDCAT-AP/releases/3.1.0#DatasetSeries.publisher""]",GeoDCAT-AP 3.1.0의 sh:maxCount 제약을 변경 없이 채택한다. named PropertyShape의 원문 direct quad를 그대로 채택했다. 추가한 sh:targetNode는 격리 시험용이며 규범 의미를 바꾸지 않는다.,https://semiceu.github.io/GeoDCAT-AP/releases/3.1.0#dcat:DatasetSeriesShape/67dcdb36167ca7969c0532898e11a98e9c2a80f5,UPSTREAM-POS-UPSTREAM-GEODCATAP-C1F195447B1C471F0F10,UPSTREAM-NEG-UPSTREAM-GEODCATAP-C1F195447B1C471F0F10
UPSTREAM-GEODCATAP-C224DB9299DBEB6C3280,"[""geo"",""network""]","[""http://www.w3.org/2006/vcard/ns#Kind""]",http://www.w3.org/2006/vcard/ns#hasURL,MUST,,1,[],[],Violation,"[{""language"":""ko"",""text"":""로컬 격리 증거: 원문 PropertyShape에는 메시지가 없으며 sh:maxCount 제약을 검증한다."",""source"":""local-evidence"",""predicate"":null}]",MOLIT 로컬 적용 가이드(upstream 원문 보충 설명): <http://www.w3.org/2006/vcard/ns#hasURL> 값을 1개 이하로 줄인다. 원문 constraint 값은 변경하지 않는다.,GeoDCAT-AP 3.1.0,"[""https://semiceu.github.io/GeoDCAT-AP/releases/3.1.0#Kind.URL""]",GeoDCAT-AP 3.1.0의 sh:maxCount 제약을 변경 없이 채택한다. named PropertyShape의 원문 direct quad를 그대로 채택했다. 추가한 sh:targetNode는 격리 시험용이며 규범 의미를 바꾸지 않는다.,https://semiceu.github.io/GeoDCAT-AP/releases/3.1.0#vcard:KindShape/a2e6e9bdd65aa92e5ccaffbfd9ab975564e2676a,UPSTREAM-POS-UPSTREAM-GEODCATAP-C224DB9299DBEB6C3280,UPSTREAM-NEG-UPSTREAM-GEODCATAP-C224DB9299DBEB6C3280
UPSTREAM-GEODCATAP-C24EA9ECCCB165BFBDD4,"[""geo"",""network""]","[""http://purl.org/dc/terms/Standard""]",http://www.w3.org/2002/07/owl#versionInfo,MUST,,,"[""http://www.w3.org/ns/shacl#Literal""]",[],Violation,"[{""language"":""ko"",""text"":""로컬 격리 증거: 원문 PropertyShape에는 메시지가 없으며 sh:nodeKind 제약을 검증한다."",""source"":""local-evidence"",""predicate"":null}]",MOLIT 로컬 적용 가이드(upstream 원문 보충 설명): <http://www.w3.org/2002/07/owl#versionInfo> 값을 <http://www.w3.org/ns/shacl#Literal> node kind로 바꾼다. 원문 constraint 값은 변경하지 않는다.,GeoDCAT-AP 3.1.0,"[""https://semiceu.github.io/GeoDCAT-AP/releases/3.1.0#Standard.version""]",GeoDCAT-AP 3.1.0의 sh:nodeKind 제약을 변경 없이 채택한다. named PropertyShape의 원문 direct quad를 그대로 채택했다. 추가한 sh:targetNode는 격리 시험용이며 규범 의미를 바꾸지 않는다.,https://semiceu.github.io/GeoDCAT-AP/releases/3.1.0#dct:StandardShape/bda64b6b9c27a850b8782b17019e888c5edd7ce0,UPSTREAM-POS-UPSTREAM-GEODCATAP-C24EA9ECCCB165BFBDD4,UPSTREAM-NEG-UPSTREAM-GEODCATAP-C24EA9ECCCB165BFBDD4
UPSTREAM-GEODCATAP-C308A0FFD106B1572BDE,"[""geo"",""network""]","[""http://www.w3.org/ns/dcat#Dataset""]",http://data.europa.eu/930/resourceType,MUST,,1,[],[],Violation,"[{""language"":""ko"",""text"":""로컬 격리 증거: 원문 PropertyShape에는 메시지가 없으며 sh:maxCount 제약을 검증한다."",""source"":""local-evidence"",""predicate"":null}]",MOLIT 로컬 적용 가이드(upstream 원문 보충 설명): <http://data.europa.eu/930/resourceType> 값을 1개 이하로 줄인다. 원문 constraint 값은 변경하지 않는다.,GeoDCAT-AP 3.1.0,"[""https://semiceu.github.io/GeoDCAT-AP/releases/3.1.0#Dataset.resourcetype""]",GeoDCAT-AP 3.1.0의 sh:maxCount 제약을 변경 없이 채택한다. named PropertyShape의 원문 direct quad를 그대로 채택했다. 추가한 sh:targetNode는 격리 시험용이며 규범 의미를 바꾸지 않는다.,https://semiceu.github.io/GeoDCAT-AP/releases/3.1.0#dcat:DatasetShape/4cba2ec81cc2d95d149041a01cbc4d9a16def925,UPSTREAM-POS-UPSTREAM-GEODCATAP-C308A0FFD106B1572BDE,UPSTREAM-NEG-UPSTREAM-GEODCATAP-C308A0FFD106B1572BDE
UPSTREAM-GEODCATAP-C393A44170AD9F8D382D,"[""geo"",""network""]","[""http://www.w3.org/ns/dcat#DatasetSeries""]",http://www.w3.org/ns/dcat#keyword,MUST,,,"[""http://www.w3.org/ns/shacl#Literal""]",[],Violation,"[{""language"":""ko"",""text"":""로컬 격리 증거: 원문 PropertyShape에는 메시지가 없으며 sh:nodeKind 제약을 검증한다."",""source"":""local-evidence"",""predicate"":null}]",MOLIT 로컬 적용 가이드(upstream 원문 보충 설명): <http://www.w3.org/ns/dcat#keyword> 값을 <http://www.w3.org/ns/shacl#Literal> node kind로 바꾼다. 원문 constraint 값은 변경하지 않는다.,GeoDCAT-AP 3.1.0,"[""https://semiceu.github.io/GeoDCAT-AP/releases/3.1.0#DatasetSeries.keyword""]",GeoDCAT-AP 3.1.0의 sh:nodeKind 제약을 변경 없이 채택한다. named PropertyShape의 원문 direct quad를 그대로 채택했다. 추가한 sh:targetNode는 격리 시험용이며 규범 의미를 바꾸지 않는다.,https://semiceu.github.io/GeoDCAT-AP/releases/3.1.0#dcat:DatasetSeriesShape/5bc739112726cd993c279f81380611cafc3a9857,UPSTREAM-POS-UPSTREAM-GEODCATAP-C393A44170AD9F8D382D,UPSTREAM-NEG-UPSTREAM-GEODCATAP-C393A44170AD9F8D382D
UPSTREAM-GEODCATAP-C3BB18024DB7223B2E8F,"[""geo"",""network""]","[""http://www.w3.org/2004/02/skos/core#ConceptScheme""]",http://purl.org/dc/terms/title,MUST,,,"[""http://www.w3.org/ns/shacl#Literal""]",[],Violation,"[{""language"":""ko"",""text"":""로컬 격리 증거: 원문 PropertyShape에는 메시지가 없으며 sh:nodeKind 제약을 검증한다."",""source"":""local-evidence"",""predicate"":null}]",MOLIT 로컬 적용 가이드(upstream 원문 보충 설명): <http://purl.org/dc/terms/title> 값을 <http://www.w3.org/ns/shacl#Literal> node kind로 바꾼다. 원문 constraint 값은 변경하지 않는다.,GeoDCAT-AP 3.1.0,"[""https://semiceu.github.io/GeoDCAT-AP/releases/3.1.0#ConceptScheme.title""]",GeoDCAT-AP 3.1.0의 sh:nodeKind 제약을 변경 없이 채택한다. named PropertyShape의 원문 direct quad를 그대로 채택했다. 추가한 sh:targetNode는 격리 시험용이며 규범 의미를 바꾸지 않는다.,https://semiceu.github.io/GeoDCAT-AP/releases/3.1.0#skos:ConceptSchemeShape/d5d74574f70f9a979535f3624608f88180dd0c97,UPSTREAM-POS-UPSTREAM-GEODCATAP-C3BB18024DB7223B2E8F,UPSTREAM-NEG-UPSTREAM-GEODCATAP-C3BB18024DB7223B2E8F
UPSTREAM-GEODCATAP-C3C7E84E0117FC678072,"[""geo"",""network""]","[""http://www.w3.org/ns/dcat#DataService""]",http://purl.org/dc/terms/rights,MUST,,,"[""http://www.w3.org/ns/shacl#BlankNodeOrIRI""]",[],Violation,"[{""language"":""ko"",""text"":""로컬 격리 증거: 원문 PropertyShape에는 메시지가 없으며 sh:nodeKind 제약을 검증한다."",""source"":""local-evidence"",""predicate"":null}]",MOLIT 로컬 적용 가이드(upstream 원문 보충 설명): <http://purl.org/dc/terms/rights> 값을 <http://www.w3.org/ns/shacl#BlankNodeOrIRI> node kind로 바꾼다. 원문 constraint 값은 변경하지 않는다.,GeoDCAT-AP 3.1.0,"[""https://semiceu.github.io/GeoDCAT-AP/releases/3.1.0#DataService.rights""]",GeoDCAT-AP 3.1.0의 sh:nodeKind 제약을 변경 없이 채택한다. named PropertyShape의 원문 direct quad를 그대로 채택했다. 추가한 sh:targetNode는 격리 시험용이며 규범 의미를 바꾸지 않는다.,https://semiceu.github.io/GeoDCAT-AP/releases/3.1.0#dcat:DataServiceShape/b4c4138f0581e7240ec4dd866004c56407b3705a,UPSTREAM-POS-UPSTREAM-GEODCATAP-C3C7E84E0117FC678072,UPSTREAM-NEG-UPSTREAM-GEODCATAP-C3C7E84E0117FC678072
UPSTREAM-GEODCATAP-C41F7E71309AEB139209,"[""geo"",""network""]","[""http://purl.org/dc/terms/Location""]",http://www.w3.org/2004/02/skos/core#inScheme,MUST,,,"[""http://www.w3.org/ns/shacl#BlankNodeOrIRI""]",[],Violation,"[{""language"":""ko"",""text"":""로컬 격리 증거: 원문 PropertyShape에는 메시지가 없으며 sh:nodeKind 제약을 검증한다."",""source"":""local-evidence"",""predicate"":null}]",MOLIT 로컬 적용 가이드(upstream 원문 보충 설명): <http://www.w3.org/2004/02/skos/core#inScheme> 값을 <http://www.w3.org/ns/shacl#BlankNodeOrIRI> node kind로 바꾼다. 원문 constraint 값은 변경하지 않는다.,GeoDCAT-AP 3.1.0,"[""https://semiceu.github.io/GeoDCAT-AP/releases/3.1.0#Location.gazetteer""]",GeoDCAT-AP 3.1.0의 sh:nodeKind 제약을 변경 없이 채택한다. named PropertyShape의 원문 direct quad를 그대로 채택했다. 추가한 sh:targetNode는 격리 시험용이며 규범 의미를 바꾸지 않는다.,https://semiceu.github.io/GeoDCAT-AP/releases/3.1.0#dct:LocationShape/49b1848bfcfa586a2fba0522e3655f9097d9ff42,UPSTREAM-POS-UPSTREAM-GEODCATAP-C41F7E71309AEB139209,UPSTREAM-NEG-UPSTREAM-GEODCATAP-C41F7E71309AEB139209
UPSTREAM-GEODCATAP-C47122ECEA936B208CD6,"[""geo"",""network""]","[""http://www.w3.org/ns/dcat#Dataset""]",http://purl.org/dc/terms/creator,MUST,,,"[""http://xmlns.com/foaf/0.1/Agent""]",[],Violation,"[{""language"":""ko"",""text"":""로컬 격리 증거: 원문 PropertyShape에는 메시지가 없으며 sh:class 제약을 검증한다."",""source"":""local-evidence"",""predicate"":null}]",MOLIT 로컬 적용 가이드(upstream 원문 보충 설명): <http://purl.org/dc/terms/creator>의 모든 값에 rdf:type <http://xmlns.com/foaf/0.1/Agent>를 명시한다. 원문 constraint 값은 변경하지 않는다.,GeoDCAT-AP 3.1.0,"[""https://semiceu.github.io/GeoDCAT-AP/releases/3.1.0#Dataset.creator""]",GeoDCAT-AP 3.1.0의 sh:class 제약을 변경 없이 채택한다. named PropertyShape의 원문 direct quad를 그대로 채택했다. 추가한 sh:targetNode는 격리 시험용이며 규범 의미를 바꾸지 않는다.,https://semiceu.github.io/GeoDCAT-AP/releases/3.1.0#dcat:DatasetShape/c1d40f7102c8201949576e76be48b991b47958d9,UPSTREAM-POS-UPSTREAM-GEODCATAP-C47122ECEA936B208CD6,UPSTREAM-NEG-UPSTREAM-GEODCATAP-C47122ECEA936B208CD6
UPSTREAM-GEODCATAP-C4BC1183BDD4B407A663,"[""geo"",""network""]","[""http://www.w3.org/ns/dcat#CatalogRecord""]",http://purl.org/dc/terms/publisher,MUST,,,"[""http://xmlns.com/foaf/0.1/Agent""]",[],Violation,"[{""language"":""ko"",""text"":""로컬 격리 증거: 원문 PropertyShape에는 메시지가 없으며 sh:class 제약을 검증한다."",""source"":""local-evidence"",""predicate"":null}]",MOLIT 로컬 적용 가이드(upstream 원문 보충 설명): <http://purl.org/dc/terms/publisher>의 모든 값에 rdf:type <http://xmlns.com/foaf/0.1/Agent>를 명시한다. 원문 constraint 값은 변경하지 않는다.,GeoDCAT-AP 3.1.0,"[""https://semiceu.github.io/GeoDCAT-AP/releases/3.1.0#CatalogueRecord.publisher""]",GeoDCAT-AP 3.1.0의 sh:class 제약을 변경 없이 채택한다. named PropertyShape의 원문 direct quad를 그대로 채택했다. 추가한 sh:targetNode는 격리 시험용이며 규범 의미를 바꾸지 않는다.,https://semiceu.github.io/GeoDCAT-AP/releases/3.1.0#dcat:CatalogRecordShape/b3ec0655204c62a2531244aaeab12f1a2c5e5b5d,UPSTREAM-POS-UPSTREAM-GEODCATAP-C4BC1183BDD4B407A663,UPSTREAM-NEG-UPSTREAM-GEODCATAP-C4BC1183BDD4B407A663
UPSTREAM-GEODCATAP-C4FEBF0D140CD7F5591C,"[""geo"",""network""]","[""http://purl.org/dc/terms/Location""]",http://www.w3.org/ns/dcat#centroid,MUST,,1,[],[],Violation,"[{""language"":""ko"",""text"":""로컬 격리 증거: 원문 PropertyShape에는 메시지가 없으며 sh:maxCount 제약을 검증한다."",""source"":""local-evidence"",""predicate"":null}]",MOLIT 로컬 적용 가이드(upstream 원문 보충 설명): <http://www.w3.org/ns/dcat#centroid> 값을 1개 이하로 줄인다. 원문 constraint 값은 변경하지 않는다.,GeoDCAT-AP 3.1.0,"[""https://semiceu.github.io/GeoDCAT-AP/releases/3.1.0#Location.centroid""]",GeoDCAT-AP 3.1.0의 sh:maxCount 제약을 변경 없이 채택한다. named PropertyShape의 원문 direct quad를 그대로 채택했다. 추가한 sh:targetNode는 격리 시험용이며 규범 의미를 바꾸지 않는다.,https://semiceu.github.io/GeoDCAT-AP/releases/3.1.0#dct:LocationShape/caa9d15ad38096046fd527702c7620800aea178b,UPSTREAM-POS-UPSTREAM-GEODCATAP-C4FEBF0D140CD7F5591C,UPSTREAM-NEG-UPSTREAM-GEODCATAP-C4FEBF0D140CD7F5591C
UPSTREAM-GEODCATAP-C533D48C45627324A4A4,"[""geo"",""network""]","[""http://www.w3.org/ns/dcat#Distribution""]",http://data.europa.eu/930/referenceSystem,MUST,,,"[""http://www.w3.org/2004/02/skos/core#Concept""]",[],Violation,"[{""language"":""ko"",""text"":""로컬 격리 증거: 원문 PropertyShape에는 메시지가 없으며 sh:class 제약을 검증한다."",""source"":""local-evidence"",""predicate"":null}]",MOLIT 로컬 적용 가이드(upstream 원문 보충 설명): <http://data.europa.eu/930/referenceSystem>의 모든 값에 rdf:type <http://www.w3.org/2004/02/skos/core#Concept>를 명시한다. 원문 constraint 값은 변경하지 않는다.,GeoDCAT-AP 3.1.0,"[""https://semiceu.github.io/GeoDCAT-AP/releases/3.1.0#Distribution.referencesystem""]",GeoDCAT-AP 3.1.0의 sh:class 제약을 변경 없이 채택한다. named PropertyShape의 원문 direct quad를 그대로 채택했다. 추가한 sh:targetNode는 격리 시험용이며 규범 의미를 바꾸지 않는다.,https://semiceu.github.io/GeoDCAT-AP/releases/3.1.0#dcat:DistributionShape/87161588819073178c8f6950dcce2286cac45320,UPSTREAM-POS-UPSTREAM-GEODCATAP-C533D48C45627324A4A4,UPSTREAM-NEG-UPSTREAM-GEODCATAP-C533D48C45627324A4A4
UPSTREAM-GEODCATAP-C5C411E045CB73847E20,"[""geo"",""network""]","[""http://www.w3.org/ns/dcat#Distribution""]",http://purl.org/dc/terms/title,MUST,,,"[""http://www.w3.org/ns/shacl#Literal""]",[],Violation,"[{""language"":""ko"",""text"":""로컬 격리 증거: 원문 PropertyShape에는 메시지가 없으며 sh:nodeKind 제약을 검증한다."",""source"":""local-evidence"",""predicate"":null}]",MOLIT 로컬 적용 가이드(upstream 원문 보충 설명): <http://purl.org/dc/terms/title> 값을 <http://www.w3.org/ns/shacl#Literal> node kind로 바꾼다. 원문 constraint 값은 변경하지 않는다.,GeoDCAT-AP 3.1.0,"[""https://semiceu.github.io/GeoDCAT-AP/releases/3.1.0#Distribution.title""]",GeoDCAT-AP 3.1.0의 sh:nodeKind 제약을 변경 없이 채택한다. named PropertyShape의 원문 direct quad를 그대로 채택했다. 추가한 sh:targetNode는 격리 시험용이며 규범 의미를 바꾸지 않는다.,https://semiceu.github.io/GeoDCAT-AP/releases/3.1.0#dcat:DistributionShape/d5d74574f70f9a979535f3624608f88180dd0c97,UPSTREAM-POS-UPSTREAM-GEODCATAP-C5C411E045CB73847E20,UPSTREAM-NEG-UPSTREAM-GEODCATAP-C5C411E045CB73847E20
UPSTREAM-GEODCATAP-C5D56D3B9BCF388422CB,"[""geo"",""network""]","[""http://www.w3.org/ns/dcat#Dataset""]",http://www.w3.org/ns/prov#wasGeneratedBy,MUST,,,"[""http://www.w3.org/ns/shacl#BlankNodeOrIRI""]",[],Violation,"[{""language"":""ko"",""text"":""로컬 격리 증거: 원문 PropertyShape에는 메시지가 없으며 sh:nodeKind 제약을 검증한다."",""source"":""local-evidence"",""predicate"":null}]",MOLIT 로컬 적용 가이드(upstream 원문 보충 설명): <http://www.w3.org/ns/prov#wasGeneratedBy> 값을 <http://www.w3.org/ns/shacl#BlankNodeOrIRI> node kind로 바꾼다. 원문 constraint 값은 변경하지 않는다.,GeoDCAT-AP 3.1.0,"[""https://semiceu.github.io/GeoDCAT-AP/releases/3.1.0#Dataset.wasgeneratedby""]",GeoDCAT-AP 3.1.0의 sh:nodeKind 제약을 변경 없이 채택한다. named PropertyShape의 원문 direct quad를 그대로 채택했다. 추가한 sh:targetNode는 격리 시험용이며 규범 의미를 바꾸지 않는다.,https://semiceu.github.io/GeoDCAT-AP/releases/3.1.0#dcat:DatasetShape/21ff3c331383c15dedf63f9f30c0818ccac87497,UPSTREAM-POS-UPSTREAM-GEODCATAP-C5D56D3B9BCF388422CB,UPSTREAM-NEG-UPSTREAM-GEODCATAP-C5D56D3B9BCF388422CB
UPSTREAM-GEODCATAP-C6B92DFCA290F14E6828,"[""geo"",""network""]","[""http://www.w3.org/ns/dcat#Dataset""]",http://purl.org/dc/terms/source,MUST,,,"[""http://www.w3.org/ns/shacl#BlankNodeOrIRI""]",[],Violation,"[{""language"":""ko"",""text"":""로컬 격리 증거: 원문 PropertyShape에는 메시지가 없으며 sh:nodeKind 제약을 검증한다."",""source"":""local-evidence"",""predicate"":null}]",MOLIT 로컬 적용 가이드(upstream 원문 보충 설명): <http://purl.org/dc/terms/source> 값을 <http://www.w3.org/ns/shacl#BlankNodeOrIRI> node kind로 바꾼다. 원문 constraint 값은 변경하지 않는다.,GeoDCAT-AP 3.1.0,"[""https://semiceu.github.io/GeoDCAT-AP/releases/3.1.0#Dataset.source""]",GeoDCAT-AP 3.1.0의 sh:nodeKind 제약을 변경 없이 채택한다. named PropertyShape의 원문 direct quad를 그대로 채택했다. 추가한 sh:targetNode는 격리 시험용이며 규범 의미를 바꾸지 않는다.,https://semiceu.github.io/GeoDCAT-AP/releases/3.1.0#dcat:DatasetShape/8178a43200b0efd5b41e7309efb017f24bb8ef41,UPSTREAM-POS-UPSTREAM-GEODCATAP-C6B92DFCA290F14E6828,UPSTREAM-NEG-UPSTREAM-GEODCATAP-C6B92DFCA290F14E6828
UPSTREAM-GEODCATAP-C73655BE2285C04FF531,"[""geo"",""network""]","[""http://www.w3.org/2006/vcard/ns#Address""]",http://www.w3.org/2006/vcard/ns#region,MUST,,1,[],[],Violation,"[{""language"":""ko"",""text"":""로컬 격리 증거: 원문 PropertyShape에는 메시지가 없으며 sh:maxCount 제약을 검증한다."",""source"":""local-evidence"",""predicate"":null}]",MOLIT 로컬 적용 가이드(upstream 원문 보충 설명): <http://www.w3.org/2006/vcard/ns#region> 값을 1개 이하로 줄인다. 원문 constraint 값은 변경하지 않는다.,GeoDCAT-AP 3.1.0,"[""https://semiceu.github.io/GeoDCAT-AP/releases/3.1.0#Address(vCard).administrativearea""]",GeoDCAT-AP 3.1.0의 sh:maxCount 제약을 변경 없이 채택한다. named PropertyShape의 원문 direct quad를 그대로 채택했다. 추가한 sh:targetNode는 격리 시험용이며 규범 의미를 바꾸지 않는다.,https://semiceu.github.io/GeoDCAT-AP/releases/3.1.0#vcard:AddressShape/9fcf9cecb8b2b1761f1d1d12ffcad8cce4b11da6,UPSTREAM-POS-UPSTREAM-GEODCATAP-C73655BE2285C04FF531,UPSTREAM-NEG-UPSTREAM-GEODCATAP-C73655BE2285C04FF531
UPSTREAM-GEODCATAP-C7AB2A93E17A8C51C4C7,"[""geo"",""network""]","[""http://www.w3.org/ns/dcat#DataService""]",http://data.europa.eu/930/resourceProvider,MUST,,,"[""http://xmlns.com/foaf/0.1/Agent""]",[],Violation,"[{""language"":""ko"",""text"":""로컬 격리 증거: 원문 PropertyShape에는 메시지가 없으며 sh:class 제약을 검증한다."",""source"":""local-evidence"",""predicate"":null}]",MOLIT 로컬 적용 가이드(upstream 원문 보충 설명): <http://data.europa.eu/930/resourceProvider>의 모든 값에 rdf:type <http://xmlns.com/foaf/0.1/Agent>를 명시한다. 원문 constraint 값은 변경하지 않는다.,GeoDCAT-AP 3.1.0,"[""https://semiceu.github.io/GeoDCAT-AP/releases/3.1.0#DataService.resourceprovider""]",GeoDCAT-AP 3.1.0의 sh:class 제약을 변경 없이 채택한다. named PropertyShape의 원문 direct quad를 그대로 채택했다. 추가한 sh:targetNode는 격리 시험용이며 규범 의미를 바꾸지 않는다.,https://semiceu.github.io/GeoDCAT-AP/releases/3.1.0#dcat:DataServiceShape/9169149cf5b5a794cac331851a3a1a92ff279293,UPSTREAM-POS-UPSTREAM-GEODCATAP-C7AB2A93E17A8C51C4C7,UPSTREAM-NEG-UPSTREAM-GEODCATAP-C7AB2A93E17A8C51C4C7
UPSTREAM-GEODCATAP-C90AC62056A26065E2AE,"[""geo"",""network""]","[""http://www.w3.org/ns/dcat#Distribution""]",http://www.w3.org/ns/adms#status,MUST,,,"[""http://www.w3.org/ns/shacl#BlankNodeOrIRI""]",[],Violation,"[{""language"":""ko"",""text"":""로컬 격리 증거: 원문 PropertyShape에는 메시지가 없으며 sh:nodeKind 제약을 검증한다."",""source"":""local-evidence"",""predicate"":null}]",MOLIT 로컬 적용 가이드(upstream 원문 보충 설명): <http://www.w3.org/ns/adms#status> 값을 <http://www.w3.org/ns/shacl#BlankNodeOrIRI> node kind로 바꾼다. 원문 constraint 값은 변경하지 않는다.,GeoDCAT-AP 3.1.0,"[""https://semiceu.github.io/GeoDCAT-AP/releases/3.1.0#Distribution.status""]",GeoDCAT-AP 3.1.0의 sh:nodeKind 제약을 변경 없이 채택한다. named PropertyShape의 원문 direct quad를 그대로 채택했다. 추가한 sh:targetNode는 격리 시험용이며 규범 의미를 바꾸지 않는다.,https://semiceu.github.io/GeoDCAT-AP/releases/3.1.0#dcat:DistributionShape/3c1ab2e1170c5050c8b7742e97810027ddc104b1,UPSTREAM-POS-UPSTREAM-GEODCATAP-C90AC62056A26065E2AE,UPSTREAM-NEG-UPSTREAM-GEODCATAP-C90AC62056A26065E2AE
UPSTREAM-GEODCATAP-C9D7B7DBAECD2039C54C,"[""geo"",""network""]","[""http://www.w3.org/ns/dcat#Distribution""]",http://purl.org/dc/terms/license,MUST,,1,[],[],Violation,"[{""language"":""ko"",""text"":""로컬 격리 증거: 원문 PropertyShape에는 메시지가 없으며 sh:maxCount 제약을 검증한다."",""source"":""local-evidence"",""predicate"":null}]",MOLIT 로컬 적용 가이드(upstream 원문 보충 설명): <http://purl.org/dc/terms/license> 값을 1개 이하로 줄인다. 원문 constraint 값은 변경하지 않는다.,GeoDCAT-AP 3.1.0,"[""https://semiceu.github.io/GeoDCAT-AP/releases/3.1.0#Distribution.licence""]",GeoDCAT-AP 3.1.0의 sh:maxCount 제약을 변경 없이 채택한다. named PropertyShape의 원문 direct quad를 그대로 채택했다. 추가한 sh:targetNode는 격리 시험용이며 규범 의미를 바꾸지 않는다.,https://semiceu.github.io/GeoDCAT-AP/releases/3.1.0#dcat:DistributionShape/9eaae476a881de13b9430537ace6e70da7327dbd,UPSTREAM-POS-UPSTREAM-GEODCATAP-C9D7B7DBAECD2039C54C,UPSTREAM-NEG-UPSTREAM-GEODCATAP-C9D7B7DBAECD2039C54C
UPSTREAM-GEODCATAP-CB174E03AB7DC86B29DF,"[""geo"",""network""]","[""http://www.w3.org/ns/dcat#Distribution""]",http://purl.org/dc/terms/accessRights,MUST,,,"[""http://www.w3.org/ns/shacl#BlankNodeOrIRI""]",[],Violation,"[{""language"":""ko"",""text"":""로컬 격리 증거: 원문 PropertyShape에는 메시지가 없으며 sh:nodeKind 제약을 검증한다."",""source"":""local-evidence"",""predicate"":null}]",MOLIT 로컬 적용 가이드(upstream 원문 보충 설명): <http://purl.org/dc/terms/accessRights> 값을 <http://www.w3.org/ns/shacl#BlankNodeOrIRI> node kind로 바꾼다. 원문 constraint 값은 변경하지 않는다.,GeoDCAT-AP 3.1.0,"[""https://semiceu.github.io/GeoDCAT-AP/releases/3.1.0#Distribution.accessrights""]",GeoDCAT-AP 3.1.0의 sh:nodeKind 제약을 변경 없이 채택한다. named PropertyShape의 원문 direct quad를 그대로 채택했다. 추가한 sh:targetNode는 격리 시험용이며 규범 의미를 바꾸지 않는다.,https://semiceu.github.io/GeoDCAT-AP/releases/3.1.0#dcat:DistributionShape/10c0ca4deadefb51c529f56ee01caf9bd2639ef4,UPSTREAM-POS-UPSTREAM-GEODCATAP-CB174E03AB7DC86B29DF,UPSTREAM-NEG-UPSTREAM-GEODCATAP-CB174E03AB7DC86B29DF
UPSTREAM-GEODCATAP-CB71594EA728CED41910,"[""geo"",""network""]","[""http://www.w3.org/ns/dcat#Catalog""]",http://data.europa.eu/930/distributor,MUST,,,"[""http://xmlns.com/foaf/0.1/Agent""]",[],Violation,"[{""language"":""ko"",""text"":""로컬 격리 증거: 원문 PropertyShape에는 메시지가 없으며 sh:class 제약을 검증한다."",""source"":""local-evidence"",""predicate"":null}]",MOLIT 로컬 적용 가이드(upstream 원문 보충 설명): <http://data.europa.eu/930/distributor>의 모든 값에 rdf:type <http://xmlns.com/foaf/0.1/Agent>를 명시한다. 원문 constraint 값은 변경하지 않는다.,GeoDCAT-AP 3.1.0,"[""https://semiceu.github.io/GeoDCAT-AP/releases/3.1.0#Catalogue.distributor""]",GeoDCAT-AP 3.1.0의 sh:class 제약을 변경 없이 채택한다. named PropertyShape의 원문 direct quad를 그대로 채택했다. 추가한 sh:targetNode는 격리 시험용이며 규범 의미를 바꾸지 않는다.,https://semiceu.github.io/GeoDCAT-AP/releases/3.1.0#dcat:CatalogShape/c6582cc6dd81abe7073c1f822d33efc41ecab36d,UPSTREAM-POS-UPSTREAM-GEODCATAP-CB71594EA728CED41910,UPSTREAM-NEG-UPSTREAM-GEODCATAP-CB71594EA728CED41910
UPSTREAM-GEODCATAP-CB71FF1411864E690728,"[""geo"",""network""]","[""http://www.w3.org/ns/dcat#DataService""]",http://purl.org/dc/terms/rightsHolder,MUST,,,"[""http://xmlns.com/foaf/0.1/Agent""]",[],Violation,"[{""language"":""ko"",""text"":""로컬 격리 증거: 원문 PropertyShape에는 메시지가 없으며 sh:class 제약을 검증한다."",""source"":""local-evidence"",""predicate"":null}]",MOLIT 로컬 적용 가이드(upstream 원문 보충 설명): <http://purl.org/dc/terms/rightsHolder>의 모든 값에 rdf:type <http://xmlns.com/foaf/0.1/Agent>를 명시한다. 원문 constraint 값은 변경하지 않는다.,GeoDCAT-AP 3.1.0,"[""https://semiceu.github.io/GeoDCAT-AP/releases/3.1.0#DataService.rightsholder""]",GeoDCAT-AP 3.1.0의 sh:class 제약을 변경 없이 채택한다. named PropertyShape의 원문 direct quad를 그대로 채택했다. 추가한 sh:targetNode는 격리 시험용이며 규범 의미를 바꾸지 않는다.,https://semiceu.github.io/GeoDCAT-AP/releases/3.1.0#dcat:DataServiceShape/35ed9ae46f019b6d5aea75addba75b4c87cb6fc5,UPSTREAM-POS-UPSTREAM-GEODCATAP-CB71FF1411864E690728,UPSTREAM-NEG-UPSTREAM-GEODCATAP-CB71FF1411864E690728
UPSTREAM-GEODCATAP-CB86992012F6FC150D48,"[""geo"",""network""]","[""http://www.w3.org/ns/dcat#DataService""]",http://www.w3.org/ns/dcat#endpointDescription,MUST,,,"[""http://www.w3.org/2000/01/rdf-schema#Resource""]",[],Violation,"[{""language"":""ko"",""text"":""로컬 격리 증거: 원문 PropertyShape에는 메시지가 없으며 sh:class 제약을 검증한다."",""source"":""local-evidence"",""predicate"":null}]",MOLIT 로컬 적용 가이드(upstream 원문 보충 설명): <http://www.w3.org/ns/dcat#endpointDescription>의 모든 값에 rdf:type <http://www.w3.org/2000/01/rdf-schema#Resource>를 명시한다. 원문 constraint 값은 변경하지 않는다.,GeoDCAT-AP 3.1.0,"[""https://semiceu.github.io/GeoDCAT-AP/releases/3.1.0#DataService.endpointdescription""]",GeoDCAT-AP 3.1.0의 sh:class 제약을 변경 없이 채택한다. named PropertyShape의 원문 direct quad를 그대로 채택했다. 추가한 sh:targetNode는 격리 시험용이며 규범 의미를 바꾸지 않는다.,https://semiceu.github.io/GeoDCAT-AP/releases/3.1.0#dcat:DataServiceShape/dc08f4dca4377fade57f89454e3fa06a8389d314,UPSTREAM-POS-UPSTREAM-GEODCATAP-CB86992012F6FC150D48,UPSTREAM-NEG-UPSTREAM-GEODCATAP-CB86992012F6FC150D48
UPSTREAM-GEODCATAP-CB9F06584AF883F6C798,"[""geo"",""network""]","[""http://www.w3.org/ns/dcat#Dataset""]",http://www.w3.org/ns/dqv#hasQualityMeasurement,MUST,,,"[""http://www.w3.org/ns/shacl#BlankNodeOrIRI""]",[],Violation,"[{""language"":""ko"",""text"":""로컬 격리 증거: 원문 PropertyShape에는 메시지가 없으며 sh:nodeKind 제약을 검증한다."",""source"":""local-evidence"",""predicate"":null}]",MOLIT 로컬 적용 가이드(upstream 원문 보충 설명): <http://www.w3.org/ns/dqv#hasQualityMeasurement> 값을 <http://www.w3.org/ns/shacl#BlankNodeOrIRI> node kind로 바꾼다. 원문 constraint 값은 변경하지 않는다.,GeoDCAT-AP 3.1.0,"[""https://semiceu.github.io/GeoDCAT-AP/releases/3.1.0#Dataset.spatialresolution""]",GeoDCAT-AP 3.1.0의 sh:nodeKind 제약을 변경 없이 채택한다. named PropertyShape의 원문 direct quad를 그대로 채택했다. 추가한 sh:targetNode는 격리 시험용이며 규범 의미를 바꾸지 않는다.,https://semiceu.github.io/GeoDCAT-AP/releases/3.1.0#dcat:DatasetShape/46a60c7d3d828d3006937a12f82c1958b94e6f76,UPSTREAM-POS-UPSTREAM-GEODCATAP-CB9F06584AF883F6C798,UPSTREAM-NEG-UPSTREAM-GEODCATAP-CB9F06584AF883F6C798
UPSTREAM-GEODCATAP-CC0C18DD2E67747E017F,"[""geo"",""network""]","[""http://www.w3.org/ns/dcat#Distribution""]",http://www.w3.org/ns/dcat#spatialResolutionInMeters,MUST,,,"[""http://www.w3.org/ns/shacl#Literal""]",[],Violation,"[{""language"":""ko"",""text"":""로컬 격리 증거: 원문 PropertyShape에는 메시지가 없으며 sh:nodeKind 제약을 검증한다."",""source"":""local-evidence"",""predicate"":null}]",MOLIT 로컬 적용 가이드(upstream 원문 보충 설명): <http://www.w3.org/ns/dcat#spatialResolutionInMeters> 값을 <http://www.w3.org/ns/shacl#Literal> node kind로 바꾼다. 원문 constraint 값은 변경하지 않는다.,GeoDCAT-AP 3.1.0,"[""https://semiceu.github.io/GeoDCAT-AP/releases/3.1.0#Distribution.spatialresolutioninmetres""]",GeoDCAT-AP 3.1.0의 sh:nodeKind 제약을 변경 없이 채택한다. named PropertyShape의 원문 direct quad를 그대로 채택했다. 추가한 sh:targetNode는 격리 시험용이며 규범 의미를 바꾸지 않는다.,https://semiceu.github.io/GeoDCAT-AP/releases/3.1.0#dcat:DistributionShape/69c4771d01c23b15f61b2d7006a4abf0d56d5ba0,UPSTREAM-POS-UPSTREAM-GEODCATAP-CC0C18DD2E67747E017F,UPSTREAM-NEG-UPSTREAM-GEODCATAP-CC0C18DD2E67747E017F
UPSTREAM-GEODCATAP-CC4BD422A6BC3DFC7952,"[""geo"",""network""]","[""http://www.w3.org/ns/dcat#Catalog""]",http://www.w3.org/ns/dcat#catalog,MUST,,,"[""http://www.w3.org/ns/dcat#Catalog""]",[],Violation,"[{""language"":""ko"",""text"":""로컬 격리 증거: 원문 PropertyShape에는 메시지가 없으며 sh:class 제약을 검증한다."",""source"":""local-evidence"",""predicate"":null}]",MOLIT 로컬 적용 가이드(upstream 원문 보충 설명): <http://www.w3.org/ns/dcat#catalog>의 모든 값에 rdf:type <http://www.w3.org/ns/dcat#Catalog>를 명시한다. 원문 constraint 값은 변경하지 않는다.,GeoDCAT-AP 3.1.0,"[""https://semiceu.github.io/GeoDCAT-AP/releases/3.1.0#Catalogue.catalogue""]",GeoDCAT-AP 3.1.0의 sh:class 제약을 변경 없이 채택한다. named PropertyShape의 원문 direct quad를 그대로 채택했다. 추가한 sh:targetNode는 격리 시험용이며 규범 의미를 바꾸지 않는다.,https://semiceu.github.io/GeoDCAT-AP/releases/3.1.0#dcat:CatalogShape/49cd6ad5fefbffaf348db14bfe47600981dd12c8,UPSTREAM-POS-UPSTREAM-GEODCATAP-CC4BD422A6BC3DFC7952,UPSTREAM-NEG-UPSTREAM-GEODCATAP-CC4BD422A6BC3DFC7952
UPSTREAM-GEODCATAP-CC85D9B31EA32AB55871,"[""geo"",""network""]","[""http://www.w3.org/ns/prov#Attribution""]",http://www.w3.org/ns/prov#agent,MUST,,,"[""http://xmlns.com/foaf/0.1/Agent""]",[],Violation,"[{""language"":""ko"",""text"":""로컬 격리 증거: 원문 PropertyShape에는 메시지가 없으며 sh:class 제약을 검증한다."",""source"":""local-evidence"",""predicate"":null}]",MOLIT 로컬 적용 가이드(upstream 원문 보충 설명): <http://www.w3.org/ns/prov#agent>의 모든 값에 rdf:type <http://xmlns.com/foaf/0.1/Agent>를 명시한다. 원문 constraint 값은 변경하지 않는다.,GeoDCAT-AP 3.1.0,"[""https://semiceu.github.io/GeoDCAT-AP/releases/3.1.0#Attribution.agent""]",GeoDCAT-AP 3.1.0의 sh:class 제약을 변경 없이 채택한다. named PropertyShape의 원문 direct quad를 그대로 채택했다. 추가한 sh:targetNode는 격리 시험용이며 규범 의미를 바꾸지 않는다.,https://semiceu.github.io/GeoDCAT-AP/releases/3.1.0#prov:AttributionShape/5d41e5114e4b537d95f4f2bd7f8c114dc0e388bc,UPSTREAM-POS-UPSTREAM-GEODCATAP-CC85D9B31EA32AB55871,UPSTREAM-NEG-UPSTREAM-GEODCATAP-CC85D9B31EA32AB55871
UPSTREAM-GEODCATAP-CD18927CF09D474701E7,"[""geo"",""network""]","[""http://www.w3.org/ns/dcat#DatasetSeries""]",http://data.europa.eu/930/resourceType,MUST,,,"[""http://www.w3.org/2004/02/skos/core#Concept""]",[],Violation,"[{""language"":""ko"",""text"":""로컬 격리 증거: 원문 PropertyShape에는 메시지가 없으며 sh:class 제약을 검증한다."",""source"":""local-evidence"",""predicate"":null}]",MOLIT 로컬 적용 가이드(upstream 원문 보충 설명): <http://data.europa.eu/930/resourceType>의 모든 값에 rdf:type <http://www.w3.org/2004/02/skos/core#Concept>를 명시한다. 원문 constraint 값은 변경하지 않는다.,GeoDCAT-AP 3.1.0,"[""https://semiceu.github.io/GeoDCAT-AP/releases/3.1.0#DatasetSeries.resourcetype""]",GeoDCAT-AP 3.1.0의 sh:class 제약을 변경 없이 채택한다. named PropertyShape의 원문 direct quad를 그대로 채택했다. 추가한 sh:targetNode는 격리 시험용이며 규범 의미를 바꾸지 않는다.,https://semiceu.github.io/GeoDCAT-AP/releases/3.1.0#dcat:DatasetSeriesShape/00bd195f813949c75d02f8a5916b9697bb4eb89f,UPSTREAM-POS-UPSTREAM-GEODCATAP-CD18927CF09D474701E7,UPSTREAM-NEG-UPSTREAM-GEODCATAP-CD18927CF09D474701E7
UPSTREAM-GEODCATAP-CD7031D027C0E9D3D72C,"[""geo"",""network""]","[""http://www.w3.org/ns/dcat#DatasetSeries""]",http://purl.org/dc/terms/publisher,MUST,,,"[""http://www.w3.org/ns/shacl#BlankNodeOrIRI""]",[],Violation,"[{""language"":""ko"",""text"":""로컬 격리 증거: 원문 PropertyShape에는 메시지가 없으며 sh:nodeKind 제약을 검증한다."",""source"":""local-evidence"",""predicate"":null}]",MOLIT 로컬 적용 가이드(upstream 원문 보충 설명): <http://purl.org/dc/terms/publisher> 값을 <http://www.w3.org/ns/shacl#BlankNodeOrIRI> node kind로 바꾼다. 원문 constraint 값은 변경하지 않는다.,GeoDCAT-AP 3.1.0,"[""https://semiceu.github.io/GeoDCAT-AP/releases/3.1.0#DatasetSeries.publisher""]",GeoDCAT-AP 3.1.0의 sh:nodeKind 제약을 변경 없이 채택한다. named PropertyShape의 원문 direct quad를 그대로 채택했다. 추가한 sh:targetNode는 격리 시험용이며 규범 의미를 바꾸지 않는다.,https://semiceu.github.io/GeoDCAT-AP/releases/3.1.0#dcat:DatasetSeriesShape/93f73e69bb03d2928fcf758a253ef316becdf9b9,UPSTREAM-POS-UPSTREAM-GEODCATAP-CD7031D027C0E9D3D72C,UPSTREAM-NEG-UPSTREAM-GEODCATAP-CD7031D027C0E9D3D72C
UPSTREAM-GEODCATAP-CD7FA4266B90BADF5411,"[""geo"",""network""]","[""http://www.w3.org/ns/locn#Address""]",http://www.w3.org/ns/locn#postName,MUST,,1,[],[],Violation,"[{""language"":""ko"",""text"":""로컬 격리 증거: 원문 PropertyShape에는 메시지가 없으며 sh:maxCount 제약을 검증한다."",""source"":""local-evidence"",""predicate"":null}]",MOLIT 로컬 적용 가이드(upstream 원문 보충 설명): <http://www.w3.org/ns/locn#postName> 값을 1개 이하로 줄인다. 원문 constraint 값은 변경하지 않는다.,GeoDCAT-AP 3.1.0,"[""https://semiceu.github.io/GeoDCAT-AP/releases/3.1.0#Address(CoreLocation).postname""]",GeoDCAT-AP 3.1.0의 sh:maxCount 제약을 변경 없이 채택한다. named PropertyShape의 원문 direct quad를 그대로 채택했다. 추가한 sh:targetNode는 격리 시험용이며 규범 의미를 바꾸지 않는다.,https://semiceu.github.io/GeoDCAT-AP/releases/3.1.0#locn:AddressShape/fb0e32fb7f38c269210ffbd1af5a2814de765ca6,UPSTREAM-POS-UPSTREAM-GEODCATAP-CD7FA4266B90BADF5411,UPSTREAM-NEG-UPSTREAM-GEODCATAP-CD7FA4266B90BADF5411
UPSTREAM-GEODCATAP-CE2AAAAB9C468CE8918B,"[""geo"",""network""]","[""http://www.w3.org/ns/dcat#Distribution""]",http://www.w3.org/ns/dcat#spatialResolutionInMeters,MUST,,1,[],[],Violation,"[{""language"":""ko"",""text"":""로컬 격리 증거: 원문 PropertyShape에는 메시지가 없으며 sh:maxCount 제약을 검증한다."",""source"":""local-evidence"",""predicate"":null}]",MOLIT 로컬 적용 가이드(upstream 원문 보충 설명): <http://www.w3.org/ns/dcat#spatialResolutionInMeters> 값을 1개 이하로 줄인다. 원문 constraint 값은 변경하지 않는다.,GeoDCAT-AP 3.1.0,"[""https://semiceu.github.io/GeoDCAT-AP/releases/3.1.0#Distribution.spatialresolutioninmetres""]",GeoDCAT-AP 3.1.0의 sh:maxCount 제약을 변경 없이 채택한다. named PropertyShape의 원문 direct quad를 그대로 채택했다. 추가한 sh:targetNode는 격리 시험용이며 규범 의미를 바꾸지 않는다.,https://semiceu.github.io/GeoDCAT-AP/releases/3.1.0#dcat:DistributionShape/8cc479b305d5e3b605cc29e7edff3c64b299a0fc,UPSTREAM-POS-UPSTREAM-GEODCATAP-CE2AAAAB9C468CE8918B,UPSTREAM-NEG-UPSTREAM-GEODCATAP-CE2AAAAB9C468CE8918B
UPSTREAM-GEODCATAP-CE6031179AABD79241BD,"[""geo"",""network""]","[""http://www.w3.org/ns/dcat#DataService""]",http://data.europa.eu/r5r/applicableLegislation,MUST,,,"[""http://data.europa.eu/eli/ontology#LegalResource""]",[],Violation,"[{""language"":""ko"",""text"":""로컬 격리 증거: 원문 PropertyShape에는 메시지가 없으며 sh:class 제약을 검증한다."",""source"":""local-evidence"",""predicate"":null}]",MOLIT 로컬 적용 가이드(upstream 원문 보충 설명): <http://data.europa.eu/r5r/applicableLegislation>의 모든 값에 rdf:type <http://data.europa.eu/eli/ontology#LegalResource>를 명시한다. 원문 constraint 값은 변경하지 않는다.,GeoDCAT-AP 3.1.0,"[""https://semiceu.github.io/GeoDCAT-AP/releases/3.1.0#DataService.applicablelegislation""]",GeoDCAT-AP 3.1.0의 sh:class 제약을 변경 없이 채택한다. named PropertyShape의 원문 direct quad를 그대로 채택했다. 추가한 sh:targetNode는 격리 시험용이며 규범 의미를 바꾸지 않는다.,https://semiceu.github.io/GeoDCAT-AP/releases/3.1.0#dcat:DataServiceShape/73465b7fbd7f991a08ddd1b766c2e46fa9dfc14e,UPSTREAM-POS-UPSTREAM-GEODCATAP-CE6031179AABD79241BD,UPSTREAM-NEG-UPSTREAM-GEODCATAP-CE6031179AABD79241BD
UPSTREAM-GEODCATAP-CE7BF2F8E1E550222EDB,"[""geo"",""network""]","[""http://www.w3.org/ns/prov#Association""]",http://www.w3.org/ns/prov#hadPlan,MUST,,,"[""http://www.w3.org/ns/prov#Plan""]",[],Violation,"[{""language"":""ko"",""text"":""로컬 격리 증거: 원문 PropertyShape에는 메시지가 없으며 sh:class 제약을 검증한다."",""source"":""local-evidence"",""predicate"":null}]",MOLIT 로컬 적용 가이드(upstream 원문 보충 설명): <http://www.w3.org/ns/prov#hadPlan>의 모든 값에 rdf:type <http://www.w3.org/ns/prov#Plan>를 명시한다. 원문 constraint 값은 변경하지 않는다.,GeoDCAT-AP 3.1.0,"[""https://semiceu.github.io/GeoDCAT-AP/releases/3.1.0#Association.hadplan""]",GeoDCAT-AP 3.1.0의 sh:class 제약을 변경 없이 채택한다. named PropertyShape의 원문 direct quad를 그대로 채택했다. 추가한 sh:targetNode는 격리 시험용이며 규범 의미를 바꾸지 않는다.,https://semiceu.github.io/GeoDCAT-AP/releases/3.1.0#prov:AssociationShape/f75777f13d8e0f1dce16f79601ea972fb5737c36,UPSTREAM-POS-UPSTREAM-GEODCATAP-CE7BF2F8E1E550222EDB,UPSTREAM-NEG-UPSTREAM-GEODCATAP-CE7BF2F8E1E550222EDB
UPSTREAM-GEODCATAP-CE86C4640308678427BB,"[""geo"",""network""]","[""http://www.w3.org/ns/dcat#Distribution""]",http://purl.org/dc/terms/license,MUST,,,"[""http://purl.org/dc/terms/LicenseDocument""]",[],Violation,"[{""language"":""ko"",""text"":""로컬 격리 증거: 원문 PropertyShape에는 메시지가 없으며 sh:class 제약을 검증한다."",""source"":""local-evidence"",""predicate"":null}]",MOLIT 로컬 적용 가이드(upstream 원문 보충 설명): <http://purl.org/dc/terms/license>의 모든 값에 rdf:type <http://purl.org/dc/terms/LicenseDocument>를 명시한다. 원문 constraint 값은 변경하지 않는다.,GeoDCAT-AP 3.1.0,"[""https://semiceu.github.io/GeoDCAT-AP/releases/3.1.0#Distribution.licence""]",GeoDCAT-AP 3.1.0의 sh:class 제약을 변경 없이 채택한다. named PropertyShape의 원문 direct quad를 그대로 채택했다. 추가한 sh:targetNode는 격리 시험용이며 규범 의미를 바꾸지 않는다.,https://semiceu.github.io/GeoDCAT-AP/releases/3.1.0#dcat:DistributionShape/dbcf2adef675735c48b532392359af27af5e8b71,UPSTREAM-POS-UPSTREAM-GEODCATAP-CE86C4640308678427BB,UPSTREAM-NEG-UPSTREAM-GEODCATAP-CE86C4640308678427BB
UPSTREAM-GEODCATAP-CF2D2188025750D40006,"[""geo"",""network""]","[""http://www.w3.org/ns/dcat#Dataset""]",http://purl.org/dc/terms/creator,MUST,,,"[""http://www.w3.org/ns/shacl#BlankNodeOrIRI""]",[],Violation,"[{""language"":""ko"",""text"":""로컬 격리 증거: 원문 PropertyShape에는 메시지가 없으며 sh:nodeKind 제약을 검증한다."",""source"":""local-evidence"",""predicate"":null}]",MOLIT 로컬 적용 가이드(upstream 원문 보충 설명): <http://purl.org/dc/terms/creator> 값을 <http://www.w3.org/ns/shacl#BlankNodeOrIRI> node kind로 바꾼다. 원문 constraint 값은 변경하지 않는다.,GeoDCAT-AP 3.1.0,"[""https://semiceu.github.io/GeoDCAT-AP/releases/3.1.0#Dataset.creator""]",GeoDCAT-AP 3.1.0의 sh:nodeKind 제약을 변경 없이 채택한다. named PropertyShape의 원문 direct quad를 그대로 채택했다. 추가한 sh:targetNode는 격리 시험용이며 규범 의미를 바꾸지 않는다.,https://semiceu.github.io/GeoDCAT-AP/releases/3.1.0#dcat:DatasetShape/7d4c667652f23f3a51353271e3800bca87ed3f68,UPSTREAM-POS-UPSTREAM-GEODCATAP-CF2D2188025750D40006,UPSTREAM-NEG-UPSTREAM-GEODCATAP-CF2D2188025750D40006
UPSTREAM-GEODCATAP-CF3014D7AED2D4B1E7D3,"[""geo"",""network""]","[""http://www.w3.org/ns/dcat#CatalogRecord""]",http://data.europa.eu/930/originator,MUST,,,"[""http://xmlns.com/foaf/0.1/Agent""]",[],Violation,"[{""language"":""ko"",""text"":""로컬 격리 증거: 원문 PropertyShape에는 메시지가 없으며 sh:class 제약을 검증한다."",""source"":""local-evidence"",""predicate"":null}]",MOLIT 로컬 적용 가이드(upstream 원문 보충 설명): <http://data.europa.eu/930/originator>의 모든 값에 rdf:type <http://xmlns.com/foaf/0.1/Agent>를 명시한다. 원문 constraint 값은 변경하지 않는다.,GeoDCAT-AP 3.1.0,"[""https://semiceu.github.io/GeoDCAT-AP/releases/3.1.0#CatalogueRecord.originator""]",GeoDCAT-AP 3.1.0의 sh:class 제약을 변경 없이 채택한다. named PropertyShape의 원문 direct quad를 그대로 채택했다. 추가한 sh:targetNode는 격리 시험용이며 규범 의미를 바꾸지 않는다.,https://semiceu.github.io/GeoDCAT-AP/releases/3.1.0#dcat:CatalogRecordShape/48476aa3f2bfa8f7c3e4d22652531e590c90e9ac,UPSTREAM-POS-UPSTREAM-GEODCATAP-CF3014D7AED2D4B1E7D3,UPSTREAM-NEG-UPSTREAM-GEODCATAP-CF3014D7AED2D4B1E7D3
UPSTREAM-GEODCATAP-CF347330F91618376292,"[""geo"",""network""]","[""http://www.w3.org/ns/dcat#Catalog""]",http://purl.org/dc/terms/conformsTo,MUST,,,"[""http://www.w3.org/ns/shacl#BlankNodeOrIRI""]",[],Violation,"[{""language"":""ko"",""text"":""로컬 격리 증거: 원문 PropertyShape에는 메시지가 없으며 sh:nodeKind 제약을 검증한다."",""source"":""local-evidence"",""predicate"":null}]",MOLIT 로컬 적용 가이드(upstream 원문 보충 설명): <http://purl.org/dc/terms/conformsTo> 값을 <http://www.w3.org/ns/shacl#BlankNodeOrIRI> node kind로 바꾼다. 원문 constraint 값은 변경하지 않는다.,GeoDCAT-AP 3.1.0,"[""https://semiceu.github.io/GeoDCAT-AP/releases/3.1.0#Catalogue.conformsto""]",GeoDCAT-AP 3.1.0의 sh:nodeKind 제약을 변경 없이 채택한다. named PropertyShape의 원문 direct quad를 그대로 채택했다. 추가한 sh:targetNode는 격리 시험용이며 규범 의미를 바꾸지 않는다.,https://semiceu.github.io/GeoDCAT-AP/releases/3.1.0#dcat:CatalogShape/08118c51bfc41b71d11f3a58e9410da74e6480e6,UPSTREAM-POS-UPSTREAM-GEODCATAP-CF347330F91618376292,UPSTREAM-NEG-UPSTREAM-GEODCATAP-CF347330F91618376292
UPSTREAM-GEODCATAP-CF49CD39D9852264F068,"[""geo"",""network""]","[""http://www.w3.org/ns/dcat#DatasetSeries""]",http://purl.org/dc/terms/rightsHolder,MUST,,,"[""http://www.w3.org/ns/shacl#BlankNodeOrIRI""]",[],Violation,"[{""language"":""ko"",""text"":""로컬 격리 증거: 원문 PropertyShape에는 메시지가 없으며 sh:nodeKind 제약을 검증한다."",""source"":""local-evidence"",""predicate"":null}]",MOLIT 로컬 적용 가이드(upstream 원문 보충 설명): <http://purl.org/dc/terms/rightsHolder> 값을 <http://www.w3.org/ns/shacl#BlankNodeOrIRI> node kind로 바꾼다. 원문 constraint 값은 변경하지 않는다.,GeoDCAT-AP 3.1.0,"[""https://semiceu.github.io/GeoDCAT-AP/releases/3.1.0#DatasetSeries.rightsholder""]",GeoDCAT-AP 3.1.0의 sh:nodeKind 제약을 변경 없이 채택한다. named PropertyShape의 원문 direct quad를 그대로 채택했다. 추가한 sh:targetNode는 격리 시험용이며 규범 의미를 바꾸지 않는다.,https://semiceu.github.io/GeoDCAT-AP/releases/3.1.0#dcat:DatasetSeriesShape/5247ab8155663a32970621a13083ea5813ec3ab7,UPSTREAM-POS-UPSTREAM-GEODCATAP-CF49CD39D9852264F068,UPSTREAM-NEG-UPSTREAM-GEODCATAP-CF49CD39D9852264F068
UPSTREAM-GEODCATAP-D0574E38074A3DA48CE6,"[""geo"",""network""]","[""http://www.w3.org/ns/dcat#Catalog""]",http://purl.org/dc/terms/modified,MUST,,1,[],[],Violation,"[{""language"":""ko"",""text"":""로컬 격리 증거: 원문 PropertyShape에는 메시지가 없으며 sh:maxCount 제약을 검증한다."",""source"":""local-evidence"",""predicate"":null}]",MOLIT 로컬 적용 가이드(upstream 원문 보충 설명): <http://purl.org/dc/terms/modified> 값을 1개 이하로 줄인다. 원문 constraint 값은 변경하지 않는다.,GeoDCAT-AP 3.1.0,"[""https://semiceu.github.io/GeoDCAT-AP/releases/3.1.0#Catalogue.modificationdate""]",GeoDCAT-AP 3.1.0의 sh:maxCount 제약을 변경 없이 채택한다. named PropertyShape의 원문 direct quad를 그대로 채택했다. 추가한 sh:targetNode는 격리 시험용이며 규범 의미를 바꾸지 않는다.,https://semiceu.github.io/GeoDCAT-AP/releases/3.1.0#dcat:CatalogShape/9e9d878c1c354206edc1d411f33c82d4d01e5a8f,UPSTREAM-POS-UPSTREAM-GEODCATAP-D0574E38074A3DA48CE6,UPSTREAM-NEG-UPSTREAM-GEODCATAP-D0574E38074A3DA48CE6
UPSTREAM-GEODCATAP-D07B08F50D21CA9FB4FB,"[""geo"",""network""]","[""http://purl.org/dc/terms/Standard""]",http://purl.org/dc/terms/issued,MUST,,,"[""http://www.w3.org/ns/shacl#Literal""]",[],Violation,"[{""language"":""ko"",""text"":""로컬 격리 증거: 원문 PropertyShape에는 메시지가 없으며 sh:nodeKind 제약을 검증한다."",""source"":""local-evidence"",""predicate"":null}]",MOLIT 로컬 적용 가이드(upstream 원문 보충 설명): <http://purl.org/dc/terms/issued> 값을 <http://www.w3.org/ns/shacl#Literal> node kind로 바꾼다. 원문 constraint 값은 변경하지 않는다.,GeoDCAT-AP 3.1.0,"[""https://semiceu.github.io/GeoDCAT-AP/releases/3.1.0#Standard.releasedate""]",GeoDCAT-AP 3.1.0의 sh:nodeKind 제약을 변경 없이 채택한다. named PropertyShape의 원문 direct quad를 그대로 채택했다. 추가한 sh:targetNode는 격리 시험용이며 규범 의미를 바꾸지 않는다.,https://semiceu.github.io/GeoDCAT-AP/releases/3.1.0#dct:StandardShape/4be37093e4c3ba0d5b5a18ef6b97778d6d689392,UPSTREAM-POS-UPSTREAM-GEODCATAP-D07B08F50D21CA9FB4FB,UPSTREAM-NEG-UPSTREAM-GEODCATAP-D07B08F50D21CA9FB4FB
UPSTREAM-GEODCATAP-D0A7D434074410275D85,"[""geo"",""network""]","[""http://www.w3.org/ns/dcat#Catalog""]",http://purl.org/dc/terms/accessRights,MUST,,,"[""http://www.w3.org/ns/shacl#BlankNodeOrIRI""]",[],Violation,"[{""language"":""ko"",""text"":""로컬 격리 증거: 원문 PropertyShape에는 메시지가 없으며 sh:nodeKind 제약을 검증한다."",""source"":""local-evidence"",""predicate"":null}]",MOLIT 로컬 적용 가이드(upstream 원문 보충 설명): <http://purl.org/dc/terms/accessRights> 값을 <http://www.w3.org/ns/shacl#BlankNodeOrIRI> node kind로 바꾼다. 원문 constraint 값은 변경하지 않는다.,GeoDCAT-AP 3.1.0,"[""https://semiceu.github.io/GeoDCAT-AP/releases/3.1.0#Catalogue.accessrights""]",GeoDCAT-AP 3.1.0의 sh:nodeKind 제약을 변경 없이 채택한다. named PropertyShape의 원문 direct quad를 그대로 채택했다. 추가한 sh:targetNode는 격리 시험용이며 규범 의미를 바꾸지 않는다.,https://semiceu.github.io/GeoDCAT-AP/releases/3.1.0#dcat:CatalogShape/10c0ca4deadefb51c529f56ee01caf9bd2639ef4,UPSTREAM-POS-UPSTREAM-GEODCATAP-D0A7D434074410275D85,UPSTREAM-NEG-UPSTREAM-GEODCATAP-D0A7D434074410275D85
UPSTREAM-GEODCATAP-D0DCA3D9F16EFE6109EB,"[""geo"",""network""]","[""http://www.w3.org/ns/dcat#Relationship""]",http://purl.org/dc/terms/relation,MUST,1,,[],[],Violation,"[{""language"":""ko"",""text"":""로컬 격리 증거: 원문 PropertyShape에는 메시지가 없으며 sh:minCount 제약을 검증한다."",""source"":""local-evidence"",""predicate"":null}]",MOLIT 로컬 적용 가이드(upstream 원문 보충 설명): <http://purl.org/dc/terms/relation> 값을 1개 이상 제공한다. 원문 constraint 값은 변경하지 않는다.,GeoDCAT-AP 3.1.0,"[""https://semiceu.github.io/GeoDCAT-AP/releases/3.1.0#Relationship.relation""]",GeoDCAT-AP 3.1.0의 sh:minCount 제약을 변경 없이 채택한다. named PropertyShape의 원문 direct quad를 그대로 채택했다. 추가한 sh:targetNode는 격리 시험용이며 규범 의미를 바꾸지 않는다.,https://semiceu.github.io/GeoDCAT-AP/releases/3.1.0#dcat:RelationshipShape/a64a849abcc67d2a79ccfbbc89f318fab6543c88,UPSTREAM-POS-UPSTREAM-GEODCATAP-D0DCA3D9F16EFE6109EB,UPSTREAM-NEG-UPSTREAM-GEODCATAP-D0DCA3D9F16EFE6109EB
UPSTREAM-GEODCATAP-D0DD7C0FDC51A1072BE6,"[""geo"",""network""]","[""http://www.w3.org/2006/vcard/ns#Kind""]",http://www.w3.org/2006/vcard/ns#fn,MUST,,1,[],[],Violation,"[{""language"":""ko"",""text"":""로컬 격리 증거: 원문 PropertyShape에는 메시지가 없으며 sh:maxCount 제약을 검증한다."",""source"":""local-evidence"",""predicate"":null}]",MOLIT 로컬 적용 가이드(upstream 원문 보충 설명): <http://www.w3.org/2006/vcard/ns#fn> 값을 1개 이하로 줄인다. 원문 constraint 값은 변경하지 않는다.,GeoDCAT-AP 3.1.0,"[""https://semiceu.github.io/GeoDCAT-AP/releases/3.1.0#Kind.name""]",GeoDCAT-AP 3.1.0의 sh:maxCount 제약을 변경 없이 채택한다. named PropertyShape의 원문 direct quad를 그대로 채택했다. 추가한 sh:targetNode는 격리 시험용이며 규범 의미를 바꾸지 않는다.,https://semiceu.github.io/GeoDCAT-AP/releases/3.1.0#vcard:KindShape/398fb93e389fba9a790e6adb0152f10f2ba6023a,UPSTREAM-POS-UPSTREAM-GEODCATAP-D0DD7C0FDC51A1072BE6,UPSTREAM-NEG-UPSTREAM-GEODCATAP-D0DD7C0FDC51A1072BE6
UPSTREAM-GEODCATAP-D0F5C633E01BC4BA8851,"[""geo"",""network""]","[""http://www.w3.org/ns/dcat#Dataset""]",http://data.europa.eu/930/resourceProvider,MUST,,,"[""http://www.w3.org/ns/shacl#BlankNodeOrIRI""]",[],Violation,"[{""language"":""ko"",""text"":""로컬 격리 증거: 원문 PropertyShape에는 메시지가 없으며 sh:nodeKind 제약을 검증한다."",""source"":""local-evidence"",""predicate"":null}]",MOLIT 로컬 적용 가이드(upstream 원문 보충 설명): <http://data.europa.eu/930/resourceProvider> 값을 <http://www.w3.org/ns/shacl#BlankNodeOrIRI> node kind로 바꾼다. 원문 constraint 값은 변경하지 않는다.,GeoDCAT-AP 3.1.0,"[""https://semiceu.github.io/GeoDCAT-AP/releases/3.1.0#Dataset.resourceprovider""]",GeoDCAT-AP 3.1.0의 sh:nodeKind 제약을 변경 없이 채택한다. named PropertyShape의 원문 direct quad를 그대로 채택했다. 추가한 sh:targetNode는 격리 시험용이며 규범 의미를 바꾸지 않는다.,https://semiceu.github.io/GeoDCAT-AP/releases/3.1.0#dcat:DatasetShape/30957911e1c6c79c065b6a0fa632a3c58d6b1841,UPSTREAM-POS-UPSTREAM-GEODCATAP-D0F5C633E01BC4BA8851,UPSTREAM-NEG-UPSTREAM-GEODCATAP-D0F5C633E01BC4BA8851
UPSTREAM-GEODCATAP-D1F3F36700C994312591,"[""geo"",""network""]","[""http://www.w3.org/ns/dcat#DatasetSeries""]",http://www.w3.org/ns/dcat#distribution,MUST,,,"[""http://www.w3.org/ns/shacl#BlankNodeOrIRI""]",[],Violation,"[{""language"":""ko"",""text"":""로컬 격리 증거: 원문 PropertyShape에는 메시지가 없으며 sh:nodeKind 제약을 검증한다."",""source"":""local-evidence"",""predicate"":null}]",MOLIT 로컬 적용 가이드(upstream 원문 보충 설명): <http://www.w3.org/ns/dcat#distribution> 값을 <http://www.w3.org/ns/shacl#BlankNodeOrIRI> node kind로 바꾼다. 원문 constraint 값은 변경하지 않는다.,GeoDCAT-AP 3.1.0,"[""https://semiceu.github.io/GeoDCAT-AP/releases/3.1.0#DatasetSeries.datasetseriesdistribution""]",GeoDCAT-AP 3.1.0의 sh:nodeKind 제약을 변경 없이 채택한다. named PropertyShape의 원문 direct quad를 그대로 채택했다. 추가한 sh:targetNode는 격리 시험용이며 규범 의미를 바꾸지 않는다.,https://semiceu.github.io/GeoDCAT-AP/releases/3.1.0#dcat:DatasetSeriesShape/ac6c522a6e883723c4ac02b3354b2ec5a861649a,UPSTREAM-POS-UPSTREAM-GEODCATAP-D1F3F36700C994312591,UPSTREAM-NEG-UPSTREAM-GEODCATAP-D1F3F36700C994312591
UPSTREAM-GEODCATAP-D244014533ACE3807696,"[""geo"",""network""]","[""http://www.w3.org/ns/dcat#CatalogRecord""]",http://purl.org/dc/terms/modified,MUST,1,,[],[],Violation,"[{""language"":""ko"",""text"":""로컬 격리 증거: 원문 PropertyShape에는 메시지가 없으며 sh:minCount 제약을 검증한다."",""source"":""local-evidence"",""predicate"":null}]",MOLIT 로컬 적용 가이드(upstream 원문 보충 설명): <http://purl.org/dc/terms/modified> 값을 1개 이상 제공한다. 원문 constraint 값은 변경하지 않는다.,GeoDCAT-AP 3.1.0,"[""https://semiceu.github.io/GeoDCAT-AP/releases/3.1.0#CatalogueRecord.modificationdate""]",GeoDCAT-AP 3.1.0의 sh:minCount 제약을 변경 없이 채택한다. named PropertyShape의 원문 direct quad를 그대로 채택했다. 추가한 sh:targetNode는 격리 시험용이며 규범 의미를 바꾸지 않는다.,https://semiceu.github.io/GeoDCAT-AP/releases/3.1.0#dcat:CatalogRecordShape/06293023d38e0a3f6d84479e2c37726cc226bcf6,UPSTREAM-POS-UPSTREAM-GEODCATAP-D244014533ACE3807696,UPSTREAM-NEG-UPSTREAM-GEODCATAP-D244014533ACE3807696
UPSTREAM-GEODCATAP-D2AD83512DF3153B73EA,"[""geo"",""network""]","[""http://www.w3.org/ns/dcat#DataService""]",http://www.w3.org/ns/dcat#servesDataset,MUST,,,"[""http://www.w3.org/ns/shacl#BlankNodeOrIRI""]",[],Violation,"[{""language"":""ko"",""text"":""로컬 격리 증거: 원문 PropertyShape에는 메시지가 없으며 sh:nodeKind 제약을 검증한다."",""source"":""local-evidence"",""predicate"":null}]",MOLIT 로컬 적용 가이드(upstream 원문 보충 설명): <http://www.w3.org/ns/dcat#servesDataset> 값을 <http://www.w3.org/ns/shacl#BlankNodeOrIRI> node kind로 바꾼다. 원문 constraint 값은 변경하지 않는다.,GeoDCAT-AP 3.1.0,"[""https://semiceu.github.io/GeoDCAT-AP/releases/3.1.0#DataService.servesdataset""]",GeoDCAT-AP 3.1.0의 sh:nodeKind 제약을 변경 없이 채택한다. named PropertyShape의 원문 direct quad를 그대로 채택했다. 추가한 sh:targetNode는 격리 시험용이며 규범 의미를 바꾸지 않는다.,https://semiceu.github.io/GeoDCAT-AP/releases/3.1.0#dcat:DataServiceShape/ca2bd10c893237fa342edb75240b08731acda92f,UPSTREAM-POS-UPSTREAM-GEODCATAP-D2AD83512DF3153B73EA,UPSTREAM-NEG-UPSTREAM-GEODCATAP-D2AD83512DF3153B73EA
UPSTREAM-GEODCATAP-D3333D966EAE3C5FC770,"[""geo"",""network""]","[""http://www.w3.org/ns/dcat#DatasetSeries""]",http://data.europa.eu/930/purpose,MUST,,1,[],[],Violation,"[{""language"":""ko"",""text"":""로컬 격리 증거: 원문 PropertyShape에는 메시지가 없으며 sh:maxCount 제약을 검증한다."",""source"":""local-evidence"",""predicate"":null}]",MOLIT 로컬 적용 가이드(upstream 원문 보충 설명): <http://data.europa.eu/930/purpose> 값을 1개 이하로 줄인다. 원문 constraint 값은 변경하지 않는다.,GeoDCAT-AP 3.1.0,"[""https://semiceu.github.io/GeoDCAT-AP/releases/3.1.0#DatasetSeries.purpose""]",GeoDCAT-AP 3.1.0의 sh:maxCount 제약을 변경 없이 채택한다. named PropertyShape의 원문 direct quad를 그대로 채택했다. 추가한 sh:targetNode는 격리 시험용이며 규범 의미를 바꾸지 않는다.,https://semiceu.github.io/GeoDCAT-AP/releases/3.1.0#dcat:DatasetSeriesShape/30c2de1b85595fb7b8ff738893031cf824165ba1,UPSTREAM-POS-UPSTREAM-GEODCATAP-D3333D966EAE3C5FC770,UPSTREAM-NEG-UPSTREAM-GEODCATAP-D3333D966EAE3C5FC770
UPSTREAM-GEODCATAP-D382FCBACD336A68D9B0,"[""geo"",""network""]","[""http://www.w3.org/ns/dcat#DatasetSeries""]",http://purl.org/dc/terms/description,MUST,,,"[""http://www.w3.org/ns/shacl#Literal""]",[],Violation,"[{""language"":""ko"",""text"":""로컬 격리 증거: 원문 PropertyShape에는 메시지가 없으며 sh:nodeKind 제약을 검증한다."",""source"":""local-evidence"",""predicate"":null}]",MOLIT 로컬 적용 가이드(upstream 원문 보충 설명): <http://purl.org/dc/terms/description> 값을 <http://www.w3.org/ns/shacl#Literal> node kind로 바꾼다. 원문 constraint 값은 변경하지 않는다.,GeoDCAT-AP 3.1.0,"[""https://semiceu.github.io/GeoDCAT-AP/releases/3.1.0#DatasetSeries.description""]",GeoDCAT-AP 3.1.0의 sh:nodeKind 제약을 변경 없이 채택한다. named PropertyShape의 원문 direct quad를 그대로 채택했다. 추가한 sh:targetNode는 격리 시험용이며 규범 의미를 바꾸지 않는다.,https://semiceu.github.io/GeoDCAT-AP/releases/3.1.0#dcat:DatasetSeriesShape/6cae9880e515253132af1452a38a8a5827165149,UPSTREAM-POS-UPSTREAM-GEODCATAP-D382FCBACD336A68D9B0,UPSTREAM-NEG-UPSTREAM-GEODCATAP-D382FCBACD336A68D9B0
UPSTREAM-GEODCATAP-D3B1A6B0921B37F65D86,"[""geo"",""network""]","[""http://purl.org/dc/terms/PeriodOfTime""]",http://www.w3.org/2006/time#hasEnd,MUST,,,"[""http://www.w3.org/ns/shacl#BlankNodeOrIRI""]",[],Violation,"[{""language"":""ko"",""text"":""로컬 격리 증거: 원문 PropertyShape에는 메시지가 없으며 sh:nodeKind 제약을 검증한다."",""source"":""local-evidence"",""predicate"":null}]",MOLIT 로컬 적용 가이드(upstream 원문 보충 설명): <http://www.w3.org/2006/time#hasEnd> 값을 <http://www.w3.org/ns/shacl#BlankNodeOrIRI> node kind로 바꾼다. 원문 constraint 값은 변경하지 않는다.,GeoDCAT-AP 3.1.0,"[""https://semiceu.github.io/GeoDCAT-AP/releases/3.1.0#PeriodofTime.end""]",GeoDCAT-AP 3.1.0의 sh:nodeKind 제약을 변경 없이 채택한다. named PropertyShape의 원문 direct quad를 그대로 채택했다. 추가한 sh:targetNode는 격리 시험용이며 규범 의미를 바꾸지 않는다.,https://semiceu.github.io/GeoDCAT-AP/releases/3.1.0#dct:PeriodOfTimeShape/c7fb86be0667a2402b275afe51fe509a49d6e4af,UPSTREAM-POS-UPSTREAM-GEODCATAP-D3B1A6B0921B37F65D86,UPSTREAM-NEG-UPSTREAM-GEODCATAP-D3B1A6B0921B37F65D86
UPSTREAM-GEODCATAP-D3B1C4805D1B2C966C2A,"[""geo"",""network""]","[""http://www.w3.org/ns/dcat#Catalog""]",http://www.w3.org/ns/dcat#theme,MUST,,,"[""http://www.w3.org/2004/02/skos/core#Concept""]",[],Violation,"[{""language"":""ko"",""text"":""로컬 격리 증거: 원문 PropertyShape에는 메시지가 없으며 sh:class 제약을 검증한다."",""source"":""local-evidence"",""predicate"":null}]",MOLIT 로컬 적용 가이드(upstream 원문 보충 설명): <http://www.w3.org/ns/dcat#theme>의 모든 값에 rdf:type <http://www.w3.org/2004/02/skos/core#Concept>를 명시한다. 원문 constraint 값은 변경하지 않는다.,GeoDCAT-AP 3.1.0,"[""https://semiceu.github.io/GeoDCAT-AP/releases/3.1.0#Catalogue.theme""]",GeoDCAT-AP 3.1.0의 sh:class 제약을 변경 없이 채택한다. named PropertyShape의 원문 direct quad를 그대로 채택했다. 추가한 sh:targetNode는 격리 시험용이며 규범 의미를 바꾸지 않는다.,https://semiceu.github.io/GeoDCAT-AP/releases/3.1.0#dcat:CatalogShape/dede6a68a95ac0f43ca88def472d8fc001f86ebe,UPSTREAM-POS-UPSTREAM-GEODCATAP-D3B1C4805D1B2C966C2A,UPSTREAM-NEG-UPSTREAM-GEODCATAP-D3B1C4805D1B2C966C2A
UPSTREAM-GEODCATAP-D44A9235A47B26D9A132,"[""geo"",""network""]","[""http://www.w3.org/ns/dqv#Metric""]",http://www.w3.org/ns/dqv#expectedDataType,MUST,,,"[""http://www.w3.org/ns/shacl#BlankNodeOrIRI""]",[],Violation,"[{""language"":""ko"",""text"":""로컬 격리 증거: 원문 PropertyShape에는 메시지가 없으며 sh:nodeKind 제약을 검증한다."",""source"":""local-evidence"",""predicate"":null}]",MOLIT 로컬 적용 가이드(upstream 원문 보충 설명): <http://www.w3.org/ns/dqv#expectedDataType> 값을 <http://www.w3.org/ns/shacl#BlankNodeOrIRI> node kind로 바꾼다. 원문 constraint 값은 변경하지 않는다.,GeoDCAT-AP 3.1.0,"[""https://semiceu.github.io/GeoDCAT-AP/releases/3.1.0#Metric.expecteddatatype""]",GeoDCAT-AP 3.1.0의 sh:nodeKind 제약을 변경 없이 채택한다. named PropertyShape의 원문 direct quad를 그대로 채택했다. 추가한 sh:targetNode는 격리 시험용이며 규범 의미를 바꾸지 않는다.,https://semiceu.github.io/GeoDCAT-AP/releases/3.1.0#dqv:MetricShape/5cb441d63f374870b48a1df200c1e0f819cd84c2,UPSTREAM-POS-UPSTREAM-GEODCATAP-D44A9235A47B26D9A132,UPSTREAM-NEG-UPSTREAM-GEODCATAP-D44A9235A47B26D9A132
UPSTREAM-GEODCATAP-D4ABD6D32E848C4865B0,"[""geo"",""network""]","[""http://xmlns.com/foaf/0.1/Agent""]",http://purl.org/dc/terms/type,MUST,,,"[""http://www.w3.org/2004/02/skos/core#Concept""]",[],Violation,"[{""language"":""ko"",""text"":""로컬 격리 증거: 원문 PropertyShape에는 메시지가 없으며 sh:class 제약을 검증한다."",""source"":""local-evidence"",""predicate"":null}]",MOLIT 로컬 적용 가이드(upstream 원문 보충 설명): <http://purl.org/dc/terms/type>의 모든 값에 rdf:type <http://www.w3.org/2004/02/skos/core#Concept>를 명시한다. 원문 constraint 값은 변경하지 않는다.,GeoDCAT-AP 3.1.0,"[""https://semiceu.github.io/GeoDCAT-AP/releases/3.1.0#Agent.type""]",GeoDCAT-AP 3.1.0의 sh:class 제약을 변경 없이 채택한다. named PropertyShape의 원문 direct quad를 그대로 채택했다. 추가한 sh:targetNode는 격리 시험용이며 규범 의미를 바꾸지 않는다.,https://semiceu.github.io/GeoDCAT-AP/releases/3.1.0#foaf:AgentShape/322371a77364a50f049d46180f6192532eea26dc,UPSTREAM-POS-UPSTREAM-GEODCATAP-D4ABD6D32E848C4865B0,UPSTREAM-NEG-UPSTREAM-GEODCATAP-D4ABD6D32E848C4865B0
UPSTREAM-GEODCATAP-D5439B32C09355E987D7,"[""geo"",""network""]","[""http://www.w3.org/2006/vcard/ns#Kind""]",http://www.w3.org/2006/vcard/ns#hasAddress,MUST,,,"[""http://www.w3.org/2006/vcard/ns#Address""]",[],Violation,"[{""language"":""ko"",""text"":""로컬 격리 증거: 원문 PropertyShape에는 메시지가 없으며 sh:class 제약을 검증한다."",""source"":""local-evidence"",""predicate"":null}]",MOLIT 로컬 적용 가이드(upstream 원문 보충 설명): <http://www.w3.org/2006/vcard/ns#hasAddress>의 모든 값에 rdf:type <http://www.w3.org/2006/vcard/ns#Address>를 명시한다. 원문 constraint 값은 변경하지 않는다.,GeoDCAT-AP 3.1.0,"[""https://semiceu.github.io/GeoDCAT-AP/releases/3.1.0#Kind.address""]",GeoDCAT-AP 3.1.0의 sh:class 제약을 변경 없이 채택한다. named PropertyShape의 원문 direct quad를 그대로 채택했다. 추가한 sh:targetNode는 격리 시험용이며 규범 의미를 바꾸지 않는다.,https://semiceu.github.io/GeoDCAT-AP/releases/3.1.0#vcard:KindShape/5de4ef5193a558e17a34633888421d09b957d267,UPSTREAM-POS-UPSTREAM-GEODCATAP-D5439B32C09355E987D7,UPSTREAM-NEG-UPSTREAM-GEODCATAP-D5439B32C09355E987D7
UPSTREAM-GEODCATAP-D56150ACF34A6A179B70,"[""geo"",""network""]","[""http://xmlns.com/foaf/0.1/Agent""]",http://www.w3.org/ns/org#memberOf,MUST,,,"[""http://www.w3.org/ns/org#Organization""]",[],Violation,"[{""language"":""ko"",""text"":""로컬 격리 증거: 원문 PropertyShape에는 메시지가 없으며 sh:class 제약을 검증한다."",""source"":""local-evidence"",""predicate"":null}]",MOLIT 로컬 적용 가이드(upstream 원문 보충 설명): <http://www.w3.org/ns/org#memberOf>의 모든 값에 rdf:type <http://www.w3.org/ns/org#Organization>를 명시한다. 원문 constraint 값은 변경하지 않는다.,GeoDCAT-AP 3.1.0,"[""https://semiceu.github.io/GeoDCAT-AP/releases/3.1.0#Agent.affiliation""]",GeoDCAT-AP 3.1.0의 sh:class 제약을 변경 없이 채택한다. named PropertyShape의 원문 direct quad를 그대로 채택했다. 추가한 sh:targetNode는 격리 시험용이며 규범 의미를 바꾸지 않는다.,https://semiceu.github.io/GeoDCAT-AP/releases/3.1.0#foaf:AgentShape/8d3fa412d4ca4dad699415e2d2e310cb2ecc9ab6,UPSTREAM-POS-UPSTREAM-GEODCATAP-D56150ACF34A6A179B70,UPSTREAM-NEG-UPSTREAM-GEODCATAP-D56150ACF34A6A179B70
UPSTREAM-GEODCATAP-D5B4CEAE278917289919,"[""geo"",""network""]","[""http://www.w3.org/ns/dcat#Dataset""]",http://data.europa.eu/930/topicCategory,MUST,,,"[""http://www.w3.org/ns/shacl#BlankNodeOrIRI""]",[],Violation,"[{""language"":""ko"",""text"":""로컬 격리 증거: 원문 PropertyShape에는 메시지가 없으며 sh:nodeKind 제약을 검증한다."",""source"":""local-evidence"",""predicate"":null}]",MOLIT 로컬 적용 가이드(upstream 원문 보충 설명): <http://data.europa.eu/930/topicCategory> 값을 <http://www.w3.org/ns/shacl#BlankNodeOrIRI> node kind로 바꾼다. 원문 constraint 값은 변경하지 않는다.,GeoDCAT-AP 3.1.0,"[""https://semiceu.github.io/GeoDCAT-AP/releases/3.1.0#Dataset.topiccategory""]",GeoDCAT-AP 3.1.0의 sh:nodeKind 제약을 변경 없이 채택한다. named PropertyShape의 원문 direct quad를 그대로 채택했다. 추가한 sh:targetNode는 격리 시험용이며 규범 의미를 바꾸지 않는다.,https://semiceu.github.io/GeoDCAT-AP/releases/3.1.0#dcat:DatasetShape/0e5c385ece75dfd05b0a7b0b8009a08bed49ebed,UPSTREAM-POS-UPSTREAM-GEODCATAP-D5B4CEAE278917289919,UPSTREAM-NEG-UPSTREAM-GEODCATAP-D5B4CEAE278917289919
UPSTREAM-GEODCATAP-D5B56FDFE6CC7571333F,"[""geo"",""network""]","[""http://www.w3.org/ns/dcat#Distribution""]",http://xmlns.com/foaf/0.1/page,MUST,,,"[""http://www.w3.org/ns/shacl#BlankNodeOrIRI""]",[],Violation,"[{""language"":""ko"",""text"":""로컬 격리 증거: 원문 PropertyShape에는 메시지가 없으며 sh:nodeKind 제약을 검증한다."",""source"":""local-evidence"",""predicate"":null}]",MOLIT 로컬 적용 가이드(upstream 원문 보충 설명): <http://xmlns.com/foaf/0.1/page> 값을 <http://www.w3.org/ns/shacl#BlankNodeOrIRI> node kind로 바꾼다. 원문 constraint 값은 변경하지 않는다.,GeoDCAT-AP 3.1.0,"[""https://semiceu.github.io/GeoDCAT-AP/releases/3.1.0#Distribution.documentation""]",GeoDCAT-AP 3.1.0의 sh:nodeKind 제약을 변경 없이 채택한다. named PropertyShape의 원문 direct quad를 그대로 채택했다. 추가한 sh:targetNode는 격리 시험용이며 규범 의미를 바꾸지 않는다.,https://semiceu.github.io/GeoDCAT-AP/releases/3.1.0#dcat:DistributionShape/998ce689a5bcc3e2764ff84a05255e34d91e8102,UPSTREAM-POS-UPSTREAM-GEODCATAP-D5B56FDFE6CC7571333F,UPSTREAM-NEG-UPSTREAM-GEODCATAP-D5B56FDFE6CC7571333F
UPSTREAM-GEODCATAP-D5E4655D89A37300100D,"[""geo"",""network""]","[""http://www.w3.org/ns/dcat#Catalog""]",http://purl.org/dc/terms/creator,MUST,,1,[],[],Violation,"[{""language"":""ko"",""text"":""로컬 격리 증거: 원문 PropertyShape에는 메시지가 없으며 sh:maxCount 제약을 검증한다."",""source"":""local-evidence"",""predicate"":null}]",MOLIT 로컬 적용 가이드(upstream 원문 보충 설명): <http://purl.org/dc/terms/creator> 값을 1개 이하로 줄인다. 원문 constraint 값은 변경하지 않는다.,GeoDCAT-AP 3.1.0,"[""https://semiceu.github.io/GeoDCAT-AP/releases/3.1.0#Catalogue.creator""]",GeoDCAT-AP 3.1.0의 sh:maxCount 제약을 변경 없이 채택한다. named PropertyShape의 원문 direct quad를 그대로 채택했다. 추가한 sh:targetNode는 격리 시험용이며 규범 의미를 바꾸지 않는다.,https://semiceu.github.io/GeoDCAT-AP/releases/3.1.0#dcat:CatalogShape/8772a17b46da88b8aa26c30e24bc3d9ef17fb940,UPSTREAM-POS-UPSTREAM-GEODCATAP-D5E4655D89A37300100D,UPSTREAM-NEG-UPSTREAM-GEODCATAP-D5E4655D89A37300100D
UPSTREAM-GEODCATAP-D7E0B25380C848685A7A,"[""geo"",""network""]","[""http://www.w3.org/ns/dcat#Dataset""]",http://data.europa.eu/r5r/applicableLegislation,MUST,,,"[""http://data.europa.eu/eli/ontology#LegalResource""]",[],Violation,"[{""language"":""ko"",""text"":""로컬 격리 증거: 원문 PropertyShape에는 메시지가 없으며 sh:class 제약을 검증한다."",""source"":""local-evidence"",""predicate"":null}]",MOLIT 로컬 적용 가이드(upstream 원문 보충 설명): <http://data.europa.eu/r5r/applicableLegislation>의 모든 값에 rdf:type <http://data.europa.eu/eli/ontology#LegalResource>를 명시한다. 원문 constraint 값은 변경하지 않는다.,GeoDCAT-AP 3.1.0,"[""https://semiceu.github.io/GeoDCAT-AP/releases/3.1.0#Dataset.applicablelegislation""]",GeoDCAT-AP 3.1.0의 sh:class 제약을 변경 없이 채택한다. named PropertyShape의 원문 direct quad를 그대로 채택했다. 추가한 sh:targetNode는 격리 시험용이며 규범 의미를 바꾸지 않는다.,https://semiceu.github.io/GeoDCAT-AP/releases/3.1.0#dcat:DatasetShape/73465b7fbd7f991a08ddd1b766c2e46fa9dfc14e,UPSTREAM-POS-UPSTREAM-GEODCATAP-D7E0B25380C848685A7A,UPSTREAM-NEG-UPSTREAM-GEODCATAP-D7E0B25380C848685A7A
UPSTREAM-GEODCATAP-D7E7B3D8F3B31D95EF03,"[""geo"",""network""]","[""http://www.w3.org/ns/dcat#DatasetSeries""]",http://www.w3.org/ns/dcat#hasVersion,MUST,,,"[""http://www.w3.org/ns/dcat#Dataset""]",[],Violation,"[{""language"":""ko"",""text"":""로컬 격리 증거: 원문 PropertyShape에는 메시지가 없으며 sh:class 제약을 검증한다."",""source"":""local-evidence"",""predicate"":null}]",MOLIT 로컬 적용 가이드(upstream 원문 보충 설명): <http://www.w3.org/ns/dcat#hasVersion>의 모든 값에 rdf:type <http://www.w3.org/ns/dcat#Dataset>를 명시한다. 원문 constraint 값은 변경하지 않는다.,GeoDCAT-AP 3.1.0,"[""https://semiceu.github.io/GeoDCAT-AP/releases/3.1.0#DatasetSeries.hasversion""]",GeoDCAT-AP 3.1.0의 sh:class 제약을 변경 없이 채택한다. named PropertyShape의 원문 direct quad를 그대로 채택했다. 추가한 sh:targetNode는 격리 시험용이며 규범 의미를 바꾸지 않는다.,https://semiceu.github.io/GeoDCAT-AP/releases/3.1.0#dcat:DatasetSeriesShape/495a2bdea22c8a156f1a7926737cdf33529871fd,UPSTREAM-POS-UPSTREAM-GEODCATAP-D7E7B3D8F3B31D95EF03,UPSTREAM-NEG-UPSTREAM-GEODCATAP-D7E7B3D8F3B31D95EF03
UPSTREAM-GEODCATAP-D81D7BB7FE6CE4EBD28D,"[""geo"",""network""]","[""http://www.w3.org/ns/dcat#Dataset""]",http://purl.org/dc/terms/accessRights,MUST,,,"[""http://purl.org/dc/terms/RightsStatement""]",[],Violation,"[{""language"":""ko"",""text"":""로컬 격리 증거: 원문 PropertyShape에는 메시지가 없으며 sh:class 제약을 검증한다."",""source"":""local-evidence"",""predicate"":null}]",MOLIT 로컬 적용 가이드(upstream 원문 보충 설명): <http://purl.org/dc/terms/accessRights>의 모든 값에 rdf:type <http://purl.org/dc/terms/RightsStatement>를 명시한다. 원문 constraint 값은 변경하지 않는다.,GeoDCAT-AP 3.1.0,"[""https://semiceu.github.io/GeoDCAT-AP/releases/3.1.0#Dataset.accessrights""]",GeoDCAT-AP 3.1.0의 sh:class 제약을 변경 없이 채택한다. named PropertyShape의 원문 direct quad를 그대로 채택했다. 추가한 sh:targetNode는 격리 시험용이며 규범 의미를 바꾸지 않는다.,https://semiceu.github.io/GeoDCAT-AP/releases/3.1.0#dcat:DatasetShape/ee60fdd4b8581460f5fc4077813b8bb3e3d77441,UPSTREAM-POS-UPSTREAM-GEODCATAP-D81D7BB7FE6CE4EBD28D,UPSTREAM-NEG-UPSTREAM-GEODCATAP-D81D7BB7FE6CE4EBD28D
UPSTREAM-GEODCATAP-D88D0174C8B8D75B6349,"[""geo"",""network""]","[""http://www.w3.org/ns/locn#Address""]",http://www.w3.org/ns/locn#adminUnitL1,MUST,,1,[],[],Violation,"[{""language"":""ko"",""text"":""로컬 격리 증거: 원문 PropertyShape에는 메시지가 없으며 sh:maxCount 제약을 검증한다."",""source"":""local-evidence"",""predicate"":null}]",MOLIT 로컬 적용 가이드(upstream 원문 보충 설명): <http://www.w3.org/ns/locn#adminUnitL1> 값을 1개 이하로 줄인다. 원문 constraint 값은 변경하지 않는다.,GeoDCAT-AP 3.1.0,"[""https://semiceu.github.io/GeoDCAT-AP/releases/3.1.0#Address(CoreLocation).administrativeunitlevel1""]",GeoDCAT-AP 3.1.0의 sh:maxCount 제약을 변경 없이 채택한다. named PropertyShape의 원문 direct quad를 그대로 채택했다. 추가한 sh:targetNode는 격리 시험용이며 규범 의미를 바꾸지 않는다.,https://semiceu.github.io/GeoDCAT-AP/releases/3.1.0#locn:AddressShape/e46a136574af7aa2d423b302480c56fd38255dda,UPSTREAM-POS-UPSTREAM-GEODCATAP-D88D0174C8B8D75B6349,UPSTREAM-NEG-UPSTREAM-GEODCATAP-D88D0174C8B8D75B6349
UPSTREAM-GEODCATAP-D96A4F4A5FBF862E4688,"[""geo"",""network""]","[""http://www.w3.org/ns/dcat#CatalogRecord""]",http://data.europa.eu/930/distributor,MUST,,,"[""http://xmlns.com/foaf/0.1/Agent""]",[],Violation,"[{""language"":""ko"",""text"":""로컬 격리 증거: 원문 PropertyShape에는 메시지가 없으며 sh:class 제약을 검증한다."",""source"":""local-evidence"",""predicate"":null}]",MOLIT 로컬 적용 가이드(upstream 원문 보충 설명): <http://data.europa.eu/930/distributor>의 모든 값에 rdf:type <http://xmlns.com/foaf/0.1/Agent>를 명시한다. 원문 constraint 값은 변경하지 않는다.,GeoDCAT-AP 3.1.0,"[""https://semiceu.github.io/GeoDCAT-AP/releases/3.1.0#CatalogueRecord.distributor""]",GeoDCAT-AP 3.1.0의 sh:class 제약을 변경 없이 채택한다. named PropertyShape의 원문 direct quad를 그대로 채택했다. 추가한 sh:targetNode는 격리 시험용이며 규범 의미를 바꾸지 않는다.,https://semiceu.github.io/GeoDCAT-AP/releases/3.1.0#dcat:CatalogRecordShape/c6582cc6dd81abe7073c1f822d33efc41ecab36d,UPSTREAM-POS-UPSTREAM-GEODCATAP-D96A4F4A5FBF862E4688,UPSTREAM-NEG-UPSTREAM-GEODCATAP-D96A4F4A5FBF862E4688
UPSTREAM-GEODCATAP-D96F7CBB727ABBB201F9,"[""geo"",""network""]","[""http://purl.org/dc/terms/Standard""]",http://www.w3.org/2004/02/skos/core#inScheme,MUST,,,"[""http://www.w3.org/ns/shacl#BlankNodeOrIRI""]",[],Violation,"[{""language"":""ko"",""text"":""로컬 격리 증거: 원문 PropertyShape에는 메시지가 없으며 sh:nodeKind 제약을 검증한다."",""source"":""local-evidence"",""predicate"":null}]",MOLIT 로컬 적용 가이드(upstream 원문 보충 설명): <http://www.w3.org/2004/02/skos/core#inScheme> 값을 <http://www.w3.org/ns/shacl#BlankNodeOrIRI> node kind로 바꾼다. 원문 constraint 값은 변경하지 않는다.,GeoDCAT-AP 3.1.0,"[""https://semiceu.github.io/GeoDCAT-AP/releases/3.1.0#Standard.referenceregister""]",GeoDCAT-AP 3.1.0의 sh:nodeKind 제약을 변경 없이 채택한다. named PropertyShape의 원문 direct quad를 그대로 채택했다. 추가한 sh:targetNode는 격리 시험용이며 규범 의미를 바꾸지 않는다.,https://semiceu.github.io/GeoDCAT-AP/releases/3.1.0#dct:StandardShape/474363a92f996a2b728c0884c27f9973087debff,UPSTREAM-POS-UPSTREAM-GEODCATAP-D96F7CBB727ABBB201F9,UPSTREAM-NEG-UPSTREAM-GEODCATAP-D96F7CBB727ABBB201F9
UPSTREAM-GEODCATAP-D9A9D8BE179914EED7A8,"[""geo"",""network""]","[""http://purl.org/dc/terms/Location""]",http://www.w3.org/ns/locn#geometry,MUST,,1,[],[],Violation,"[{""language"":""ko"",""text"":""로컬 격리 증거: 원문 PropertyShape에는 메시지가 없으며 sh:maxCount 제약을 검증한다."",""source"":""local-evidence"",""predicate"":null}]",MOLIT 로컬 적용 가이드(upstream 원문 보충 설명): <http://www.w3.org/ns/locn#geometry> 값을 1개 이하로 줄인다. 원문 constraint 값은 변경하지 않는다.,GeoDCAT-AP 3.1.0,"[""https://semiceu.github.io/GeoDCAT-AP/releases/3.1.0#Location.geometry""]",GeoDCAT-AP 3.1.0의 sh:maxCount 제약을 변경 없이 채택한다. named PropertyShape의 원문 direct quad를 그대로 채택했다. 추가한 sh:targetNode는 격리 시험용이며 규범 의미를 바꾸지 않는다.,https://semiceu.github.io/GeoDCAT-AP/releases/3.1.0#dct:LocationShape/dde6f1d3b53e457ed56cd01d51f110aea62f5d72,UPSTREAM-POS-UPSTREAM-GEODCATAP-D9A9D8BE179914EED7A8,UPSTREAM-NEG-UPSTREAM-GEODCATAP-D9A9D8BE179914EED7A8
UPSTREAM-GEODCATAP-DA3400CF3B4560135AE6,"[""geo"",""network""]","[""http://www.w3.org/ns/dcat#DataService""]",http://www.w3.org/ns/dcat#endpointURL,MUST,,,"[""http://www.w3.org/2000/01/rdf-schema#Resource""]",[],Violation,"[{""language"":""ko"",""text"":""로컬 격리 증거: 원문 PropertyShape에는 메시지가 없으며 sh:class 제약을 검증한다."",""source"":""local-evidence"",""predicate"":null}]",MOLIT 로컬 적용 가이드(upstream 원문 보충 설명): <http://www.w3.org/ns/dcat#endpointURL>의 모든 값에 rdf:type <http://www.w3.org/2000/01/rdf-schema#Resource>를 명시한다. 원문 constraint 값은 변경하지 않는다.,GeoDCAT-AP 3.1.0,"[""https://semiceu.github.io/GeoDCAT-AP/releases/3.1.0#DataService.endpointURL""]",GeoDCAT-AP 3.1.0의 sh:class 제약을 변경 없이 채택한다. named PropertyShape의 원문 direct quad를 그대로 채택했다. 추가한 sh:targetNode는 격리 시험용이며 규범 의미를 바꾸지 않는다.,https://semiceu.github.io/GeoDCAT-AP/releases/3.1.0#dcat:DataServiceShape/eb3ac4e4fdde2e2588a9502c5956060a18c5c99f,UPSTREAM-POS-UPSTREAM-GEODCATAP-DA3400CF3B4560135AE6,UPSTREAM-NEG-UPSTREAM-GEODCATAP-DA3400CF3B4560135AE6
UPSTREAM-GEODCATAP-DA7D178ACBB393866B95,"[""geo"",""network""]","[""http://www.w3.org/ns/dcat#Distribution""]",http://www.w3.org/ns/adms#representationTechnique,MUST,,,"[""http://www.w3.org/2004/02/skos/core#Concept""]",[],Violation,"[{""language"":""ko"",""text"":""로컬 격리 증거: 원문 PropertyShape에는 메시지가 없으며 sh:class 제약을 검증한다."",""source"":""local-evidence"",""predicate"":null}]",MOLIT 로컬 적용 가이드(upstream 원문 보충 설명): <http://www.w3.org/ns/adms#representationTechnique>의 모든 값에 rdf:type <http://www.w3.org/2004/02/skos/core#Concept>를 명시한다. 원문 constraint 값은 변경하지 않는다.,GeoDCAT-AP 3.1.0,"[""https://semiceu.github.io/GeoDCAT-AP/releases/3.1.0#Distribution.representationtechnique""]",GeoDCAT-AP 3.1.0의 sh:class 제약을 변경 없이 채택한다. named PropertyShape의 원문 direct quad를 그대로 채택했다. 추가한 sh:targetNode는 격리 시험용이며 규범 의미를 바꾸지 않는다.,https://semiceu.github.io/GeoDCAT-AP/releases/3.1.0#dcat:DistributionShape/a016cb765e696433fe29faa313ae6ae2f3f76702,UPSTREAM-POS-UPSTREAM-GEODCATAP-DA7D178ACBB393866B95,UPSTREAM-NEG-UPSTREAM-GEODCATAP-DA7D178ACBB393866B95
UPSTREAM-GEODCATAP-DADF609EFB910CEDB6B5,"[""geo"",""network""]","[""http://www.w3.org/ns/dcat#DataService""]",http://purl.org/dc/terms/conformsTo,MUST,,,"[""http://purl.org/dc/terms/Standard""]",[],Violation,"[{""language"":""ko"",""text"":""로컬 격리 증거: 원문 PropertyShape에는 메시지가 없으며 sh:class 제약을 검증한다."",""source"":""local-evidence"",""predicate"":null}]",MOLIT 로컬 적용 가이드(upstream 원문 보충 설명): <http://purl.org/dc/terms/conformsTo>의 모든 값에 rdf:type <http://purl.org/dc/terms/Standard>를 명시한다. 원문 constraint 값은 변경하지 않는다.,GeoDCAT-AP 3.1.0,"[""https://semiceu.github.io/GeoDCAT-AP/releases/3.1.0#DataService.conformsto""]",GeoDCAT-AP 3.1.0의 sh:class 제약을 변경 없이 채택한다. named PropertyShape의 원문 direct quad를 그대로 채택했다. 추가한 sh:targetNode는 격리 시험용이며 규범 의미를 바꾸지 않는다.,https://semiceu.github.io/GeoDCAT-AP/releases/3.1.0#dcat:DataServiceShape/c84f7330b9538a899ebb875c44dc23c9882e74ac,UPSTREAM-POS-UPSTREAM-GEODCATAP-DADF609EFB910CEDB6B5,UPSTREAM-NEG-UPSTREAM-GEODCATAP-DADF609EFB910CEDB6B5
UPSTREAM-GEODCATAP-DB0B3799140B013E5085,"[""geo"",""network""]","[""http://www.w3.org/ns/dcat#Dataset""]",http://purl.org/dc/terms/accrualPeriodicity,MUST,,,"[""http://purl.org/dc/terms/Frequency""]",[],Violation,"[{""language"":""ko"",""text"":""로컬 격리 증거: 원문 PropertyShape에는 메시지가 없으며 sh:class 제약을 검증한다."",""source"":""local-evidence"",""predicate"":null}]",MOLIT 로컬 적용 가이드(upstream 원문 보충 설명): <http://purl.org/dc/terms/accrualPeriodicity>의 모든 값에 rdf:type <http://purl.org/dc/terms/Frequency>를 명시한다. 원문 constraint 값은 변경하지 않는다.,GeoDCAT-AP 3.1.0,"[""https://semiceu.github.io/GeoDCAT-AP/releases/3.1.0#Dataset.frequency""]",GeoDCAT-AP 3.1.0의 sh:class 제약을 변경 없이 채택한다. named PropertyShape의 원문 direct quad를 그대로 채택했다. 추가한 sh:targetNode는 격리 시험용이며 규범 의미를 바꾸지 않는다.,https://semiceu.github.io/GeoDCAT-AP/releases/3.1.0#dcat:DatasetShape/04d197dc40f01e87093bdd0446a9fdb1a9d44319,UPSTREAM-POS-UPSTREAM-GEODCATAP-DB0B3799140B013E5085,UPSTREAM-NEG-UPSTREAM-GEODCATAP-DB0B3799140B013E5085
UPSTREAM-GEODCATAP-DB60D9A280436C5F67CE,"[""geo"",""network""]","[""http://www.w3.org/ns/dcat#Catalog""]",http://data.europa.eu/930/referenceSystem,MUST,,,"[""http://www.w3.org/ns/shacl#BlankNodeOrIRI""]",[],Violation,"[{""language"":""ko"",""text"":""로컬 격리 증거: 원문 PropertyShape에는 메시지가 없으며 sh:nodeKind 제약을 검증한다."",""source"":""local-evidence"",""predicate"":null}]",MOLIT 로컬 적용 가이드(upstream 원문 보충 설명): <http://data.europa.eu/930/referenceSystem> 값을 <http://www.w3.org/ns/shacl#BlankNodeOrIRI> node kind로 바꾼다. 원문 constraint 값은 변경하지 않는다.,GeoDCAT-AP 3.1.0,"[""https://semiceu.github.io/GeoDCAT-AP/releases/3.1.0#Catalogue.referencesystem""]",GeoDCAT-AP 3.1.0의 sh:nodeKind 제약을 변경 없이 채택한다. named PropertyShape의 원문 direct quad를 그대로 채택했다. 추가한 sh:targetNode는 격리 시험용이며 규범 의미를 바꾸지 않는다.,https://semiceu.github.io/GeoDCAT-AP/releases/3.1.0#dcat:CatalogShape/90d2d876025f695254da925395940ab829409254,UPSTREAM-POS-UPSTREAM-GEODCATAP-DB60D9A280436C5F67CE,UPSTREAM-NEG-UPSTREAM-GEODCATAP-DB60D9A280436C5F67CE
UPSTREAM-GEODCATAP-DB89F29C60FE6526EBFC,"[""geo"",""network""]","[""http://xmlns.com/foaf/0.1/Agent""]",http://xmlns.com/foaf/0.1/phone,MUST,,,"[""http://www.w3.org/ns/shacl#BlankNodeOrIRI""]",[],Violation,"[{""language"":""ko"",""text"":""로컬 격리 증거: 원문 PropertyShape에는 메시지가 없으며 sh:nodeKind 제약을 검증한다."",""source"":""local-evidence"",""predicate"":null}]",MOLIT 로컬 적용 가이드(upstream 원문 보충 설명): <http://xmlns.com/foaf/0.1/phone> 값을 <http://www.w3.org/ns/shacl#BlankNodeOrIRI> node kind로 바꾼다. 원문 constraint 값은 변경하지 않는다.,GeoDCAT-AP 3.1.0,"[""https://semiceu.github.io/GeoDCAT-AP/releases/3.1.0#Agent.phone""]",GeoDCAT-AP 3.1.0의 sh:nodeKind 제약을 변경 없이 채택한다. named PropertyShape의 원문 direct quad를 그대로 채택했다. 추가한 sh:targetNode는 격리 시험용이며 규범 의미를 바꾸지 않는다.,https://semiceu.github.io/GeoDCAT-AP/releases/3.1.0#foaf:AgentShape/9b6a8d64a742e2b1e6969e3884418b7314f837d9,UPSTREAM-POS-UPSTREAM-GEODCATAP-DB89F29C60FE6526EBFC,UPSTREAM-NEG-UPSTREAM-GEODCATAP-DB89F29C60FE6526EBFC
UPSTREAM-GEODCATAP-DBBE8C21C8E74F7AB0D9,"[""geo"",""network""]","[""http://spdx.org/rdf/terms#Checksum""]",http://spdx.org/rdf/terms#algorithm,MUST,,,"[""http://www.w3.org/ns/shacl#BlankNodeOrIRI""]",[],Violation,"[{""language"":""ko"",""text"":""로컬 격리 증거: 원문 PropertyShape에는 메시지가 없으며 sh:nodeKind 제약을 검증한다."",""source"":""local-evidence"",""predicate"":null}]",MOLIT 로컬 적용 가이드(upstream 원문 보충 설명): <http://spdx.org/rdf/terms#algorithm> 값을 <http://www.w3.org/ns/shacl#BlankNodeOrIRI> node kind로 바꾼다. 원문 constraint 값은 변경하지 않는다.,GeoDCAT-AP 3.1.0,"[""https://semiceu.github.io/GeoDCAT-AP/releases/3.1.0#Checksum.algorithm""]",GeoDCAT-AP 3.1.0의 sh:nodeKind 제약을 변경 없이 채택한다. named PropertyShape의 원문 direct quad를 그대로 채택했다. 추가한 sh:targetNode는 격리 시험용이며 규범 의미를 바꾸지 않는다.,https://semiceu.github.io/GeoDCAT-AP/releases/3.1.0#spdx:ChecksumShape/9ab7a34ae99cd75fd914a221bacfffd1bb9cde4c,UPSTREAM-POS-UPSTREAM-GEODCATAP-DBBE8C21C8E74F7AB0D9,UPSTREAM-NEG-UPSTREAM-GEODCATAP-DBBE8C21C8E74F7AB0D9
UPSTREAM-GEODCATAP-DC90004F19E14358D3AD,"[""geo"",""network""]","[""http://www.w3.org/ns/locn#Address""]",http://www.w3.org/ns/locn#postName,MUST,,,"[""http://www.w3.org/ns/shacl#Literal""]",[],Violation,"[{""language"":""ko"",""text"":""로컬 격리 증거: 원문 PropertyShape에는 메시지가 없으며 sh:nodeKind 제약을 검증한다."",""source"":""local-evidence"",""predicate"":null}]",MOLIT 로컬 적용 가이드(upstream 원문 보충 설명): <http://www.w3.org/ns/locn#postName> 값을 <http://www.w3.org/ns/shacl#Literal> node kind로 바꾼다. 원문 constraint 값은 변경하지 않는다.,GeoDCAT-AP 3.1.0,"[""https://semiceu.github.io/GeoDCAT-AP/releases/3.1.0#Address(CoreLocation).postname""]",GeoDCAT-AP 3.1.0의 sh:nodeKind 제약을 변경 없이 채택한다. named PropertyShape의 원문 direct quad를 그대로 채택했다. 추가한 sh:targetNode는 격리 시험용이며 규범 의미를 바꾸지 않는다.,https://semiceu.github.io/GeoDCAT-AP/releases/3.1.0#locn:AddressShape/f8d38c3580ea5d4e47ea9e1ad447a47ebe91d5fa,UPSTREAM-POS-UPSTREAM-GEODCATAP-DC90004F19E14358D3AD,UPSTREAM-NEG-UPSTREAM-GEODCATAP-DC90004F19E14358D3AD
UPSTREAM-GEODCATAP-DCC236CE08D8266F0585,"[""geo"",""network""]","[""http://www.w3.org/ns/dcat#Catalog""]",http://data.europa.eu/930/custodian,MUST,,,"[""http://xmlns.com/foaf/0.1/Agent""]",[],Violation,"[{""language"":""ko"",""text"":""로컬 격리 증거: 원문 PropertyShape에는 메시지가 없으며 sh:class 제약을 검증한다."",""source"":""local-evidence"",""predicate"":null}]",MOLIT 로컬 적용 가이드(upstream 원문 보충 설명): <http://data.europa.eu/930/custodian>의 모든 값에 rdf:type <http://xmlns.com/foaf/0.1/Agent>를 명시한다. 원문 constraint 값은 변경하지 않는다.,GeoDCAT-AP 3.1.0,"[""https://semiceu.github.io/GeoDCAT-AP/releases/3.1.0#Catalogue.custodian""]",GeoDCAT-AP 3.1.0의 sh:class 제약을 변경 없이 채택한다. named PropertyShape의 원문 direct quad를 그대로 채택했다. 추가한 sh:targetNode는 격리 시험용이며 규범 의미를 바꾸지 않는다.,https://semiceu.github.io/GeoDCAT-AP/releases/3.1.0#dcat:CatalogShape/79c0c2e1bcab213fd06ca4c1782849db4a11225f,UPSTREAM-POS-UPSTREAM-GEODCATAP-DCC236CE08D8266F0585,UPSTREAM-NEG-UPSTREAM-GEODCATAP-DCC236CE08D8266F0585
UPSTREAM-GEODCATAP-DCDE27D29D4FE52AD879,"[""geo"",""network""]","[""http://www.w3.org/ns/dcat#Catalog""]",http://purl.org/dc/terms/rights,MUST,,,"[""http://www.w3.org/ns/shacl#BlankNodeOrIRI""]",[],Violation,"[{""language"":""ko"",""text"":""로컬 격리 증거: 원문 PropertyShape에는 메시지가 없으며 sh:nodeKind 제약을 검증한다."",""source"":""local-evidence"",""predicate"":null}]",MOLIT 로컬 적용 가이드(upstream 원문 보충 설명): <http://purl.org/dc/terms/rights> 값을 <http://www.w3.org/ns/shacl#BlankNodeOrIRI> node kind로 바꾼다. 원문 constraint 값은 변경하지 않는다.,GeoDCAT-AP 3.1.0,"[""https://semiceu.github.io/GeoDCAT-AP/releases/3.1.0#Catalogue.rights""]",GeoDCAT-AP 3.1.0의 sh:nodeKind 제약을 변경 없이 채택한다. named PropertyShape의 원문 direct quad를 그대로 채택했다. 추가한 sh:targetNode는 격리 시험용이며 규범 의미를 바꾸지 않는다.,https://semiceu.github.io/GeoDCAT-AP/releases/3.1.0#dcat:CatalogShape/b4c4138f0581e7240ec4dd866004c56407b3705a,UPSTREAM-POS-UPSTREAM-GEODCATAP-DCDE27D29D4FE52AD879,UPSTREAM-NEG-UPSTREAM-GEODCATAP-DCDE27D29D4FE52AD879
UPSTREAM-GEODCATAP-DCEFD57C208619619401,"[""geo"",""network""]","[""http://www.w3.org/ns/dqv#QualityMeasurement""]",http://purl.org/linked-data/sdmx/2009/attribute#unitMeasure,MUST,,1,[],[],Violation,"[{""language"":""ko"",""text"":""로컬 격리 증거: 원문 PropertyShape에는 메시지가 없으며 sh:maxCount 제약을 검증한다."",""source"":""local-evidence"",""predicate"":null}]",MOLIT 로컬 적용 가이드(upstream 원문 보충 설명): <http://purl.org/linked-data/sdmx/2009/attribute#unitMeasure> 값을 1개 이하로 줄인다. 원문 constraint 값은 변경하지 않는다.,GeoDCAT-AP 3.1.0,"[""https://semiceu.github.io/GeoDCAT-AP/releases/3.1.0#QualityMeasurement.unitofmeasure""]",GeoDCAT-AP 3.1.0의 sh:maxCount 제약을 변경 없이 채택한다. named PropertyShape의 원문 direct quad를 그대로 채택했다. 추가한 sh:targetNode는 격리 시험용이며 규범 의미를 바꾸지 않는다.,https://semiceu.github.io/GeoDCAT-AP/releases/3.1.0#dqv:QualityMeasurementShape/69b6d3612e92102903f5eea059015eebb9460cab,UPSTREAM-POS-UPSTREAM-GEODCATAP-DCEFD57C208619619401,UPSTREAM-NEG-UPSTREAM-GEODCATAP-DCEFD57C208619619401
UPSTREAM-GEODCATAP-DCFF19743A08FBF57E67,"[""geo"",""network""]","[""http://www.w3.org/ns/dcat#DatasetSeries""]",http://www.w3.org/ns/dcat#distribution,MUST,,,"[""http://www.w3.org/ns/dcat#Distribution""]",[],Violation,"[{""language"":""ko"",""text"":""로컬 격리 증거: 원문 PropertyShape에는 메시지가 없으며 sh:class 제약을 검증한다."",""source"":""local-evidence"",""predicate"":null}]",MOLIT 로컬 적용 가이드(upstream 원문 보충 설명): <http://www.w3.org/ns/dcat#distribution>의 모든 값에 rdf:type <http://www.w3.org/ns/dcat#Distribution>를 명시한다. 원문 constraint 값은 변경하지 않는다.,GeoDCAT-AP 3.1.0,"[""https://semiceu.github.io/GeoDCAT-AP/releases/3.1.0#DatasetSeries.datasetseriesdistribution""]",GeoDCAT-AP 3.1.0의 sh:class 제약을 변경 없이 채택한다. named PropertyShape의 원문 direct quad를 그대로 채택했다. 추가한 sh:targetNode는 격리 시험용이며 규범 의미를 바꾸지 않는다.,https://semiceu.github.io/GeoDCAT-AP/releases/3.1.0#dcat:DatasetSeriesShape/6e1885de851f4efc5cac825cf34c321780712452,UPSTREAM-POS-UPSTREAM-GEODCATAP-DCFF19743A08FBF57E67,UPSTREAM-NEG-UPSTREAM-GEODCATAP-DCFF19743A08FBF57E67
UPSTREAM-GEODCATAP-DD5D49DCCC1FE467B704,"[""geo"",""network""]","[""http://www.w3.org/ns/dcat#Catalog""]",http://purl.org/dc/terms/created,MUST,,1,[],[],Violation,"[{""language"":""ko"",""text"":""로컬 격리 증거: 원문 PropertyShape에는 메시지가 없으며 sh:maxCount 제약을 검증한다."",""source"":""local-evidence"",""predicate"":null}]",MOLIT 로컬 적용 가이드(upstream 원문 보충 설명): <http://purl.org/dc/terms/created> 값을 1개 이하로 줄인다. 원문 constraint 값은 변경하지 않는다.,GeoDCAT-AP 3.1.0,"[""https://semiceu.github.io/GeoDCAT-AP/releases/3.1.0#Catalogue.creationdate""]",GeoDCAT-AP 3.1.0의 sh:maxCount 제약을 변경 없이 채택한다. named PropertyShape의 원문 direct quad를 그대로 채택했다. 추가한 sh:targetNode는 격리 시험용이며 규범 의미를 바꾸지 않는다.,https://semiceu.github.io/GeoDCAT-AP/releases/3.1.0#dcat:CatalogShape/675f9ab2c273ab67c79caa42282e4cec463c08f6,UPSTREAM-POS-UPSTREAM-GEODCATAP-DD5D49DCCC1FE467B704,UPSTREAM-NEG-UPSTREAM-GEODCATAP-DD5D49DCCC1FE467B704
UPSTREAM-GEODCATAP-DDA0BCA7BBE41ED9A10F,"[""geo"",""network""]","[""http://www.w3.org/ns/dcat#Distribution""]",http://purl.org/dc/terms/rights,MUST,,,"[""http://purl.org/dc/terms/RightsStatement""]",[],Violation,"[{""language"":""ko"",""text"":""로컬 격리 증거: 원문 PropertyShape에는 메시지가 없으며 sh:class 제약을 검증한다."",""source"":""local-evidence"",""predicate"":null}]",MOLIT 로컬 적용 가이드(upstream 원문 보충 설명): <http://purl.org/dc/terms/rights>의 모든 값에 rdf:type <http://purl.org/dc/terms/RightsStatement>를 명시한다. 원문 constraint 값은 변경하지 않는다.,GeoDCAT-AP 3.1.0,"[""https://semiceu.github.io/GeoDCAT-AP/releases/3.1.0#Distribution.rights""]",GeoDCAT-AP 3.1.0의 sh:class 제약을 변경 없이 채택한다. named PropertyShape의 원문 direct quad를 그대로 채택했다. 추가한 sh:targetNode는 격리 시험용이며 규범 의미를 바꾸지 않는다.,https://semiceu.github.io/GeoDCAT-AP/releases/3.1.0#dcat:DistributionShape/99435c17158fbaa12d1d955b8886d5bf935ab016,UPSTREAM-POS-UPSTREAM-GEODCATAP-DDA0BCA7BBE41ED9A10F,UPSTREAM-NEG-UPSTREAM-GEODCATAP-DDA0BCA7BBE41ED9A10F
UPSTREAM-GEODCATAP-DE1051E6CEFDCD26C5C2,"[""geo"",""network""]","[""http://www.w3.org/ns/dcat#Dataset""]",http://purl.org/dc/terms/rightsHolder,MUST,,,"[""http://www.w3.org/ns/shacl#BlankNodeOrIRI""]",[],Violation,"[{""language"":""ko"",""text"":""로컬 격리 증거: 원문 PropertyShape에는 메시지가 없으며 sh:nodeKind 제약을 검증한다."",""source"":""local-evidence"",""predicate"":null}]",MOLIT 로컬 적용 가이드(upstream 원문 보충 설명): <http://purl.org/dc/terms/rightsHolder> 값을 <http://www.w3.org/ns/shacl#BlankNodeOrIRI> node kind로 바꾼다. 원문 constraint 값은 변경하지 않는다.,GeoDCAT-AP 3.1.0,"[""https://semiceu.github.io/GeoDCAT-AP/releases/3.1.0#Dataset.rightsholder""]",GeoDCAT-AP 3.1.0의 sh:nodeKind 제약을 변경 없이 채택한다. named PropertyShape의 원문 direct quad를 그대로 채택했다. 추가한 sh:targetNode는 격리 시험용이며 규범 의미를 바꾸지 않는다.,https://semiceu.github.io/GeoDCAT-AP/releases/3.1.0#dcat:DatasetShape/5247ab8155663a32970621a13083ea5813ec3ab7,UPSTREAM-POS-UPSTREAM-GEODCATAP-DE1051E6CEFDCD26C5C2,UPSTREAM-NEG-UPSTREAM-GEODCATAP-DE1051E6CEFDCD26C5C2
UPSTREAM-GEODCATAP-DE398C455ED08800A374,"[""geo"",""network""]","[""http://www.w3.org/2006/vcard/ns#Kind""]",http://www.w3.org/2006/vcard/ns#hasEmail,MUST,,1,[],[],Violation,"[{""language"":""ko"",""text"":""로컬 격리 증거: 원문 PropertyShape에는 메시지가 없으며 sh:maxCount 제약을 검증한다."",""source"":""local-evidence"",""predicate"":null}]",MOLIT 로컬 적용 가이드(upstream 원문 보충 설명): <http://www.w3.org/2006/vcard/ns#hasEmail> 값을 1개 이하로 줄인다. 원문 constraint 값은 변경하지 않는다.,GeoDCAT-AP 3.1.0,"[""https://semiceu.github.io/GeoDCAT-AP/releases/3.1.0#Kind.email""]",GeoDCAT-AP 3.1.0의 sh:maxCount 제약을 변경 없이 채택한다. named PropertyShape의 원문 direct quad를 그대로 채택했다. 추가한 sh:targetNode는 격리 시험용이며 규범 의미를 바꾸지 않는다.,https://semiceu.github.io/GeoDCAT-AP/releases/3.1.0#vcard:KindShape/df2e16526cd0f7cc796d3bb27ac1861737a35d91,UPSTREAM-POS-UPSTREAM-GEODCATAP-DE398C455ED08800A374,UPSTREAM-NEG-UPSTREAM-GEODCATAP-DE398C455ED08800A374
UPSTREAM-GEODCATAP-DE4CA093C50DF40B1462,"[""geo"",""network""]","[""http://www.w3.org/ns/dcat#DataService""]",http://purl.org/dc/terms/language,MUST,,,"[""http://purl.org/dc/terms/LinguisticSystem""]",[],Violation,"[{""language"":""ko"",""text"":""로컬 격리 증거: 원문 PropertyShape에는 메시지가 없으며 sh:class 제약을 검증한다."",""source"":""local-evidence"",""predicate"":null}]",MOLIT 로컬 적용 가이드(upstream 원문 보충 설명): <http://purl.org/dc/terms/language>의 모든 값에 rdf:type <http://purl.org/dc/terms/LinguisticSystem>를 명시한다. 원문 constraint 값은 변경하지 않는다.,GeoDCAT-AP 3.1.0,"[""https://semiceu.github.io/GeoDCAT-AP/releases/3.1.0#DataService.language""]",GeoDCAT-AP 3.1.0의 sh:class 제약을 변경 없이 채택한다. named PropertyShape의 원문 direct quad를 그대로 채택했다. 추가한 sh:targetNode는 격리 시험용이며 규범 의미를 바꾸지 않는다.,https://semiceu.github.io/GeoDCAT-AP/releases/3.1.0#dcat:DataServiceShape/29ba27566ab1f32c8bb73f3492436d4bd868d3d2,UPSTREAM-POS-UPSTREAM-GEODCATAP-DE4CA093C50DF40B1462,UPSTREAM-NEG-UPSTREAM-GEODCATAP-DE4CA093C50DF40B1462
UPSTREAM-GEODCATAP-DE8B71E41DAA939915F1,"[""geo"",""network""]","[""http://www.w3.org/ns/dcat#Catalog""]",http://purl.org/dc/terms/title,MUST,,,"[""http://www.w3.org/ns/shacl#Literal""]",[],Violation,"[{""language"":""ko"",""text"":""로컬 격리 증거: 원문 PropertyShape에는 메시지가 없으며 sh:nodeKind 제약을 검증한다."",""source"":""local-evidence"",""predicate"":null}]",MOLIT 로컬 적용 가이드(upstream 원문 보충 설명): <http://purl.org/dc/terms/title> 값을 <http://www.w3.org/ns/shacl#Literal> node kind로 바꾼다. 원문 constraint 값은 변경하지 않는다.,GeoDCAT-AP 3.1.0,"[""https://semiceu.github.io/GeoDCAT-AP/releases/3.1.0#Catalogue.title""]",GeoDCAT-AP 3.1.0의 sh:nodeKind 제약을 변경 없이 채택한다. named PropertyShape의 원문 direct quad를 그대로 채택했다. 추가한 sh:targetNode는 격리 시험용이며 규범 의미를 바꾸지 않는다.,https://semiceu.github.io/GeoDCAT-AP/releases/3.1.0#dcat:CatalogShape/d5d74574f70f9a979535f3624608f88180dd0c97,UPSTREAM-POS-UPSTREAM-GEODCATAP-DE8B71E41DAA939915F1,UPSTREAM-NEG-UPSTREAM-GEODCATAP-DE8B71E41DAA939915F1
UPSTREAM-GEODCATAP-DE94814FF60B60BB6E7F,"[""geo"",""network""]","[""http://www.w3.org/ns/dcat#Dataset""]",http://xmlns.com/foaf/0.1/page,MUST,,,"[""http://xmlns.com/foaf/0.1/Document""]",[],Violation,"[{""language"":""ko"",""text"":""로컬 격리 증거: 원문 PropertyShape에는 메시지가 없으며 sh:class 제약을 검증한다."",""source"":""local-evidence"",""predicate"":null}]",MOLIT 로컬 적용 가이드(upstream 원문 보충 설명): <http://xmlns.com/foaf/0.1/page>의 모든 값에 rdf:type <http://xmlns.com/foaf/0.1/Document>를 명시한다. 원문 constraint 값은 변경하지 않는다.,GeoDCAT-AP 3.1.0,"[""https://semiceu.github.io/GeoDCAT-AP/releases/3.1.0#Dataset.documentation""]",GeoDCAT-AP 3.1.0의 sh:class 제약을 변경 없이 채택한다. named PropertyShape의 원문 direct quad를 그대로 채택했다. 추가한 sh:targetNode는 격리 시험용이며 규범 의미를 바꾸지 않는다.,https://semiceu.github.io/GeoDCAT-AP/releases/3.1.0#dcat:DatasetShape/68388ec47b77212d80036e8a02e9956f5ba0e0f5,UPSTREAM-POS-UPSTREAM-GEODCATAP-DE94814FF60B60BB6E7F,UPSTREAM-NEG-UPSTREAM-GEODCATAP-DE94814FF60B60BB6E7F
UPSTREAM-GEODCATAP-DEA1DAADD4531D676CF1,"[""geo"",""network""]","[""http://www.w3.org/ns/dcat#Dataset""]",http://purl.org/dc/terms/accessRights,MUST,,,"[""http://www.w3.org/ns/shacl#BlankNodeOrIRI""]",[],Violation,"[{""language"":""ko"",""text"":""로컬 격리 증거: 원문 PropertyShape에는 메시지가 없으며 sh:nodeKind 제약을 검증한다."",""source"":""local-evidence"",""predicate"":null}]",MOLIT 로컬 적용 가이드(upstream 원문 보충 설명): <http://purl.org/dc/terms/accessRights> 값을 <http://www.w3.org/ns/shacl#BlankNodeOrIRI> node kind로 바꾼다. 원문 constraint 값은 변경하지 않는다.,GeoDCAT-AP 3.1.0,"[""https://semiceu.github.io/GeoDCAT-AP/releases/3.1.0#Dataset.accessrights""]",GeoDCAT-AP 3.1.0의 sh:nodeKind 제약을 변경 없이 채택한다. named PropertyShape의 원문 direct quad를 그대로 채택했다. 추가한 sh:targetNode는 격리 시험용이며 규범 의미를 바꾸지 않는다.,https://semiceu.github.io/GeoDCAT-AP/releases/3.1.0#dcat:DatasetShape/10c0ca4deadefb51c529f56ee01caf9bd2639ef4,UPSTREAM-POS-UPSTREAM-GEODCATAP-DEA1DAADD4531D676CF1,UPSTREAM-NEG-UPSTREAM-GEODCATAP-DEA1DAADD4531D676CF1
UPSTREAM-GEODCATAP-DECEC7BFF15F75D855E3,"[""geo"",""network""]","[""http://www.w3.org/2004/02/skos/core#Concept""]",http://www.w3.org/2004/02/skos/core#prefLabel,MUST,,,"[""http://www.w3.org/ns/shacl#Literal""]",[],Violation,"[{""language"":""ko"",""text"":""로컬 격리 증거: 원문 PropertyShape에는 메시지가 없으며 sh:nodeKind 제약을 검증한다."",""source"":""local-evidence"",""predicate"":null}]",MOLIT 로컬 적용 가이드(upstream 원문 보충 설명): <http://www.w3.org/2004/02/skos/core#prefLabel> 값을 <http://www.w3.org/ns/shacl#Literal> node kind로 바꾼다. 원문 constraint 값은 변경하지 않는다.,GeoDCAT-AP 3.1.0,"[""https://semiceu.github.io/GeoDCAT-AP/releases/3.1.0#Concept.preferredlabel""]",GeoDCAT-AP 3.1.0의 sh:nodeKind 제약을 변경 없이 채택한다. named PropertyShape의 원문 direct quad를 그대로 채택했다. 추가한 sh:targetNode는 격리 시험용이며 규범 의미를 바꾸지 않는다.,https://semiceu.github.io/GeoDCAT-AP/releases/3.1.0#skos:ConceptShape/6cd0f0f5e19a1c8dce362ecbe8a196575b9cd85f,UPSTREAM-POS-UPSTREAM-GEODCATAP-DECEC7BFF15F75D855E3,UPSTREAM-NEG-UPSTREAM-GEODCATAP-DECEC7BFF15F75D855E3
UPSTREAM-GEODCATAP-DF455BD837EC9E99299C,"[""geo"",""network""]","[""http://www.w3.org/ns/dcat#Dataset""]",http://data.europa.eu/930/distributor,MUST,,,"[""http://xmlns.com/foaf/0.1/Agent""]",[],Violation,"[{""language"":""ko"",""text"":""로컬 격리 증거: 원문 PropertyShape에는 메시지가 없으며 sh:class 제약을 검증한다."",""source"":""local-evidence"",""predicate"":null}]",MOLIT 로컬 적용 가이드(upstream 원문 보충 설명): <http://data.europa.eu/930/distributor>의 모든 값에 rdf:type <http://xmlns.com/foaf/0.1/Agent>를 명시한다. 원문 constraint 값은 변경하지 않는다.,GeoDCAT-AP 3.1.0,"[""https://semiceu.github.io/GeoDCAT-AP/releases/3.1.0#Dataset.distributor""]",GeoDCAT-AP 3.1.0의 sh:class 제약을 변경 없이 채택한다. named PropertyShape의 원문 direct quad를 그대로 채택했다. 추가한 sh:targetNode는 격리 시험용이며 규범 의미를 바꾸지 않는다.,https://semiceu.github.io/GeoDCAT-AP/releases/3.1.0#dcat:DatasetShape/c6582cc6dd81abe7073c1f822d33efc41ecab36d,UPSTREAM-POS-UPSTREAM-GEODCATAP-DF455BD837EC9E99299C,UPSTREAM-NEG-UPSTREAM-GEODCATAP-DF455BD837EC9E99299C
UPSTREAM-GEODCATAP-DF61EAA46AD036B97854,"[""geo"",""network""]","[""http://www.w3.org/ns/dcat#Dataset""]",http://data.europa.eu/930/processor,MUST,,,"[""http://xmlns.com/foaf/0.1/Agent""]",[],Violation,"[{""language"":""ko"",""text"":""로컬 격리 증거: 원문 PropertyShape에는 메시지가 없으며 sh:class 제약을 검증한다."",""source"":""local-evidence"",""predicate"":null}]",MOLIT 로컬 적용 가이드(upstream 원문 보충 설명): <http://data.europa.eu/930/processor>의 모든 값에 rdf:type <http://xmlns.com/foaf/0.1/Agent>를 명시한다. 원문 constraint 값은 변경하지 않는다.,GeoDCAT-AP 3.1.0,"[""https://semiceu.github.io/GeoDCAT-AP/releases/3.1.0#Dataset.processor""]",GeoDCAT-AP 3.1.0의 sh:class 제약을 변경 없이 채택한다. named PropertyShape의 원문 direct quad를 그대로 채택했다. 추가한 sh:targetNode는 격리 시험용이며 규범 의미를 바꾸지 않는다.,https://semiceu.github.io/GeoDCAT-AP/releases/3.1.0#dcat:DatasetShape/2772ea71869e38556ebc47c064607a25b9d5b6eb,UPSTREAM-POS-UPSTREAM-GEODCATAP-DF61EAA46AD036B97854,UPSTREAM-NEG-UPSTREAM-GEODCATAP-DF61EAA46AD036B97854
UPSTREAM-GEODCATAP-E08878AC00CFD431DD1D,"[""geo"",""network""]","[""http://www.w3.org/2006/vcard/ns#Kind""]",http://www.w3.org/2006/vcard/ns#hasURL,MUST,,,"[""http://www.w3.org/ns/shacl#BlankNodeOrIRI""]",[],Violation,"[{""language"":""ko"",""text"":""로컬 격리 증거: 원문 PropertyShape에는 메시지가 없으며 sh:nodeKind 제약을 검증한다."",""source"":""local-evidence"",""predicate"":null}]",MOLIT 로컬 적용 가이드(upstream 원문 보충 설명): <http://www.w3.org/2006/vcard/ns#hasURL> 값을 <http://www.w3.org/ns/shacl#BlankNodeOrIRI> node kind로 바꾼다. 원문 constraint 값은 변경하지 않는다.,GeoDCAT-AP 3.1.0,"[""https://semiceu.github.io/GeoDCAT-AP/releases/3.1.0#Kind.URL""]",GeoDCAT-AP 3.1.0의 sh:nodeKind 제약을 변경 없이 채택한다. named PropertyShape의 원문 direct quad를 그대로 채택했다. 추가한 sh:targetNode는 격리 시험용이며 규범 의미를 바꾸지 않는다.,https://semiceu.github.io/GeoDCAT-AP/releases/3.1.0#vcard:KindShape/5baac8cf504c38df125bdad80a5b9e98a8cbded1,UPSTREAM-POS-UPSTREAM-GEODCATAP-E08878AC00CFD431DD1D,UPSTREAM-NEG-UPSTREAM-GEODCATAP-E08878AC00CFD431DD1D
UPSTREAM-GEODCATAP-E0D3689AA600F7D80F1A,"[""geo"",""network""]","[""http://www.w3.org/ns/dcat#DatasetSeries""]",http://data.europa.eu/930/user,MUST,,,"[""http://xmlns.com/foaf/0.1/Agent""]",[],Violation,"[{""language"":""ko"",""text"":""로컬 격리 증거: 원문 PropertyShape에는 메시지가 없으며 sh:class 제약을 검증한다."",""source"":""local-evidence"",""predicate"":null}]",MOLIT 로컬 적용 가이드(upstream 원문 보충 설명): <http://data.europa.eu/930/user>의 모든 값에 rdf:type <http://xmlns.com/foaf/0.1/Agent>를 명시한다. 원문 constraint 값은 변경하지 않는다.,GeoDCAT-AP 3.1.0,"[""https://semiceu.github.io/GeoDCAT-AP/releases/3.1.0#DatasetSeries.user""]",GeoDCAT-AP 3.1.0의 sh:class 제약을 변경 없이 채택한다. named PropertyShape의 원문 direct quad를 그대로 채택했다. 추가한 sh:targetNode는 격리 시험용이며 규범 의미를 바꾸지 않는다.,https://semiceu.github.io/GeoDCAT-AP/releases/3.1.0#dcat:DatasetSeriesShape/ca4e7adcf7fe2a967e2808cac6e379bc9877c1e8,UPSTREAM-POS-UPSTREAM-GEODCATAP-E0D3689AA600F7D80F1A,UPSTREAM-NEG-UPSTREAM-GEODCATAP-E0D3689AA600F7D80F1A
UPSTREAM-GEODCATAP-E0F9B0E460D3CA3EF525,"[""geo"",""network""]","[""http://www.w3.org/ns/dcat#Catalog""]",http://purl.org/dc/terms/description,MUST,1,,[],[],Violation,"[{""language"":""ko"",""text"":""로컬 격리 증거: 원문 PropertyShape에는 메시지가 없으며 sh:minCount 제약을 검증한다."",""source"":""local-evidence"",""predicate"":null}]",MOLIT 로컬 적용 가이드(upstream 원문 보충 설명): <http://purl.org/dc/terms/description> 값을 1개 이상 제공한다. 원문 constraint 값은 변경하지 않는다.,GeoDCAT-AP 3.1.0,"[""https://semiceu.github.io/GeoDCAT-AP/releases/3.1.0#Catalogue.description""]",GeoDCAT-AP 3.1.0의 sh:minCount 제약을 변경 없이 채택한다. named PropertyShape의 원문 direct quad를 그대로 채택했다. 추가한 sh:targetNode는 격리 시험용이며 규범 의미를 바꾸지 않는다.,https://semiceu.github.io/GeoDCAT-AP/releases/3.1.0#dcat:CatalogShape/8f61614144aa7bca188b24f5976593dc08aad0e6,UPSTREAM-POS-UPSTREAM-GEODCATAP-E0F9B0E460D3CA3EF525,UPSTREAM-NEG-UPSTREAM-GEODCATAP-E0F9B0E460D3CA3EF525
UPSTREAM-GEODCATAP-E10917300C128A89D713,"[""geo"",""network""]","[""http://www.w3.org/ns/dcat#Distribution""]",http://www.w3.org/ns/dqv#hasQualityMeasurement,MUST,,1,[],[],Violation,"[{""language"":""ko"",""text"":""로컬 격리 증거: 원문 PropertyShape에는 메시지가 없으며 sh:maxCount 제약을 검증한다."",""source"":""local-evidence"",""predicate"":null}]",MOLIT 로컬 적용 가이드(upstream 원문 보충 설명): <http://www.w3.org/ns/dqv#hasQualityMeasurement> 값을 1개 이하로 줄인다. 원문 constraint 값은 변경하지 않는다.,GeoDCAT-AP 3.1.0,"[""https://semiceu.github.io/GeoDCAT-AP/releases/3.1.0#Distribution.spatialresolution""]",GeoDCAT-AP 3.1.0의 sh:maxCount 제약을 변경 없이 채택한다. named PropertyShape의 원문 direct quad를 그대로 채택했다. 추가한 sh:targetNode는 격리 시험용이며 규범 의미를 바꾸지 않는다.,https://semiceu.github.io/GeoDCAT-AP/releases/3.1.0#dcat:DistributionShape/fcf80b3465d802bf69af0e66cf87973c64d4130a,UPSTREAM-POS-UPSTREAM-GEODCATAP-E10917300C128A89D713,UPSTREAM-NEG-UPSTREAM-GEODCATAP-E10917300C128A89D713
UPSTREAM-GEODCATAP-E1A2B8043CEC02C7E21C,"[""geo"",""network""]","[""http://www.w3.org/ns/dcat#Dataset""]",http://data.europa.eu/930/user,MUST,,,"[""http://xmlns.com/foaf/0.1/Agent""]",[],Violation,"[{""language"":""ko"",""text"":""로컬 격리 증거: 원문 PropertyShape에는 메시지가 없으며 sh:class 제약을 검증한다."",""source"":""local-evidence"",""predicate"":null}]",MOLIT 로컬 적용 가이드(upstream 원문 보충 설명): <http://data.europa.eu/930/user>의 모든 값에 rdf:type <http://xmlns.com/foaf/0.1/Agent>를 명시한다. 원문 constraint 값은 변경하지 않는다.,GeoDCAT-AP 3.1.0,"[""https://semiceu.github.io/GeoDCAT-AP/releases/3.1.0#Dataset.user""]",GeoDCAT-AP 3.1.0의 sh:class 제약을 변경 없이 채택한다. named PropertyShape의 원문 direct quad를 그대로 채택했다. 추가한 sh:targetNode는 격리 시험용이며 규범 의미를 바꾸지 않는다.,https://semiceu.github.io/GeoDCAT-AP/releases/3.1.0#dcat:DatasetShape/ca4e7adcf7fe2a967e2808cac6e379bc9877c1e8,UPSTREAM-POS-UPSTREAM-GEODCATAP-E1A2B8043CEC02C7E21C,UPSTREAM-NEG-UPSTREAM-GEODCATAP-E1A2B8043CEC02C7E21C
UPSTREAM-GEODCATAP-E1BE9CDCB3BEDE9A550C,"[""geo"",""network""]","[""http://www.w3.org/ns/dcat#CatalogRecord""]",http://www.w3.org/ns/prov#qualifiedAttribution,MUST,,,"[""http://www.w3.org/ns/shacl#BlankNodeOrIRI""]",[],Violation,"[{""language"":""ko"",""text"":""로컬 격리 증거: 원문 PropertyShape에는 메시지가 없으며 sh:nodeKind 제약을 검증한다."",""source"":""local-evidence"",""predicate"":null}]",MOLIT 로컬 적용 가이드(upstream 원문 보충 설명): <http://www.w3.org/ns/prov#qualifiedAttribution> 값을 <http://www.w3.org/ns/shacl#BlankNodeOrIRI> node kind로 바꾼다. 원문 constraint 값은 변경하지 않는다.,GeoDCAT-AP 3.1.0,"[""https://semiceu.github.io/GeoDCAT-AP/releases/3.1.0#CatalogueRecord.qualifiedattribution""]",GeoDCAT-AP 3.1.0의 sh:nodeKind 제약을 변경 없이 채택한다. named PropertyShape의 원문 direct quad를 그대로 채택했다. 추가한 sh:targetNode는 격리 시험용이며 규범 의미를 바꾸지 않는다.,https://semiceu.github.io/GeoDCAT-AP/releases/3.1.0#dcat:CatalogRecordShape/baaa3d4a8f33f8b2b8c1d19c8d2817a75377145d,UPSTREAM-POS-UPSTREAM-GEODCATAP-E1BE9CDCB3BEDE9A550C,UPSTREAM-NEG-UPSTREAM-GEODCATAP-E1BE9CDCB3BEDE9A550C
UPSTREAM-GEODCATAP-E1E0A2EC08A962037C3C,"[""geo"",""network""]","[""http://www.w3.org/ns/prov#Entity""]",http://purl.org/dc/terms/type,MUST,,1,[],[],Violation,"[{""language"":""ko"",""text"":""로컬 격리 증거: 원문 PropertyShape에는 메시지가 없으며 sh:maxCount 제약을 검증한다."",""source"":""local-evidence"",""predicate"":null}]",MOLIT 로컬 적용 가이드(upstream 원문 보충 설명): <http://purl.org/dc/terms/type> 값을 1개 이하로 줄인다. 원문 constraint 값은 변경하지 않는다.,GeoDCAT-AP 3.1.0,"[""https://semiceu.github.io/GeoDCAT-AP/releases/3.1.0#Entity.degreeofconformity""]",GeoDCAT-AP 3.1.0의 sh:maxCount 제약을 변경 없이 채택한다. named PropertyShape의 원문 direct quad를 그대로 채택했다. 추가한 sh:targetNode는 격리 시험용이며 규범 의미를 바꾸지 않는다.,https://semiceu.github.io/GeoDCAT-AP/releases/3.1.0#prov:EntityShape/50ce6f25a5b9167f41575480d100634db19a5d73,UPSTREAM-POS-UPSTREAM-GEODCATAP-E1E0A2EC08A962037C3C,UPSTREAM-NEG-UPSTREAM-GEODCATAP-E1E0A2EC08A962037C3C
UPSTREAM-GEODCATAP-E338FE2D802FA2ADA163,"[""geo"",""network""]","[""http://www.w3.org/ns/dcat#Catalog""]",http://purl.org/dc/terms/rightsHolder,MUST,,,"[""http://www.w3.org/ns/shacl#BlankNodeOrIRI""]",[],Violation,"[{""language"":""ko"",""text"":""로컬 격리 증거: 원문 PropertyShape에는 메시지가 없으며 sh:nodeKind 제약을 검증한다."",""source"":""local-evidence"",""predicate"":null}]",MOLIT 로컬 적용 가이드(upstream 원문 보충 설명): <http://purl.org/dc/terms/rightsHolder> 값을 <http://www.w3.org/ns/shacl#BlankNodeOrIRI> node kind로 바꾼다. 원문 constraint 값은 변경하지 않는다.,GeoDCAT-AP 3.1.0,"[""https://semiceu.github.io/GeoDCAT-AP/releases/3.1.0#Catalogue.rightsholder""]",GeoDCAT-AP 3.1.0의 sh:nodeKind 제약을 변경 없이 채택한다. named PropertyShape의 원문 direct quad를 그대로 채택했다. 추가한 sh:targetNode는 격리 시험용이며 규범 의미를 바꾸지 않는다.,https://semiceu.github.io/GeoDCAT-AP/releases/3.1.0#dcat:CatalogShape/5247ab8155663a32970621a13083ea5813ec3ab7,UPSTREAM-POS-UPSTREAM-GEODCATAP-E338FE2D802FA2ADA163,UPSTREAM-NEG-UPSTREAM-GEODCATAP-E338FE2D802FA2ADA163
UPSTREAM-GEODCATAP-E39E70C3A06C178EC7F5,"[""geo"",""network""]","[""http://www.w3.org/ns/dcat#DataService""]",http://www.w3.org/ns/dcat#keyword,MUST,,,"[""http://www.w3.org/ns/shacl#Literal""]",[],Violation,"[{""language"":""ko"",""text"":""로컬 격리 증거: 원문 PropertyShape에는 메시지가 없으며 sh:nodeKind 제약을 검증한다."",""source"":""local-evidence"",""predicate"":null}]",MOLIT 로컬 적용 가이드(upstream 원문 보충 설명): <http://www.w3.org/ns/dcat#keyword> 값을 <http://www.w3.org/ns/shacl#Literal> node kind로 바꾼다. 원문 constraint 값은 변경하지 않는다.,GeoDCAT-AP 3.1.0,"[""https://semiceu.github.io/GeoDCAT-AP/releases/3.1.0#DataService.keyword""]",GeoDCAT-AP 3.1.0의 sh:nodeKind 제약을 변경 없이 채택한다. named PropertyShape의 원문 direct quad를 그대로 채택했다. 추가한 sh:targetNode는 격리 시험용이며 규범 의미를 바꾸지 않는다.,https://semiceu.github.io/GeoDCAT-AP/releases/3.1.0#dcat:DataServiceShape/5bc739112726cd993c279f81380611cafc3a9857,UPSTREAM-POS-UPSTREAM-GEODCATAP-E39E70C3A06C178EC7F5,UPSTREAM-NEG-UPSTREAM-GEODCATAP-E39E70C3A06C178EC7F5
UPSTREAM-GEODCATAP-E3CE599A409B3C5AA8DC,"[""geo"",""network""]","[""http://www.w3.org/ns/dcat#CatalogRecord""]",http://data.europa.eu/930/user,MUST,,,"[""http://xmlns.com/foaf/0.1/Agent""]",[],Violation,"[{""language"":""ko"",""text"":""로컬 격리 증거: 원문 PropertyShape에는 메시지가 없으며 sh:class 제약을 검증한다."",""source"":""local-evidence"",""predicate"":null}]",MOLIT 로컬 적용 가이드(upstream 원문 보충 설명): <http://data.europa.eu/930/user>의 모든 값에 rdf:type <http://xmlns.com/foaf/0.1/Agent>를 명시한다. 원문 constraint 값은 변경하지 않는다.,GeoDCAT-AP 3.1.0,"[""https://semiceu.github.io/GeoDCAT-AP/releases/3.1.0#CatalogueRecord.user""]",GeoDCAT-AP 3.1.0의 sh:class 제약을 변경 없이 채택한다. named PropertyShape의 원문 direct quad를 그대로 채택했다. 추가한 sh:targetNode는 격리 시험용이며 규범 의미를 바꾸지 않는다.,https://semiceu.github.io/GeoDCAT-AP/releases/3.1.0#dcat:CatalogRecordShape/ca4e7adcf7fe2a967e2808cac6e379bc9877c1e8,UPSTREAM-POS-UPSTREAM-GEODCATAP-E3CE599A409B3C5AA8DC,UPSTREAM-NEG-UPSTREAM-GEODCATAP-E3CE599A409B3C5AA8DC
UPSTREAM-GEODCATAP-E3D639BAFE204F94EE48,"[""geo"",""network""]","[""http://www.w3.org/ns/dcat#DatasetSeries""]",http://purl.org/dc/terms/creator,MUST,,,"[""http://www.w3.org/ns/shacl#BlankNodeOrIRI""]",[],Violation,"[{""language"":""ko"",""text"":""로컬 격리 증거: 원문 PropertyShape에는 메시지가 없으며 sh:nodeKind 제약을 검증한다."",""source"":""local-evidence"",""predicate"":null}]",MOLIT 로컬 적용 가이드(upstream 원문 보충 설명): <http://purl.org/dc/terms/creator> 값을 <http://www.w3.org/ns/shacl#BlankNodeOrIRI> node kind로 바꾼다. 원문 constraint 값은 변경하지 않는다.,GeoDCAT-AP 3.1.0,"[""https://semiceu.github.io/GeoDCAT-AP/releases/3.1.0#DatasetSeries.creator""]",GeoDCAT-AP 3.1.0의 sh:nodeKind 제약을 변경 없이 채택한다. named PropertyShape의 원문 direct quad를 그대로 채택했다. 추가한 sh:targetNode는 격리 시험용이며 규범 의미를 바꾸지 않는다.,https://semiceu.github.io/GeoDCAT-AP/releases/3.1.0#dcat:DatasetSeriesShape/7d4c667652f23f3a51353271e3800bca87ed3f68,UPSTREAM-POS-UPSTREAM-GEODCATAP-E3D639BAFE204F94EE48,UPSTREAM-NEG-UPSTREAM-GEODCATAP-E3D639BAFE204F94EE48
UPSTREAM-GEODCATAP-E40BB1A2ACF505A8F133,"[""geo"",""network""]","[""http://www.w3.org/ns/dcat#DatasetSeries""]",http://xmlns.com/foaf/0.1/page,MUST,,,"[""http://xmlns.com/foaf/0.1/Document""]",[],Violation,"[{""language"":""ko"",""text"":""로컬 격리 증거: 원문 PropertyShape에는 메시지가 없으며 sh:class 제약을 검증한다."",""source"":""local-evidence"",""predicate"":null}]",MOLIT 로컬 적용 가이드(upstream 원문 보충 설명): <http://xmlns.com/foaf/0.1/page>의 모든 값에 rdf:type <http://xmlns.com/foaf/0.1/Document>를 명시한다. 원문 constraint 값은 변경하지 않는다.,GeoDCAT-AP 3.1.0,"[""https://semiceu.github.io/GeoDCAT-AP/releases/3.1.0#DatasetSeries.documentation""]",GeoDCAT-AP 3.1.0의 sh:class 제약을 변경 없이 채택한다. named PropertyShape의 원문 direct quad를 그대로 채택했다. 추가한 sh:targetNode는 격리 시험용이며 규범 의미를 바꾸지 않는다.,https://semiceu.github.io/GeoDCAT-AP/releases/3.1.0#dcat:DatasetSeriesShape/68388ec47b77212d80036e8a02e9956f5ba0e0f5,UPSTREAM-POS-UPSTREAM-GEODCATAP-E40BB1A2ACF505A8F133,UPSTREAM-NEG-UPSTREAM-GEODCATAP-E40BB1A2ACF505A8F133
UPSTREAM-GEODCATAP-E4158A0BF995DFF365B8,"[""geo"",""network""]","[""http://www.w3.org/ns/dcat#Catalog""]",http://data.europa.eu/930/referenceSystem,MUST,,,"[""http://www.w3.org/2004/02/skos/core#Concept""]",[],Violation,"[{""language"":""ko"",""text"":""로컬 격리 증거: 원문 PropertyShape에는 메시지가 없으며 sh:class 제약을 검증한다."",""source"":""local-evidence"",""predicate"":null}]",MOLIT 로컬 적용 가이드(upstream 원문 보충 설명): <http://data.europa.eu/930/referenceSystem>의 모든 값에 rdf:type <http://www.w3.org/2004/02/skos/core#Concept>를 명시한다. 원문 constraint 값은 변경하지 않는다.,GeoDCAT-AP 3.1.0,"[""https://semiceu.github.io/GeoDCAT-AP/releases/3.1.0#Catalogue.referencesystem""]",GeoDCAT-AP 3.1.0의 sh:class 제약을 변경 없이 채택한다. named PropertyShape의 원문 direct quad를 그대로 채택했다. 추가한 sh:targetNode는 격리 시험용이며 규범 의미를 바꾸지 않는다.,https://semiceu.github.io/GeoDCAT-AP/releases/3.1.0#dcat:CatalogShape/87161588819073178c8f6950dcce2286cac45320,UPSTREAM-POS-UPSTREAM-GEODCATAP-E4158A0BF995DFF365B8,UPSTREAM-NEG-UPSTREAM-GEODCATAP-E4158A0BF995DFF365B8
UPSTREAM-GEODCATAP-E47313227EC6DCDE5BC8,"[""geo"",""network""]","[""http://www.w3.org/ns/dcat#DataService""]",http://data.europa.eu/930/originator,MUST,,,"[""http://xmlns.com/foaf/0.1/Agent""]",[],Violation,"[{""language"":""ko"",""text"":""로컬 격리 증거: 원문 PropertyShape에는 메시지가 없으며 sh:class 제약을 검증한다."",""source"":""local-evidence"",""predicate"":null}]",MOLIT 로컬 적용 가이드(upstream 원문 보충 설명): <http://data.europa.eu/930/originator>의 모든 값에 rdf:type <http://xmlns.com/foaf/0.1/Agent>를 명시한다. 원문 constraint 값은 변경하지 않는다.,GeoDCAT-AP 3.1.0,"[""https://semiceu.github.io/GeoDCAT-AP/releases/3.1.0#DataService.originator""]",GeoDCAT-AP 3.1.0의 sh:class 제약을 변경 없이 채택한다. named PropertyShape의 원문 direct quad를 그대로 채택했다. 추가한 sh:targetNode는 격리 시험용이며 규범 의미를 바꾸지 않는다.,https://semiceu.github.io/GeoDCAT-AP/releases/3.1.0#dcat:DataServiceShape/48476aa3f2bfa8f7c3e4d22652531e590c90e9ac,UPSTREAM-POS-UPSTREAM-GEODCATAP-E47313227EC6DCDE5BC8,UPSTREAM-NEG-UPSTREAM-GEODCATAP-E47313227EC6DCDE5BC8
UPSTREAM-GEODCATAP-E47740C7D36D4F9295D6,"[""geo"",""network""]","[""http://www.w3.org/ns/dcat#DataService""]",http://data.europa.eu/930/serviceType,MUST,,1,[],[],Violation,"[{""language"":""ko"",""text"":""로컬 격리 증거: 원문 PropertyShape에는 메시지가 없으며 sh:maxCount 제약을 검증한다."",""source"":""local-evidence"",""predicate"":null}]",MOLIT 로컬 적용 가이드(upstream 원문 보충 설명): <http://data.europa.eu/930/serviceType> 값을 1개 이하로 줄인다. 원문 constraint 값은 변경하지 않는다.,GeoDCAT-AP 3.1.0,"[""https://semiceu.github.io/GeoDCAT-AP/releases/3.1.0#DataService.servicetype""]",GeoDCAT-AP 3.1.0의 sh:maxCount 제약을 변경 없이 채택한다. named PropertyShape의 원문 direct quad를 그대로 채택했다. 추가한 sh:targetNode는 격리 시험용이며 규범 의미를 바꾸지 않는다.,https://semiceu.github.io/GeoDCAT-AP/releases/3.1.0#dcat:DataServiceShape/93aa3bef56a7ec444fb66a9f67ef6a58a44b9e97,UPSTREAM-POS-UPSTREAM-GEODCATAP-E47740C7D36D4F9295D6,UPSTREAM-NEG-UPSTREAM-GEODCATAP-E47740C7D36D4F9295D6
UPSTREAM-GEODCATAP-E525E5C06901A0B51E4C,"[""geo"",""network""]","[""http://www.w3.org/ns/dcat#DataService""]",http://www.w3.org/ns/dcat#endpointDescription,MUST,,,"[""http://www.w3.org/ns/shacl#BlankNodeOrIRI""]",[],Violation,"[{""language"":""ko"",""text"":""로컬 격리 증거: 원문 PropertyShape에는 메시지가 없으며 sh:nodeKind 제약을 검증한다."",""source"":""local-evidence"",""predicate"":null}]",MOLIT 로컬 적용 가이드(upstream 원문 보충 설명): <http://www.w3.org/ns/dcat#endpointDescription> 값을 <http://www.w3.org/ns/shacl#BlankNodeOrIRI> node kind로 바꾼다. 원문 constraint 값은 변경하지 않는다.,GeoDCAT-AP 3.1.0,"[""https://semiceu.github.io/GeoDCAT-AP/releases/3.1.0#DataService.endpointdescription""]",GeoDCAT-AP 3.1.0의 sh:nodeKind 제약을 변경 없이 채택한다. named PropertyShape의 원문 direct quad를 그대로 채택했다. 추가한 sh:targetNode는 격리 시험용이며 규범 의미를 바꾸지 않는다.,https://semiceu.github.io/GeoDCAT-AP/releases/3.1.0#dcat:DataServiceShape/63240e11f1eb66f636413d1dbb134f0ff9066a7c,UPSTREAM-POS-UPSTREAM-GEODCATAP-E525E5C06901A0B51E4C,UPSTREAM-NEG-UPSTREAM-GEODCATAP-E525E5C06901A0B51E4C
UPSTREAM-GEODCATAP-E5BD5D456A87C4726313,"[""geo"",""network""]","[""http://www.w3.org/ns/dcat#Distribution""]",http://data.europa.eu/930/spatialResolutionAsText,MUST,,1,[],[],Violation,"[{""language"":""ko"",""text"":""로컬 격리 증거: 원문 PropertyShape에는 메시지가 없으며 sh:maxCount 제약을 검증한다."",""source"":""local-evidence"",""predicate"":null}]",MOLIT 로컬 적용 가이드(upstream 원문 보충 설명): <http://data.europa.eu/930/spatialResolutionAsText> 값을 1개 이하로 줄인다. 원문 constraint 값은 변경하지 않는다.,GeoDCAT-AP 3.1.0,"[""https://semiceu.github.io/GeoDCAT-AP/releases/3.1.0#Distribution.spatialresolutionastext""]",GeoDCAT-AP 3.1.0의 sh:maxCount 제약을 변경 없이 채택한다. named PropertyShape의 원문 direct quad를 그대로 채택했다. 추가한 sh:targetNode는 격리 시험용이며 규범 의미를 바꾸지 않는다.,https://semiceu.github.io/GeoDCAT-AP/releases/3.1.0#dcat:DistributionShape/2da3f1c58de704304666ae26fc22be70a3a86785,UPSTREAM-POS-UPSTREAM-GEODCATAP-E5BD5D456A87C4726313,UPSTREAM-NEG-UPSTREAM-GEODCATAP-E5BD5D456A87C4726313
UPSTREAM-GEODCATAP-E5FEADEE99A2D626CCAC,"[""geo"",""network""]","[""http://www.w3.org/ns/dcat#Dataset""]",http://www.w3.org/ns/dcat#contactPoint,MUST,,,"[""http://www.w3.org/2006/vcard/ns#Kind""]",[],Violation,"[{""language"":""ko"",""text"":""로컬 격리 증거: 원문 PropertyShape에는 메시지가 없으며 sh:class 제약을 검증한다."",""source"":""local-evidence"",""predicate"":null}]",MOLIT 로컬 적용 가이드(upstream 원문 보충 설명): <http://www.w3.org/ns/dcat#contactPoint>의 모든 값에 rdf:type <http://www.w3.org/2006/vcard/ns#Kind>를 명시한다. 원문 constraint 값은 변경하지 않는다.,GeoDCAT-AP 3.1.0,"[""https://semiceu.github.io/GeoDCAT-AP/releases/3.1.0#Dataset.contactpoint""]",GeoDCAT-AP 3.1.0의 sh:class 제약을 변경 없이 채택한다. named PropertyShape의 원문 direct quad를 그대로 채택했다. 추가한 sh:targetNode는 격리 시험용이며 규범 의미를 바꾸지 않는다.,https://semiceu.github.io/GeoDCAT-AP/releases/3.1.0#dcat:DatasetShape/7b6713c1f4a52e964f5db57eabef294b6d04e90e,UPSTREAM-POS-UPSTREAM-GEODCATAP-E5FEADEE99A2D626CCAC,UPSTREAM-NEG-UPSTREAM-GEODCATAP-E5FEADEE99A2D626CCAC
UPSTREAM-GEODCATAP-E60243AED05B8F1F770C,"[""geo"",""network""]","[""http://www.w3.org/ns/adms#Identifier""]",http://www.w3.org/2004/02/skos/core#notation,MUST,1,,[],[],Violation,"[{""language"":""ko"",""text"":""로컬 격리 증거: 원문 PropertyShape에는 메시지가 없으며 sh:minCount 제약을 검증한다."",""source"":""local-evidence"",""predicate"":null}]",MOLIT 로컬 적용 가이드(upstream 원문 보충 설명): <http://www.w3.org/2004/02/skos/core#notation> 값을 1개 이상 제공한다. 원문 constraint 값은 변경하지 않는다.,GeoDCAT-AP 3.1.0,"[""https://semiceu.github.io/GeoDCAT-AP/releases/3.1.0#Identifier.notation""]",GeoDCAT-AP 3.1.0의 sh:minCount 제약을 변경 없이 채택한다. named PropertyShape의 원문 direct quad를 그대로 채택했다. 추가한 sh:targetNode는 격리 시험용이며 규범 의미를 바꾸지 않는다.,https://semiceu.github.io/GeoDCAT-AP/releases/3.1.0#adms:IdentifierShape/3b534bf26cc294dd6e8dc80832da269189e4cbf3,UPSTREAM-POS-UPSTREAM-GEODCATAP-E60243AED05B8F1F770C,UPSTREAM-NEG-UPSTREAM-GEODCATAP-E60243AED05B8F1F770C
UPSTREAM-GEODCATAP-E65E55826C82394AAC74,"[""geo"",""network""]","[""http://www.w3.org/2004/02/skos/core#Concept""]",http://www.w3.org/2004/02/skos/core#inScheme,MUST,,,"[""http://www.w3.org/ns/shacl#BlankNodeOrIRI""]",[],Violation,"[{""language"":""ko"",""text"":""로컬 격리 증거: 원문 PropertyShape에는 메시지가 없으며 sh:nodeKind 제약을 검증한다."",""source"":""local-evidence"",""predicate"":null}]",MOLIT 로컬 적용 가이드(upstream 원문 보충 설명): <http://www.w3.org/2004/02/skos/core#inScheme> 값을 <http://www.w3.org/ns/shacl#BlankNodeOrIRI> node kind로 바꾼다. 원문 constraint 값은 변경하지 않는다.,GeoDCAT-AP 3.1.0,"[""https://semiceu.github.io/GeoDCAT-AP/releases/3.1.0#Concept.categoryscheme""]",GeoDCAT-AP 3.1.0의 sh:nodeKind 제약을 변경 없이 채택한다. named PropertyShape의 원문 direct quad를 그대로 채택했다. 추가한 sh:targetNode는 격리 시험용이며 규범 의미를 바꾸지 않는다.,https://semiceu.github.io/GeoDCAT-AP/releases/3.1.0#skos:ConceptShape/356ae8650886fd067aef6317c54d58b8eb82d948,UPSTREAM-POS-UPSTREAM-GEODCATAP-E65E55826C82394AAC74,UPSTREAM-NEG-UPSTREAM-GEODCATAP-E65E55826C82394AAC74
UPSTREAM-GEODCATAP-E6640E95257E4CDC123A,"[""geo"",""network""]","[""http://www.w3.org/ns/dcat#CatalogRecord""]",http://purl.org/dc/terms/creator,MUST,,,"[""http://xmlns.com/foaf/0.1/Agent""]",[],Violation,"[{""language"":""ko"",""text"":""로컬 격리 증거: 원문 PropertyShape에는 메시지가 없으며 sh:class 제약을 검증한다."",""source"":""local-evidence"",""predicate"":null}]",MOLIT 로컬 적용 가이드(upstream 원문 보충 설명): <http://purl.org/dc/terms/creator>의 모든 값에 rdf:type <http://xmlns.com/foaf/0.1/Agent>를 명시한다. 원문 constraint 값은 변경하지 않는다.,GeoDCAT-AP 3.1.0,"[""https://semiceu.github.io/GeoDCAT-AP/releases/3.1.0#CatalogueRecord.creator""]",GeoDCAT-AP 3.1.0의 sh:class 제약을 변경 없이 채택한다. named PropertyShape의 원문 direct quad를 그대로 채택했다. 추가한 sh:targetNode는 격리 시험용이며 규범 의미를 바꾸지 않는다.,https://semiceu.github.io/GeoDCAT-AP/releases/3.1.0#dcat:CatalogRecordShape/c1d40f7102c8201949576e76be48b991b47958d9,UPSTREAM-POS-UPSTREAM-GEODCATAP-E6640E95257E4CDC123A,UPSTREAM-NEG-UPSTREAM-GEODCATAP-E6640E95257E4CDC123A
UPSTREAM-GEODCATAP-E68CC85BCD05C45D98A7,"[""geo"",""network""]","[""http://www.w3.org/ns/dcat#Catalog""]",http://xmlns.com/foaf/0.1/homepage,MUST,,,"[""http://xmlns.com/foaf/0.1/Document""]",[],Violation,"[{""language"":""ko"",""text"":""로컬 격리 증거: 원문 PropertyShape에는 메시지가 없으며 sh:class 제약을 검증한다."",""source"":""local-evidence"",""predicate"":null}]",MOLIT 로컬 적용 가이드(upstream 원문 보충 설명): <http://xmlns.com/foaf/0.1/homepage>의 모든 값에 rdf:type <http://xmlns.com/foaf/0.1/Document>를 명시한다. 원문 constraint 값은 변경하지 않는다.,GeoDCAT-AP 3.1.0,"[""https://semiceu.github.io/GeoDCAT-AP/releases/3.1.0#Catalogue.homepage""]",GeoDCAT-AP 3.1.0의 sh:class 제약을 변경 없이 채택한다. named PropertyShape의 원문 direct quad를 그대로 채택했다. 추가한 sh:targetNode는 격리 시험용이며 규범 의미를 바꾸지 않는다.,https://semiceu.github.io/GeoDCAT-AP/releases/3.1.0#dcat:CatalogShape/fb8568b313de736f9184db23272b6317700e9e7e,UPSTREAM-POS-UPSTREAM-GEODCATAP-E68CC85BCD05C45D98A7,UPSTREAM-NEG-UPSTREAM-GEODCATAP-E68CC85BCD05C45D98A7
UPSTREAM-GEODCATAP-E6C9924A335FF6F396D7,"[""geo"",""network""]","[""http://www.w3.org/ns/dcat#DatasetSeries""]",http://purl.org/dc/terms/language,MUST,,,"[""http://www.w3.org/ns/shacl#BlankNodeOrIRI""]",[],Violation,"[{""language"":""ko"",""text"":""로컬 격리 증거: 원문 PropertyShape에는 메시지가 없으며 sh:nodeKind 제약을 검증한다."",""source"":""local-evidence"",""predicate"":null}]",MOLIT 로컬 적용 가이드(upstream 원문 보충 설명): <http://purl.org/dc/terms/language> 값을 <http://www.w3.org/ns/shacl#BlankNodeOrIRI> node kind로 바꾼다. 원문 constraint 값은 변경하지 않는다.,GeoDCAT-AP 3.1.0,"[""https://semiceu.github.io/GeoDCAT-AP/releases/3.1.0#DatasetSeries.language""]",GeoDCAT-AP 3.1.0의 sh:nodeKind 제약을 변경 없이 채택한다. named PropertyShape의 원문 direct quad를 그대로 채택했다. 추가한 sh:targetNode는 격리 시험용이며 규범 의미를 바꾸지 않는다.,https://semiceu.github.io/GeoDCAT-AP/releases/3.1.0#dcat:DatasetSeriesShape/db878f1cb93930f64561d0504123c66feacfad5a,UPSTREAM-POS-UPSTREAM-GEODCATAP-E6C9924A335FF6F396D7,UPSTREAM-NEG-UPSTREAM-GEODCATAP-E6C9924A335FF6F396D7
UPSTREAM-GEODCATAP-E706FDED52BC5A21A49E,"[""geo"",""network""]","[""http://www.w3.org/ns/dcat#DatasetSeries""]",http://www.w3.org/ns/prov#wasUsedBy,MUST,,,"[""http://www.w3.org/ns/prov#Activity""]",[],Violation,"[{""language"":""ko"",""text"":""로컬 격리 증거: 원문 PropertyShape에는 메시지가 없으며 sh:class 제약을 검증한다."",""source"":""local-evidence"",""predicate"":null}]",MOLIT 로컬 적용 가이드(upstream 원문 보충 설명): <http://www.w3.org/ns/prov#wasUsedBy>의 모든 값에 rdf:type <http://www.w3.org/ns/prov#Activity>를 명시한다. 원문 constraint 값은 변경하지 않는다.,GeoDCAT-AP 3.1.0,"[""https://semiceu.github.io/GeoDCAT-AP/releases/3.1.0#DatasetSeries.wasusedby""]",GeoDCAT-AP 3.1.0의 sh:class 제약을 변경 없이 채택한다. named PropertyShape의 원문 direct quad를 그대로 채택했다. 추가한 sh:targetNode는 격리 시험용이며 규범 의미를 바꾸지 않는다.,https://semiceu.github.io/GeoDCAT-AP/releases/3.1.0#dcat:DatasetSeriesShape/1a835a94445575c2a10b5f05474c2f9fda6d49ac,UPSTREAM-POS-UPSTREAM-GEODCATAP-E706FDED52BC5A21A49E,UPSTREAM-NEG-UPSTREAM-GEODCATAP-E706FDED52BC5A21A49E
UPSTREAM-GEODCATAP-E75C80A29F2F6AF30941,"[""geo"",""network""]","[""http://www.w3.org/ns/dcat#DatasetSeries""]",http://data.europa.eu/930/distributor,MUST,,,"[""http://www.w3.org/ns/shacl#BlankNodeOrIRI""]",[],Violation,"[{""language"":""ko"",""text"":""로컬 격리 증거: 원문 PropertyShape에는 메시지가 없으며 sh:nodeKind 제약을 검증한다."",""source"":""local-evidence"",""predicate"":null}]",MOLIT 로컬 적용 가이드(upstream 원문 보충 설명): <http://data.europa.eu/930/distributor> 값을 <http://www.w3.org/ns/shacl#BlankNodeOrIRI> node kind로 바꾼다. 원문 constraint 값은 변경하지 않는다.,GeoDCAT-AP 3.1.0,"[""https://semiceu.github.io/GeoDCAT-AP/releases/3.1.0#DatasetSeries.distributor""]",GeoDCAT-AP 3.1.0의 sh:nodeKind 제약을 변경 없이 채택한다. named PropertyShape의 원문 direct quad를 그대로 채택했다. 추가한 sh:targetNode는 격리 시험용이며 규범 의미를 바꾸지 않는다.,https://semiceu.github.io/GeoDCAT-AP/releases/3.1.0#dcat:DatasetSeriesShape/e7571d7eeaa445d492569780abae4aa92ed790b3,UPSTREAM-POS-UPSTREAM-GEODCATAP-E75C80A29F2F6AF30941,UPSTREAM-NEG-UPSTREAM-GEODCATAP-E75C80A29F2F6AF30941
UPSTREAM-GEODCATAP-E894D3D39CE875B092CF,"[""geo"",""network""]","[""http://www.w3.org/ns/prov#Association""]",http://www.w3.org/ns/prov#hadPlan,MUST,,,"[""http://www.w3.org/ns/shacl#BlankNodeOrIRI""]",[],Violation,"[{""language"":""ko"",""text"":""로컬 격리 증거: 원문 PropertyShape에는 메시지가 없으며 sh:nodeKind 제약을 검증한다."",""source"":""local-evidence"",""predicate"":null}]",MOLIT 로컬 적용 가이드(upstream 원문 보충 설명): <http://www.w3.org/ns/prov#hadPlan> 값을 <http://www.w3.org/ns/shacl#BlankNodeOrIRI> node kind로 바꾼다. 원문 constraint 값은 변경하지 않는다.,GeoDCAT-AP 3.1.0,"[""https://semiceu.github.io/GeoDCAT-AP/releases/3.1.0#Association.hadplan""]",GeoDCAT-AP 3.1.0의 sh:nodeKind 제약을 변경 없이 채택한다. named PropertyShape의 원문 direct quad를 그대로 채택했다. 추가한 sh:targetNode는 격리 시험용이며 규범 의미를 바꾸지 않는다.,https://semiceu.github.io/GeoDCAT-AP/releases/3.1.0#prov:AssociationShape/d1584c921fbf1628c78ed1dd765db33a7ad11491,UPSTREAM-POS-UPSTREAM-GEODCATAP-E894D3D39CE875B092CF,UPSTREAM-NEG-UPSTREAM-GEODCATAP-E894D3D39CE875B092CF
UPSTREAM-GEODCATAP-E8A7EC9F43D9F34EDC71,"[""geo"",""network""]","[""http://www.w3.org/ns/dcat#Relationship""]",http://purl.org/dc/terms/relation,MUST,,,"[""http://www.w3.org/2000/01/rdf-schema#Resource""]",[],Violation,"[{""language"":""ko"",""text"":""로컬 격리 증거: 원문 PropertyShape에는 메시지가 없으며 sh:class 제약을 검증한다."",""source"":""local-evidence"",""predicate"":null}]",MOLIT 로컬 적용 가이드(upstream 원문 보충 설명): <http://purl.org/dc/terms/relation>의 모든 값에 rdf:type <http://www.w3.org/2000/01/rdf-schema#Resource>를 명시한다. 원문 constraint 값은 변경하지 않는다.,GeoDCAT-AP 3.1.0,"[""https://semiceu.github.io/GeoDCAT-AP/releases/3.1.0#Relationship.relation""]",GeoDCAT-AP 3.1.0의 sh:class 제약을 변경 없이 채택한다. named PropertyShape의 원문 direct quad를 그대로 채택했다. 추가한 sh:targetNode는 격리 시험용이며 규범 의미를 바꾸지 않는다.,https://semiceu.github.io/GeoDCAT-AP/releases/3.1.0#dcat:RelationshipShape/b7aa98e1befa5130659568aa62e7f38575dc17c1,UPSTREAM-POS-UPSTREAM-GEODCATAP-E8A7EC9F43D9F34EDC71,UPSTREAM-NEG-UPSTREAM-GEODCATAP-E8A7EC9F43D9F34EDC71
UPSTREAM-GEODCATAP-E90542BFB139D7CBCB15,"[""geo"",""network""]","[""http://www.w3.org/ns/dcat#CatalogRecord""]",http://purl.org/dc/terms/source,MUST,,1,[],[],Violation,"[{""language"":""ko"",""text"":""로컬 격리 증거: 원문 PropertyShape에는 메시지가 없으며 sh:maxCount 제약을 검증한다."",""source"":""local-evidence"",""predicate"":null}]",MOLIT 로컬 적용 가이드(upstream 원문 보충 설명): <http://purl.org/dc/terms/source> 값을 1개 이하로 줄인다. 원문 constraint 값은 변경하지 않는다.,GeoDCAT-AP 3.1.0,"[""https://semiceu.github.io/GeoDCAT-AP/releases/3.1.0#CatalogueRecord.sourcemetadata""]",GeoDCAT-AP 3.1.0의 sh:maxCount 제약을 변경 없이 채택한다. named PropertyShape의 원문 direct quad를 그대로 채택했다. 추가한 sh:targetNode는 격리 시험용이며 규범 의미를 바꾸지 않는다.,https://semiceu.github.io/GeoDCAT-AP/releases/3.1.0#dcat:CatalogRecordShape/48302728c90d6c344ff17c41a12e9f1379d2a049,UPSTREAM-POS-UPSTREAM-GEODCATAP-E90542BFB139D7CBCB15,UPSTREAM-NEG-UPSTREAM-GEODCATAP-E90542BFB139D7CBCB15
UPSTREAM-GEODCATAP-E974C05354E26892182C,"[""geo"",""network""]","[""http://www.w3.org/ns/locn#Address""]",http://www.w3.org/ns/locn#adminUnitL2,MUST,,1,[],[],Violation,"[{""language"":""ko"",""text"":""로컬 격리 증거: 원문 PropertyShape에는 메시지가 없으며 sh:maxCount 제약을 검증한다."",""source"":""local-evidence"",""predicate"":null}]",MOLIT 로컬 적용 가이드(upstream 원문 보충 설명): <http://www.w3.org/ns/locn#adminUnitL2> 값을 1개 이하로 줄인다. 원문 constraint 값은 변경하지 않는다.,GeoDCAT-AP 3.1.0,"[""https://semiceu.github.io/GeoDCAT-AP/releases/3.1.0#Address(CoreLocation).administrativeunitlevel2""]",GeoDCAT-AP 3.1.0의 sh:maxCount 제약을 변경 없이 채택한다. named PropertyShape의 원문 direct quad를 그대로 채택했다. 추가한 sh:targetNode는 격리 시험용이며 규범 의미를 바꾸지 않는다.,https://semiceu.github.io/GeoDCAT-AP/releases/3.1.0#locn:AddressShape/55cf47fe54e6f7cb41a1ca42a8a8a68b05a4519a,UPSTREAM-POS-UPSTREAM-GEODCATAP-E974C05354E26892182C,UPSTREAM-NEG-UPSTREAM-GEODCATAP-E974C05354E26892182C
UPSTREAM-GEODCATAP-E997B5544812EA524BF6,"[""geo"",""network""]","[""http://www.w3.org/ns/dcat#DataService""]",http://purl.org/dc/terms/created,MUST,,1,[],[],Violation,"[{""language"":""ko"",""text"":""로컬 격리 증거: 원문 PropertyShape에는 메시지가 없으며 sh:maxCount 제약을 검증한다."",""source"":""local-evidence"",""predicate"":null}]",MOLIT 로컬 적용 가이드(upstream 원문 보충 설명): <http://purl.org/dc/terms/created> 값을 1개 이하로 줄인다. 원문 constraint 값은 변경하지 않는다.,GeoDCAT-AP 3.1.0,"[""https://semiceu.github.io/GeoDCAT-AP/releases/3.1.0#DataService.creationdate""]",GeoDCAT-AP 3.1.0의 sh:maxCount 제약을 변경 없이 채택한다. named PropertyShape의 원문 direct quad를 그대로 채택했다. 추가한 sh:targetNode는 격리 시험용이며 규범 의미를 바꾸지 않는다.,https://semiceu.github.io/GeoDCAT-AP/releases/3.1.0#dcat:DataServiceShape/675f9ab2c273ab67c79caa42282e4cec463c08f6,UPSTREAM-POS-UPSTREAM-GEODCATAP-E997B5544812EA524BF6,UPSTREAM-NEG-UPSTREAM-GEODCATAP-E997B5544812EA524BF6
UPSTREAM-GEODCATAP-E9BAB8D74E74C9CF08B8,"[""geo"",""network""]","[""http://www.w3.org/ns/dcat#Distribution""]",http://spdx.org/rdf/terms#checksum,MUST,,,"[""http://spdx.org/rdf/terms#Checksum""]",[],Violation,"[{""language"":""ko"",""text"":""로컬 격리 증거: 원문 PropertyShape에는 메시지가 없으며 sh:class 제약을 검증한다."",""source"":""local-evidence"",""predicate"":null}]",MOLIT 로컬 적용 가이드(upstream 원문 보충 설명): <http://spdx.org/rdf/terms#checksum>의 모든 값에 rdf:type <http://spdx.org/rdf/terms#Checksum>를 명시한다. 원문 constraint 값은 변경하지 않는다.,GeoDCAT-AP 3.1.0,"[""https://semiceu.github.io/GeoDCAT-AP/releases/3.1.0#Distribution.checksum""]",GeoDCAT-AP 3.1.0의 sh:class 제약을 변경 없이 채택한다. named PropertyShape의 원문 direct quad를 그대로 채택했다. 추가한 sh:targetNode는 격리 시험용이며 규범 의미를 바꾸지 않는다.,https://semiceu.github.io/GeoDCAT-AP/releases/3.1.0#dcat:DistributionShape/6311ab0f528a12e90a9d4be09bdec4ff36578b32,UPSTREAM-POS-UPSTREAM-GEODCATAP-E9BAB8D74E74C9CF08B8,UPSTREAM-NEG-UPSTREAM-GEODCATAP-E9BAB8D74E74C9CF08B8
UPSTREAM-GEODCATAP-E9D1536FD88B53ED5D2C,"[""geo"",""network""]","[""http://www.w3.org/ns/locn#Address""]",http://www.w3.org/ns/locn#thoroughfare,MUST,,1,[],[],Violation,"[{""language"":""ko"",""text"":""로컬 격리 증거: 원문 PropertyShape에는 메시지가 없으며 sh:maxCount 제약을 검증한다."",""source"":""local-evidence"",""predicate"":null}]",MOLIT 로컬 적용 가이드(upstream 원문 보충 설명): <http://www.w3.org/ns/locn#thoroughfare> 값을 1개 이하로 줄인다. 원문 constraint 값은 변경하지 않는다.,GeoDCAT-AP 3.1.0,"[""https://semiceu.github.io/GeoDCAT-AP/releases/3.1.0#Address(CoreLocation).streetaddress""]",GeoDCAT-AP 3.1.0의 sh:maxCount 제약을 변경 없이 채택한다. named PropertyShape의 원문 direct quad를 그대로 채택했다. 추가한 sh:targetNode는 격리 시험용이며 규범 의미를 바꾸지 않는다.,https://semiceu.github.io/GeoDCAT-AP/releases/3.1.0#locn:AddressShape/c053bb4ab74094ab01d8385a0428c50994b3b5a6,UPSTREAM-POS-UPSTREAM-GEODCATAP-E9D1536FD88B53ED5D2C,UPSTREAM-NEG-UPSTREAM-GEODCATAP-E9D1536FD88B53ED5D2C
UPSTREAM-GEODCATAP-EAE5246668C113BEA161,"[""geo"",""network""]","[""http://www.w3.org/ns/dcat#CatalogRecord""]",http://www.w3.org/ns/adms#status,MUST,,,"[""http://www.w3.org/ns/shacl#BlankNodeOrIRI""]",[],Violation,"[{""language"":""ko"",""text"":""로컬 격리 증거: 원문 PropertyShape에는 메시지가 없으며 sh:nodeKind 제약을 검증한다."",""source"":""local-evidence"",""predicate"":null}]",MOLIT 로컬 적용 가이드(upstream 원문 보충 설명): <http://www.w3.org/ns/adms#status> 값을 <http://www.w3.org/ns/shacl#BlankNodeOrIRI> node kind로 바꾼다. 원문 constraint 값은 변경하지 않는다.,GeoDCAT-AP 3.1.0,"[""https://semiceu.github.io/GeoDCAT-AP/releases/3.1.0#CatalogueRecord.changetype""]",GeoDCAT-AP 3.1.0의 sh:nodeKind 제약을 변경 없이 채택한다. named PropertyShape의 원문 direct quad를 그대로 채택했다. 추가한 sh:targetNode는 격리 시험용이며 규범 의미를 바꾸지 않는다.,https://semiceu.github.io/GeoDCAT-AP/releases/3.1.0#dcat:CatalogRecordShape/8c70e4513eeeeacaf9fdbc9e2cf3df16973e24c0,UPSTREAM-POS-UPSTREAM-GEODCATAP-EAE5246668C113BEA161,UPSTREAM-NEG-UPSTREAM-GEODCATAP-EAE5246668C113BEA161
UPSTREAM-GEODCATAP-EAE7BE1AE02BFEA55C63,"[""geo"",""network""]","[""http://www.w3.org/ns/dcat#Distribution""]",http://data.europa.eu/r5r/applicableLegislation,MUST,,,"[""http://data.europa.eu/eli/ontology#LegalResource""]",[],Violation,"[{""language"":""ko"",""text"":""로컬 격리 증거: 원문 PropertyShape에는 메시지가 없으며 sh:class 제약을 검증한다."",""source"":""local-evidence"",""predicate"":null}]",MOLIT 로컬 적용 가이드(upstream 원문 보충 설명): <http://data.europa.eu/r5r/applicableLegislation>의 모든 값에 rdf:type <http://data.europa.eu/eli/ontology#LegalResource>를 명시한다. 원문 constraint 값은 변경하지 않는다.,GeoDCAT-AP 3.1.0,"[""https://semiceu.github.io/GeoDCAT-AP/releases/3.1.0#Distribution.applicablelegislation""]",GeoDCAT-AP 3.1.0의 sh:class 제약을 변경 없이 채택한다. named PropertyShape의 원문 direct quad를 그대로 채택했다. 추가한 sh:targetNode는 격리 시험용이며 규범 의미를 바꾸지 않는다.,https://semiceu.github.io/GeoDCAT-AP/releases/3.1.0#dcat:DistributionShape/73465b7fbd7f991a08ddd1b766c2e46fa9dfc14e,UPSTREAM-POS-UPSTREAM-GEODCATAP-EAE7BE1AE02BFEA55C63,UPSTREAM-NEG-UPSTREAM-GEODCATAP-EAE7BE1AE02BFEA55C63
UPSTREAM-GEODCATAP-EAEB3E70D3DBDF163F0B,"[""geo"",""network""]","[""http://www.w3.org/ns/dcat#Catalog""]",http://xmlns.com/foaf/0.1/homepage,MUST,,1,[],[],Violation,"[{""language"":""ko"",""text"":""로컬 격리 증거: 원문 PropertyShape에는 메시지가 없으며 sh:maxCount 제약을 검증한다."",""source"":""local-evidence"",""predicate"":null}]",MOLIT 로컬 적용 가이드(upstream 원문 보충 설명): <http://xmlns.com/foaf/0.1/homepage> 값을 1개 이하로 줄인다. 원문 constraint 값은 변경하지 않는다.,GeoDCAT-AP 3.1.0,"[""https://semiceu.github.io/GeoDCAT-AP/releases/3.1.0#Catalogue.homepage""]",GeoDCAT-AP 3.1.0의 sh:maxCount 제약을 변경 없이 채택한다. named PropertyShape의 원문 direct quad를 그대로 채택했다. 추가한 sh:targetNode는 격리 시험용이며 규범 의미를 바꾸지 않는다.,https://semiceu.github.io/GeoDCAT-AP/releases/3.1.0#dcat:CatalogShape/da28472666d298998330cb159b2c1e90b4446250,UPSTREAM-POS-UPSTREAM-GEODCATAP-EAEB3E70D3DBDF163F0B,UPSTREAM-NEG-UPSTREAM-GEODCATAP-EAEB3E70D3DBDF163F0B
UPSTREAM-GEODCATAP-EBE8FAB3C8EFD1F896B7,"[""geo"",""network""]","[""http://www.w3.org/ns/dcat#Catalog""]",http://purl.org/dc/terms/title,MUST,1,,[],[],Violation,"[{""language"":""ko"",""text"":""로컬 격리 증거: 원문 PropertyShape에는 메시지가 없으며 sh:minCount 제약을 검증한다."",""source"":""local-evidence"",""predicate"":null}]",MOLIT 로컬 적용 가이드(upstream 원문 보충 설명): <http://purl.org/dc/terms/title> 값을 1개 이상 제공한다. 원문 constraint 값은 변경하지 않는다.,GeoDCAT-AP 3.1.0,"[""https://semiceu.github.io/GeoDCAT-AP/releases/3.1.0#Catalogue.title""]",GeoDCAT-AP 3.1.0의 sh:minCount 제약을 변경 없이 채택한다. named PropertyShape의 원문 direct quad를 그대로 채택했다. 추가한 sh:targetNode는 격리 시험용이며 규범 의미를 바꾸지 않는다.,https://semiceu.github.io/GeoDCAT-AP/releases/3.1.0#dcat:CatalogShape/f8b02efd063b8089b72ce9677a1e4a3488eeb9a9,UPSTREAM-POS-UPSTREAM-GEODCATAP-EBE8FAB3C8EFD1F896B7,UPSTREAM-NEG-UPSTREAM-GEODCATAP-EBE8FAB3C8EFD1F896B7
UPSTREAM-GEODCATAP-EC2E88E38288AB56731F,"[""geo"",""network""]","[""http://purl.org/dc/terms/Standard""]",http://purl.org/dc/terms/description,MUST,,,"[""http://www.w3.org/ns/shacl#Literal""]",[],Violation,"[{""language"":""ko"",""text"":""로컬 격리 증거: 원문 PropertyShape에는 메시지가 없으며 sh:nodeKind 제약을 검증한다."",""source"":""local-evidence"",""predicate"":null}]",MOLIT 로컬 적용 가이드(upstream 원문 보충 설명): <http://purl.org/dc/terms/description> 값을 <http://www.w3.org/ns/shacl#Literal> node kind로 바꾼다. 원문 constraint 값은 변경하지 않는다.,GeoDCAT-AP 3.1.0,"[""https://semiceu.github.io/GeoDCAT-AP/releases/3.1.0#Standard.description""]",GeoDCAT-AP 3.1.0의 sh:nodeKind 제약을 변경 없이 채택한다. named PropertyShape의 원문 direct quad를 그대로 채택했다. 추가한 sh:targetNode는 격리 시험용이며 규범 의미를 바꾸지 않는다.,https://semiceu.github.io/GeoDCAT-AP/releases/3.1.0#dct:StandardShape/6cae9880e515253132af1452a38a8a5827165149,UPSTREAM-POS-UPSTREAM-GEODCATAP-EC2E88E38288AB56731F,UPSTREAM-NEG-UPSTREAM-GEODCATAP-EC2E88E38288AB56731F
UPSTREAM-GEODCATAP-ECB1B7A641958CE5E49C,"[""geo"",""network""]","[""http://www.w3.org/ns/dcat#Catalog""]",http://data.europa.eu/930/topicCategory,MUST,,,"[""http://www.w3.org/ns/shacl#BlankNodeOrIRI""]",[],Violation,"[{""language"":""ko"",""text"":""로컬 격리 증거: 원문 PropertyShape에는 메시지가 없으며 sh:nodeKind 제약을 검증한다."",""source"":""local-evidence"",""predicate"":null}]",MOLIT 로컬 적용 가이드(upstream 원문 보충 설명): <http://data.europa.eu/930/topicCategory> 값을 <http://www.w3.org/ns/shacl#BlankNodeOrIRI> node kind로 바꾼다. 원문 constraint 값은 변경하지 않는다.,GeoDCAT-AP 3.1.0,"[""https://semiceu.github.io/GeoDCAT-AP/releases/3.1.0#Catalogue.topiccategory""]",GeoDCAT-AP 3.1.0의 sh:nodeKind 제약을 변경 없이 채택한다. named PropertyShape의 원문 direct quad를 그대로 채택했다. 추가한 sh:targetNode는 격리 시험용이며 규범 의미를 바꾸지 않는다.,https://semiceu.github.io/GeoDCAT-AP/releases/3.1.0#dcat:CatalogShape/0e5c385ece75dfd05b0a7b0b8009a08bed49ebed,UPSTREAM-POS-UPSTREAM-GEODCATAP-ECB1B7A641958CE5E49C,UPSTREAM-NEG-UPSTREAM-GEODCATAP-ECB1B7A641958CE5E49C
UPSTREAM-GEODCATAP-ED7B167EA023214C21B8,"[""geo"",""network""]","[""http://www.w3.org/ns/dcat#DataService""]",http://data.europa.eu/930/custodian,MUST,,,"[""http://www.w3.org/ns/shacl#BlankNodeOrIRI""]",[],Violation,"[{""language"":""ko"",""text"":""로컬 격리 증거: 원문 PropertyShape에는 메시지가 없으며 sh:nodeKind 제약을 검증한다."",""source"":""local-evidence"",""predicate"":null}]",MOLIT 로컬 적용 가이드(upstream 원문 보충 설명): <http://data.europa.eu/930/custodian> 값을 <http://www.w3.org/ns/shacl#BlankNodeOrIRI> node kind로 바꾼다. 원문 constraint 값은 변경하지 않는다.,GeoDCAT-AP 3.1.0,"[""https://semiceu.github.io/GeoDCAT-AP/releases/3.1.0#DataService.custodian""]",GeoDCAT-AP 3.1.0의 sh:nodeKind 제약을 변경 없이 채택한다. named PropertyShape의 원문 direct quad를 그대로 채택했다. 추가한 sh:targetNode는 격리 시험용이며 규범 의미를 바꾸지 않는다.,https://semiceu.github.io/GeoDCAT-AP/releases/3.1.0#dcat:DataServiceShape/26fb54e0c953f5aa1e4db5b7bf3b6e6698f4ac4e,UPSTREAM-POS-UPSTREAM-GEODCATAP-ED7B167EA023214C21B8,UPSTREAM-NEG-UPSTREAM-GEODCATAP-ED7B167EA023214C21B8
UPSTREAM-GEODCATAP-ED8B15DC0BC0ED3362CD,"[""geo"",""network""]","[""http://www.w3.org/ns/dcat#Dataset""]",http://www.w3.org/ns/dcat#hasVersion,MUST,,,"[""http://www.w3.org/ns/dcat#Dataset""]",[],Violation,"[{""language"":""ko"",""text"":""로컬 격리 증거: 원문 PropertyShape에는 메시지가 없으며 sh:class 제약을 검증한다."",""source"":""local-evidence"",""predicate"":null}]",MOLIT 로컬 적용 가이드(upstream 원문 보충 설명): <http://www.w3.org/ns/dcat#hasVersion>의 모든 값에 rdf:type <http://www.w3.org/ns/dcat#Dataset>를 명시한다. 원문 constraint 값은 변경하지 않는다.,GeoDCAT-AP 3.1.0,"[""https://semiceu.github.io/GeoDCAT-AP/releases/3.1.0#Dataset.hasversion""]",GeoDCAT-AP 3.1.0의 sh:class 제약을 변경 없이 채택한다. named PropertyShape의 원문 direct quad를 그대로 채택했다. 추가한 sh:targetNode는 격리 시험용이며 규범 의미를 바꾸지 않는다.,https://semiceu.github.io/GeoDCAT-AP/releases/3.1.0#dcat:DatasetShape/495a2bdea22c8a156f1a7926737cdf33529871fd,UPSTREAM-POS-UPSTREAM-GEODCATAP-ED8B15DC0BC0ED3362CD,UPSTREAM-NEG-UPSTREAM-GEODCATAP-ED8B15DC0BC0ED3362CD
UPSTREAM-GEODCATAP-EDB9EFA01A42F81A18E1,"[""geo"",""network""]","[""http://spdx.org/rdf/terms#Checksum""]",http://spdx.org/rdf/terms#algorithm,MUST,1,,[],[],Violation,"[{""language"":""ko"",""text"":""로컬 격리 증거: 원문 PropertyShape에는 메시지가 없으며 sh:minCount 제약을 검증한다."",""source"":""local-evidence"",""predicate"":null}]",MOLIT 로컬 적용 가이드(upstream 원문 보충 설명): <http://spdx.org/rdf/terms#algorithm> 값을 1개 이상 제공한다. 원문 constraint 값은 변경하지 않는다.,GeoDCAT-AP 3.1.0,"[""https://semiceu.github.io/GeoDCAT-AP/releases/3.1.0#Checksum.algorithm""]",GeoDCAT-AP 3.1.0의 sh:minCount 제약을 변경 없이 채택한다. named PropertyShape의 원문 direct quad를 그대로 채택했다. 추가한 sh:targetNode는 격리 시험용이며 규범 의미를 바꾸지 않는다.,https://semiceu.github.io/GeoDCAT-AP/releases/3.1.0#spdx:ChecksumShape/b3831d3cf6e8caed0030a127020e18b940a718c3,UPSTREAM-POS-UPSTREAM-GEODCATAP-EDB9EFA01A42F81A18E1,UPSTREAM-NEG-UPSTREAM-GEODCATAP-EDB9EFA01A42F81A18E1
UPSTREAM-GEODCATAP-EDF3848F244525958F8D,"[""geo"",""network""]","[""http://www.w3.org/ns/dcat#DatasetSeries""]",http://www.w3.org/ns/adms#sample,MUST,,,"[""http://www.w3.org/ns/shacl#BlankNodeOrIRI""]",[],Violation,"[{""language"":""ko"",""text"":""로컬 격리 증거: 원문 PropertyShape에는 메시지가 없으며 sh:nodeKind 제약을 검증한다."",""source"":""local-evidence"",""predicate"":null}]",MOLIT 로컬 적용 가이드(upstream 원문 보충 설명): <http://www.w3.org/ns/adms#sample> 값을 <http://www.w3.org/ns/shacl#BlankNodeOrIRI> node kind로 바꾼다. 원문 constraint 값은 변경하지 않는다.,GeoDCAT-AP 3.1.0,"[""https://semiceu.github.io/GeoDCAT-AP/releases/3.1.0#DatasetSeries.sample""]",GeoDCAT-AP 3.1.0의 sh:nodeKind 제약을 변경 없이 채택한다. named PropertyShape의 원문 direct quad를 그대로 채택했다. 추가한 sh:targetNode는 격리 시험용이며 규범 의미를 바꾸지 않는다.,https://semiceu.github.io/GeoDCAT-AP/releases/3.1.0#dcat:DatasetSeriesShape/34ba47520d520f97bbcdea3c6fd3dc176d312689,UPSTREAM-POS-UPSTREAM-GEODCATAP-EDF3848F244525958F8D,UPSTREAM-NEG-UPSTREAM-GEODCATAP-EDF3848F244525958F8D
UPSTREAM-GEODCATAP-EE10DFA2DA0A49488B29,"[""geo"",""network""]","[""http://www.w3.org/ns/dcat#DatasetSeries""]",http://purl.org/dc/terms/temporal,MUST,,,"[""http://www.w3.org/ns/shacl#BlankNodeOrIRI""]",[],Violation,"[{""language"":""ko"",""text"":""로컬 격리 증거: 원문 PropertyShape에는 메시지가 없으며 sh:nodeKind 제약을 검증한다."",""source"":""local-evidence"",""predicate"":null}]",MOLIT 로컬 적용 가이드(upstream 원문 보충 설명): <http://purl.org/dc/terms/temporal> 값을 <http://www.w3.org/ns/shacl#BlankNodeOrIRI> node kind로 바꾼다. 원문 constraint 값은 변경하지 않는다.,GeoDCAT-AP 3.1.0,"[""https://semiceu.github.io/GeoDCAT-AP/releases/3.1.0#DatasetSeries.temporalcoverage""]",GeoDCAT-AP 3.1.0의 sh:nodeKind 제약을 변경 없이 채택한다. named PropertyShape의 원문 direct quad를 그대로 채택했다. 추가한 sh:targetNode는 격리 시험용이며 규범 의미를 바꾸지 않는다.,https://semiceu.github.io/GeoDCAT-AP/releases/3.1.0#dcat:DatasetSeriesShape/81d9e81dce75ad228913796fb0f52470b14df56b,UPSTREAM-POS-UPSTREAM-GEODCATAP-EE10DFA2DA0A49488B29,UPSTREAM-NEG-UPSTREAM-GEODCATAP-EE10DFA2DA0A49488B29
UPSTREAM-GEODCATAP-EE17FB672FACCC215093,"[""geo"",""network""]","[""http://www.w3.org/ns/dqv#Metric""]",http://www.w3.org/ns/dqv#inDimension,MUST,,,"[""http://www.w3.org/ns/shacl#BlankNodeOrIRI""]",[],Violation,"[{""language"":""ko"",""text"":""로컬 격리 증거: 원문 PropertyShape에는 메시지가 없으며 sh:nodeKind 제약을 검증한다."",""source"":""local-evidence"",""predicate"":null}]",MOLIT 로컬 적용 가이드(upstream 원문 보충 설명): <http://www.w3.org/ns/dqv#inDimension> 값을 <http://www.w3.org/ns/shacl#BlankNodeOrIRI> node kind로 바꾼다. 원문 constraint 값은 변경하지 않는다.,GeoDCAT-AP 3.1.0,"[""https://semiceu.github.io/GeoDCAT-AP/releases/3.1.0#Metric.dimension""]",GeoDCAT-AP 3.1.0의 sh:nodeKind 제약을 변경 없이 채택한다. named PropertyShape의 원문 direct quad를 그대로 채택했다. 추가한 sh:targetNode는 격리 시험용이며 규범 의미를 바꾸지 않는다.,https://semiceu.github.io/GeoDCAT-AP/releases/3.1.0#dqv:MetricShape/cd4869e0415166799e4cc19b3f0f6550cdfc1e9a,UPSTREAM-POS-UPSTREAM-GEODCATAP-EE17FB672FACCC215093,UPSTREAM-NEG-UPSTREAM-GEODCATAP-EE17FB672FACCC215093
UPSTREAM-GEODCATAP-EE274B9094C6931D7E14,"[""geo"",""network""]","[""http://www.w3.org/ns/dcat#Dataset""]",http://data.europa.eu/930/referenceSystem,MUST,,,"[""http://www.w3.org/2004/02/skos/core#Concept""]",[],Violation,"[{""language"":""ko"",""text"":""로컬 격리 증거: 원문 PropertyShape에는 메시지가 없으며 sh:class 제약을 검증한다."",""source"":""local-evidence"",""predicate"":null}]",MOLIT 로컬 적용 가이드(upstream 원문 보충 설명): <http://data.europa.eu/930/referenceSystem>의 모든 값에 rdf:type <http://www.w3.org/2004/02/skos/core#Concept>를 명시한다. 원문 constraint 값은 변경하지 않는다.,GeoDCAT-AP 3.1.0,"[""https://semiceu.github.io/GeoDCAT-AP/releases/3.1.0#Dataset.referencesystem""]",GeoDCAT-AP 3.1.0의 sh:class 제약을 변경 없이 채택한다. named PropertyShape의 원문 direct quad를 그대로 채택했다. 추가한 sh:targetNode는 격리 시험용이며 규범 의미를 바꾸지 않는다.,https://semiceu.github.io/GeoDCAT-AP/releases/3.1.0#dcat:DatasetShape/87161588819073178c8f6950dcce2286cac45320,UPSTREAM-POS-UPSTREAM-GEODCATAP-EE274B9094C6931D7E14,UPSTREAM-NEG-UPSTREAM-GEODCATAP-EE274B9094C6931D7E14
UPSTREAM-GEODCATAP-EE80E3E6A71E4E83D21B,"[""geo"",""network""]","[""http://www.w3.org/ns/dcat#Dataset""]",http://purl.org/dc/terms/description,MUST,1,,[],[],Violation,"[{""language"":""ko"",""text"":""로컬 격리 증거: 원문 PropertyShape에는 메시지가 없으며 sh:minCount 제약을 검증한다."",""source"":""local-evidence"",""predicate"":null}]",MOLIT 로컬 적용 가이드(upstream 원문 보충 설명): <http://purl.org/dc/terms/description> 값을 1개 이상 제공한다. 원문 constraint 값은 변경하지 않는다.,GeoDCAT-AP 3.1.0,"[""https://semiceu.github.io/GeoDCAT-AP/releases/3.1.0#Dataset.description""]",GeoDCAT-AP 3.1.0의 sh:minCount 제약을 변경 없이 채택한다. named PropertyShape의 원문 direct quad를 그대로 채택했다. 추가한 sh:targetNode는 격리 시험용이며 규범 의미를 바꾸지 않는다.,https://semiceu.github.io/GeoDCAT-AP/releases/3.1.0#dcat:DatasetShape/8f61614144aa7bca188b24f5976593dc08aad0e6,UPSTREAM-POS-UPSTREAM-GEODCATAP-EE80E3E6A71E4E83D21B,UPSTREAM-NEG-UPSTREAM-GEODCATAP-EE80E3E6A71E4E83D21B
UPSTREAM-GEODCATAP-EEB75F8781D24B9FE92D,"[""geo"",""network""]","[""http://www.w3.org/ns/dcat#DataService""]",http://purl.org/dc/terms/format,MUST,,,"[""http://www.w3.org/ns/shacl#BlankNodeOrIRI""]",[],Violation,"[{""language"":""ko"",""text"":""로컬 격리 증거: 원문 PropertyShape에는 메시지가 없으며 sh:nodeKind 제약을 검증한다."",""source"":""local-evidence"",""predicate"":null}]",MOLIT 로컬 적용 가이드(upstream 원문 보충 설명): <http://purl.org/dc/terms/format> 값을 <http://www.w3.org/ns/shacl#BlankNodeOrIRI> node kind로 바꾼다. 원문 constraint 값은 변경하지 않는다.,GeoDCAT-AP 3.1.0,"[""https://semiceu.github.io/GeoDCAT-AP/releases/3.1.0#DataService.format""]",GeoDCAT-AP 3.1.0의 sh:nodeKind 제약을 변경 없이 채택한다. named PropertyShape의 원문 direct quad를 그대로 채택했다. 추가한 sh:targetNode는 격리 시험용이며 규범 의미를 바꾸지 않는다.,https://semiceu.github.io/GeoDCAT-AP/releases/3.1.0#dcat:DataServiceShape/c1577bd231c71b0b1910272999755d3414867cfd,UPSTREAM-POS-UPSTREAM-GEODCATAP-EEB75F8781D24B9FE92D,UPSTREAM-NEG-UPSTREAM-GEODCATAP-EEB75F8781D24B9FE92D
UPSTREAM-GEODCATAP-EEE6D656377236C4A33C,"[""geo"",""network""]","[""http://www.w3.org/ns/dcat#DataService""]",http://purl.org/dc/terms/issued,MUST,,,"[""http://www.w3.org/ns/shacl#Literal""]",[],Violation,"[{""language"":""ko"",""text"":""로컬 격리 증거: 원문 PropertyShape에는 메시지가 없으며 sh:nodeKind 제약을 검증한다."",""source"":""local-evidence"",""predicate"":null}]",MOLIT 로컬 적용 가이드(upstream 원문 보충 설명): <http://purl.org/dc/terms/issued> 값을 <http://www.w3.org/ns/shacl#Literal> node kind로 바꾼다. 원문 constraint 값은 변경하지 않는다.,GeoDCAT-AP 3.1.0,"[""https://semiceu.github.io/GeoDCAT-AP/releases/3.1.0#DataService.releasedate""]",GeoDCAT-AP 3.1.0의 sh:nodeKind 제약을 변경 없이 채택한다. named PropertyShape의 원문 direct quad를 그대로 채택했다. 추가한 sh:targetNode는 격리 시험용이며 규범 의미를 바꾸지 않는다.,https://semiceu.github.io/GeoDCAT-AP/releases/3.1.0#dcat:DataServiceShape/4be37093e4c3ba0d5b5a18ef6b97778d6d689392,UPSTREAM-POS-UPSTREAM-GEODCATAP-EEE6D656377236C4A33C,UPSTREAM-NEG-UPSTREAM-GEODCATAP-EEE6D656377236C4A33C
UPSTREAM-GEODCATAP-EEFE5578C0355AA32C16,"[""geo"",""network""]","[""http://www.w3.org/2006/vcard/ns#Address""]",http://www.w3.org/2006/vcard/ns#postal-code,MUST,,1,[],[],Violation,"[{""language"":""ko"",""text"":""로컬 격리 증거: 원문 PropertyShape에는 메시지가 없으며 sh:maxCount 제약을 검증한다."",""source"":""local-evidence"",""predicate"":null}]",MOLIT 로컬 적용 가이드(upstream 원문 보충 설명): <http://www.w3.org/2006/vcard/ns#postal-code> 값을 1개 이하로 줄인다. 원문 constraint 값은 변경하지 않는다.,GeoDCAT-AP 3.1.0,"[""https://semiceu.github.io/GeoDCAT-AP/releases/3.1.0#Address(vCard).postalcode""]",GeoDCAT-AP 3.1.0의 sh:maxCount 제약을 변경 없이 채택한다. named PropertyShape의 원문 direct quad를 그대로 채택했다. 추가한 sh:targetNode는 격리 시험용이며 규범 의미를 바꾸지 않는다.,https://semiceu.github.io/GeoDCAT-AP/releases/3.1.0#vcard:AddressShape/3afae3c268f67574a03e55605be08a7fbe1cb60d,UPSTREAM-POS-UPSTREAM-GEODCATAP-EEFE5578C0355AA32C16,UPSTREAM-NEG-UPSTREAM-GEODCATAP-EEFE5578C0355AA32C16
UPSTREAM-GEODCATAP-EF20B6422CD501548083,"[""geo"",""network""]","[""http://www.w3.org/ns/dcat#Dataset""]",http://data.europa.eu/930/principalInvestigator,MUST,,,"[""http://xmlns.com/foaf/0.1/Agent""]",[],Violation,"[{""language"":""ko"",""text"":""로컬 격리 증거: 원문 PropertyShape에는 메시지가 없으며 sh:class 제약을 검증한다."",""source"":""local-evidence"",""predicate"":null}]",MOLIT 로컬 적용 가이드(upstream 원문 보충 설명): <http://data.europa.eu/930/principalInvestigator>의 모든 값에 rdf:type <http://xmlns.com/foaf/0.1/Agent>를 명시한다. 원문 constraint 값은 변경하지 않는다.,GeoDCAT-AP 3.1.0,"[""https://semiceu.github.io/GeoDCAT-AP/releases/3.1.0#Dataset.principalinvestigator""]",GeoDCAT-AP 3.1.0의 sh:class 제약을 변경 없이 채택한다. named PropertyShape의 원문 direct quad를 그대로 채택했다. 추가한 sh:targetNode는 격리 시험용이며 규범 의미를 바꾸지 않는다.,https://semiceu.github.io/GeoDCAT-AP/releases/3.1.0#dcat:DatasetShape/180fd65179a52d6fe70f2febfc53b2b9dba03682,UPSTREAM-POS-UPSTREAM-GEODCATAP-EF20B6422CD501548083,UPSTREAM-NEG-UPSTREAM-GEODCATAP-EF20B6422CD501548083
UPSTREAM-GEODCATAP-EF26EE79AD94B2E315D2,"[""geo"",""network""]","[""http://www.w3.org/2006/vcard/ns#Address""]",http://www.w3.org/2006/vcard/ns#locality,MUST,,,"[""http://www.w3.org/ns/shacl#Literal""]",[],Violation,"[{""language"":""ko"",""text"":""로컬 격리 증거: 원문 PropertyShape에는 메시지가 없으며 sh:nodeKind 제약을 검증한다."",""source"":""local-evidence"",""predicate"":null}]",MOLIT 로컬 적용 가이드(upstream 원문 보충 설명): <http://www.w3.org/2006/vcard/ns#locality> 값을 <http://www.w3.org/ns/shacl#Literal> node kind로 바꾼다. 원문 constraint 값은 변경하지 않는다.,GeoDCAT-AP 3.1.0,"[""https://semiceu.github.io/GeoDCAT-AP/releases/3.1.0#Address(vCard).city""]",GeoDCAT-AP 3.1.0의 sh:nodeKind 제약을 변경 없이 채택한다. named PropertyShape의 원문 direct quad를 그대로 채택했다. 추가한 sh:targetNode는 격리 시험용이며 규범 의미를 바꾸지 않는다.,https://semiceu.github.io/GeoDCAT-AP/releases/3.1.0#vcard:AddressShape/9ee1f7cd40d31d8408c9983890cb564eb7c7ac1a,UPSTREAM-POS-UPSTREAM-GEODCATAP-EF26EE79AD94B2E315D2,UPSTREAM-NEG-UPSTREAM-GEODCATAP-EF26EE79AD94B2E315D2
UPSTREAM-GEODCATAP-EF294E1A8F315A9A6BCA,"[""geo"",""network""]","[""http://www.w3.org/ns/dcat#DatasetSeries""]",http://www.w3.org/ns/dqv#hasQualityMeasurement,MUST,,,"[""http://www.w3.org/ns/shacl#BlankNodeOrIRI""]",[],Violation,"[{""language"":""ko"",""text"":""로컬 격리 증거: 원문 PropertyShape에는 메시지가 없으며 sh:nodeKind 제약을 검증한다."",""source"":""local-evidence"",""predicate"":null}]",MOLIT 로컬 적용 가이드(upstream 원문 보충 설명): <http://www.w3.org/ns/dqv#hasQualityMeasurement> 값을 <http://www.w3.org/ns/shacl#BlankNodeOrIRI> node kind로 바꾼다. 원문 constraint 값은 변경하지 않는다.,GeoDCAT-AP 3.1.0,"[""https://semiceu.github.io/GeoDCAT-AP/releases/3.1.0#DatasetSeries.spatialresolution""]",GeoDCAT-AP 3.1.0의 sh:nodeKind 제약을 변경 없이 채택한다. named PropertyShape의 원문 direct quad를 그대로 채택했다. 추가한 sh:targetNode는 격리 시험용이며 규범 의미를 바꾸지 않는다.,https://semiceu.github.io/GeoDCAT-AP/releases/3.1.0#dcat:DatasetSeriesShape/46a60c7d3d828d3006937a12f82c1958b94e6f76,UPSTREAM-POS-UPSTREAM-GEODCATAP-EF294E1A8F315A9A6BCA,UPSTREAM-NEG-UPSTREAM-GEODCATAP-EF294E1A8F315A9A6BCA
UPSTREAM-GEODCATAP-EFC2382B10A7EBB687F1,"[""geo"",""network""]","[""http://www.w3.org/ns/dcat#Catalog""]",http://data.europa.eu/930/originator,MUST,,,"[""http://www.w3.org/ns/shacl#BlankNodeOrIRI""]",[],Violation,"[{""language"":""ko"",""text"":""로컬 격리 증거: 원문 PropertyShape에는 메시지가 없으며 sh:nodeKind 제약을 검증한다."",""source"":""local-evidence"",""predicate"":null}]",MOLIT 로컬 적용 가이드(upstream 원문 보충 설명): <http://data.europa.eu/930/originator> 값을 <http://www.w3.org/ns/shacl#BlankNodeOrIRI> node kind로 바꾼다. 원문 constraint 값은 변경하지 않는다.,GeoDCAT-AP 3.1.0,"[""https://semiceu.github.io/GeoDCAT-AP/releases/3.1.0#Catalogue.originator""]",GeoDCAT-AP 3.1.0의 sh:nodeKind 제약을 변경 없이 채택한다. named PropertyShape의 원문 direct quad를 그대로 채택했다. 추가한 sh:targetNode는 격리 시험용이며 규범 의미를 바꾸지 않는다.,https://semiceu.github.io/GeoDCAT-AP/releases/3.1.0#dcat:CatalogShape/f15ac8e72da8db00ffde633a42483a8874e9f5b4,UPSTREAM-POS-UPSTREAM-GEODCATAP-EFC2382B10A7EBB687F1,UPSTREAM-NEG-UPSTREAM-GEODCATAP-EFC2382B10A7EBB687F1
UPSTREAM-GEODCATAP-EFDF91F3445001143197,"[""geo"",""network""]","[""http://www.w3.org/ns/dcat#Catalog""]",http://purl.org/dc/terms/language,MUST,,,"[""http://purl.org/dc/terms/LinguisticSystem""]",[],Violation,"[{""language"":""ko"",""text"":""로컬 격리 증거: 원문 PropertyShape에는 메시지가 없으며 sh:class 제약을 검증한다."",""source"":""local-evidence"",""predicate"":null}]",MOLIT 로컬 적용 가이드(upstream 원문 보충 설명): <http://purl.org/dc/terms/language>의 모든 값에 rdf:type <http://purl.org/dc/terms/LinguisticSystem>를 명시한다. 원문 constraint 값은 변경하지 않는다.,GeoDCAT-AP 3.1.0,"[""https://semiceu.github.io/GeoDCAT-AP/releases/3.1.0#Catalogue.language""]",GeoDCAT-AP 3.1.0의 sh:class 제약을 변경 없이 채택한다. named PropertyShape의 원문 direct quad를 그대로 채택했다. 추가한 sh:targetNode는 격리 시험용이며 규범 의미를 바꾸지 않는다.,https://semiceu.github.io/GeoDCAT-AP/releases/3.1.0#dcat:CatalogShape/29ba27566ab1f32c8bb73f3492436d4bd868d3d2,UPSTREAM-POS-UPSTREAM-GEODCATAP-EFDF91F3445001143197,UPSTREAM-NEG-UPSTREAM-GEODCATAP-EFDF91F3445001143197
UPSTREAM-GEODCATAP-F0079C4F2395DC4EB5B5,"[""geo"",""network""]","[""http://www.w3.org/ns/dcat#DataService""]",http://data.europa.eu/930/serviceCategory,MUST,,1,[],[],Violation,"[{""language"":""ko"",""text"":""로컬 격리 증거: 원문 PropertyShape에는 메시지가 없으며 sh:maxCount 제약을 검증한다."",""source"":""local-evidence"",""predicate"":null}]",MOLIT 로컬 적용 가이드(upstream 원문 보충 설명): <http://data.europa.eu/930/serviceCategory> 값을 1개 이하로 줄인다. 원문 constraint 값은 변경하지 않는다.,GeoDCAT-AP 3.1.0,"[""https://semiceu.github.io/GeoDCAT-AP/releases/3.1.0#DataService.servicecategory""]",GeoDCAT-AP 3.1.0의 sh:maxCount 제약을 변경 없이 채택한다. named PropertyShape의 원문 direct quad를 그대로 채택했다. 추가한 sh:targetNode는 격리 시험용이며 규범 의미를 바꾸지 않는다.,https://semiceu.github.io/GeoDCAT-AP/releases/3.1.0#dcat:DataServiceShape/dc8099c41f835124455fc73f6308b53416f46282,UPSTREAM-POS-UPSTREAM-GEODCATAP-F0079C4F2395DC4EB5B5,UPSTREAM-NEG-UPSTREAM-GEODCATAP-F0079C4F2395DC4EB5B5
UPSTREAM-GEODCATAP-F0371D06475EE936CDB8,"[""geo"",""network""]","[""http://www.w3.org/ns/dcat#Catalog""]",http://purl.org/dc/terms/language,MUST,,,"[""http://www.w3.org/ns/shacl#BlankNodeOrIRI""]",[],Violation,"[{""language"":""ko"",""text"":""로컬 격리 증거: 원문 PropertyShape에는 메시지가 없으며 sh:nodeKind 제약을 검증한다."",""source"":""local-evidence"",""predicate"":null}]",MOLIT 로컬 적용 가이드(upstream 원문 보충 설명): <http://purl.org/dc/terms/language> 값을 <http://www.w3.org/ns/shacl#BlankNodeOrIRI> node kind로 바꾼다. 원문 constraint 값은 변경하지 않는다.,GeoDCAT-AP 3.1.0,"[""https://semiceu.github.io/GeoDCAT-AP/releases/3.1.0#Catalogue.language""]",GeoDCAT-AP 3.1.0의 sh:nodeKind 제약을 변경 없이 채택한다. named PropertyShape의 원문 direct quad를 그대로 채택했다. 추가한 sh:targetNode는 격리 시험용이며 규범 의미를 바꾸지 않는다.,https://semiceu.github.io/GeoDCAT-AP/releases/3.1.0#dcat:CatalogShape/db878f1cb93930f64561d0504123c66feacfad5a,UPSTREAM-POS-UPSTREAM-GEODCATAP-F0371D06475EE936CDB8,UPSTREAM-NEG-UPSTREAM-GEODCATAP-F0371D06475EE936CDB8
UPSTREAM-GEODCATAP-F050A4BB52B7CC7CB60F,"[""geo"",""network""]","[""http://www.w3.org/ns/dcat#CatalogRecord""]",http://data.europa.eu/930/principalInvestigator,MUST,,,"[""http://xmlns.com/foaf/0.1/Agent""]",[],Violation,"[{""language"":""ko"",""text"":""로컬 격리 증거: 원문 PropertyShape에는 메시지가 없으며 sh:class 제약을 검증한다."",""source"":""local-evidence"",""predicate"":null}]",MOLIT 로컬 적용 가이드(upstream 원문 보충 설명): <http://data.europa.eu/930/principalInvestigator>의 모든 값에 rdf:type <http://xmlns.com/foaf/0.1/Agent>를 명시한다. 원문 constraint 값은 변경하지 않는다.,GeoDCAT-AP 3.1.0,"[""https://semiceu.github.io/GeoDCAT-AP/releases/3.1.0#CatalogueRecord.principalinvestigator""]",GeoDCAT-AP 3.1.0의 sh:class 제약을 변경 없이 채택한다. named PropertyShape의 원문 direct quad를 그대로 채택했다. 추가한 sh:targetNode는 격리 시험용이며 규범 의미를 바꾸지 않는다.,https://semiceu.github.io/GeoDCAT-AP/releases/3.1.0#dcat:CatalogRecordShape/180fd65179a52d6fe70f2febfc53b2b9dba03682,UPSTREAM-POS-UPSTREAM-GEODCATAP-F050A4BB52B7CC7CB60F,UPSTREAM-NEG-UPSTREAM-GEODCATAP-F050A4BB52B7CC7CB60F
UPSTREAM-GEODCATAP-F0D20985F84A24F238DA,"[""geo"",""network""]","[""http://www.w3.org/ns/dcat#DataService""]",http://purl.org/dc/terms/accessRights,MUST,,1,[],[],Violation,"[{""language"":""ko"",""text"":""로컬 격리 증거: 원문 PropertyShape에는 메시지가 없으며 sh:maxCount 제약을 검증한다."",""source"":""local-evidence"",""predicate"":null}]",MOLIT 로컬 적용 가이드(upstream 원문 보충 설명): <http://purl.org/dc/terms/accessRights> 값을 1개 이하로 줄인다. 원문 constraint 값은 변경하지 않는다.,GeoDCAT-AP 3.1.0,"[""https://semiceu.github.io/GeoDCAT-AP/releases/3.1.0#DataService.accessrights""]",GeoDCAT-AP 3.1.0의 sh:maxCount 제약을 변경 없이 채택한다. named PropertyShape의 원문 direct quad를 그대로 채택했다. 추가한 sh:targetNode는 격리 시험용이며 규범 의미를 바꾸지 않는다.,https://semiceu.github.io/GeoDCAT-AP/releases/3.1.0#dcat:DataServiceShape/7a20e2eb5f5549088fd53fa93fab0958019f267e,UPSTREAM-POS-UPSTREAM-GEODCATAP-F0D20985F84A24F238DA,UPSTREAM-NEG-UPSTREAM-GEODCATAP-F0D20985F84A24F238DA
UPSTREAM-GEODCATAP-F11AEE69CFBF75F426EB,"[""geo"",""network""]","[""http://www.w3.org/ns/dcat#CatalogRecord""]",http://purl.org/dc/terms/rightsHolder,MUST,,,"[""http://xmlns.com/foaf/0.1/Agent""]",[],Violation,"[{""language"":""ko"",""text"":""로컬 격리 증거: 원문 PropertyShape에는 메시지가 없으며 sh:class 제약을 검증한다."",""source"":""local-evidence"",""predicate"":null}]",MOLIT 로컬 적용 가이드(upstream 원문 보충 설명): <http://purl.org/dc/terms/rightsHolder>의 모든 값에 rdf:type <http://xmlns.com/foaf/0.1/Agent>를 명시한다. 원문 constraint 값은 변경하지 않는다.,GeoDCAT-AP 3.1.0,"[""https://semiceu.github.io/GeoDCAT-AP/releases/3.1.0#CatalogueRecord.rightsholder""]",GeoDCAT-AP 3.1.0의 sh:class 제약을 변경 없이 채택한다. named PropertyShape의 원문 direct quad를 그대로 채택했다. 추가한 sh:targetNode는 격리 시험용이며 규범 의미를 바꾸지 않는다.,https://semiceu.github.io/GeoDCAT-AP/releases/3.1.0#dcat:CatalogRecordShape/35ed9ae46f019b6d5aea75addba75b4c87cb6fc5,UPSTREAM-POS-UPSTREAM-GEODCATAP-F11AEE69CFBF75F426EB,UPSTREAM-NEG-UPSTREAM-GEODCATAP-F11AEE69CFBF75F426EB
UPSTREAM-GEODCATAP-F128783DBF934D88C667,"[""geo"",""network""]","[""http://www.w3.org/ns/dcat#Distribution""]",http://www.w3.org/ns/adms#representationTechnique,MUST,,1,[],[],Violation,"[{""language"":""ko"",""text"":""로컬 격리 증거: 원문 PropertyShape에는 메시지가 없으며 sh:maxCount 제약을 검증한다."",""source"":""local-evidence"",""predicate"":null}]",MOLIT 로컬 적용 가이드(upstream 원문 보충 설명): <http://www.w3.org/ns/adms#representationTechnique> 값을 1개 이하로 줄인다. 원문 constraint 값은 변경하지 않는다.,GeoDCAT-AP 3.1.0,"[""https://semiceu.github.io/GeoDCAT-AP/releases/3.1.0#Distribution.representationtechnique""]",GeoDCAT-AP 3.1.0의 sh:maxCount 제약을 변경 없이 채택한다. named PropertyShape의 원문 direct quad를 그대로 채택했다. 추가한 sh:targetNode는 격리 시험용이며 규범 의미를 바꾸지 않는다.,https://semiceu.github.io/GeoDCAT-AP/releases/3.1.0#dcat:DistributionShape/9606ee75342e0ed78fc6b072593728f39ab28fa1,UPSTREAM-POS-UPSTREAM-GEODCATAP-F128783DBF934D88C667,UPSTREAM-NEG-UPSTREAM-GEODCATAP-F128783DBF934D88C667
UPSTREAM-GEODCATAP-F15F10DD4A665B5EF992,"[""geo"",""network""]","[""http://www.w3.org/2006/vcard/ns#Address""]",http://www.w3.org/2006/vcard/ns#locality,MUST,,1,[],[],Violation,"[{""language"":""ko"",""text"":""로컬 격리 증거: 원문 PropertyShape에는 메시지가 없으며 sh:maxCount 제약을 검증한다."",""source"":""local-evidence"",""predicate"":null}]",MOLIT 로컬 적용 가이드(upstream 원문 보충 설명): <http://www.w3.org/2006/vcard/ns#locality> 값을 1개 이하로 줄인다. 원문 constraint 값은 변경하지 않는다.,GeoDCAT-AP 3.1.0,"[""https://semiceu.github.io/GeoDCAT-AP/releases/3.1.0#Address(vCard).city""]",GeoDCAT-AP 3.1.0의 sh:maxCount 제약을 변경 없이 채택한다. named PropertyShape의 원문 direct quad를 그대로 채택했다. 추가한 sh:targetNode는 격리 시험용이며 규범 의미를 바꾸지 않는다.,https://semiceu.github.io/GeoDCAT-AP/releases/3.1.0#vcard:AddressShape/9d054aa1cd0678e060bb045923a830217657aeb4,UPSTREAM-POS-UPSTREAM-GEODCATAP-F15F10DD4A665B5EF992,UPSTREAM-NEG-UPSTREAM-GEODCATAP-F15F10DD4A665B5EF992
UPSTREAM-GEODCATAP-F200E7E8B09CD8B7C67B,"[""geo"",""network""]","[""http://www.w3.org/ns/dcat#Dataset""]",http://purl.org/dc/terms/spatial,MUST,,,"[""http://purl.org/dc/terms/Location""]",[],Violation,"[{""language"":""ko"",""text"":""로컬 격리 증거: 원문 PropertyShape에는 메시지가 없으며 sh:class 제약을 검증한다."",""source"":""local-evidence"",""predicate"":null}]",MOLIT 로컬 적용 가이드(upstream 원문 보충 설명): <http://purl.org/dc/terms/spatial>의 모든 값에 rdf:type <http://purl.org/dc/terms/Location>를 명시한다. 원문 constraint 값은 변경하지 않는다.,GeoDCAT-AP 3.1.0,"[""https://semiceu.github.io/GeoDCAT-AP/releases/3.1.0#Dataset.geographicalcoverage""]",GeoDCAT-AP 3.1.0의 sh:class 제약을 변경 없이 채택한다. named PropertyShape의 원문 direct quad를 그대로 채택했다. 추가한 sh:targetNode는 격리 시험용이며 규범 의미를 바꾸지 않는다.,https://semiceu.github.io/GeoDCAT-AP/releases/3.1.0#dcat:DatasetShape/00a99d55cbc03165373a8348d5a88402ea4f239a,UPSTREAM-POS-UPSTREAM-GEODCATAP-F200E7E8B09CD8B7C67B,UPSTREAM-NEG-UPSTREAM-GEODCATAP-F200E7E8B09CD8B7C67B
UPSTREAM-GEODCATAP-F2244B7709E84C76FB74,"[""geo"",""network""]","[""http://www.w3.org/ns/dcat#Distribution""]",http://purl.org/dc/terms/conformsTo,MUST,,,"[""http://www.w3.org/ns/shacl#BlankNodeOrIRI""]",[],Violation,"[{""language"":""ko"",""text"":""로컬 격리 증거: 원문 PropertyShape에는 메시지가 없으며 sh:nodeKind 제약을 검증한다."",""source"":""local-evidence"",""predicate"":null}]",MOLIT 로컬 적용 가이드(upstream 원문 보충 설명): <http://purl.org/dc/terms/conformsTo> 값을 <http://www.w3.org/ns/shacl#BlankNodeOrIRI> node kind로 바꾼다. 원문 constraint 값은 변경하지 않는다.,GeoDCAT-AP 3.1.0,"[""https://semiceu.github.io/GeoDCAT-AP/releases/3.1.0#Distribution.linkedschemas""]",GeoDCAT-AP 3.1.0의 sh:nodeKind 제약을 변경 없이 채택한다. named PropertyShape의 원문 direct quad를 그대로 채택했다. 추가한 sh:targetNode는 격리 시험용이며 규범 의미를 바꾸지 않는다.,https://semiceu.github.io/GeoDCAT-AP/releases/3.1.0#dcat:DistributionShape/27b3b10cebe804356667d0cfca6f658b01f83fbb,UPSTREAM-POS-UPSTREAM-GEODCATAP-F2244B7709E84C76FB74,UPSTREAM-NEG-UPSTREAM-GEODCATAP-F2244B7709E84C76FB74
UPSTREAM-GEODCATAP-F2471E83269499E7C618,"[""geo"",""network""]","[""http://www.w3.org/ns/dcat#Distribution""]",http://data.europa.eu/r5r/applicableLegislation,MUST,,,"[""http://www.w3.org/ns/shacl#BlankNodeOrIRI""]",[],Violation,"[{""language"":""ko"",""text"":""로컬 격리 증거: 원문 PropertyShape에는 메시지가 없으며 sh:nodeKind 제약을 검증한다."",""source"":""local-evidence"",""predicate"":null}]",MOLIT 로컬 적용 가이드(upstream 원문 보충 설명): <http://data.europa.eu/r5r/applicableLegislation> 값을 <http://www.w3.org/ns/shacl#BlankNodeOrIRI> node kind로 바꾼다. 원문 constraint 값은 변경하지 않는다.,GeoDCAT-AP 3.1.0,"[""https://semiceu.github.io/GeoDCAT-AP/releases/3.1.0#Distribution.applicablelegislation""]",GeoDCAT-AP 3.1.0의 sh:nodeKind 제약을 변경 없이 채택한다. named PropertyShape의 원문 direct quad를 그대로 채택했다. 추가한 sh:targetNode는 격리 시험용이며 규범 의미를 바꾸지 않는다.,https://semiceu.github.io/GeoDCAT-AP/releases/3.1.0#dcat:DistributionShape/0a6f3bb11ed4ea12f852c78996b89c9a54ffc0fb,UPSTREAM-POS-UPSTREAM-GEODCATAP-F2471E83269499E7C618,UPSTREAM-NEG-UPSTREAM-GEODCATAP-F2471E83269499E7C618
UPSTREAM-GEODCATAP-F29358D8B7F9F50C8896,"[""geo"",""network""]","[""http://www.w3.org/ns/dcat#Catalog""]",http://purl.org/dc/terms/creator,MUST,,,"[""http://www.w3.org/ns/shacl#BlankNodeOrIRI""]",[],Violation,"[{""language"":""ko"",""text"":""로컬 격리 증거: 원문 PropertyShape에는 메시지가 없으며 sh:nodeKind 제약을 검증한다."",""source"":""local-evidence"",""predicate"":null}]",MOLIT 로컬 적용 가이드(upstream 원문 보충 설명): <http://purl.org/dc/terms/creator> 값을 <http://www.w3.org/ns/shacl#BlankNodeOrIRI> node kind로 바꾼다. 원문 constraint 값은 변경하지 않는다.,GeoDCAT-AP 3.1.0,"[""https://semiceu.github.io/GeoDCAT-AP/releases/3.1.0#Catalogue.creator""]",GeoDCAT-AP 3.1.0의 sh:nodeKind 제약을 변경 없이 채택한다. named PropertyShape의 원문 direct quad를 그대로 채택했다. 추가한 sh:targetNode는 격리 시험용이며 규범 의미를 바꾸지 않는다.,https://semiceu.github.io/GeoDCAT-AP/releases/3.1.0#dcat:CatalogShape/7d4c667652f23f3a51353271e3800bca87ed3f68,UPSTREAM-POS-UPSTREAM-GEODCATAP-F29358D8B7F9F50C8896,UPSTREAM-NEG-UPSTREAM-GEODCATAP-F29358D8B7F9F50C8896
UPSTREAM-GEODCATAP-F29AD476F89B5569C83A,"[""geo"",""network""]","[""http://xmlns.com/foaf/0.1/Agent""]",http://www.w3.org/ns/locn#address,MUST,,,"[""http://www.w3.org/ns/shacl#BlankNodeOrIRI""]",[],Violation,"[{""language"":""ko"",""text"":""로컬 격리 증거: 원문 PropertyShape에는 메시지가 없으며 sh:nodeKind 제약을 검증한다."",""source"":""local-evidence"",""predicate"":null}]",MOLIT 로컬 적용 가이드(upstream 원문 보충 설명): <http://www.w3.org/ns/locn#address> 값을 <http://www.w3.org/ns/shacl#BlankNodeOrIRI> node kind로 바꾼다. 원문 constraint 값은 변경하지 않는다.,GeoDCAT-AP 3.1.0,"[""https://semiceu.github.io/GeoDCAT-AP/releases/3.1.0#Agent.address""]",GeoDCAT-AP 3.1.0의 sh:nodeKind 제약을 변경 없이 채택한다. named PropertyShape의 원문 direct quad를 그대로 채택했다. 추가한 sh:targetNode는 격리 시험용이며 규범 의미를 바꾸지 않는다.,https://semiceu.github.io/GeoDCAT-AP/releases/3.1.0#foaf:AgentShape/2c7d994dd540f92c116cac913e2aa5d588945f1f,UPSTREAM-POS-UPSTREAM-GEODCATAP-F29AD476F89B5569C83A,UPSTREAM-NEG-UPSTREAM-GEODCATAP-F29AD476F89B5569C83A
UPSTREAM-GEODCATAP-F2D6FA417E7ACD19E861,"[""geo"",""network""]","[""http://www.w3.org/ns/dcat#Dataset""]",http://purl.org/dc/terms/accrualPeriodicity,MUST,,,"[""http://www.w3.org/ns/shacl#BlankNodeOrIRI""]",[],Violation,"[{""language"":""ko"",""text"":""로컬 격리 증거: 원문 PropertyShape에는 메시지가 없으며 sh:nodeKind 제약을 검증한다."",""source"":""local-evidence"",""predicate"":null}]",MOLIT 로컬 적용 가이드(upstream 원문 보충 설명): <http://purl.org/dc/terms/accrualPeriodicity> 값을 <http://www.w3.org/ns/shacl#BlankNodeOrIRI> node kind로 바꾼다. 원문 constraint 값은 변경하지 않는다.,GeoDCAT-AP 3.1.0,"[""https://semiceu.github.io/GeoDCAT-AP/releases/3.1.0#Dataset.frequency""]",GeoDCAT-AP 3.1.0의 sh:nodeKind 제약을 변경 없이 채택한다. named PropertyShape의 원문 direct quad를 그대로 채택했다. 추가한 sh:targetNode는 격리 시험용이며 규범 의미를 바꾸지 않는다.,https://semiceu.github.io/GeoDCAT-AP/releases/3.1.0#dcat:DatasetShape/63a8cf23801ef605734507c621693524f22476dd,UPSTREAM-POS-UPSTREAM-GEODCATAP-F2D6FA417E7ACD19E861,UPSTREAM-NEG-UPSTREAM-GEODCATAP-F2D6FA417E7ACD19E861
UPSTREAM-GEODCATAP-F3509C7FBC5EF25484AA,"[""geo"",""network""]","[""http://www.w3.org/ns/dcat#Catalog""]",http://www.w3.org/ns/dcat#theme,MUST,,,"[""http://www.w3.org/ns/shacl#BlankNodeOrIRI""]",[],Violation,"[{""language"":""ko"",""text"":""로컬 격리 증거: 원문 PropertyShape에는 메시지가 없으며 sh:nodeKind 제약을 검증한다."",""source"":""local-evidence"",""predicate"":null}]",MOLIT 로컬 적용 가이드(upstream 원문 보충 설명): <http://www.w3.org/ns/dcat#theme> 값을 <http://www.w3.org/ns/shacl#BlankNodeOrIRI> node kind로 바꾼다. 원문 constraint 값은 변경하지 않는다.,GeoDCAT-AP 3.1.0,"[""https://semiceu.github.io/GeoDCAT-AP/releases/3.1.0#Catalogue.theme""]",GeoDCAT-AP 3.1.0의 sh:nodeKind 제약을 변경 없이 채택한다. named PropertyShape의 원문 direct quad를 그대로 채택했다. 추가한 sh:targetNode는 격리 시험용이며 규범 의미를 바꾸지 않는다.,https://semiceu.github.io/GeoDCAT-AP/releases/3.1.0#dcat:CatalogShape/9678e29dc284ba14312bf01cd0a581b960b77a08,UPSTREAM-POS-UPSTREAM-GEODCATAP-F3509C7FBC5EF25484AA,UPSTREAM-NEG-UPSTREAM-GEODCATAP-F3509C7FBC5EF25484AA
UPSTREAM-GEODCATAP-F35BDBEA9D38D878C6F3,"[""geo"",""network""]","[""http://www.w3.org/ns/dcat#DatasetSeries""]",http://www.w3.org/ns/prov#wasGeneratedBy,MUST,,,"[""http://www.w3.org/ns/prov#Activity""]",[],Violation,"[{""language"":""ko"",""text"":""로컬 격리 증거: 원문 PropertyShape에는 메시지가 없으며 sh:class 제약을 검증한다."",""source"":""local-evidence"",""predicate"":null}]",MOLIT 로컬 적용 가이드(upstream 원문 보충 설명): <http://www.w3.org/ns/prov#wasGeneratedBy>의 모든 값에 rdf:type <http://www.w3.org/ns/prov#Activity>를 명시한다. 원문 constraint 값은 변경하지 않는다.,GeoDCAT-AP 3.1.0,"[""https://semiceu.github.io/GeoDCAT-AP/releases/3.1.0#DatasetSeries.wasgeneratedby""]",GeoDCAT-AP 3.1.0의 sh:class 제약을 변경 없이 채택한다. named PropertyShape의 원문 direct quad를 그대로 채택했다. 추가한 sh:targetNode는 격리 시험용이며 규범 의미를 바꾸지 않는다.,https://semiceu.github.io/GeoDCAT-AP/releases/3.1.0#dcat:DatasetSeriesShape/397755646b3e9ed0cfae7a2a581d26251329edb7,UPSTREAM-POS-UPSTREAM-GEODCATAP-F35BDBEA9D38D878C6F3,UPSTREAM-NEG-UPSTREAM-GEODCATAP-F35BDBEA9D38D878C6F3
UPSTREAM-GEODCATAP-F3B941FB73BA2C4B87DB,"[""geo"",""network""]","[""http://purl.org/dc/terms/Standard""]",http://www.w3.org/2004/02/skos/core#inScheme,MUST,,1,[],[],Violation,"[{""language"":""ko"",""text"":""로컬 격리 증거: 원문 PropertyShape에는 메시지가 없으며 sh:maxCount 제약을 검증한다."",""source"":""local-evidence"",""predicate"":null}]",MOLIT 로컬 적용 가이드(upstream 원문 보충 설명): <http://www.w3.org/2004/02/skos/core#inScheme> 값을 1개 이하로 줄인다. 원문 constraint 값은 변경하지 않는다.,GeoDCAT-AP 3.1.0,"[""https://semiceu.github.io/GeoDCAT-AP/releases/3.1.0#Standard.referenceregister""]",GeoDCAT-AP 3.1.0의 sh:maxCount 제약을 변경 없이 채택한다. named PropertyShape의 원문 direct quad를 그대로 채택했다. 추가한 sh:targetNode는 격리 시험용이며 규범 의미를 바꾸지 않는다.,https://semiceu.github.io/GeoDCAT-AP/releases/3.1.0#dct:StandardShape/d1f9785af5a60c0b4f97903606c1d9daa870bdd3,UPSTREAM-POS-UPSTREAM-GEODCATAP-F3B941FB73BA2C4B87DB,UPSTREAM-NEG-UPSTREAM-GEODCATAP-F3B941FB73BA2C4B87DB
UPSTREAM-GEODCATAP-F43D3BE60AD30DCB5C7D,"[""geo"",""network""]","[""http://www.w3.org/ns/dcat#CatalogRecord""]",http://purl.org/dc/terms/source,MUST,,,"[""http://www.w3.org/ns/dcat#CatalogRecord""]",[],Violation,"[{""language"":""ko"",""text"":""로컬 격리 증거: 원문 PropertyShape에는 메시지가 없으며 sh:class 제약을 검증한다."",""source"":""local-evidence"",""predicate"":null}]",MOLIT 로컬 적용 가이드(upstream 원문 보충 설명): <http://purl.org/dc/terms/source>의 모든 값에 rdf:type <http://www.w3.org/ns/dcat#CatalogRecord>를 명시한다. 원문 constraint 값은 변경하지 않는다.,GeoDCAT-AP 3.1.0,"[""https://semiceu.github.io/GeoDCAT-AP/releases/3.1.0#CatalogueRecord.sourcemetadata""]",GeoDCAT-AP 3.1.0의 sh:class 제약을 변경 없이 채택한다. named PropertyShape의 원문 direct quad를 그대로 채택했다. 추가한 sh:targetNode는 격리 시험용이며 규범 의미를 바꾸지 않는다.,https://semiceu.github.io/GeoDCAT-AP/releases/3.1.0#dcat:CatalogRecordShape/95cb7d74c8710526cdd4a980d92ce3cf74d7a38f,UPSTREAM-POS-UPSTREAM-GEODCATAP-F43D3BE60AD30DCB5C7D,UPSTREAM-NEG-UPSTREAM-GEODCATAP-F43D3BE60AD30DCB5C7D
UPSTREAM-GEODCATAP-F5A2E46C17DBFC5D7A55,"[""geo"",""network""]","[""http://www.w3.org/ns/dcat#Distribution""]",http://www.w3.org/ns/dcat#downloadURL,MUST,,,"[""http://www.w3.org/2000/01/rdf-schema#Resource""]",[],Violation,"[{""language"":""ko"",""text"":""로컬 격리 증거: 원문 PropertyShape에는 메시지가 없으며 sh:class 제약을 검증한다."",""source"":""local-evidence"",""predicate"":null}]",MOLIT 로컬 적용 가이드(upstream 원문 보충 설명): <http://www.w3.org/ns/dcat#downloadURL>의 모든 값에 rdf:type <http://www.w3.org/2000/01/rdf-schema#Resource>를 명시한다. 원문 constraint 값은 변경하지 않는다.,GeoDCAT-AP 3.1.0,"[""https://semiceu.github.io/GeoDCAT-AP/releases/3.1.0#Distribution.downloadURL""]",GeoDCAT-AP 3.1.0의 sh:class 제약을 변경 없이 채택한다. named PropertyShape의 원문 direct quad를 그대로 채택했다. 추가한 sh:targetNode는 격리 시험용이며 규범 의미를 바꾸지 않는다.,https://semiceu.github.io/GeoDCAT-AP/releases/3.1.0#dcat:DistributionShape/a07d6e7a0a1790b89a1ce7ff602cbbd9ea835282,UPSTREAM-POS-UPSTREAM-GEODCATAP-F5A2E46C17DBFC5D7A55,UPSTREAM-NEG-UPSTREAM-GEODCATAP-F5A2E46C17DBFC5D7A55
UPSTREAM-GEODCATAP-F6D10C268B0B34B0EA74,"[""geo"",""network""]","[""http://www.w3.org/ns/dcat#DatasetSeries""]",http://purl.org/dc/terms/modified,MUST,,1,[],[],Violation,"[{""language"":""ko"",""text"":""로컬 격리 증거: 원문 PropertyShape에는 메시지가 없으며 sh:maxCount 제약을 검증한다."",""source"":""local-evidence"",""predicate"":null}]",MOLIT 로컬 적용 가이드(upstream 원문 보충 설명): <http://purl.org/dc/terms/modified> 값을 1개 이하로 줄인다. 원문 constraint 값은 변경하지 않는다.,GeoDCAT-AP 3.1.0,"[""https://semiceu.github.io/GeoDCAT-AP/releases/3.1.0#DatasetSeries.modificationdate""]",GeoDCAT-AP 3.1.0의 sh:maxCount 제약을 변경 없이 채택한다. named PropertyShape의 원문 direct quad를 그대로 채택했다. 추가한 sh:targetNode는 격리 시험용이며 규범 의미를 바꾸지 않는다.,https://semiceu.github.io/GeoDCAT-AP/releases/3.1.0#dcat:DatasetSeriesShape/9e9d878c1c354206edc1d411f33c82d4d01e5a8f,UPSTREAM-POS-UPSTREAM-GEODCATAP-F6D10C268B0B34B0EA74,UPSTREAM-NEG-UPSTREAM-GEODCATAP-F6D10C268B0B34B0EA74
UPSTREAM-GEODCATAP-F6E2DDA24ADFA60124B3,"[""geo"",""network""]","[""http://www.w3.org/ns/dcat#Dataset""]",http://data.europa.eu/930/originator,MUST,,,"[""http://xmlns.com/foaf/0.1/Agent""]",[],Violation,"[{""language"":""ko"",""text"":""로컬 격리 증거: 원문 PropertyShape에는 메시지가 없으며 sh:class 제약을 검증한다."",""source"":""local-evidence"",""predicate"":null}]",MOLIT 로컬 적용 가이드(upstream 원문 보충 설명): <http://data.europa.eu/930/originator>의 모든 값에 rdf:type <http://xmlns.com/foaf/0.1/Agent>를 명시한다. 원문 constraint 값은 변경하지 않는다.,GeoDCAT-AP 3.1.0,"[""https://semiceu.github.io/GeoDCAT-AP/releases/3.1.0#Dataset.originator""]",GeoDCAT-AP 3.1.0의 sh:class 제약을 변경 없이 채택한다. named PropertyShape의 원문 direct quad를 그대로 채택했다. 추가한 sh:targetNode는 격리 시험용이며 규범 의미를 바꾸지 않는다.,https://semiceu.github.io/GeoDCAT-AP/releases/3.1.0#dcat:DatasetShape/48476aa3f2bfa8f7c3e4d22652531e590c90e9ac,UPSTREAM-POS-UPSTREAM-GEODCATAP-F6E2DDA24ADFA60124B3,UPSTREAM-NEG-UPSTREAM-GEODCATAP-F6E2DDA24ADFA60124B3
UPSTREAM-GEODCATAP-F73A1628BA9FE7E4370E,"[""geo"",""network""]","[""http://www.w3.org/ns/dcat#DatasetSeries""]",http://purl.org/dc/terms/accessRights,MUST,,,"[""http://www.w3.org/ns/shacl#BlankNodeOrIRI""]",[],Violation,"[{""language"":""ko"",""text"":""로컬 격리 증거: 원문 PropertyShape에는 메시지가 없으며 sh:nodeKind 제약을 검증한다."",""source"":""local-evidence"",""predicate"":null}]",MOLIT 로컬 적용 가이드(upstream 원문 보충 설명): <http://purl.org/dc/terms/accessRights> 값을 <http://www.w3.org/ns/shacl#BlankNodeOrIRI> node kind로 바꾼다. 원문 constraint 값은 변경하지 않는다.,GeoDCAT-AP 3.1.0,"[""https://semiceu.github.io/GeoDCAT-AP/releases/3.1.0#DatasetSeries.accessrights""]",GeoDCAT-AP 3.1.0의 sh:nodeKind 제약을 변경 없이 채택한다. named PropertyShape의 원문 direct quad를 그대로 채택했다. 추가한 sh:targetNode는 격리 시험용이며 규범 의미를 바꾸지 않는다.,https://semiceu.github.io/GeoDCAT-AP/releases/3.1.0#dcat:DatasetSeriesShape/10c0ca4deadefb51c529f56ee01caf9bd2639ef4,UPSTREAM-POS-UPSTREAM-GEODCATAP-F73A1628BA9FE7E4370E,UPSTREAM-NEG-UPSTREAM-GEODCATAP-F73A1628BA9FE7E4370E
UPSTREAM-GEODCATAP-F75BD6150EE0F4ECBC3E,"[""geo"",""network""]","[""http://www.w3.org/ns/dqv#QualityMeasurement""]",http://www.w3.org/ns/dqv#value,MUST,,,"[""http://www.w3.org/ns/shacl#Literal""]",[],Violation,"[{""language"":""ko"",""text"":""로컬 격리 증거: 원문 PropertyShape에는 메시지가 없으며 sh:nodeKind 제약을 검증한다."",""source"":""local-evidence"",""predicate"":null}]",MOLIT 로컬 적용 가이드(upstream 원문 보충 설명): <http://www.w3.org/ns/dqv#value> 값을 <http://www.w3.org/ns/shacl#Literal> node kind로 바꾼다. 원문 constraint 값은 변경하지 않는다.,GeoDCAT-AP 3.1.0,"[""https://semiceu.github.io/GeoDCAT-AP/releases/3.1.0#QualityMeasurement.value""]",GeoDCAT-AP 3.1.0의 sh:nodeKind 제약을 변경 없이 채택한다. named PropertyShape의 원문 direct quad를 그대로 채택했다. 추가한 sh:targetNode는 격리 시험용이며 규범 의미를 바꾸지 않는다.,https://semiceu.github.io/GeoDCAT-AP/releases/3.1.0#dqv:QualityMeasurementShape/3ae7580c4039ed7af240c19ddf9bdc57c8fba687,UPSTREAM-POS-UPSTREAM-GEODCATAP-F75BD6150EE0F4ECBC3E,UPSTREAM-NEG-UPSTREAM-GEODCATAP-F75BD6150EE0F4ECBC3E
UPSTREAM-GEODCATAP-F78DD4DB9EEAF254F6EE,"[""geo"",""network""]","[""http://www.w3.org/ns/dcat#Dataset""]",http://purl.org/dc/terms/spatial,MUST,,,"[""http://www.w3.org/ns/shacl#BlankNodeOrIRI""]",[],Violation,"[{""language"":""ko"",""text"":""로컬 격리 증거: 원문 PropertyShape에는 메시지가 없으며 sh:nodeKind 제약을 검증한다."",""source"":""local-evidence"",""predicate"":null}]",MOLIT 로컬 적용 가이드(upstream 원문 보충 설명): <http://purl.org/dc/terms/spatial> 값을 <http://www.w3.org/ns/shacl#BlankNodeOrIRI> node kind로 바꾼다. 원문 constraint 값은 변경하지 않는다.,GeoDCAT-AP 3.1.0,"[""https://semiceu.github.io/GeoDCAT-AP/releases/3.1.0#Dataset.geographicalcoverage""]",GeoDCAT-AP 3.1.0의 sh:nodeKind 제약을 변경 없이 채택한다. named PropertyShape의 원문 direct quad를 그대로 채택했다. 추가한 sh:targetNode는 격리 시험용이며 규범 의미를 바꾸지 않는다.,https://semiceu.github.io/GeoDCAT-AP/releases/3.1.0#dcat:DatasetShape/95015004529c652bcb276060d84ed7423c4a9b08,UPSTREAM-POS-UPSTREAM-GEODCATAP-F78DD4DB9EEAF254F6EE,UPSTREAM-NEG-UPSTREAM-GEODCATAP-F78DD4DB9EEAF254F6EE
UPSTREAM-GEODCATAP-F7DC99255FDE97F5C47E,"[""geo"",""network""]","[""http://www.w3.org/ns/dcat#Dataset""]",http://www.w3.org/ns/adms#sample,MUST,,,"[""http://www.w3.org/ns/shacl#BlankNodeOrIRI""]",[],Violation,"[{""language"":""ko"",""text"":""로컬 격리 증거: 원문 PropertyShape에는 메시지가 없으며 sh:nodeKind 제약을 검증한다."",""source"":""local-evidence"",""predicate"":null}]",MOLIT 로컬 적용 가이드(upstream 원문 보충 설명): <http://www.w3.org/ns/adms#sample> 값을 <http://www.w3.org/ns/shacl#BlankNodeOrIRI> node kind로 바꾼다. 원문 constraint 값은 변경하지 않는다.,GeoDCAT-AP 3.1.0,"[""https://semiceu.github.io/GeoDCAT-AP/releases/3.1.0#Dataset.sample""]",GeoDCAT-AP 3.1.0의 sh:nodeKind 제약을 변경 없이 채택한다. named PropertyShape의 원문 direct quad를 그대로 채택했다. 추가한 sh:targetNode는 격리 시험용이며 규범 의미를 바꾸지 않는다.,https://semiceu.github.io/GeoDCAT-AP/releases/3.1.0#dcat:DatasetShape/34ba47520d520f97bbcdea3c6fd3dc176d312689,UPSTREAM-POS-UPSTREAM-GEODCATAP-F7DC99255FDE97F5C47E,UPSTREAM-NEG-UPSTREAM-GEODCATAP-F7DC99255FDE97F5C47E
UPSTREAM-GEODCATAP-F83F2B19C273589E1B4E,"[""geo"",""network""]","[""http://www.w3.org/ns/prov#Entity""]",http://purl.org/dc/terms/type,MUST,,,"[""http://www.w3.org/ns/shacl#BlankNodeOrIRI""]",[],Violation,"[{""language"":""ko"",""text"":""로컬 격리 증거: 원문 PropertyShape에는 메시지가 없으며 sh:nodeKind 제약을 검증한다."",""source"":""local-evidence"",""predicate"":null}]",MOLIT 로컬 적용 가이드(upstream 원문 보충 설명): <http://purl.org/dc/terms/type> 값을 <http://www.w3.org/ns/shacl#BlankNodeOrIRI> node kind로 바꾼다. 원문 constraint 값은 변경하지 않는다.,GeoDCAT-AP 3.1.0,"[""https://semiceu.github.io/GeoDCAT-AP/releases/3.1.0#Entity.degreeofconformity""]",GeoDCAT-AP 3.1.0의 sh:nodeKind 제약을 변경 없이 채택한다. named PropertyShape의 원문 direct quad를 그대로 채택했다. 추가한 sh:targetNode는 격리 시험용이며 규범 의미를 바꾸지 않는다.,https://semiceu.github.io/GeoDCAT-AP/releases/3.1.0#prov:EntityShape/fdc0fa83185f2368e008c62d0ecb136fcecd11f6,UPSTREAM-POS-UPSTREAM-GEODCATAP-F83F2B19C273589E1B4E,UPSTREAM-NEG-UPSTREAM-GEODCATAP-F83F2B19C273589E1B4E
UPSTREAM-GEODCATAP-F86CB0E34A52D2EFA4CC,"[""geo"",""network""]","[""http://www.w3.org/ns/dcat#Distribution""]",http://www.w3.org/ns/dcat#temporalResolution,MUST,,,"[""http://www.w3.org/2001/XMLSchema#duration""]",[],Violation,"[{""language"":""ko"",""text"":""로컬 격리 증거: 원문 PropertyShape에는 메시지가 없으며 sh:datatype 제약을 검증한다."",""source"":""local-evidence"",""predicate"":null}]",MOLIT 로컬 적용 가이드(upstream 원문 보충 설명): <http://www.w3.org/ns/dcat#temporalResolution> 값을 <http://www.w3.org/2001/XMLSchema#duration> datatype의 유효한 lexical literal로 직렬화한다. 원문 constraint 값은 변경하지 않는다.,GeoDCAT-AP 3.1.0,"[""https://semiceu.github.io/GeoDCAT-AP/releases/3.1.0#Distribution.temporalresolution""]",GeoDCAT-AP 3.1.0의 sh:datatype 제약을 변경 없이 채택한다. named PropertyShape의 원문 direct quad를 그대로 채택했다. 추가한 sh:targetNode는 격리 시험용이며 규범 의미를 바꾸지 않는다.,https://semiceu.github.io/GeoDCAT-AP/releases/3.1.0#dcat:DistributionShape/e6d76f7de5d5b08e584d9cd40619631987a64a7c,UPSTREAM-POS-UPSTREAM-GEODCATAP-F86CB0E34A52D2EFA4CC,UPSTREAM-NEG-UPSTREAM-GEODCATAP-F86CB0E34A52D2EFA4CC
UPSTREAM-GEODCATAP-F88617DA17C4E686B314,"[""geo"",""network""]","[""http://www.w3.org/ns/dcat#DataService""]",http://data.europa.eu/930/principalInvestigator,MUST,,,"[""http://xmlns.com/foaf/0.1/Agent""]",[],Violation,"[{""language"":""ko"",""text"":""로컬 격리 증거: 원문 PropertyShape에는 메시지가 없으며 sh:class 제약을 검증한다."",""source"":""local-evidence"",""predicate"":null}]",MOLIT 로컬 적용 가이드(upstream 원문 보충 설명): <http://data.europa.eu/930/principalInvestigator>의 모든 값에 rdf:type <http://xmlns.com/foaf/0.1/Agent>를 명시한다. 원문 constraint 값은 변경하지 않는다.,GeoDCAT-AP 3.1.0,"[""https://semiceu.github.io/GeoDCAT-AP/releases/3.1.0#DataService.principalinvestigator""]",GeoDCAT-AP 3.1.0의 sh:class 제약을 변경 없이 채택한다. named PropertyShape의 원문 direct quad를 그대로 채택했다. 추가한 sh:targetNode는 격리 시험용이며 규범 의미를 바꾸지 않는다.,https://semiceu.github.io/GeoDCAT-AP/releases/3.1.0#dcat:DataServiceShape/180fd65179a52d6fe70f2febfc53b2b9dba03682,UPSTREAM-POS-UPSTREAM-GEODCATAP-F88617DA17C4E686B314,UPSTREAM-NEG-UPSTREAM-GEODCATAP-F88617DA17C4E686B314
UPSTREAM-GEODCATAP-F88687587B1AD150683A,"[""geo"",""network""]","[""http://www.w3.org/ns/dcat#DatasetSeries""]",http://data.europa.eu/930/resourceType,MUST,,1,[],[],Violation,"[{""language"":""ko"",""text"":""로컬 격리 증거: 원문 PropertyShape에는 메시지가 없으며 sh:maxCount 제약을 검증한다."",""source"":""local-evidence"",""predicate"":null}]",MOLIT 로컬 적용 가이드(upstream 원문 보충 설명): <http://data.europa.eu/930/resourceType> 값을 1개 이하로 줄인다. 원문 constraint 값은 변경하지 않는다.,GeoDCAT-AP 3.1.0,"[""https://semiceu.github.io/GeoDCAT-AP/releases/3.1.0#DatasetSeries.resourcetype""]",GeoDCAT-AP 3.1.0의 sh:maxCount 제약을 변경 없이 채택한다. named PropertyShape의 원문 direct quad를 그대로 채택했다. 추가한 sh:targetNode는 격리 시험용이며 규범 의미를 바꾸지 않는다.,https://semiceu.github.io/GeoDCAT-AP/releases/3.1.0#dcat:DatasetSeriesShape/4cba2ec81cc2d95d149041a01cbc4d9a16def925,UPSTREAM-POS-UPSTREAM-GEODCATAP-F88687587B1AD150683A,UPSTREAM-NEG-UPSTREAM-GEODCATAP-F88687587B1AD150683A
UPSTREAM-GEODCATAP-F8E3A77983077990411C,"[""geo"",""network""]","[""http://www.w3.org/ns/dcat#Catalog""]",http://data.europa.eu/930/principalInvestigator,MUST,,,"[""http://www.w3.org/ns/shacl#BlankNodeOrIRI""]",[],Violation,"[{""language"":""ko"",""text"":""로컬 격리 증거: 원문 PropertyShape에는 메시지가 없으며 sh:nodeKind 제약을 검증한다."",""source"":""local-evidence"",""predicate"":null}]",MOLIT 로컬 적용 가이드(upstream 원문 보충 설명): <http://data.europa.eu/930/principalInvestigator> 값을 <http://www.w3.org/ns/shacl#BlankNodeOrIRI> node kind로 바꾼다. 원문 constraint 값은 변경하지 않는다.,GeoDCAT-AP 3.1.0,"[""https://semiceu.github.io/GeoDCAT-AP/releases/3.1.0#Catalogue.principalinvestigator""]",GeoDCAT-AP 3.1.0의 sh:nodeKind 제약을 변경 없이 채택한다. named PropertyShape의 원문 direct quad를 그대로 채택했다. 추가한 sh:targetNode는 격리 시험용이며 규범 의미를 바꾸지 않는다.,https://semiceu.github.io/GeoDCAT-AP/releases/3.1.0#dcat:CatalogShape/332a16958cb700460c864d15f17f0a67ca9cf034,UPSTREAM-POS-UPSTREAM-GEODCATAP-F8E3A77983077990411C,UPSTREAM-NEG-UPSTREAM-GEODCATAP-F8E3A77983077990411C
UPSTREAM-GEODCATAP-F8FFB1CDBBB6F65389E8,"[""geo"",""network""]","[""http://www.w3.org/ns/dcat#Catalog""]",http://xmlns.com/foaf/0.1/homepage,MUST,,,"[""http://www.w3.org/ns/shacl#BlankNodeOrIRI""]",[],Violation,"[{""language"":""ko"",""text"":""로컬 격리 증거: 원문 PropertyShape에는 메시지가 없으며 sh:nodeKind 제약을 검증한다."",""source"":""local-evidence"",""predicate"":null}]",MOLIT 로컬 적용 가이드(upstream 원문 보충 설명): <http://xmlns.com/foaf/0.1/homepage> 값을 <http://www.w3.org/ns/shacl#BlankNodeOrIRI> node kind로 바꾼다. 원문 constraint 값은 변경하지 않는다.,GeoDCAT-AP 3.1.0,"[""https://semiceu.github.io/GeoDCAT-AP/releases/3.1.0#Catalogue.homepage""]",GeoDCAT-AP 3.1.0의 sh:nodeKind 제약을 변경 없이 채택한다. named PropertyShape의 원문 direct quad를 그대로 채택했다. 추가한 sh:targetNode는 격리 시험용이며 규범 의미를 바꾸지 않는다.,https://semiceu.github.io/GeoDCAT-AP/releases/3.1.0#dcat:CatalogShape/8d36a62f83db7f94097e27edb51306e17e0d40f3,UPSTREAM-POS-UPSTREAM-GEODCATAP-F8FFB1CDBBB6F65389E8,UPSTREAM-NEG-UPSTREAM-GEODCATAP-F8FFB1CDBBB6F65389E8
UPSTREAM-GEODCATAP-F99F385CBAFC16472A81,"[""geo"",""network""]","[""http://www.w3.org/ns/dcat#CatalogRecord""]",http://www.w3.org/ns/adms#status,MUST,,,"[""http://www.w3.org/2004/02/skos/core#Concept""]",[],Violation,"[{""language"":""ko"",""text"":""로컬 격리 증거: 원문 PropertyShape에는 메시지가 없으며 sh:class 제약을 검증한다."",""source"":""local-evidence"",""predicate"":null}]",MOLIT 로컬 적용 가이드(upstream 원문 보충 설명): <http://www.w3.org/ns/adms#status>의 모든 값에 rdf:type <http://www.w3.org/2004/02/skos/core#Concept>를 명시한다. 원문 constraint 값은 변경하지 않는다.,GeoDCAT-AP 3.1.0,"[""https://semiceu.github.io/GeoDCAT-AP/releases/3.1.0#CatalogueRecord.changetype""]",GeoDCAT-AP 3.1.0의 sh:class 제약을 변경 없이 채택한다. named PropertyShape의 원문 direct quad를 그대로 채택했다. 추가한 sh:targetNode는 격리 시험용이며 규범 의미를 바꾸지 않는다.,https://semiceu.github.io/GeoDCAT-AP/releases/3.1.0#dcat:CatalogRecordShape/4b28ec6b7000fa7ccd38127f115952dd990d7d9c,UPSTREAM-POS-UPSTREAM-GEODCATAP-F99F385CBAFC16472A81,UPSTREAM-NEG-UPSTREAM-GEODCATAP-F99F385CBAFC16472A81
UPSTREAM-GEODCATAP-FA2637CD5C39266F99EA,"[""geo"",""network""]","[""http://www.w3.org/2006/vcard/ns#Kind""]",http://www.w3.org/2006/vcard/ns#hasAddress,MUST,,1,[],[],Violation,"[{""language"":""ko"",""text"":""로컬 격리 증거: 원문 PropertyShape에는 메시지가 없으며 sh:maxCount 제약을 검증한다."",""source"":""local-evidence"",""predicate"":null}]",MOLIT 로컬 적용 가이드(upstream 원문 보충 설명): <http://www.w3.org/2006/vcard/ns#hasAddress> 값을 1개 이하로 줄인다. 원문 constraint 값은 변경하지 않는다.,GeoDCAT-AP 3.1.0,"[""https://semiceu.github.io/GeoDCAT-AP/releases/3.1.0#Kind.address""]",GeoDCAT-AP 3.1.0의 sh:maxCount 제약을 변경 없이 채택한다. named PropertyShape의 원문 direct quad를 그대로 채택했다. 추가한 sh:targetNode는 격리 시험용이며 규범 의미를 바꾸지 않는다.,https://semiceu.github.io/GeoDCAT-AP/releases/3.1.0#vcard:KindShape/06950e17e8d4a67fa64194ac4c46abad5ae7b92e,UPSTREAM-POS-UPSTREAM-GEODCATAP-FA2637CD5C39266F99EA,UPSTREAM-NEG-UPSTREAM-GEODCATAP-FA2637CD5C39266F99EA
UPSTREAM-GEODCATAP-FA856CE7912DF982F629,"[""geo"",""network""]","[""http://www.w3.org/ns/dcat#Dataset""]",http://purl.org/dc/terms/provenance,MUST,,,"[""http://purl.org/dc/terms/ProvenanceStatement""]",[],Violation,"[{""language"":""ko"",""text"":""로컬 격리 증거: 원문 PropertyShape에는 메시지가 없으며 sh:class 제약을 검증한다."",""source"":""local-evidence"",""predicate"":null}]",MOLIT 로컬 적용 가이드(upstream 원문 보충 설명): <http://purl.org/dc/terms/provenance>의 모든 값에 rdf:type <http://purl.org/dc/terms/ProvenanceStatement>를 명시한다. 원문 constraint 값은 변경하지 않는다.,GeoDCAT-AP 3.1.0,"[""https://semiceu.github.io/GeoDCAT-AP/releases/3.1.0#Dataset.provenance""]",GeoDCAT-AP 3.1.0의 sh:class 제약을 변경 없이 채택한다. named PropertyShape의 원문 direct quad를 그대로 채택했다. 추가한 sh:targetNode는 격리 시험용이며 규범 의미를 바꾸지 않는다.,https://semiceu.github.io/GeoDCAT-AP/releases/3.1.0#dcat:DatasetShape/0bcb30d1f00a2e13ee04c77dbcb8018f2ef83d5b,UPSTREAM-POS-UPSTREAM-GEODCATAP-FA856CE7912DF982F629,UPSTREAM-NEG-UPSTREAM-GEODCATAP-FA856CE7912DF982F629
UPSTREAM-GEODCATAP-FAFC8D7E0A2D5BBD104E,"[""geo"",""network""]","[""http://www.w3.org/ns/dcat#DatasetSeries""]",http://www.w3.org/ns/dcat#contactPoint,MUST,,,"[""http://www.w3.org/2006/vcard/ns#Kind""]",[],Violation,"[{""language"":""ko"",""text"":""로컬 격리 증거: 원문 PropertyShape에는 메시지가 없으며 sh:class 제약을 검증한다."",""source"":""local-evidence"",""predicate"":null}]",MOLIT 로컬 적용 가이드(upstream 원문 보충 설명): <http://www.w3.org/ns/dcat#contactPoint>의 모든 값에 rdf:type <http://www.w3.org/2006/vcard/ns#Kind>를 명시한다. 원문 constraint 값은 변경하지 않는다.,GeoDCAT-AP 3.1.0,"[""https://semiceu.github.io/GeoDCAT-AP/releases/3.1.0#DatasetSeries.contactpoint""]",GeoDCAT-AP 3.1.0의 sh:class 제약을 변경 없이 채택한다. named PropertyShape의 원문 direct quad를 그대로 채택했다. 추가한 sh:targetNode는 격리 시험용이며 규범 의미를 바꾸지 않는다.,https://semiceu.github.io/GeoDCAT-AP/releases/3.1.0#dcat:DatasetSeriesShape/7b6713c1f4a52e964f5db57eabef294b6d04e90e,UPSTREAM-POS-UPSTREAM-GEODCATAP-FAFC8D7E0A2D5BBD104E,UPSTREAM-NEG-UPSTREAM-GEODCATAP-FAFC8D7E0A2D5BBD104E
UPSTREAM-GEODCATAP-FB5A15FE440D7DA8556F,"[""geo"",""network""]","[""http://www.w3.org/ns/dcat#DatasetSeries""]",http://www.w3.org/ns/dcat#theme,MUST,,,"[""http://www.w3.org/2004/02/skos/core#Concept""]",[],Violation,"[{""language"":""ko"",""text"":""로컬 격리 증거: 원문 PropertyShape에는 메시지가 없으며 sh:class 제약을 검증한다."",""source"":""local-evidence"",""predicate"":null}]",MOLIT 로컬 적용 가이드(upstream 원문 보충 설명): <http://www.w3.org/ns/dcat#theme>의 모든 값에 rdf:type <http://www.w3.org/2004/02/skos/core#Concept>를 명시한다. 원문 constraint 값은 변경하지 않는다.,GeoDCAT-AP 3.1.0,"[""https://semiceu.github.io/GeoDCAT-AP/releases/3.1.0#DatasetSeries.theme""]",GeoDCAT-AP 3.1.0의 sh:class 제약을 변경 없이 채택한다. named PropertyShape의 원문 direct quad를 그대로 채택했다. 추가한 sh:targetNode는 격리 시험용이며 규범 의미를 바꾸지 않는다.,https://semiceu.github.io/GeoDCAT-AP/releases/3.1.0#dcat:DatasetSeriesShape/dede6a68a95ac0f43ca88def472d8fc001f86ebe,UPSTREAM-POS-UPSTREAM-GEODCATAP-FB5A15FE440D7DA8556F,UPSTREAM-NEG-UPSTREAM-GEODCATAP-FB5A15FE440D7DA8556F
UPSTREAM-GEODCATAP-FB80D0DF5CC5E294DC9C,"[""geo"",""network""]","[""http://www.w3.org/ns/dcat#Dataset""]",http://www.w3.org/ns/prov#wasUsedBy,MUST,,,"[""http://www.w3.org/ns/prov#Activity""]",[],Violation,"[{""language"":""ko"",""text"":""로컬 격리 증거: 원문 PropertyShape에는 메시지가 없으며 sh:class 제약을 검증한다."",""source"":""local-evidence"",""predicate"":null}]",MOLIT 로컬 적용 가이드(upstream 원문 보충 설명): <http://www.w3.org/ns/prov#wasUsedBy>의 모든 값에 rdf:type <http://www.w3.org/ns/prov#Activity>를 명시한다. 원문 constraint 값은 변경하지 않는다.,GeoDCAT-AP 3.1.0,"[""https://semiceu.github.io/GeoDCAT-AP/releases/3.1.0#Dataset.wasusedby""]",GeoDCAT-AP 3.1.0의 sh:class 제약을 변경 없이 채택한다. named PropertyShape의 원문 direct quad를 그대로 채택했다. 추가한 sh:targetNode는 격리 시험용이며 규범 의미를 바꾸지 않는다.,https://semiceu.github.io/GeoDCAT-AP/releases/3.1.0#dcat:DatasetShape/1a835a94445575c2a10b5f05474c2f9fda6d49ac,UPSTREAM-POS-UPSTREAM-GEODCATAP-FB80D0DF5CC5E294DC9C,UPSTREAM-NEG-UPSTREAM-GEODCATAP-FB80D0DF5CC5E294DC9C
UPSTREAM-GEODCATAP-FBD2C5982CF106917A94,"[""geo"",""network""]","[""http://www.w3.org/ns/dcat#Distribution""]",http://purl.org/dc/terms/modified,MUST,,,"[""http://www.w3.org/ns/shacl#Literal""]",[],Violation,"[{""language"":""ko"",""text"":""로컬 격리 증거: 원문 PropertyShape에는 메시지가 없으며 sh:nodeKind 제약을 검증한다."",""source"":""local-evidence"",""predicate"":null}]",MOLIT 로컬 적용 가이드(upstream 원문 보충 설명): <http://purl.org/dc/terms/modified> 값을 <http://www.w3.org/ns/shacl#Literal> node kind로 바꾼다. 원문 constraint 값은 변경하지 않는다.,GeoDCAT-AP 3.1.0,"[""https://semiceu.github.io/GeoDCAT-AP/releases/3.1.0#Distribution.modificationdate""]",GeoDCAT-AP 3.1.0의 sh:nodeKind 제약을 변경 없이 채택한다. named PropertyShape의 원문 direct quad를 그대로 채택했다. 추가한 sh:targetNode는 격리 시험용이며 규범 의미를 바꾸지 않는다.,https://semiceu.github.io/GeoDCAT-AP/releases/3.1.0#dcat:DistributionShape/6b7242b6b89977700c05e4875131fbb975c4235e,UPSTREAM-POS-UPSTREAM-GEODCATAP-FBD2C5982CF106917A94,UPSTREAM-NEG-UPSTREAM-GEODCATAP-FBD2C5982CF106917A94
UPSTREAM-GEODCATAP-FBE432C5380F7BD28E9B,"[""geo"",""network""]","[""http://www.w3.org/ns/dcat#Dataset""]",http://purl.org/dc/terms/language,MUST,,,"[""http://purl.org/dc/terms/LinguisticSystem""]",[],Violation,"[{""language"":""ko"",""text"":""로컬 격리 증거: 원문 PropertyShape에는 메시지가 없으며 sh:class 제약을 검증한다."",""source"":""local-evidence"",""predicate"":null}]",MOLIT 로컬 적용 가이드(upstream 원문 보충 설명): <http://purl.org/dc/terms/language>의 모든 값에 rdf:type <http://purl.org/dc/terms/LinguisticSystem>를 명시한다. 원문 constraint 값은 변경하지 않는다.,GeoDCAT-AP 3.1.0,"[""https://semiceu.github.io/GeoDCAT-AP/releases/3.1.0#Dataset.language""]",GeoDCAT-AP 3.1.0의 sh:class 제약을 변경 없이 채택한다. named PropertyShape의 원문 direct quad를 그대로 채택했다. 추가한 sh:targetNode는 격리 시험용이며 규범 의미를 바꾸지 않는다.,https://semiceu.github.io/GeoDCAT-AP/releases/3.1.0#dcat:DatasetShape/29ba27566ab1f32c8bb73f3492436d4bd868d3d2,UPSTREAM-POS-UPSTREAM-GEODCATAP-FBE432C5380F7BD28E9B,UPSTREAM-NEG-UPSTREAM-GEODCATAP-FBE432C5380F7BD28E9B
UPSTREAM-GEODCATAP-FC25C6F3ED41CA8F4D62,"[""geo"",""network""]","[""http://www.w3.org/ns/dqv#Metric""]",http://www.w3.org/ns/dqv#expectedDataType,MUST,,1,[],[],Violation,"[{""language"":""ko"",""text"":""로컬 격리 증거: 원문 PropertyShape에는 메시지가 없으며 sh:maxCount 제약을 검증한다."",""source"":""local-evidence"",""predicate"":null}]",MOLIT 로컬 적용 가이드(upstream 원문 보충 설명): <http://www.w3.org/ns/dqv#expectedDataType> 값을 1개 이하로 줄인다. 원문 constraint 값은 변경하지 않는다.,GeoDCAT-AP 3.1.0,"[""https://semiceu.github.io/GeoDCAT-AP/releases/3.1.0#Metric.expecteddatatype""]",GeoDCAT-AP 3.1.0의 sh:maxCount 제약을 변경 없이 채택한다. named PropertyShape의 원문 direct quad를 그대로 채택했다. 추가한 sh:targetNode는 격리 시험용이며 규범 의미를 바꾸지 않는다.,https://semiceu.github.io/GeoDCAT-AP/releases/3.1.0#dqv:MetricShape/b9fa9637b2613e17e2b050e2ee35fa8f9ecb783b,UPSTREAM-POS-UPSTREAM-GEODCATAP-FC25C6F3ED41CA8F4D62,UPSTREAM-NEG-UPSTREAM-GEODCATAP-FC25C6F3ED41CA8F4D62
UPSTREAM-GEODCATAP-FC693EBC52F31A468BA9,"[""geo"",""network""]","[""http://www.w3.org/ns/dcat#DatasetSeries""]",http://data.europa.eu/930/referenceSystem,MUST,,,"[""http://www.w3.org/2004/02/skos/core#Concept""]",[],Violation,"[{""language"":""ko"",""text"":""로컬 격리 증거: 원문 PropertyShape에는 메시지가 없으며 sh:class 제약을 검증한다."",""source"":""local-evidence"",""predicate"":null}]",MOLIT 로컬 적용 가이드(upstream 원문 보충 설명): <http://data.europa.eu/930/referenceSystem>의 모든 값에 rdf:type <http://www.w3.org/2004/02/skos/core#Concept>를 명시한다. 원문 constraint 값은 변경하지 않는다.,GeoDCAT-AP 3.1.0,"[""https://semiceu.github.io/GeoDCAT-AP/releases/3.1.0#DatasetSeries.referencesystem""]",GeoDCAT-AP 3.1.0의 sh:class 제약을 변경 없이 채택한다. named PropertyShape의 원문 direct quad를 그대로 채택했다. 추가한 sh:targetNode는 격리 시험용이며 규범 의미를 바꾸지 않는다.,https://semiceu.github.io/GeoDCAT-AP/releases/3.1.0#dcat:DatasetSeriesShape/87161588819073178c8f6950dcce2286cac45320,UPSTREAM-POS-UPSTREAM-GEODCATAP-FC693EBC52F31A468BA9,UPSTREAM-NEG-UPSTREAM-GEODCATAP-FC693EBC52F31A468BA9
UPSTREAM-GEODCATAP-FCB924BC56E1F4166714,"[""geo"",""network""]","[""http://www.w3.org/ns/dcat#Dataset""]",http://purl.org/dc/terms/relation,MUST,,,"[""http://www.w3.org/2000/01/rdf-schema#Resource""]",[],Violation,"[{""language"":""ko"",""text"":""로컬 격리 증거: 원문 PropertyShape에는 메시지가 없으며 sh:class 제약을 검증한다."",""source"":""local-evidence"",""predicate"":null}]",MOLIT 로컬 적용 가이드(upstream 원문 보충 설명): <http://purl.org/dc/terms/relation>의 모든 값에 rdf:type <http://www.w3.org/2000/01/rdf-schema#Resource>를 명시한다. 원문 constraint 값은 변경하지 않는다.,GeoDCAT-AP 3.1.0,"[""https://semiceu.github.io/GeoDCAT-AP/releases/3.1.0#Dataset.relatedresource""]",GeoDCAT-AP 3.1.0의 sh:class 제약을 변경 없이 채택한다. named PropertyShape의 원문 direct quad를 그대로 채택했다. 추가한 sh:targetNode는 격리 시험용이며 규범 의미를 바꾸지 않는다.,https://semiceu.github.io/GeoDCAT-AP/releases/3.1.0#dcat:DatasetShape/4918ff7a6c1c4b0eea6403dca4b992b87ee1f4ab,UPSTREAM-POS-UPSTREAM-GEODCATAP-FCB924BC56E1F4166714,UPSTREAM-NEG-UPSTREAM-GEODCATAP-FCB924BC56E1F4166714
UPSTREAM-GEODCATAP-FCD2B9128D66CC1792A1,"[""geo"",""network""]","[""http://www.w3.org/ns/dcat#CatalogRecord""]",http://www.w3.org/ns/dcat#contactPoint,MUST,,,"[""http://www.w3.org/ns/shacl#BlankNodeOrIRI""]",[],Violation,"[{""language"":""ko"",""text"":""로컬 격리 증거: 원문 PropertyShape에는 메시지가 없으며 sh:nodeKind 제약을 검증한다."",""source"":""local-evidence"",""predicate"":null}]",MOLIT 로컬 적용 가이드(upstream 원문 보충 설명): <http://www.w3.org/ns/dcat#contactPoint> 값을 <http://www.w3.org/ns/shacl#BlankNodeOrIRI> node kind로 바꾼다. 원문 constraint 값은 변경하지 않는다.,GeoDCAT-AP 3.1.0,"[""https://semiceu.github.io/GeoDCAT-AP/releases/3.1.0#CatalogueRecord.contactpoint""]",GeoDCAT-AP 3.1.0의 sh:nodeKind 제약을 변경 없이 채택한다. named PropertyShape의 원문 direct quad를 그대로 채택했다. 추가한 sh:targetNode는 격리 시험용이며 규범 의미를 바꾸지 않는다.,https://semiceu.github.io/GeoDCAT-AP/releases/3.1.0#dcat:CatalogRecordShape/9adf9f5890592909cf3e67021ae7ab4f895a7745,UPSTREAM-POS-UPSTREAM-GEODCATAP-FCD2B9128D66CC1792A1,UPSTREAM-NEG-UPSTREAM-GEODCATAP-FCD2B9128D66CC1792A1
UPSTREAM-GEODCATAP-FD966651ADB440EBD281,"[""geo"",""network""]","[""http://www.w3.org/ns/dcat#CatalogRecord""]",http://data.europa.eu/930/custodian,MUST,,,"[""http://www.w3.org/ns/shacl#BlankNodeOrIRI""]",[],Violation,"[{""language"":""ko"",""text"":""로컬 격리 증거: 원문 PropertyShape에는 메시지가 없으며 sh:nodeKind 제약을 검증한다."",""source"":""local-evidence"",""predicate"":null}]",MOLIT 로컬 적용 가이드(upstream 원문 보충 설명): <http://data.europa.eu/930/custodian> 값을 <http://www.w3.org/ns/shacl#BlankNodeOrIRI> node kind로 바꾼다. 원문 constraint 값은 변경하지 않는다.,GeoDCAT-AP 3.1.0,"[""https://semiceu.github.io/GeoDCAT-AP/releases/3.1.0#CatalogueRecord.custodian""]",GeoDCAT-AP 3.1.0의 sh:nodeKind 제약을 변경 없이 채택한다. named PropertyShape의 원문 direct quad를 그대로 채택했다. 추가한 sh:targetNode는 격리 시험용이며 규범 의미를 바꾸지 않는다.,https://semiceu.github.io/GeoDCAT-AP/releases/3.1.0#dcat:CatalogRecordShape/26fb54e0c953f5aa1e4db5b7bf3b6e6698f4ac4e,UPSTREAM-POS-UPSTREAM-GEODCATAP-FD966651ADB440EBD281,UPSTREAM-NEG-UPSTREAM-GEODCATAP-FD966651ADB440EBD281
UPSTREAM-GEODCATAP-FDC9FFCADEBB6A1270F6,"[""geo"",""network""]","[""http://www.w3.org/ns/dcat#DatasetSeries""]",http://www.w3.org/ns/adms#sample,MUST,,,"[""http://www.w3.org/ns/dcat#Distribution""]",[],Violation,"[{""language"":""ko"",""text"":""로컬 격리 증거: 원문 PropertyShape에는 메시지가 없으며 sh:class 제약을 검증한다."",""source"":""local-evidence"",""predicate"":null}]",MOLIT 로컬 적용 가이드(upstream 원문 보충 설명): <http://www.w3.org/ns/adms#sample>의 모든 값에 rdf:type <http://www.w3.org/ns/dcat#Distribution>를 명시한다. 원문 constraint 값은 변경하지 않는다.,GeoDCAT-AP 3.1.0,"[""https://semiceu.github.io/GeoDCAT-AP/releases/3.1.0#DatasetSeries.sample""]",GeoDCAT-AP 3.1.0의 sh:class 제약을 변경 없이 채택한다. named PropertyShape의 원문 direct quad를 그대로 채택했다. 추가한 sh:targetNode는 격리 시험용이며 규범 의미를 바꾸지 않는다.,https://semiceu.github.io/GeoDCAT-AP/releases/3.1.0#dcat:DatasetSeriesShape/5f12b6f065bf83b81d077ee38954b6ad5c4b2b6b,UPSTREAM-POS-UPSTREAM-GEODCATAP-FDC9FFCADEBB6A1270F6,UPSTREAM-NEG-UPSTREAM-GEODCATAP-FDC9FFCADEBB6A1270F6
UPSTREAM-GEODCATAP-FDF31512EF6D71F7514B,"[""geo"",""network""]","[""http://www.w3.org/ns/dcat#DatasetSeries""]",http://www.w3.org/ns/dcat#landingPage,MUST,,,"[""http://xmlns.com/foaf/0.1/Document""]",[],Violation,"[{""language"":""ko"",""text"":""로컬 격리 증거: 원문 PropertyShape에는 메시지가 없으며 sh:class 제약을 검증한다."",""source"":""local-evidence"",""predicate"":null}]",MOLIT 로컬 적용 가이드(upstream 원문 보충 설명): <http://www.w3.org/ns/dcat#landingPage>의 모든 값에 rdf:type <http://xmlns.com/foaf/0.1/Document>를 명시한다. 원문 constraint 값은 변경하지 않는다.,GeoDCAT-AP 3.1.0,"[""https://semiceu.github.io/GeoDCAT-AP/releases/3.1.0#DatasetSeries.landingpage""]",GeoDCAT-AP 3.1.0의 sh:class 제약을 변경 없이 채택한다. named PropertyShape의 원문 direct quad를 그대로 채택했다. 추가한 sh:targetNode는 격리 시험용이며 규범 의미를 바꾸지 않는다.,https://semiceu.github.io/GeoDCAT-AP/releases/3.1.0#dcat:DatasetSeriesShape/ffbbcd28b1fd92213d8350e1b6418d3d998c7197,UPSTREAM-POS-UPSTREAM-GEODCATAP-FDF31512EF6D71F7514B,UPSTREAM-NEG-UPSTREAM-GEODCATAP-FDF31512EF6D71F7514B
UPSTREAM-GEODCATAP-FE5F9B26DA1E92826B1F,"[""geo"",""network""]","[""http://www.w3.org/ns/prov#Entity""]",http://www.w3.org/ns/prov#qualifiedAssociation,MUST,,,"[""http://www.w3.org/ns/prov#Association""]",[],Violation,"[{""language"":""ko"",""text"":""로컬 격리 증거: 원문 PropertyShape에는 메시지가 없으며 sh:class 제약을 검증한다."",""source"":""local-evidence"",""predicate"":null}]",MOLIT 로컬 적용 가이드(upstream 원문 보충 설명): <http://www.w3.org/ns/prov#qualifiedAssociation>의 모든 값에 rdf:type <http://www.w3.org/ns/prov#Association>를 명시한다. 원문 constraint 값은 변경하지 않는다.,GeoDCAT-AP 3.1.0,"[""https://semiceu.github.io/GeoDCAT-AP/releases/3.1.0#Entity.qualifiedassociation""]",GeoDCAT-AP 3.1.0의 sh:class 제약을 변경 없이 채택한다. named PropertyShape의 원문 direct quad를 그대로 채택했다. 추가한 sh:targetNode는 격리 시험용이며 규범 의미를 바꾸지 않는다.,https://semiceu.github.io/GeoDCAT-AP/releases/3.1.0#prov:EntityShape/4f93e2e855c69fb517952dc843402431e77354f3,UPSTREAM-POS-UPSTREAM-GEODCATAP-FE5F9B26DA1E92826B1F,UPSTREAM-NEG-UPSTREAM-GEODCATAP-FE5F9B26DA1E92826B1F
UPSTREAM-GEODCATAP-FE842BD467B780684F73,"[""geo"",""network""]","[""http://www.w3.org/ns/dcat#Distribution""]",http://www.w3.org/ns/dcat#mediaType,MUST,,1,[],[],Violation,"[{""language"":""ko"",""text"":""로컬 격리 증거: 원문 PropertyShape에는 메시지가 없으며 sh:maxCount 제약을 검증한다."",""source"":""local-evidence"",""predicate"":null}]",MOLIT 로컬 적용 가이드(upstream 원문 보충 설명): <http://www.w3.org/ns/dcat#mediaType> 값을 1개 이하로 줄인다. 원문 constraint 값은 변경하지 않는다.,GeoDCAT-AP 3.1.0,"[""https://semiceu.github.io/GeoDCAT-AP/releases/3.1.0#Distribution.mediatype""]",GeoDCAT-AP 3.1.0의 sh:maxCount 제약을 변경 없이 채택한다. named PropertyShape의 원문 direct quad를 그대로 채택했다. 추가한 sh:targetNode는 격리 시험용이며 규범 의미를 바꾸지 않는다.,https://semiceu.github.io/GeoDCAT-AP/releases/3.1.0#dcat:DistributionShape/69c8fdb6db25c5ad1f8a47366c19adb834924ae0,UPSTREAM-POS-UPSTREAM-GEODCATAP-FE842BD467B780684F73,UPSTREAM-NEG-UPSTREAM-GEODCATAP-FE842BD467B780684F73
UPSTREAM-GEODCATAP-FECFF1BD6053EAC79FA0,"[""geo"",""network""]","[""http://www.w3.org/ns/dqv#Metric""]",http://www.w3.org/ns/dqv#inDimension,MUST,,,"[""http://www.w3.org/ns/dqv#Dimension""]",[],Violation,"[{""language"":""ko"",""text"":""로컬 격리 증거: 원문 PropertyShape에는 메시지가 없으며 sh:class 제약을 검증한다."",""source"":""local-evidence"",""predicate"":null}]",MOLIT 로컬 적용 가이드(upstream 원문 보충 설명): <http://www.w3.org/ns/dqv#inDimension>의 모든 값에 rdf:type <http://www.w3.org/ns/dqv#Dimension>를 명시한다. 원문 constraint 값은 변경하지 않는다.,GeoDCAT-AP 3.1.0,"[""https://semiceu.github.io/GeoDCAT-AP/releases/3.1.0#Metric.dimension""]",GeoDCAT-AP 3.1.0의 sh:class 제약을 변경 없이 채택한다. named PropertyShape의 원문 direct quad를 그대로 채택했다. 추가한 sh:targetNode는 격리 시험용이며 규범 의미를 바꾸지 않는다.,https://semiceu.github.io/GeoDCAT-AP/releases/3.1.0#dqv:MetricShape/e0ca97a4e81b377bb4dcb59365424943f033da2f,UPSTREAM-POS-UPSTREAM-GEODCATAP-FECFF1BD6053EAC79FA0,UPSTREAM-NEG-UPSTREAM-GEODCATAP-FECFF1BD6053EAC79FA0
UPSTREAM-GEODCATAP-FF29615196BF2348A8A2,"[""geo"",""network""]","[""http://www.w3.org/ns/dcat#DataService""]",http://www.w3.org/ns/dcat#endpointURL,MUST,,,"[""http://www.w3.org/ns/shacl#BlankNodeOrIRI""]",[],Violation,"[{""language"":""ko"",""text"":""로컬 격리 증거: 원문 PropertyShape에는 메시지가 없으며 sh:nodeKind 제약을 검증한다."",""source"":""local-evidence"",""predicate"":null}]",MOLIT 로컬 적용 가이드(upstream 원문 보충 설명): <http://www.w3.org/ns/dcat#endpointURL> 값을 <http://www.w3.org/ns/shacl#BlankNodeOrIRI> node kind로 바꾼다. 원문 constraint 값은 변경하지 않는다.,GeoDCAT-AP 3.1.0,"[""https://semiceu.github.io/GeoDCAT-AP/releases/3.1.0#DataService.endpointURL""]",GeoDCAT-AP 3.1.0의 sh:nodeKind 제약을 변경 없이 채택한다. named PropertyShape의 원문 direct quad를 그대로 채택했다. 추가한 sh:targetNode는 격리 시험용이며 규범 의미를 바꾸지 않는다.,https://semiceu.github.io/GeoDCAT-AP/releases/3.1.0#dcat:DataServiceShape/3bde2663aaca96d953765ac2e525ef64710bf4d6,UPSTREAM-POS-UPSTREAM-GEODCATAP-FF29615196BF2348A8A2,UPSTREAM-NEG-UPSTREAM-GEODCATAP-FF29615196BF2348A8A2
UPSTREAM-PUBPOL-09B3DA08D58EDD052B86,"[""publication-policy""]","[""http://www.w3.org/ns/dcat#Dataset""]",http://www.w3.org/ns/dcat#keyword,SHOULD,1,,[],[],Warning,"[{""language"":""ko"",""text"":""로컬 격리 증거: 원문 PropertyShape에는 메시지가 없으며 sh:minCount 제약을 검증한다."",""source"":""local-evidence"",""predicate"":null}]",MOLIT 로컬 적용 가이드(upstream 원문 보충 설명): <http://www.w3.org/ns/dcat#keyword> 값을 1개 이상 제공한다. 원문 constraint 값은 변경하지 않는다.,DCAT-AP 3.0.1 recommended constraints,"[""http://data.europa.eu/r5r#Dataset_Shape""]",DCAT-AP 3.0.1 recommended constraints의 sh:minCount 제약을 변경 없이 채택한다. blank PropertyShape의 원문 direct quad를 deterministic named shape로 동일 복제했다. 추가한 sh:targetNode는 격리 시험용이며 규범 의미를 바꾸지 않는다.,http://data.europa.eu/r5r#Dataset_Shape,UPSTREAM-POS-UPSTREAM-PUBPOL-09B3DA08D58EDD052B86,UPSTREAM-NEG-UPSTREAM-PUBPOL-09B3DA08D58EDD052B86
UPSTREAM-PUBPOL-12B7CF1190DFC07E913D,"[""publication-policy""]","[""http://www.w3.org/ns/dcat#Distribution""]",http://purl.org/dc/terms/format,SHOULD,1,,[],[],Warning,"[{""language"":""ko"",""text"":""로컬 격리 증거: 원문 PropertyShape에는 메시지가 없으며 sh:minCount 제약을 검증한다."",""source"":""local-evidence"",""predicate"":null}]",MOLIT 로컬 적용 가이드(upstream 원문 보충 설명): <http://purl.org/dc/terms/format> 값을 1개 이상 제공한다. 원문 constraint 값은 변경하지 않는다.,DCAT-AP 3.0.1 recommended constraints,"[""http://data.europa.eu/r5r#Distribution_Shape""]",DCAT-AP 3.0.1 recommended constraints의 sh:minCount 제약을 변경 없이 채택한다. blank PropertyShape의 원문 direct quad를 deterministic named shape로 동일 복제했다. 추가한 sh:targetNode는 격리 시험용이며 규범 의미를 바꾸지 않는다.,http://data.europa.eu/r5r#Distribution_Shape,UPSTREAM-POS-UPSTREAM-PUBPOL-12B7CF1190DFC07E913D,UPSTREAM-NEG-UPSTREAM-PUBPOL-12B7CF1190DFC07E913D
UPSTREAM-PUBPOL-215E0FCBC5672157EA95,"[""publication-policy""]","[""http://www.w3.org/ns/dcat#DataService""]",http://www.w3.org/ns/dcat#contactPoint,SHOULD,1,,[],[],Warning,"[{""language"":""ko"",""text"":""로컬 격리 증거: 원문 PropertyShape에는 메시지가 없으며 sh:minCount 제약을 검증한다."",""source"":""local-evidence"",""predicate"":null}]",MOLIT 로컬 적용 가이드(upstream 원문 보충 설명): <http://www.w3.org/ns/dcat#contactPoint> 값을 1개 이상 제공한다. 원문 constraint 값은 변경하지 않는다.,DCAT-AP 3.0.1 recommended constraints,"[""http://data.europa.eu/r5r#DataService_Shape""]",DCAT-AP 3.0.1 recommended constraints의 sh:minCount 제약을 변경 없이 채택한다. blank PropertyShape의 원문 direct quad를 deterministic named shape로 동일 복제했다. 추가한 sh:targetNode는 격리 시험용이며 규범 의미를 바꾸지 않는다.,http://data.europa.eu/r5r#DataService_Shape,UPSTREAM-POS-UPSTREAM-PUBPOL-215E0FCBC5672157EA95,UPSTREAM-NEG-UPSTREAM-PUBPOL-215E0FCBC5672157EA95
UPSTREAM-PUBPOL-2829EE532ACB0EB2BE4E,"[""publication-policy""]","[""http://purl.org/dc/terms/Location""]",http://www.w3.org/ns/dcat#bbox,SHOULD,1,,[],[],Warning,"[{""language"":""ko"",""text"":""로컬 격리 증거: 원문 PropertyShape에는 메시지가 없으며 sh:minCount 제약을 검증한다."",""source"":""local-evidence"",""predicate"":null}]",MOLIT 로컬 적용 가이드(upstream 원문 보충 설명): <http://www.w3.org/ns/dcat#bbox> 값을 1개 이상 제공한다. 원문 constraint 값은 변경하지 않는다.,DCAT-AP 3.0.1 recommended constraints,"[""http://data.europa.eu/r5r#Location_Shape""]",DCAT-AP 3.0.1 recommended constraints의 sh:minCount 제약을 변경 없이 채택한다. blank PropertyShape의 원문 direct quad를 deterministic named shape로 동일 복제했다. 추가한 sh:targetNode는 격리 시험용이며 규범 의미를 바꾸지 않는다.,http://data.europa.eu/r5r#Location_Shape,UPSTREAM-POS-UPSTREAM-PUBPOL-2829EE532ACB0EB2BE4E,UPSTREAM-NEG-UPSTREAM-PUBPOL-2829EE532ACB0EB2BE4E
UPSTREAM-PUBPOL-2D271A41EBCA4775C8C9,"[""publication-policy""]","[""http://www.w3.org/ns/dcat#Dataset""]",http://purl.org/dc/terms/isVersionOf,SHOULD,,,[],[],Warning,"[{""language"":""en"",""text"":""replace dct:isVersionOf with dcat:isVersionOf"",""source"":""official-shape"",""predicate"":""http://www.w3.org/ns/shacl#message""}]",MOLIT 로컬 적용 가이드(upstream 원문 외): <http://purl.org/dc/terms/isVersionOf> triple을 제거하고 공식 메시지가 지시한 대체 property로 값을 옮긴다 (공식 메시지: replace dct:isVersionOf with dcat:isVersionOf). 이 절차의 sh:maxCount 0 규칙은 로컬 publication-policy 운영화다.,DCAT-AP 3.0.1 deprecated URI policy,"[""http://data.europa.eu/r5r#DatasetDeprecation_Shape""]","DCAT-AP 3.0.1 deprecated URI policy 원문 row에는 SHACL constraint component가 없어 자체 위반을 만들 수 없다. deprecated property 사용을 시험하기 위해 로컬 sh:maxCount 0 policy wrapper로 운영화하며, upstream 원문 제약 984건에는 포함하지 않는다.",http://data.europa.eu/r5r#DatasetDeprecation_Shape,UPSTREAM-POS-UPSTREAM-PUBPOL-2D271A41EBCA4775C8C9,UPSTREAM-NEG-UPSTREAM-PUBPOL-2D271A41EBCA4775C8C9
UPSTREAM-PUBPOL-33F2A1A50CB77DE44482,"[""publication-policy""]","[""http://www.w3.org/ns/dcat#Catalog""]",http://purl.org/dc/terms/spatial,SHOULD,1,,[],[],Warning,"[{""language"":""ko"",""text"":""로컬 격리 증거: 원문 PropertyShape에는 메시지가 없으며 sh:minCount 제약을 검증한다."",""source"":""local-evidence"",""predicate"":null}]",MOLIT 로컬 적용 가이드(upstream 원문 보충 설명): <http://purl.org/dc/terms/spatial> 값을 1개 이상 제공한다. 원문 constraint 값은 변경하지 않는다.,DCAT-AP 3.0.1 recommended constraints,"[""http://data.europa.eu/r5r#Catalog_Shape""]",DCAT-AP 3.0.1 recommended constraints의 sh:minCount 제약을 변경 없이 채택한다. blank PropertyShape의 원문 direct quad를 deterministic named shape로 동일 복제했다. 추가한 sh:targetNode는 격리 시험용이며 규범 의미를 바꾸지 않는다.,http://data.europa.eu/r5r#Catalog_Shape,UPSTREAM-POS-UPSTREAM-PUBPOL-33F2A1A50CB77DE44482,UPSTREAM-NEG-UPSTREAM-PUBPOL-33F2A1A50CB77DE44482
UPSTREAM-PUBPOL-3A2796DE7944AC20E00B,"[""publication-policy""]","[""http://www.w3.org/ns/dcat#DataService""]",http://www.w3.org/ns/dcat#endpointDescription,SHOULD,1,,[],[],Warning,"[{""language"":""ko"",""text"":""로컬 격리 증거: 원문 PropertyShape에는 메시지가 없으며 sh:minCount 제약을 검증한다."",""source"":""local-evidence"",""predicate"":null}]",MOLIT 로컬 적용 가이드(upstream 원문 보충 설명): <http://www.w3.org/ns/dcat#endpointDescription> 값을 1개 이상 제공한다. 원문 constraint 값은 변경하지 않는다.,DCAT-AP 3.0.1 recommended constraints,"[""http://data.europa.eu/r5r#DataService_Shape""]",DCAT-AP 3.0.1 recommended constraints의 sh:minCount 제약을 변경 없이 채택한다. blank PropertyShape의 원문 direct quad를 deterministic named shape로 동일 복제했다. 추가한 sh:targetNode는 격리 시험용이며 규범 의미를 바꾸지 않는다.,http://data.europa.eu/r5r#DataService_Shape,UPSTREAM-POS-UPSTREAM-PUBPOL-3A2796DE7944AC20E00B,UPSTREAM-NEG-UPSTREAM-PUBPOL-3A2796DE7944AC20E00B
UPSTREAM-PUBPOL-3B6D49F4FA53888D6086,"[""publication-policy""]","[""http://purl.org/dc/terms/PeriodOfTime""]",http://www.w3.org/ns/dcat#endDate,SHOULD,1,,[],[],Warning,"[{""language"":""ko"",""text"":""로컬 격리 증거: 원문 PropertyShape에는 메시지가 없으며 sh:minCount 제약을 검증한다."",""source"":""local-evidence"",""predicate"":null}]",MOLIT 로컬 적용 가이드(upstream 원문 보충 설명): <http://www.w3.org/ns/dcat#endDate> 값을 1개 이상 제공한다. 원문 constraint 값은 변경하지 않는다.,DCAT-AP 3.0.1 recommended constraints,"[""http://data.europa.eu/r5r#PeriodOfTime_Shape""]",DCAT-AP 3.0.1 recommended constraints의 sh:minCount 제약을 변경 없이 채택한다. blank PropertyShape의 원문 direct quad를 deterministic named shape로 동일 복제했다. 추가한 sh:targetNode는 격리 시험용이며 규범 의미를 바꾸지 않는다.,http://data.europa.eu/r5r#PeriodOfTime_Shape,UPSTREAM-POS-UPSTREAM-PUBPOL-3B6D49F4FA53888D6086,UPSTREAM-NEG-UPSTREAM-PUBPOL-3B6D49F4FA53888D6086
UPSTREAM-PUBPOL-4129ACB821799F886A08,"[""publication-policy""]","[""http://purl.org/dc/terms/PeriodOfTime""]",http://schema.org/endDate,SHOULD,,,[],[],Warning,"[{""language"":""en"",""text"":""replace property schema:endDate with dcat:endDate"",""source"":""official-shape"",""predicate"":""http://www.w3.org/ns/shacl#message""}]",MOLIT 로컬 적용 가이드(upstream 원문 외): <http://schema.org/endDate> triple을 제거하고 공식 메시지가 지시한 대체 property로 값을 옮긴다 (공식 메시지: replace property schema:endDate with dcat:endDate). 이 절차의 sh:maxCount 0 규칙은 로컬 publication-policy 운영화다.,DCAT-AP 3.0.1 deprecated URI policy,"[""http://data.europa.eu/r5r#PeriodOfTimeDeprecation_Shape""]","DCAT-AP 3.0.1 deprecated URI policy 원문 row에는 SHACL constraint component가 없어 자체 위반을 만들 수 없다. deprecated property 사용을 시험하기 위해 로컬 sh:maxCount 0 policy wrapper로 운영화하며, upstream 원문 제약 984건에는 포함하지 않는다.",http://data.europa.eu/r5r#PeriodOfTimeDeprecation_Shape,UPSTREAM-POS-UPSTREAM-PUBPOL-4129ACB821799F886A08,UPSTREAM-NEG-UPSTREAM-PUBPOL-4129ACB821799F886A08
UPSTREAM-PUBPOL-4313F53086BE6B74AC41,"[""publication-policy""]","[""http://www.w3.org/ns/dcat#DataService""]",http://www.w3.org/ns/dcat#servesDataset,SHOULD,1,,[],[],Warning,"[{""language"":""ko"",""text"":""로컬 격리 증거: 원문 PropertyShape에는 메시지가 없으며 sh:minCount 제약을 검증한다."",""source"":""local-evidence"",""predicate"":null}]",MOLIT 로컬 적용 가이드(upstream 원문 보충 설명): <http://www.w3.org/ns/dcat#servesDataset> 값을 1개 이상 제공한다. 원문 constraint 값은 변경하지 않는다.,DCAT-AP 3.0.1 recommended constraints,"[""http://data.europa.eu/r5r#DataService_Shape""]",DCAT-AP 3.0.1 recommended constraints의 sh:minCount 제약을 변경 없이 채택한다. blank PropertyShape의 원문 direct quad를 deterministic named shape로 동일 복제했다. 추가한 sh:targetNode는 격리 시험용이며 규범 의미를 바꾸지 않는다.,http://data.europa.eu/r5r#DataService_Shape,UPSTREAM-POS-UPSTREAM-PUBPOL-4313F53086BE6B74AC41,UPSTREAM-NEG-UPSTREAM-PUBPOL-4313F53086BE6B74AC41
UPSTREAM-PUBPOL-443664C7DB4F75A6052E,"[""publication-policy""]","[""http://www.w3.org/ns/dcat#Catalog""]",http://xmlns.com/foaf/0.1/homepage,SHOULD,1,,[],[],Warning,"[{""language"":""ko"",""text"":""로컬 격리 증거: 원문 PropertyShape에는 메시지가 없으며 sh:minCount 제약을 검증한다."",""source"":""local-evidence"",""predicate"":null}]",MOLIT 로컬 적용 가이드(upstream 원문 보충 설명): <http://xmlns.com/foaf/0.1/homepage> 값을 1개 이상 제공한다. 원문 constraint 값은 변경하지 않는다.,DCAT-AP 3.0.1 recommended constraints,"[""http://data.europa.eu/r5r#Catalog_Shape""]",DCAT-AP 3.0.1 recommended constraints의 sh:minCount 제약을 변경 없이 채택한다. blank PropertyShape의 원문 direct quad를 deterministic named shape로 동일 복제했다. 추가한 sh:targetNode는 격리 시험용이며 규범 의미를 바꾸지 않는다.,http://data.europa.eu/r5r#Catalog_Shape,UPSTREAM-POS-UPSTREAM-PUBPOL-443664C7DB4F75A6052E,UPSTREAM-NEG-UPSTREAM-PUBPOL-443664C7DB4F75A6052E
UPSTREAM-PUBPOL-44B5097775B1D35BFB85,"[""publication-policy""]","[""http://www.w3.org/ns/dcat#DataService""]",http://purl.org/dc/terms/conformsTo,SHOULD,1,,[],[],Warning,"[{""language"":""ko"",""text"":""로컬 격리 증거: 원문 PropertyShape에는 메시지가 없으며 sh:minCount 제약을 검증한다."",""source"":""local-evidence"",""predicate"":null}]",MOLIT 로컬 적용 가이드(upstream 원문 보충 설명): <http://purl.org/dc/terms/conformsTo> 값을 1개 이상 제공한다. 원문 constraint 값은 변경하지 않는다.,DCAT-AP 3.0.1 recommended constraints,"[""http://data.europa.eu/r5r#DataService_Shape""]",DCAT-AP 3.0.1 recommended constraints의 sh:minCount 제약을 변경 없이 채택한다. blank PropertyShape의 원문 direct quad를 deterministic named shape로 동일 복제했다. 추가한 sh:targetNode는 격리 시험용이며 규범 의미를 바꾸지 않는다.,http://data.europa.eu/r5r#DataService_Shape,UPSTREAM-POS-UPSTREAM-PUBPOL-44B5097775B1D35BFB85,UPSTREAM-NEG-UPSTREAM-PUBPOL-44B5097775B1D35BFB85
UPSTREAM-PUBPOL-50724CEB72E012AAC719,"[""publication-policy""]","[""http://purl.org/dc/terms/Location""]",http://www.w3.org/ns/dcat#centroid,SHOULD,1,,[],[],Warning,"[{""language"":""ko"",""text"":""로컬 격리 증거: 원문 PropertyShape에는 메시지가 없으며 sh:minCount 제약을 검증한다."",""source"":""local-evidence"",""predicate"":null}]",MOLIT 로컬 적용 가이드(upstream 원문 보충 설명): <http://www.w3.org/ns/dcat#centroid> 값을 1개 이상 제공한다. 원문 constraint 값은 변경하지 않는다.,DCAT-AP 3.0.1 recommended constraints,"[""http://data.europa.eu/r5r#Location_Shape""]",DCAT-AP 3.0.1 recommended constraints의 sh:minCount 제약을 변경 없이 채택한다. blank PropertyShape의 원문 direct quad를 deterministic named shape로 동일 복제했다. 추가한 sh:targetNode는 격리 시험용이며 규범 의미를 바꾸지 않는다.,http://data.europa.eu/r5r#Location_Shape,UPSTREAM-POS-UPSTREAM-PUBPOL-50724CEB72E012AAC719,UPSTREAM-NEG-UPSTREAM-PUBPOL-50724CEB72E012AAC719
UPSTREAM-PUBPOL-507969BEE1EB128BF5EA,"[""publication-policy""]","[""http://www.w3.org/ns/dcat#Catalog""]",http://purl.org/dc/terms/license,SHOULD,1,,[],[],Warning,"[{""language"":""ko"",""text"":""로컬 격리 증거: 원문 PropertyShape에는 메시지가 없으며 sh:minCount 제약을 검증한다."",""source"":""local-evidence"",""predicate"":null}]",MOLIT 로컬 적용 가이드(upstream 원문 보충 설명): <http://purl.org/dc/terms/license> 값을 1개 이상 제공한다. 원문 constraint 값은 변경하지 않는다.,DCAT-AP 3.0.1 recommended constraints,"[""http://data.europa.eu/r5r#Catalog_Shape""]",DCAT-AP 3.0.1 recommended constraints의 sh:minCount 제약을 변경 없이 채택한다. blank PropertyShape의 원문 direct quad를 deterministic named shape로 동일 복제했다. 추가한 sh:targetNode는 격리 시험용이며 규범 의미를 바꾸지 않는다.,http://data.europa.eu/r5r#Catalog_Shape,UPSTREAM-POS-UPSTREAM-PUBPOL-507969BEE1EB128BF5EA,UPSTREAM-NEG-UPSTREAM-PUBPOL-507969BEE1EB128BF5EA
UPSTREAM-PUBPOL-578B7EDBA4A3A8E722BF,"[""publication-policy""]","[""http://www.w3.org/ns/dcat#Distribution""]",http://purl.org/dc/terms/license,SHOULD,1,,[],[],Warning,"[{""language"":""ko"",""text"":""로컬 격리 증거: 원문 PropertyShape에는 메시지가 없으며 sh:minCount 제약을 검증한다."",""source"":""local-evidence"",""predicate"":null}]",MOLIT 로컬 적용 가이드(upstream 원문 보충 설명): <http://purl.org/dc/terms/license> 값을 1개 이상 제공한다. 원문 constraint 값은 변경하지 않는다.,DCAT-AP 3.0.1 recommended constraints,"[""http://data.europa.eu/r5r#Distribution_Shape""]",DCAT-AP 3.0.1 recommended constraints의 sh:minCount 제약을 변경 없이 채택한다. blank PropertyShape의 원문 direct quad를 deterministic named shape로 동일 복제했다. 추가한 sh:targetNode는 격리 시험용이며 규범 의미를 바꾸지 않는다.,http://data.europa.eu/r5r#Distribution_Shape,UPSTREAM-POS-UPSTREAM-PUBPOL-578B7EDBA4A3A8E722BF,UPSTREAM-NEG-UPSTREAM-PUBPOL-578B7EDBA4A3A8E722BF
UPSTREAM-PUBPOL-60BED66007D07B4D746B,"[""publication-policy""]","[""http://www.w3.org/ns/dcat#Distribution""]",http://data.europa.eu/r5r/availability,SHOULD,1,,[],[],Warning,"[{""language"":""ko"",""text"":""로컬 격리 증거: 원문 PropertyShape에는 메시지가 없으며 sh:minCount 제약을 검증한다."",""source"":""local-evidence"",""predicate"":null}]",MOLIT 로컬 적용 가이드(upstream 원문 보충 설명): <http://data.europa.eu/r5r/availability> 값을 1개 이상 제공한다. 원문 constraint 값은 변경하지 않는다.,DCAT-AP 3.0.1 recommended constraints,"[""http://data.europa.eu/r5r#Distribution_Shape""]",DCAT-AP 3.0.1 recommended constraints의 sh:minCount 제약을 변경 없이 채택한다. blank PropertyShape의 원문 direct quad를 deterministic named shape로 동일 복제했다. 추가한 sh:targetNode는 격리 시험용이며 규범 의미를 바꾸지 않는다.,http://data.europa.eu/r5r#Distribution_Shape,UPSTREAM-POS-UPSTREAM-PUBPOL-60BED66007D07B4D746B,UPSTREAM-NEG-UPSTREAM-PUBPOL-60BED66007D07B4D746B
UPSTREAM-PUBPOL-62A8A1E2B2737C60F0E3,"[""publication-policy""]","[""http://www.w3.org/ns/dcat#CatalogRecord""]",http://www.w3.org/ns/adms#status,SHOULD,1,,[],[],Warning,"[{""language"":""ko"",""text"":""로컬 격리 증거: 원문 PropertyShape에는 메시지가 없으며 sh:minCount 제약을 검증한다."",""source"":""local-evidence"",""predicate"":null}]",MOLIT 로컬 적용 가이드(upstream 원문 보충 설명): <http://www.w3.org/ns/adms#status> 값을 1개 이상 제공한다. 원문 constraint 값은 변경하지 않는다.,DCAT-AP 3.0.1 recommended constraints,"[""http://data.europa.eu/r5r#CatalogRecord_Shape""]",DCAT-AP 3.0.1 recommended constraints의 sh:minCount 제약을 변경 없이 채택한다. blank PropertyShape의 원문 direct quad를 deterministic named shape로 동일 복제했다. 추가한 sh:targetNode는 격리 시험용이며 규범 의미를 바꾸지 않는다.,http://data.europa.eu/r5r#CatalogRecord_Shape,UPSTREAM-POS-UPSTREAM-PUBPOL-62A8A1E2B2737C60F0E3,UPSTREAM-NEG-UPSTREAM-PUBPOL-62A8A1E2B2737C60F0E3
UPSTREAM-PUBPOL-644F0D7A16FEC984C256,"[""publication-policy""]","[""http://www.w3.org/ns/dcat#Catalog""]",http://purl.org/dc/terms/issued,SHOULD,1,,[],[],Warning,"[{""language"":""ko"",""text"":""로컬 격리 증거: 원문 PropertyShape에는 메시지가 없으며 sh:minCount 제약을 검증한다."",""source"":""local-evidence"",""predicate"":null}]",MOLIT 로컬 적용 가이드(upstream 원문 보충 설명): <http://purl.org/dc/terms/issued> 값을 1개 이상 제공한다. 원문 constraint 값은 변경하지 않는다.,DCAT-AP 3.0.1 recommended constraints,"[""http://data.europa.eu/r5r#Catalog_Shape""]",DCAT-AP 3.0.1 recommended constraints의 sh:minCount 제약을 변경 없이 채택한다. blank PropertyShape의 원문 direct quad를 deterministic named shape로 동일 복제했다. 추가한 sh:targetNode는 격리 시험용이며 규범 의미를 바꾸지 않는다.,http://data.europa.eu/r5r#Catalog_Shape,UPSTREAM-POS-UPSTREAM-PUBPOL-644F0D7A16FEC984C256,UPSTREAM-NEG-UPSTREAM-PUBPOL-644F0D7A16FEC984C256
UPSTREAM-PUBPOL-6714B9F58C9C60668936,"[""publication-policy""]","[""http://purl.org/dc/terms/PeriodOfTime""]",http://schema.org/startDate,SHOULD,,,[],[],Warning,"[{""language"":""en"",""text"":""replace property schema:startDate with dcat:startDate"",""source"":""official-shape"",""predicate"":""http://www.w3.org/ns/shacl#message""}]",MOLIT 로컬 적용 가이드(upstream 원문 외): <http://schema.org/startDate> triple을 제거하고 공식 메시지가 지시한 대체 property로 값을 옮긴다 (공식 메시지: replace property schema:startDate with dcat:startDate). 이 절차의 sh:maxCount 0 규칙은 로컬 publication-policy 운영화다.,DCAT-AP 3.0.1 deprecated URI policy,"[""http://data.europa.eu/r5r#PeriodOfTimeDeprecation_Shape""]","DCAT-AP 3.0.1 deprecated URI policy 원문 row에는 SHACL constraint component가 없어 자체 위반을 만들 수 없다. deprecated property 사용을 시험하기 위해 로컬 sh:maxCount 0 policy wrapper로 운영화하며, upstream 원문 제약 984건에는 포함하지 않는다.",http://data.europa.eu/r5r#PeriodOfTimeDeprecation_Shape,UPSTREAM-POS-UPSTREAM-PUBPOL-6714B9F58C9C60668936,UPSTREAM-NEG-UPSTREAM-PUBPOL-6714B9F58C9C60668936
UPSTREAM-PUBPOL-67AF0F082BF8EA77616E,"[""publication-policy""]","[""http://www.w3.org/ns/dcat#DataService""]",http://www.w3.org/ns/dcat#theme,SHOULD,1,,[],[],Warning,"[{""language"":""ko"",""text"":""로컬 격리 증거: 원문 PropertyShape에는 메시지가 없으며 sh:minCount 제약을 검증한다."",""source"":""local-evidence"",""predicate"":null}]",MOLIT 로컬 적용 가이드(upstream 원문 보충 설명): <http://www.w3.org/ns/dcat#theme> 값을 1개 이상 제공한다. 원문 constraint 값은 변경하지 않는다.,DCAT-AP 3.0.1 recommended constraints,"[""http://data.europa.eu/r5r#DataService_Shape""]",DCAT-AP 3.0.1 recommended constraints의 sh:minCount 제약을 변경 없이 채택한다. blank PropertyShape의 원문 direct quad를 deterministic named shape로 동일 복제했다. 추가한 sh:targetNode는 격리 시험용이며 규범 의미를 바꾸지 않는다.,http://data.europa.eu/r5r#DataService_Shape,UPSTREAM-POS-UPSTREAM-PUBPOL-67AF0F082BF8EA77616E,UPSTREAM-NEG-UPSTREAM-PUBPOL-67AF0F082BF8EA77616E
UPSTREAM-PUBPOL-687D30C71265860AB76D,"[""publication-policy""]","[""http://www.w3.org/ns/dcat#Dataset""]",http://www.w3.org/ns/dcat#contactPoint,SHOULD,1,,[],[],Warning,"[{""language"":""ko"",""text"":""로컬 격리 증거: 원문 PropertyShape에는 메시지가 없으며 sh:minCount 제약을 검증한다."",""source"":""local-evidence"",""predicate"":null}]",MOLIT 로컬 적용 가이드(upstream 원문 보충 설명): <http://www.w3.org/ns/dcat#contactPoint> 값을 1개 이상 제공한다. 원문 constraint 값은 변경하지 않는다.,DCAT-AP 3.0.1 recommended constraints,"[""http://data.europa.eu/r5r#Dataset_Shape""]",DCAT-AP 3.0.1 recommended constraints의 sh:minCount 제약을 변경 없이 채택한다. blank PropertyShape의 원문 direct quad를 deterministic named shape로 동일 복제했다. 추가한 sh:targetNode는 격리 시험용이며 규범 의미를 바꾸지 않는다.,http://data.europa.eu/r5r#Dataset_Shape,UPSTREAM-POS-UPSTREAM-PUBPOL-687D30C71265860AB76D,UPSTREAM-NEG-UPSTREAM-PUBPOL-687D30C71265860AB76D
UPSTREAM-PUBPOL-6B1BC388D581C60751A5,"[""publication-policy""]","[""http://www.w3.org/ns/dcat#Catalog""]",http://purl.org/dc/terms/language,SHOULD,1,,[],[],Warning,"[{""language"":""ko"",""text"":""로컬 격리 증거: 원문 PropertyShape에는 메시지가 없으며 sh:minCount 제약을 검증한다."",""source"":""local-evidence"",""predicate"":null}]",MOLIT 로컬 적용 가이드(upstream 원문 보충 설명): <http://purl.org/dc/terms/language> 값을 1개 이상 제공한다. 원문 constraint 값은 변경하지 않는다.,DCAT-AP 3.0.1 recommended constraints,"[""http://data.europa.eu/r5r#Catalog_Shape""]",DCAT-AP 3.0.1 recommended constraints의 sh:minCount 제약을 변경 없이 채택한다. blank PropertyShape의 원문 direct quad를 deterministic named shape로 동일 복제했다. 추가한 sh:targetNode는 격리 시험용이며 규범 의미를 바꾸지 않는다.,http://data.europa.eu/r5r#Catalog_Shape,UPSTREAM-POS-UPSTREAM-PUBPOL-6B1BC388D581C60751A5,UPSTREAM-NEG-UPSTREAM-PUBPOL-6B1BC388D581C60751A5
UPSTREAM-PUBPOL-6FB3E1CCCA5D4CD9C77F,"[""publication-policy""]","[""http://xmlns.com/foaf/0.1/Agent""]",http://purl.org/dc/terms/type,SHOULD,1,,[],[],Warning,"[{""language"":""ko"",""text"":""로컬 격리 증거: 원문 PropertyShape에는 메시지가 없으며 sh:minCount 제약을 검증한다."",""source"":""local-evidence"",""predicate"":null}]",MOLIT 로컬 적용 가이드(upstream 원문 보충 설명): <http://purl.org/dc/terms/type> 값을 1개 이상 제공한다. 원문 constraint 값은 변경하지 않는다.,DCAT-AP 3.0.1 recommended constraints,"[""http://data.europa.eu/r5r#Agent_Shape""]",DCAT-AP 3.0.1 recommended constraints의 sh:minCount 제약을 변경 없이 채택한다. blank PropertyShape의 원문 direct quad를 deterministic named shape로 동일 복제했다. 추가한 sh:targetNode는 격리 시험용이며 규범 의미를 바꾸지 않는다.,http://data.europa.eu/r5r#Agent_Shape,UPSTREAM-POS-UPSTREAM-PUBPOL-6FB3E1CCCA5D4CD9C77F,UPSTREAM-NEG-UPSTREAM-PUBPOL-6FB3E1CCCA5D4CD9C77F
UPSTREAM-PUBPOL-70F4F3BD80A47FA54E1F,"[""publication-policy""]","[""http://purl.org/dc/terms/LicenseDocument""]",http://purl.org/dc/terms/type,SHOULD,1,,[],[],Warning,"[{""language"":""ko"",""text"":""로컬 격리 증거: 원문 PropertyShape에는 메시지가 없으며 sh:minCount 제약을 검증한다."",""source"":""local-evidence"",""predicate"":null}]",MOLIT 로컬 적용 가이드(upstream 원문 보충 설명): <http://purl.org/dc/terms/type> 값을 1개 이상 제공한다. 원문 constraint 값은 변경하지 않는다.,DCAT-AP 3.0.1 recommended constraints,"[""http://data.europa.eu/r5r#LicenceDocument_Shape""]",DCAT-AP 3.0.1 recommended constraints의 sh:minCount 제약을 변경 없이 채택한다. blank PropertyShape의 원문 direct quad를 deterministic named shape로 동일 복제했다. 추가한 sh:targetNode는 격리 시험용이며 규범 의미를 바꾸지 않는다.,http://data.europa.eu/r5r#LicenceDocument_Shape,UPSTREAM-POS-UPSTREAM-PUBPOL-70F4F3BD80A47FA54E1F,UPSTREAM-NEG-UPSTREAM-PUBPOL-70F4F3BD80A47FA54E1F
UPSTREAM-PUBPOL-75739F89DFB32795FE96,"[""publication-policy""]","[""http://purl.org/dc/terms/PeriodOfTime""]",http://www.w3.org/ns/dcat#startDate,SHOULD,1,,[],[],Warning,"[{""language"":""ko"",""text"":""로컬 격리 증거: 원문 PropertyShape에는 메시지가 없으며 sh:minCount 제약을 검증한다."",""source"":""local-evidence"",""predicate"":null}]",MOLIT 로컬 적용 가이드(upstream 원문 보충 설명): <http://www.w3.org/ns/dcat#startDate> 값을 1개 이상 제공한다. 원문 constraint 값은 변경하지 않는다.,DCAT-AP 3.0.1 recommended constraints,"[""http://data.europa.eu/r5r#PeriodOfTime_Shape""]",DCAT-AP 3.0.1 recommended constraints의 sh:minCount 제약을 변경 없이 채택한다. blank PropertyShape의 원문 direct quad를 deterministic named shape로 동일 복제했다. 추가한 sh:targetNode는 격리 시험용이며 규범 의미를 바꾸지 않는다.,http://data.europa.eu/r5r#PeriodOfTime_Shape,UPSTREAM-POS-UPSTREAM-PUBPOL-75739F89DFB32795FE96,UPSTREAM-NEG-UPSTREAM-PUBPOL-75739F89DFB32795FE96
UPSTREAM-PUBPOL-77964BC9332E5B0350E9,"[""publication-policy""]","[""http://www.w3.org/ns/dcat#Dataset""]",http://purl.org/dc/terms/hasVersion,SHOULD,,,[],[],Warning,"[{""language"":""en"",""text"":""replace property dct:hasVersion with dcat:hasVersion"",""source"":""official-shape"",""predicate"":""http://www.w3.org/ns/shacl#message""}]",MOLIT 로컬 적용 가이드(upstream 원문 외): <http://purl.org/dc/terms/hasVersion> triple을 제거하고 공식 메시지가 지시한 대체 property로 값을 옮긴다 (공식 메시지: replace property dct:hasVersion with dcat:hasVersion). 이 절차의 sh:maxCount 0 규칙은 로컬 publication-policy 운영화다.,DCAT-AP 3.0.1 deprecated URI policy,"[""http://data.europa.eu/r5r#DatasetDeprecation_Shape""]","DCAT-AP 3.0.1 deprecated URI policy 원문 row에는 SHACL constraint component가 없어 자체 위반을 만들 수 없다. deprecated property 사용을 시험하기 위해 로컬 sh:maxCount 0 policy wrapper로 운영화하며, upstream 원문 제약 984건에는 포함하지 않는다.",http://data.europa.eu/r5r#DatasetDeprecation_Shape,UPSTREAM-POS-UPSTREAM-PUBPOL-77964BC9332E5B0350E9,UPSTREAM-NEG-UPSTREAM-PUBPOL-77964BC9332E5B0350E9
UPSTREAM-PUBPOL-7AE9550805B85A4A1A93,"[""publication-policy""]","[""http://www.w3.org/ns/dcat#Distribution""]",http://www.w3.org/ns/adms#status,SHOULD,,,"[""http://www.w3.org/ns/shacl#IRI""]",[],Warning,"[{""language"":""ko"",""text"":""로컬 격리 증거: 원문 PropertyShape에는 메시지가 없으며 sh:node, sh:nodeKind 제약을 검증한다."",""source"":""local-evidence"",""predicate"":null}]",MOLIT 로컬 적용 가이드(upstream 원문 보충 설명): <http://www.w3.org/ns/adms#status>의 각 값이 <http://data.europa.eu/r5r#StatusRestrictionADMS> NodeShape를 통과하도록 하위 속성을 보완한다; <http://www.w3.org/ns/adms#status> 값을 <http://www.w3.org/ns/shacl#IRI> node kind로 바꾼다. 원문 constraint 값은 변경하지 않는다.,DCAT-AP 3.0.1 deprecated URI policy,"[""http://data.europa.eu/r5r#Distribution_ShapeCV""]","DCAT-AP 3.0.1 deprecated URI policy의 sh:node, sh:nodeKind 제약을 변경 없이 채택한다. blank PropertyShape의 원문 direct quad를 deterministic named shape로 동일 복제했다. 추가한 sh:targetNode는 격리 시험용이며 규범 의미를 바꾸지 않는다.",http://data.europa.eu/r5r#Distribution_ShapeCV,UPSTREAM-POS-UPSTREAM-PUBPOL-7AE9550805B85A4A1A93,UPSTREAM-NEG-UPSTREAM-PUBPOL-7AE9550805B85A4A1A93
UPSTREAM-PUBPOL-81905717A8440D2B149F,"[""publication-policy""]","[""http://www.w3.org/ns/dcat#Catalog""]",http://www.w3.org/ns/dcat#themeTaxonomy,SHOULD,1,,[],[],Warning,"[{""language"":""ko"",""text"":""로컬 격리 증거: 원문 PropertyShape에는 메시지가 없으며 sh:minCount 제약을 검증한다."",""source"":""local-evidence"",""predicate"":null}]",MOLIT 로컬 적용 가이드(upstream 원문 보충 설명): <http://www.w3.org/ns/dcat#themeTaxonomy> 값을 1개 이상 제공한다. 원문 constraint 값은 변경하지 않는다.,DCAT-AP 3.0.1 recommended constraints,"[""http://data.europa.eu/r5r#Catalog_Shape""]",DCAT-AP 3.0.1 recommended constraints의 sh:minCount 제약을 변경 없이 채택한다. blank PropertyShape의 원문 direct quad를 deterministic named shape로 동일 복제했다. 추가한 sh:targetNode는 격리 시험용이며 규범 의미를 바꾸지 않는다.,http://data.europa.eu/r5r#Catalog_Shape,UPSTREAM-POS-UPSTREAM-PUBPOL-81905717A8440D2B149F,UPSTREAM-NEG-UPSTREAM-PUBPOL-81905717A8440D2B149F
UPSTREAM-PUBPOL-8D2F9CF6990F6AC3CC3E,"[""publication-policy""]","[""http://www.w3.org/ns/dcat#CatalogRecord""]",http://purl.org/dc/terms/issued,SHOULD,1,,[],[],Warning,"[{""language"":""ko"",""text"":""로컬 격리 증거: 원문 PropertyShape에는 메시지가 없으며 sh:minCount 제약을 검증한다."",""source"":""local-evidence"",""predicate"":null}]",MOLIT 로컬 적용 가이드(upstream 원문 보충 설명): <http://purl.org/dc/terms/issued> 값을 1개 이상 제공한다. 원문 constraint 값은 변경하지 않는다.,DCAT-AP 3.0.1 recommended constraints,"[""http://data.europa.eu/r5r#CatalogRecord_Shape""]",DCAT-AP 3.0.1 recommended constraints의 sh:minCount 제약을 변경 없이 채택한다. blank PropertyShape의 원문 direct quad를 deterministic named shape로 동일 복제했다. 추가한 sh:targetNode는 격리 시험용이며 규범 의미를 바꾸지 않는다.,http://data.europa.eu/r5r#CatalogRecord_Shape,UPSTREAM-POS-UPSTREAM-PUBPOL-8D2F9CF6990F6AC3CC3E,UPSTREAM-NEG-UPSTREAM-PUBPOL-8D2F9CF6990F6AC3CC3E
UPSTREAM-PUBPOL-9549D22E137692F50482,"[""publication-policy""]","[""http://www.w3.org/ns/dcat#CatalogRecord""]",http://purl.org/dc/terms/conformsTo,SHOULD,1,,[],[],Warning,"[{""language"":""ko"",""text"":""로컬 격리 증거: 원문 PropertyShape에는 메시지가 없으며 sh:minCount 제약을 검증한다."",""source"":""local-evidence"",""predicate"":null}]",MOLIT 로컬 적용 가이드(upstream 원문 보충 설명): <http://purl.org/dc/terms/conformsTo> 값을 1개 이상 제공한다. 원문 constraint 값은 변경하지 않는다.,DCAT-AP 3.0.1 recommended constraints,"[""http://data.europa.eu/r5r#CatalogRecord_Shape""]",DCAT-AP 3.0.1 recommended constraints의 sh:minCount 제약을 변경 없이 채택한다. blank PropertyShape의 원문 direct quad를 deterministic named shape로 동일 복제했다. 추가한 sh:targetNode는 격리 시험용이며 규범 의미를 바꾸지 않는다.,http://data.europa.eu/r5r#CatalogRecord_Shape,UPSTREAM-POS-UPSTREAM-PUBPOL-9549D22E137692F50482,UPSTREAM-NEG-UPSTREAM-PUBPOL-9549D22E137692F50482
UPSTREAM-PUBPOL-A158A9D396755A76747C,"[""publication-policy""]","[""http://www.w3.org/ns/dcat#Dataset""]",http://purl.org/dc/terms/temporal,SHOULD,1,,[],[],Warning,"[{""language"":""ko"",""text"":""로컬 격리 증거: 원문 PropertyShape에는 메시지가 없으며 sh:minCount 제약을 검증한다."",""source"":""local-evidence"",""predicate"":null}]",MOLIT 로컬 적용 가이드(upstream 원문 보충 설명): <http://purl.org/dc/terms/temporal> 값을 1개 이상 제공한다. 원문 constraint 값은 변경하지 않는다.,DCAT-AP 3.0.1 recommended constraints,"[""http://data.europa.eu/r5r#Dataset_Shape""]",DCAT-AP 3.0.1 recommended constraints의 sh:minCount 제약을 변경 없이 채택한다. blank PropertyShape의 원문 direct quad를 deterministic named shape로 동일 복제했다. 추가한 sh:targetNode는 격리 시험용이며 규범 의미를 바꾸지 않는다.,http://data.europa.eu/r5r#Dataset_Shape,UPSTREAM-POS-UPSTREAM-PUBPOL-A158A9D396755A76747C,UPSTREAM-NEG-UPSTREAM-PUBPOL-A158A9D396755A76747C
UPSTREAM-PUBPOL-A4468A019C7EABBC6D96,"[""publication-policy""]","[""http://www.w3.org/ns/dcat#DataService""]",http://purl.org/dc/terms/publisher,SHOULD,1,,[],[],Warning,"[{""language"":""ko"",""text"":""로컬 격리 증거: 원문 PropertyShape에는 메시지가 없으며 sh:minCount 제약을 검증한다."",""source"":""local-evidence"",""predicate"":null}]",MOLIT 로컬 적용 가이드(upstream 원문 보충 설명): <http://purl.org/dc/terms/publisher> 값을 1개 이상 제공한다. 원문 constraint 값은 변경하지 않는다.,DCAT-AP 3.0.1 recommended constraints,"[""http://data.europa.eu/r5r#DataService_Shape""]",DCAT-AP 3.0.1 recommended constraints의 sh:minCount 제약을 변경 없이 채택한다. blank PropertyShape의 원문 direct quad를 deterministic named shape로 동일 복제했다. 추가한 sh:targetNode는 격리 시험용이며 규범 의미를 바꾸지 않는다.,http://data.europa.eu/r5r#DataService_Shape,UPSTREAM-POS-UPSTREAM-PUBPOL-A4468A019C7EABBC6D96,UPSTREAM-NEG-UPSTREAM-PUBPOL-A4468A019C7EABBC6D96
UPSTREAM-PUBPOL-AC5EE3A2CEFED96B013C,"[""publication-policy""]","[""http://www.w3.org/ns/dcat#DatasetSeries""]",http://purl.org/dc/terms/publisher,SHOULD,1,,[],[],Warning,"[{""language"":""ko"",""text"":""로컬 격리 증거: 원문 PropertyShape에는 메시지가 없으며 sh:minCount 제약을 검증한다."",""source"":""local-evidence"",""predicate"":null}]",MOLIT 로컬 적용 가이드(upstream 원문 보충 설명): <http://purl.org/dc/terms/publisher> 값을 1개 이상 제공한다. 원문 constraint 값은 변경하지 않는다.,DCAT-AP 3.0.1 recommended constraints,"[""http://data.europa.eu/r5r#DatasetSeries_Shape""]",DCAT-AP 3.0.1 recommended constraints의 sh:minCount 제약을 변경 없이 채택한다. blank PropertyShape의 원문 direct quad를 deterministic named shape로 동일 복제했다. 추가한 sh:targetNode는 격리 시험용이며 규범 의미를 바꾸지 않는다.,http://data.europa.eu/r5r#DatasetSeries_Shape,UPSTREAM-POS-UPSTREAM-PUBPOL-AC5EE3A2CEFED96B013C,UPSTREAM-NEG-UPSTREAM-PUBPOL-AC5EE3A2CEFED96B013C
UPSTREAM-PUBPOL-AC94BED808FA8AF9BEC3,"[""publication-policy""]","[""http://www.w3.org/ns/dcat#Dataset""]",http://www.w3.org/2002/07/owl#versionInfo,SHOULD,,,[],[],Warning,"[{""language"":""en"",""text"":""replace owl:versionInfo with dcat:version"",""source"":""official-shape"",""predicate"":""http://www.w3.org/ns/shacl#message""}]",MOLIT 로컬 적용 가이드(upstream 원문 외): <http://www.w3.org/2002/07/owl#versionInfo> triple을 제거하고 공식 메시지가 지시한 대체 property로 값을 옮긴다 (공식 메시지: replace owl:versionInfo with dcat:version). 이 절차의 sh:maxCount 0 규칙은 로컬 publication-policy 운영화다.,DCAT-AP 3.0.1 deprecated URI policy,"[""http://data.europa.eu/r5r#DatasetDeprecation_Shape""]","DCAT-AP 3.0.1 deprecated URI policy 원문 row에는 SHACL constraint component가 없어 자체 위반을 만들 수 없다. deprecated property 사용을 시험하기 위해 로컬 sh:maxCount 0 policy wrapper로 운영화하며, upstream 원문 제약 984건에는 포함하지 않는다.",http://data.europa.eu/r5r#DatasetDeprecation_Shape,UPSTREAM-POS-UPSTREAM-PUBPOL-AC94BED808FA8AF9BEC3,UPSTREAM-NEG-UPSTREAM-PUBPOL-AC94BED808FA8AF9BEC3
UPSTREAM-PUBPOL-B960561678D370A74A59,"[""publication-policy""]","[""http://www.w3.org/ns/dcat#DataService""]",http://www.w3.org/ns/dcat#keyword,SHOULD,1,,[],[],Warning,"[{""language"":""ko"",""text"":""로컬 격리 증거: 원문 PropertyShape에는 메시지가 없으며 sh:minCount 제약을 검증한다."",""source"":""local-evidence"",""predicate"":null}]",MOLIT 로컬 적용 가이드(upstream 원문 보충 설명): <http://www.w3.org/ns/dcat#keyword> 값을 1개 이상 제공한다. 원문 constraint 값은 변경하지 않는다.,DCAT-AP 3.0.1 recommended constraints,"[""http://data.europa.eu/r5r#DataService_Shape""]",DCAT-AP 3.0.1 recommended constraints의 sh:minCount 제약을 변경 없이 채택한다. blank PropertyShape의 원문 direct quad를 deterministic named shape로 동일 복제했다. 추가한 sh:targetNode는 격리 시험용이며 규범 의미를 바꾸지 않는다.,http://data.europa.eu/r5r#DataService_Shape,UPSTREAM-POS-UPSTREAM-PUBPOL-B960561678D370A74A59,UPSTREAM-NEG-UPSTREAM-PUBPOL-B960561678D370A74A59
UPSTREAM-PUBPOL-BD1709AEE10B40088210,"[""publication-policy""]","[""http://www.w3.org/ns/dcat#Distribution""]",http://purl.org/dc/terms/description,SHOULD,1,,[],[],Warning,"[{""language"":""ko"",""text"":""로컬 격리 증거: 원문 PropertyShape에는 메시지가 없으며 sh:minCount 제약을 검증한다."",""source"":""local-evidence"",""predicate"":null}]",MOLIT 로컬 적용 가이드(upstream 원문 보충 설명): <http://purl.org/dc/terms/description> 값을 1개 이상 제공한다. 원문 constraint 값은 변경하지 않는다.,DCAT-AP 3.0.1 recommended constraints,"[""http://data.europa.eu/r5r#Distribution_Shape""]",DCAT-AP 3.0.1 recommended constraints의 sh:minCount 제약을 변경 없이 채택한다. blank PropertyShape의 원문 direct quad를 deterministic named shape로 동일 복제했다. 추가한 sh:targetNode는 격리 시험용이며 규범 의미를 바꾸지 않는다.,http://data.europa.eu/r5r#Distribution_Shape,UPSTREAM-POS-UPSTREAM-PUBPOL-BD1709AEE10B40088210,UPSTREAM-NEG-UPSTREAM-PUBPOL-BD1709AEE10B40088210
UPSTREAM-PUBPOL-CA04068B9063DD828A14,"[""publication-policy""]","[""http://www.w3.org/ns/dcat#Dataset""]",http://purl.org/dc/terms/publisher,SHOULD,1,,[],[],Warning,"[{""language"":""ko"",""text"":""로컬 격리 증거: 원문 PropertyShape에는 메시지가 없으며 sh:minCount 제약을 검증한다."",""source"":""local-evidence"",""predicate"":null}]",MOLIT 로컬 적용 가이드(upstream 원문 보충 설명): <http://purl.org/dc/terms/publisher> 값을 1개 이상 제공한다. 원문 constraint 값은 변경하지 않는다.,DCAT-AP 3.0.1 recommended constraints,"[""http://data.europa.eu/r5r#Dataset_Shape""]",DCAT-AP 3.0.1 recommended constraints의 sh:minCount 제약을 변경 없이 채택한다. blank PropertyShape의 원문 direct quad를 deterministic named shape로 동일 복제했다. 추가한 sh:targetNode는 격리 시험용이며 규범 의미를 바꾸지 않는다.,http://data.europa.eu/r5r#Dataset_Shape,UPSTREAM-POS-UPSTREAM-PUBPOL-CA04068B9063DD828A14,UPSTREAM-NEG-UPSTREAM-PUBPOL-CA04068B9063DD828A14
UPSTREAM-PUBPOL-CADFC6AE680B544A59FC,"[""publication-policy""]","[""http://www.w3.org/ns/dcat#Dataset""]",http://www.w3.org/ns/dcat#theme,SHOULD,1,,[],[],Warning,"[{""language"":""ko"",""text"":""로컬 격리 증거: 원문 PropertyShape에는 메시지가 없으며 sh:minCount 제약을 검증한다."",""source"":""local-evidence"",""predicate"":null}]",MOLIT 로컬 적용 가이드(upstream 원문 보충 설명): <http://www.w3.org/ns/dcat#theme> 값을 1개 이상 제공한다. 원문 constraint 값은 변경하지 않는다.,DCAT-AP 3.0.1 recommended constraints,"[""http://data.europa.eu/r5r#Dataset_Shape""]",DCAT-AP 3.0.1 recommended constraints의 sh:minCount 제약을 변경 없이 채택한다. blank PropertyShape의 원문 direct quad를 deterministic named shape로 동일 복제했다. 추가한 sh:targetNode는 격리 시험용이며 규범 의미를 바꾸지 않는다.,http://data.europa.eu/r5r#Dataset_Shape,UPSTREAM-POS-UPSTREAM-PUBPOL-CADFC6AE680B544A59FC,UPSTREAM-NEG-UPSTREAM-PUBPOL-CADFC6AE680B544A59FC
UPSTREAM-PUBPOL-CAFB967D545F7BEF93FB,"[""publication-policy""]","[""http://www.w3.org/ns/dcat#DatasetSeries""]",http://www.w3.org/ns/dcat#contactPoint,SHOULD,1,,[],[],Warning,"[{""language"":""ko"",""text"":""로컬 격리 증거: 원문 PropertyShape에는 메시지가 없으며 sh:minCount 제약을 검증한다."",""source"":""local-evidence"",""predicate"":null}]",MOLIT 로컬 적용 가이드(upstream 원문 보충 설명): <http://www.w3.org/ns/dcat#contactPoint> 값을 1개 이상 제공한다. 원문 constraint 값은 변경하지 않는다.,DCAT-AP 3.0.1 recommended constraints,"[""http://data.europa.eu/r5r#DatasetSeries_Shape""]",DCAT-AP 3.0.1 recommended constraints의 sh:minCount 제약을 변경 없이 채택한다. blank PropertyShape의 원문 direct quad를 deterministic named shape로 동일 복제했다. 추가한 sh:targetNode는 격리 시험용이며 규범 의미를 바꾸지 않는다.,http://data.europa.eu/r5r#DatasetSeries_Shape,UPSTREAM-POS-UPSTREAM-PUBPOL-CAFB967D545F7BEF93FB,UPSTREAM-NEG-UPSTREAM-PUBPOL-CAFB967D545F7BEF93FB
UPSTREAM-PUBPOL-CB02E631A1BF1A2AB10D,"[""publication-policy""]","[""http://www.w3.org/ns/dcat#Dataset""]",http://www.w3.org/ns/dcat#isVersionOf,SHOULD,,,[],[],Warning,"[{""language"":""en"",""text"":""dcat:isVersionOf is an inverse property and should only be used if dcat:hasVersion is present."",""source"":""official-shape"",""predicate"":""http://www.w3.org/ns/shacl#message""}]",MOLIT 로컬 적용 가이드(upstream 원문 외): <http://www.w3.org/ns/dcat#isVersionOf> triple을 제거하고 공식 메시지가 지시한 대체 property로 값을 옮긴다 (공식 메시지: dcat:isVersionOf is an inverse property and should only be used if dcat:hasVersion is present.). 이 절차의 sh:maxCount 0 규칙은 로컬 publication-policy 운영화다.,DCAT-AP 3.0.1 deprecated URI policy,"[""http://data.europa.eu/r5r#DatasetInverseProperties_Shape""]","DCAT-AP 3.0.1 deprecated URI policy 원문 row에는 SHACL constraint component가 없어 자체 위반을 만들 수 없다. deprecated property 사용을 시험하기 위해 로컬 sh:maxCount 0 policy wrapper로 운영화하며, upstream 원문 제약 984건에는 포함하지 않는다.",http://data.europa.eu/r5r#DatasetInverseProperties_Shape,UPSTREAM-POS-UPSTREAM-PUBPOL-CB02E631A1BF1A2AB10D,UPSTREAM-NEG-UPSTREAM-PUBPOL-CB02E631A1BF1A2AB10D
UPSTREAM-PUBPOL-D20EF3D94D6CAA4CE88F,"[""publication-policy""]","[""http://www.w3.org/ns/dcat#Dataset""]",http://purl.org/dc/terms/spatial,SHOULD,1,,[],[],Warning,"[{""language"":""ko"",""text"":""로컬 격리 증거: 원문 PropertyShape에는 메시지가 없으며 sh:minCount 제약을 검증한다."",""source"":""local-evidence"",""predicate"":null}]",MOLIT 로컬 적용 가이드(upstream 원문 보충 설명): <http://purl.org/dc/terms/spatial> 값을 1개 이상 제공한다. 원문 constraint 값은 변경하지 않는다.,DCAT-AP 3.0.1 recommended constraints,"[""http://data.europa.eu/r5r#Dataset_Shape""]",DCAT-AP 3.0.1 recommended constraints의 sh:minCount 제약을 변경 없이 채택한다. blank PropertyShape의 원문 direct quad를 deterministic named shape로 동일 복제했다. 추가한 sh:targetNode는 격리 시험용이며 규범 의미를 바꾸지 않는다.,http://data.europa.eu/r5r#Dataset_Shape,UPSTREAM-POS-UPSTREAM-PUBPOL-D20EF3D94D6CAA4CE88F,UPSTREAM-NEG-UPSTREAM-PUBPOL-D20EF3D94D6CAA4CE88F
UPSTREAM-PUBPOL-E60B99E58B410BAADE96,"[""publication-policy""]","[""http://www.w3.org/ns/dcat#Catalog""]",http://purl.org/dc/terms/modified,SHOULD,1,,[],[],Warning,"[{""language"":""ko"",""text"":""로컬 격리 증거: 원문 PropertyShape에는 메시지가 없으며 sh:minCount 제약을 검증한다."",""source"":""local-evidence"",""predicate"":null}]",MOLIT 로컬 적용 가이드(upstream 원문 보충 설명): <http://purl.org/dc/terms/modified> 값을 1개 이상 제공한다. 원문 constraint 값은 변경하지 않는다.,DCAT-AP 3.0.1 recommended constraints,"[""http://data.europa.eu/r5r#Catalog_Shape""]",DCAT-AP 3.0.1 recommended constraints의 sh:minCount 제약을 변경 없이 채택한다. blank PropertyShape의 원문 direct quad를 deterministic named shape로 동일 복제했다. 추가한 sh:targetNode는 격리 시험용이며 규범 의미를 바꾸지 않는다.,http://data.europa.eu/r5r#Catalog_Shape,UPSTREAM-POS-UPSTREAM-PUBPOL-E60B99E58B410BAADE96,UPSTREAM-NEG-UPSTREAM-PUBPOL-E60B99E58B410BAADE96
UPSTREAM-PUBPOL-E7BF87B610A90736515D,"[""publication-policy""]",[],http://www.w3.org/2004/02/skos/core#inScheme,MUST,1,,"[""http://www.w3.org/2004/02/skos/core#ConceptScheme"",""http://www.w3.org/ns/shacl#IRI""]",[],Violation,"[{""language"":""ko"",""text"":""로컬 격리 증거: 원문 PropertyShape에는 메시지가 없으며 sh:class, sh:hasValue, sh:minCount, sh:nodeKind 제약을 검증한다."",""source"":""local-evidence"",""predicate"":null}]",MOLIT 로컬 적용 가이드(upstream 원문 보충 설명): <http://www.w3.org/2004/02/skos/core#inScheme>의 모든 값에 rdf:type <http://www.w3.org/2004/02/skos/core#ConceptScheme>를 명시한다; <http://www.w3.org/2004/02/skos/core#inScheme> 값에 정확히 <http://purl.org/adms/status/1.0>를 포함한다; <http://www.w3.org/2004/02/skos/core#inScheme> 값을 1개 이상 제공한다; <http://www.w3.org/2004/02/skos/core#inScheme> 값을 <http://www.w3.org/ns/shacl#IRI> node kind로 바꾼다. 원문 constraint 값은 변경하지 않는다.,DCAT-AP 3.0.1 deprecated URI policy,"[""http://data.europa.eu/r5r#StatusRestrictionADMS""]","DCAT-AP 3.0.1 deprecated URI policy의 sh:class, sh:hasValue, sh:minCount, sh:nodeKind 제약을 변경 없이 채택한다. blank PropertyShape의 원문 direct quad를 deterministic named shape로 동일 복제했다. 추가한 sh:targetNode는 격리 시험용이며 규범 의미를 바꾸지 않는다.",http://data.europa.eu/r5r#StatusRestrictionADMS,UPSTREAM-POS-UPSTREAM-PUBPOL-E7BF87B610A90736515D,UPSTREAM-NEG-UPSTREAM-PUBPOL-E7BF87B610A90736515D
UPSTREAM-PUBPOL-E9C38D7CB51904EA1D46,"[""publication-policy""]","[""http://www.w3.org/ns/dcat#Dataset""]",http://www.w3.org/ns/dcat#distribution,SHOULD,1,,[],[],Warning,"[{""language"":""ko"",""text"":""로컬 격리 증거: 원문 PropertyShape에는 메시지가 없으며 sh:minCount 제약을 검증한다."",""source"":""local-evidence"",""predicate"":null}]",MOLIT 로컬 적용 가이드(upstream 원문 보충 설명): <http://www.w3.org/ns/dcat#distribution> 값을 1개 이상 제공한다. 원문 constraint 값은 변경하지 않는다.,DCAT-AP 3.0.1 recommended constraints,"[""http://data.europa.eu/r5r#Dataset_Shape""]",DCAT-AP 3.0.1 recommended constraints의 sh:minCount 제약을 변경 없이 채택한다. blank PropertyShape의 원문 direct quad를 deterministic named shape로 동일 복제했다. 추가한 sh:targetNode는 격리 시험용이며 규범 의미를 바꾸지 않는다.,http://data.europa.eu/r5r#Dataset_Shape,UPSTREAM-POS-UPSTREAM-PUBPOL-E9C38D7CB51904EA1D46,UPSTREAM-NEG-UPSTREAM-PUBPOL-E9C38D7CB51904EA1D46
